ConversationID,ClienteID,FechaHora,Canal,Intencion,Servicio,DuracionMinutos,TuvoError,EstadoConversacion,Convertido,Satisfaccion
1,1266,2025-09-04 15:11:00,Web,Cancelar servicio,Ventas,4,False,Finalizada,True,5
2,625,2025-06-02 18:25:25,WhatsApp,Agendar servicio,Atención al Cliente,5,False,Finalizada,False,4
3,1610,2025-05-08 20:09:10,Facebook,Cancelar servicio,Soporte,3,False,Finalizada,True,5
4,1583,2025-12-05 18:28:18,WhatsApp,Cancelar servicio,Atención Comercial,3,False,Finalizada,False,5
5,1595,2025-07-24 03:47:46,WhatsApp,Solicitar información,Soporte,5,False,Finalizada,True,5
6,699,2025-11-13 18:16:21,WhatsApp,Consultar precios,Ventas,3,False,Finalizada,False,3
7,1545,2025-12-17 18:32:08,Web,Consultar precios,Postventa,5,False,Finalizada,False,4
8,110,2025-02-22 13:47:32,Instagram,Soporte técnico,Atención Comercial,18,False,Abandonada,False,1
9,1490,2025-11-12 20:36:44,Facebook,Reclamo,Atención Comercial,12,True,Abandonada,False,1
10,1361,2025-09-12 12:01:29,WhatsApp,Agendar servicio,Atención Comercial,6,False,Finalizada,True,5
11,767,2025-07-04 18:02:12,WhatsApp,Solicitar información,Atención al Cliente,5,False,Finalizada,False,5
12,1625,2025-05-12 12:39:29,WhatsApp,Solicitar información,Atención Comercial,4,False,Finalizada,True,4
13,1619,2025-07-18 20:50:17,WhatsApp,Consultar precios,Atención Comercial,3,False,Finalizada,False,4
14,1729,2025-02-24 03:57:34,WhatsApp,Cancelar servicio,Postventa,4,False,Finalizada,True,4
15,1733,2025-05-17 17:10:43,Instagram,Agendar servicio,Atención al Cliente,5,False,Finalizada,False,3
16,695,2025-08-01 19:49:39,WhatsApp,Agendar servicio,Ventas,6,False,Abandonada,False,2
17,317,2025-05-13 09:11:46,WhatsApp,Consultar precios,Ventas,3,False,Finalizada,True,5
18,1698,2025-12-08 20:06:34,WhatsApp,Solicitar información,Ventas,5,False,Finalizada,True,5
19,29,2025-09-03 19:28:06,Web,Seguimiento,Postventa,7,False,Finalizada,False,3
20,353,2025-10-22 15:53:35,WhatsApp,Consultar precios,Atención Comercial,4,False,Finalizada,True,5
21,1468,2025-11-16 13:43:35,WhatsApp,Solicitar información,Soporte,6,False,Finalizada,False,3
22,1752,2025-07-10 08:18:43,WhatsApp,Seguimiento,Atención Comercial,7,False,Finalizada,False,4
23,117,2025-04-14 04:48:00,Instagram,Soporte técnico,Atención Comercial,14,False,Abandonada,False,1
24,659,2025-06-06 13:37:11,WhatsApp,Agendar servicio,Postventa,8,False,Finalizada,True,4
25,508,2025-02-25 10:01:31,Telegram,Cancelar servicio,Atención Comercial,2,False,Finalizada,False,3
26,1950,2025-10-29 09:29:22,WhatsApp,Seguimiento,Postventa,4,False,Finalizada,False,3
27,1228,2025-11-10 18:03:40,WhatsApp,Solicitar información,Ventas,4,False,Finalizada,False,5
28,691,2025-07-21 17:03:48,Facebook,Soporte técnico,Soporte,16,True,Finalizada,True,2
29,841,2025-11-24 13:47:20,WhatsApp,Soporte técnico,Soporte,13,False,Finalizada,True,5
30,732,2025-08-13 13:58:46,Web,Cancelar servicio,Atención Comercial,4,False,Finalizada,False,4
31,1779,2025-01-15 20:07:53,Web,Reclamo,Soporte,15,True,Finalizada,True,3
32,1119,2025-01-10 15:05:14,WhatsApp,Cancelar servicio,Soporte,3,False,Finalizada,False,3
33,229,2025-04-30 03:39:54,WhatsApp,Consultar precios,Atención Comercial,4,False,Finalizada,True,5
34,563,2025-09-04 20:39:51,WhatsApp,Solicitar información,Postventa,5,False,Finalizada,True,5
35,1394,2025-03-10 20:15:56,Facebook,Agendar servicio,Soporte,6,False,Abandonada,False,2
36,711,2025-07-27 10:09:31,Web,Soporte técnico,Atención Comercial,11,False,Finalizada,True,5
37,1540,2025-05-23 12:22:03,Web,Solicitar información,Atención Comercial,6,False,Finalizada,True,5
38,533,2025-10-27 11:10:53,Web,Cancelar servicio,Ventas,2,False,Finalizada,False,4
39,76,2025-03-03 18:04:35,WhatsApp,Agendar servicio,Atención Comercial,5,False,Finalizada,False,4
40,1059,2025-06-25 12:21:54,WhatsApp,Agendar servicio,Atención al Cliente,7,False,Finalizada,False,3
41,678,2025-06-21 19:51:05,WhatsApp,Cancelar servicio,Postventa,2,False,Finalizada,False,4
42,939,2025-04-14 18:14:26,Web,Cancelar servicio,Ventas,2,False,Finalizada,False,4
43,1157,2025-05-01 12:38:03,Web,Reclamo,Atención Comercial,9,True,Finalizada,True,3
44,1347,2025-11-13 12:45:32,WhatsApp,Consultar precios,Atención al Cliente,3,False,Finalizada,False,3
45,1220,2025-08-18 19:18:28,WhatsApp,Agendar servicio,Ventas,8,False,Finalizada,True,4
46,1049,2025-11-16 19:01:00,WhatsApp,Cancelar servicio,Ventas,3,False,Finalizada,True,5
47,69,2025-06-12 12:36:01,WhatsApp,Soporte técnico,Atención al Cliente,14,False,Finalizada,False,5
48,818,2025-03-20 18:47:45,WhatsApp,Seguimiento,Atención Comercial,6,False,Finalizada,True,5
49,1493,2025-07-30 09:06:51,WhatsApp,Solicitar información,Postventa,6,False,Finalizada,False,4
50,1142,2025-06-15 13:01:27,WhatsApp,Consultar precios,Atención al Cliente,5,False,Abandonada,False,1
51,1990,2025-06-22 19:57:35,WhatsApp,Agendar servicio,Ventas,7,False,Finalizada,False,4
52,793,2025-05-07 20:47:56,Instagram,Seguimiento,Soporte,7,False,Abandonada,False,1
53,673,2025-05-05 18:27:07,Web,Seguimiento,Atención Comercial,7,False,Finalizada,True,4
54,353,2025-11-26 19:31:10,Facebook,Consultar precios,Atención Comercial,4,False,Finalizada,True,5
55,1027,2025-09-19 09:54:12,Facebook,Seguimiento,Postventa,6,True,Finalizada,False,3
56,261,2025-04-26 09:09:15,Web,Soporte técnico,Atención al Cliente,12,False,Finalizada,False,3
57,1573,2025-08-05 10:06:30,WhatsApp,Cancelar servicio,Soporte,4,False,Finalizada,False,3
58,175,2025-01-22 18:34:26,Facebook,Agendar servicio,Atención Comercial,5,True,Finalizada,False,2
59,443,2025-07-22 20:53:27,WhatsApp,Solicitar información,Ventas,6,False,Finalizada,False,3
60,552,2025-08-05 13:36:01,Web,Solicitar información,Atención al Cliente,4,False,Abandonada,False,2
61,1402,2025-01-02 19:23:09,Web,Cancelar servicio,Ventas,2,True,Finalizada,False,3
62,122,2025-12-09 19:08:54,Instagram,Agendar servicio,Atención Comercial,8,False,Finalizada,False,4
63,273,2025-09-23 17:19:36,Web,Reclamo,Ventas,11,False,Abandonada,False,2
64,701,2025-10-17 20:16:06,Facebook,Soporte técnico,Atención al Cliente,15,True,Finalizada,False,2
65,389,2025-01-02 15:17:29,Web,Soporte técnico,Ventas,17,True,Finalizada,True,3
66,326,2025-11-22 08:10:01,Web,Consultar precios,Atención Comercial,3,False,Abandonada,False,1
67,142,2025-03-09 20:36:01,Web,Consultar precios,Ventas,3,False,Abandonada,False,2
68,273,2025-03-22 15:20:30,Facebook,Solicitar información,Atención Comercial,5,False,Finalizada,False,5
69,264,2025-08-13 08:49:56,Web,Seguimiento,Atención Comercial,6,False,Finalizada,True,5
70,132,2025-09-10 02:00:23,Instagram,Consultar precios,Atención al Cliente,3,False,Finalizada,True,5
71,1477,2025-07-09 13:31:37,Web,Agendar servicio,Postventa,6,False,Abandonada,False,1
72,683,2025-10-15 03:19:04,Web,Seguimiento,Postventa,7,False,Finalizada,False,4
73,1454,2025-02-28 20:16:34,WhatsApp,Cancelar servicio,Postventa,4,False,Finalizada,False,3
74,88,2025-06-29 18:45:05,WhatsApp,Reclamo,Ventas,13,True,Finalizada,False,1
75,581,2025-07-19 13:42:33,Telegram,Reclamo,Atención Comercial,9,False,Finalizada,False,5
76,270,2025-08-03 15:04:22,Instagram,Reclamo,Atención Comercial,13,True,Abandonada,False,2
77,129,2025-05-26 19:02:57,WhatsApp,Seguimiento,Atención al Cliente,5,False,Finalizada,True,5
78,1193,2025-06-08 19:26:27,Web,Agendar servicio,Soporte,6,False,Finalizada,True,5
79,1706,2025-10-29 18:41:13,Facebook,Consultar precios,Postventa,3,False,Finalizada,False,5
80,1540,2025-06-12 00:41:41,Web,Solicitar información,Atención al Cliente,6,True,Finalizada,True,2
81,1771,2025-06-01 12:23:01,WhatsApp,Solicitar información,Soporte,5,False,Finalizada,True,5
82,286,2025-03-10 08:03:52,Telegram,Solicitar información,Ventas,4,False,Finalizada,False,3
83,1175,2025-09-16 13:57:38,Instagram,Solicitar información,Atención al Cliente,5,False,Finalizada,True,5
84,1483,2025-03-31 19:28:26,Web,Cancelar servicio,Atención Comercial,4,False,Abandonada,False,1
85,1392,2025-11-17 12:22:24,WhatsApp,Soporte técnico,Atención Comercial,12,False,Finalizada,False,5
86,1066,2025-10-30 09:31:19,WhatsApp,Seguimiento,Postventa,4,False,Finalizada,False,5
87,362,2025-05-16 13:03:47,Web,Seguimiento,Postventa,5,True,Finalizada,False,2
88,567,2025-02-16 19:37:52,WhatsApp,Solicitar información,Ventas,6,False,Finalizada,True,5
89,1100,2025-05-17 13:45:18,WhatsApp,Cancelar servicio,Atención al Cliente,4,False,Finalizada,True,5
90,1906,2025-06-24 12:36:01,Telegram,Reclamo,Ventas,9,True,Finalizada,True,3
91,619,2025-07-30 10:44:40,Instagram,Solicitar información,Atención Comercial,5,False,Finalizada,True,5
92,1391,2025-01-31 10:58:04,Web,Reclamo,Postventa,15,False,Abandonada,False,1
93,1979,2025-08-27 13:16:45,WhatsApp,Consultar precios,Ventas,4,False,Finalizada,True,5
94,1913,2025-09-08 18:44:31,Facebook,Seguimiento,Ventas,7,False,Abandonada,False,2
95,1517,2025-06-04 18:58:16,Web,Soporte técnico,Postventa,17,False,Finalizada,False,3
96,1952,2025-09-04 20:41:22,WhatsApp,Reclamo,Atención Comercial,12,True,Abandonada,False,1
97,1898,2025-08-01 19:35:04,Web,Solicitar información,Soporte,6,False,Finalizada,True,5
98,1823,2025-12-01 12:34:10,Web,Agendar servicio,Ventas,8,False,Finalizada,True,4
99,333,2025-02-01 00:38:15,WhatsApp,Soporte técnico,Ventas,15,False,Finalizada,True,5
100,210,2025-07-02 19:51:43,Telegram,Solicitar información,Postventa,6,False,Finalizada,False,3
101,1900,2025-03-20 17:15:28,WhatsApp,Seguimiento,Postventa,4,False,Finalizada,True,5
102,541,2025-07-05 08:07:57,WhatsApp,Reclamo,Postventa,13,False,Abandonada,False,1
103,1226,2025-08-25 12:03:38,WhatsApp,Agendar servicio,Atención al Cliente,8,False,Finalizada,True,4
104,207,2025-06-20 16:56:45,Web,Consultar precios,Soporte,4,False,Abandonada,False,1
105,78,2025-02-10 08:54:21,WhatsApp,Cancelar servicio,Atención Comercial,2,False,Finalizada,False,5
106,1141,2025-10-25 10:31:05,Web,Solicitar información,Ventas,4,False,Finalizada,True,5
107,1608,2025-12-24 13:47:17,WhatsApp,Consultar precios,Soporte,5,False,Finalizada,True,5
108,581,2025-06-30 20:08:35,WhatsApp,Soporte técnico,Soporte,15,False,Finalizada,True,5
109,684,2025-08-11 13:33:55,WhatsApp,Cancelar servicio,Soporte,4,True,Finalizada,False,3
110,1622,2025-03-16 19:04:02,Instagram,Cancelar servicio,Ventas,4,False,Finalizada,False,5
111,778,2025-05-06 18:30:22,WhatsApp,Agendar servicio,Postventa,7,False,Finalizada,True,5
112,195,2025-06-08 20:17:59,WhatsApp,Seguimiento,Ventas,6,False,Finalizada,True,5
113,752,2025-09-05 20:01:45,WhatsApp,Cancelar servicio,Soporte,4,True,Finalizada,True,2
114,1642,2025-02-10 20:59:39,WhatsApp,Agendar servicio,Atención Comercial,5,False,Finalizada,True,4
115,1617,2025-10-22 19:01:37,WhatsApp,Cancelar servicio,Postventa,2,False,Abandonada,False,2
116,1822,2025-11-08 12:43:17,Web,Consultar precios,Soporte,5,False,Finalizada,True,5
117,1856,2025-02-17 13:24:50,WhatsApp,Soporte técnico,Ventas,15,True,Abandonada,False,1
118,1567,2025-11-23 12:53:38,WhatsApp,Soporte técnico,Postventa,11,False,Finalizada,False,4
119,326,2025-05-14 12:44:10,Facebook,Seguimiento,Atención al Cliente,7,False,Abandonada,False,1
120,440,2025-07-06 19:43:59,WhatsApp,Consultar precios,Atención al Cliente,3,False,Finalizada,True,5
121,416,2025-01-26 17:36:34,Web,Seguimiento,Soporte,5,False,Abandonada,False,2
122,923,2025-04-10 03:55:25,WhatsApp,Reclamo,Postventa,10,False,Abandonada,False,2
123,313,2025-01-12 18:02:45,WhatsApp,Consultar precios,Soporte,4,False,Finalizada,True,5
124,474,2025-06-06 12:33:20,WhatsApp,Cancelar servicio,Atención Comercial,3,False,Abandonada,False,1
125,1128,2025-03-14 19:57:41,Facebook,Reclamo,Soporte,10,False,Finalizada,False,4
126,1546,2025-01-15 12:09:55,WhatsApp,Cancelar servicio,Postventa,4,False,Finalizada,True,5
127,464,2025-02-14 15:50:30,Web,Consultar precios,Atención al Cliente,3,False,Finalizada,True,4
128,591,2025-04-27 13:04:22,Instagram,Reclamo,Postventa,12,True,Finalizada,True,1
129,139,2025-06-11 13:58:31,WhatsApp,Cancelar servicio,Ventas,3,False,Finalizada,True,5
130,1995,2025-11-18 13:44:04,WhatsApp,Seguimiento,Postventa,6,False,Finalizada,True,5
131,797,2025-10-20 16:40:11,Facebook,Agendar servicio,Atención al Cliente,5,False,Finalizada,True,5
132,935,2025-11-26 20:35:29,Instagram,Consultar precios,Soporte,3,False,Finalizada,False,4
133,862,2025-10-03 20:29:56,Instagram,Soporte técnico,Ventas,13,False,Abandonada,False,2
134,1518,2025-05-19 20:57:23,Web,Reclamo,Atención Comercial,11,False,Finalizada,False,3
135,1964,2025-12-07 13:39:14,WhatsApp,Agendar servicio,Soporte,5,True,Finalizada,True,3
136,1422,2025-09-10 19:41:55,WhatsApp,Seguimiento,Atención al Cliente,6,False,Abandonada,False,1
137,1965,2025-10-10 19:51:49,Instagram,Consultar precios,Atención al Cliente,3,False,Finalizada,False,5
138,936,2025-09-26 18:02:00,WhatsApp,Solicitar información,Soporte,5,False,Finalizada,True,5
139,549,2025-10-09 11:10:08,Web,Solicitar información,Postventa,6,False,Abandonada,False,1
140,487,2025-09-17 16:42:19,Facebook,Seguimiento,Soporte,4,False,Finalizada,False,3
141,645,2025-04-25 20:57:31,WhatsApp,Cancelar servicio,Atención al Cliente,3,False,Finalizada,False,3
142,1366,2025-03-06 13:45:05,Instagram,Agendar servicio,Ventas,5,False,Finalizada,False,4
143,1947,2025-06-13 20:44:55,Facebook,Agendar servicio,Postventa,7,True,Finalizada,True,2
144,288,2025-11-21 19:48:20,WhatsApp,Seguimiento,Atención Comercial,4,True,Finalizada,False,3
145,571,2025-11-12 08:09:31,WhatsApp,Agendar servicio,Postventa,8,True,Finalizada,False,1
146,747,2025-04-21 19:40:31,Web,Consultar precios,Atención al Cliente,4,False,Finalizada,True,5
147,1945,2025-11-27 01:18:11,WhatsApp,Cancelar servicio,Postventa,4,True,Abandonada,False,2
148,1220,2025-03-31 13:14:40,Facebook,Solicitar información,Atención Comercial,6,False,Abandonada,False,2
149,522,2025-01-31 02:10:30,WhatsApp,Agendar servicio,Soporte,7,False,Finalizada,False,3
150,1908,2025-04-28 12:30:11,WhatsApp,Solicitar información,Atención al Cliente,5,False,Finalizada,False,3
151,1426,2025-11-04 12:03:47,WhatsApp,Cancelar servicio,Soporte,2,False,Finalizada,True,4
152,806,2025-01-15 18:19:20,Web,Soporte técnico,Ventas,17,False,Finalizada,True,5
153,651,2025-10-05 00:45:49,Instagram,Cancelar servicio,Ventas,4,False,Abandonada,False,1
154,1702,2025-08-31 13:07:38,Facebook,Agendar servicio,Atención al Cliente,6,False,Finalizada,False,4
155,620,2025-06-14 13:00:12,Web,Consultar precios,Postventa,3,True,Finalizada,False,1
156,537,2025-10-20 12:37:22,Facebook,Solicitar información,Postventa,6,False,Finalizada,False,3
157,1953,2025-09-17 20:16:45,WhatsApp,Reclamo,Postventa,10,False,Finalizada,False,3
158,1345,2025-09-21 13:05:46,Web,Agendar servicio,Postventa,5,False,Finalizada,True,5
159,537,2025-11-25 18:21:59,WhatsApp,Soporte técnico,Ventas,18,False,Finalizada,True,4
160,1267,2025-09-09 17:55:51,WhatsApp,Solicitar información,Atención al Cliente,6,False,Finalizada,True,5
161,1130,2025-06-14 12:13:17,WhatsApp,Reclamo,Ventas,12,True,Finalizada,True,2
162,731,2025-02-12 12:20:48,Instagram,Solicitar información,Ventas,6,False,Finalizada,False,3
163,450,2025-02-09 18:58:42,WhatsApp,Seguimiento,Ventas,5,False,Finalizada,False,4
164,1347,2025-10-30 18:14:23,Web,Agendar servicio,Atención Comercial,7,False,Finalizada,True,5
165,187,2025-09-21 11:24:41,Web,Agendar servicio,Atención Comercial,5,False,Finalizada,False,4
166,429,2025-07-17 18:58:27,Web,Reclamo,Atención Comercial,8,True,Abandonada,False,1
167,1713,2025-09-21 19:42:41,WhatsApp,Agendar servicio,Postventa,7,False,Abandonada,False,1
168,1875,2025-08-14 20:01:38,Instagram,Cancelar servicio,Soporte,3,False,Finalizada,False,5
169,1322,2025-03-14 13:17:48,Telegram,Seguimiento,Ventas,7,False,Finalizada,False,3
170,156,2025-08-31 18:45:03,WhatsApp,Agendar servicio,Atención al Cliente,8,False,Finalizada,True,4
171,1565,2025-10-31 12:30:12,Instagram,Agendar servicio,Atención Comercial,5,False,Finalizada,True,5
172,452,2025-12-13 18:15:24,Instagram,Agendar servicio,Atención Comercial,7,False,Finalizada,False,3
173,1782,2025-04-28 19:11:17,Web,Seguimiento,Ventas,7,False,Finalizada,True,4
174,1377,2025-09-01 19:45:40,Telegram,Seguimiento,Atención al Cliente,7,False,Finalizada,True,5
175,566,2025-05-16 05:55:59,WhatsApp,Reclamo,Postventa,14,False,Finalizada,False,4
176,457,2025-10-20 12:57:24,Instagram,Consultar precios,Postventa,4,False,Abandonada,False,1
177,1656,2025-04-30 20:17:39,WhatsApp,Reclamo,Soporte,13,False,Finalizada,False,3
178,413,2025-03-27 17:09:57,WhatsApp,Reclamo,Ventas,15,False,Finalizada,True,5
179,1504,2025-05-19 13:53:13,WhatsApp,Reclamo,Soporte,13,True,Finalizada,True,3
180,1153,2025-10-04 05:00:27,WhatsApp,Reclamo,Atención Comercial,12,False,Finalizada,True,4
181,551,2025-02-08 19:19:46,Facebook,Consultar precios,Postventa,5,False,Finalizada,True,5
182,370,2025-07-08 18:59:33,WhatsApp,Soporte técnico,Atención al Cliente,10,False,Finalizada,True,5
183,1695,2025-06-17 19:58:47,Web,Seguimiento,Atención al Cliente,7,False,Finalizada,True,5
184,286,2025-10-13 20:46:37,Facebook,Soporte técnico,Atención al Cliente,15,True,Finalizada,False,2
185,1025,2025-04-14 12:08:04,Facebook,Soporte técnico,Postventa,11,True,Finalizada,False,2
186,625,2025-03-22 11:19:55,Web,Consultar precios,Atención al Cliente,3,False,Finalizada,True,5
187,451,2025-06-02 19:24:16,Facebook,Solicitar información,Ventas,5,False,Finalizada,False,3
188,1179,2025-02-06 09:12:27,Web,Agendar servicio,Ventas,5,False,Finalizada,True,4
189,1135,2025-12-03 20:07:03,WhatsApp,Consultar precios,Atención al Cliente,5,False,Abandonada,False,1
190,92,2025-01-20 12:58:02,Facebook,Solicitar información,Postventa,4,True,Finalizada,False,2
191,1455,2025-08-18 13:43:18,Facebook,Cancelar servicio,Ventas,4,False,Finalizada,True,5
192,1170,2025-04-28 16:39:06,WhatsApp,Reclamo,Soporte,11,False,Finalizada,False,5
193,559,2025-07-31 20:58:03,Web,Solicitar información,Ventas,5,False,Finalizada,True,5
194,1143,2025-01-25 02:54:48,WhatsApp,Reclamo,Ventas,15,False,Finalizada,True,5
195,1864,2025-03-04 12:58:40,WhatsApp,Seguimiento,Ventas,6,True,Finalizada,False,3
196,89,2025-07-30 19:35:33,Instagram,Cancelar servicio,Postventa,4,False,Finalizada,False,4
197,96,2025-02-27 18:11:28,WhatsApp,Seguimiento,Ventas,6,False,Finalizada,True,5
198,1031,2025-03-04 19:33:01,WhatsApp,Seguimiento,Atención al Cliente,6,False,Finalizada,False,3
199,1164,2025-03-16 05:58:36,Telegram,Cancelar servicio,Atención Comercial,3,False,Finalizada,False,3
200,1542,2025-06-07 02:22:27,WhatsApp,Soporte técnico,Postventa,15,True,Finalizada,True,2
201,803,2025-05-02 18:52:44,Instagram,Consultar precios,Postventa,3,False,Abandonada,False,2
202,1984,2025-04-10 18:08:16,WhatsApp,Cancelar servicio,Postventa,4,False,Finalizada,True,5
203,1348,2025-09-08 20:23:13,WhatsApp,Seguimiento,Atención Comercial,4,False,Finalizada,False,4
204,1428,2025-10-30 12:14:32,Instagram,Consultar precios,Atención Comercial,4,False,Finalizada,False,4
205,382,2025-05-13 03:10:58,WhatsApp,Reclamo,Postventa,14,True,Finalizada,True,1
206,1382,2025-06-05 15:10:52,Web,Soporte técnico,Atención al Cliente,16,False,Finalizada,False,3
207,1872,2025-06-26 17:28:35,WhatsApp,Agendar servicio,Atención Comercial,6,False,Finalizada,True,5
208,1917,2025-06-07 16:53:23,Web,Cancelar servicio,Soporte,4,False,Finalizada,False,5
209,1267,2025-09-27 13:51:15,Facebook,Reclamo,Atención al Cliente,8,True,Finalizada,True,3
210,1135,2025-05-04 20:33:08,Web,Consultar precios,Atención al Cliente,3,False,Finalizada,True,5
211,420,2025-02-26 09:48:40,WhatsApp,Consultar precios,Ventas,3,False,Finalizada,True,5
212,42,2025-07-07 12:30:58,Web,Solicitar información,Ventas,6,False,Finalizada,False,4
213,464,2025-03-31 20:21:48,WhatsApp,Reclamo,Soporte,9,False,Finalizada,False,3
214,1940,2025-12-06 19:35:56,WhatsApp,Reclamo,Soporte,8,False,Abandonada,False,2
215,295,2025-07-02 19:12:20,WhatsApp,Consultar precios,Atención Comercial,5,False,Finalizada,False,5
216,1474,2025-03-07 20:39:09,Facebook,Consultar precios,Atención Comercial,3,False,Abandonada,False,1
217,1110,2025-11-11 17:35:49,Web,Solicitar información,Postventa,6,False,Finalizada,False,4
218,517,2025-04-11 20:15:06,Web,Solicitar información,Postventa,5,False,Finalizada,False,3
219,528,2025-08-07 18:49:35,WhatsApp,Consultar precios,Postventa,5,False,Finalizada,True,5
220,813,2025-09-14 18:13:21,WhatsApp,Reclamo,Soporte,10,False,Abandonada,False,2
221,479,2025-06-12 18:43:25,Instagram,Reclamo,Ventas,12,True,Abandonada,False,1
222,1548,2025-04-26 08:30:53,Web,Solicitar información,Postventa,5,False,Abandonada,False,2
223,1252,2025-02-28 16:07:15,WhatsApp,Solicitar información,Ventas,5,False,Abandonada,False,2
224,1975,2025-08-06 19:56:23,WhatsApp,Soporte técnico,Atención Comercial,12,False,Finalizada,False,5
225,1702,2025-03-15 15:40:53,Web,Consultar precios,Postventa,5,False,Finalizada,True,5
226,501,2025-09-30 20:23:22,WhatsApp,Reclamo,Atención al Cliente,8,False,Finalizada,False,4
227,315,2025-09-08 02:41:58,Web,Consultar precios,Soporte,3,False,Abandonada,False,1
228,339,2025-12-23 12:00:40,Instagram,Agendar servicio,Soporte,5,False,Finalizada,False,3
229,1119,2025-01-24 18:19:11,WhatsApp,Solicitar información,Soporte,4,False,Finalizada,False,4
230,955,2025-05-26 18:17:09,Web,Soporte técnico,Ventas,10,True,Finalizada,False,1
231,156,2025-02-23 18:50:02,Facebook,Cancelar servicio,Postventa,3,False,Finalizada,False,4
232,440,2025-02-15 09:04:03,Web,Solicitar información,Atención Comercial,4,False,Finalizada,True,5
233,1656,2025-06-13 18:57:42,Facebook,Consultar precios,Atención al Cliente,3,False,Finalizada,False,3
234,1873,2025-06-14 20:13:16,WhatsApp,Cancelar servicio,Atención al Cliente,4,False,Finalizada,True,5
235,75,2025-07-10 03:28:08,WhatsApp,Solicitar información,Atención Comercial,6,False,Abandonada,False,1
236,173,2025-08-12 19:31:03,Telegram,Solicitar información,Postventa,4,False,Abandonada,False,1
237,1554,2025-08-31 17:29:15,Telegram,Soporte técnico,Atención Comercial,13,False,Abandonada,False,2
238,263,2025-08-01 18:13:15,WhatsApp,Cancelar servicio,Atención Comercial,4,False,Finalizada,True,5
239,1593,2025-02-20 18:11:06,Web,Consultar precios,Soporte,3,False,Finalizada,False,4
240,1165,2025-12-14 18:31:42,Facebook,Solicitar información,Postventa,4,False,Abandonada,False,1
241,1023,2025-10-28 05:18:48,WhatsApp,Agendar servicio,Postventa,7,False,Finalizada,True,4
242,285,2025-05-11 12:12:41,Web,Reclamo,Atención al Cliente,14,True,Finalizada,False,3
243,674,2025-07-18 13:41:44,WhatsApp,Reclamo,Atención al Cliente,8,False,Abandonada,False,1
244,1934,2025-06-10 18:21:59,WhatsApp,Seguimiento,Postventa,7,False,Finalizada,True,5
245,23,2025-09-14 12:08:11,Instagram,Consultar precios,Postventa,3,False,Finalizada,False,4
246,593,2025-01-06 18:35:48,WhatsApp,Seguimiento,Ventas,5,False,Finalizada,False,5
247,86,2025-03-29 10:58:11,Web,Agendar servicio,Ventas,5,False,Abandonada,False,2
248,26,2025-04-20 13:28:14,WhatsApp,Consultar precios,Ventas,4,False,Abandonada,False,2
249,1394,2025-01-10 19:58:44,WhatsApp,Seguimiento,Atención Comercial,5,False,Finalizada,True,5
250,687,2025-02-21 08:37:19,Web,Consultar precios,Ventas,3,False,Finalizada,False,3
251,737,2025-08-31 18:49:16,Web,Agendar servicio,Atención Comercial,8,False,Finalizada,True,4
252,665,2025-11-20 19:19:59,WhatsApp,Seguimiento,Postventa,4,False,Finalizada,True,5
253,1060,2025-07-01 00:13:55,WhatsApp,Soporte técnico,Atención al Cliente,18,True,Abandonada,False,2
254,667,2025-06-14 18:31:57,WhatsApp,Solicitar información,Atención Comercial,6,False,Finalizada,True,5
255,877,2025-02-02 12:03:27,Facebook,Consultar precios,Soporte,4,False,Finalizada,True,5
256,429,2025-03-31 01:34:51,Instagram,Seguimiento,Ventas,6,False,Finalizada,False,3
257,1787,2025-10-27 19:50:53,Web,Consultar precios,Soporte,5,False,Finalizada,False,3
258,1247,2025-05-25 17:29:27,Instagram,Soporte técnico,Atención Comercial,14,True,Finalizada,True,1
259,1823,2025-03-19 13:42:10,Web,Seguimiento,Atención al Cliente,6,False,Finalizada,True,4
260,1900,2025-12-18 18:07:30,WhatsApp,Reclamo,Soporte,9,False,Abandonada,False,1
261,1676,2025-05-10 19:34:15,WhatsApp,Cancelar servicio,Ventas,3,False,Finalizada,False,4
262,292,2025-07-15 17:38:41,Web,Cancelar servicio,Atención Comercial,3,False,Finalizada,True,5
263,1049,2025-07-26 12:27:22,Web,Agendar servicio,Atención Comercial,6,False,Finalizada,False,3
264,1563,2025-12-24 19:42:30,WhatsApp,Agendar servicio,Postventa,5,True,Abandonada,False,1
265,1862,2025-11-13 02:30:32,WhatsApp,Soporte técnico,Postventa,12,True,Abandonada,False,1
266,1032,2025-09-16 20:28:19,Instagram,Cancelar servicio,Atención al Cliente,2,False,Finalizada,False,5
267,1038,2025-01-17 20:37:59,Instagram,Agendar servicio,Soporte,6,False,Finalizada,False,5
268,464,2025-09-19 18:49:14,WhatsApp,Solicitar información,Atención Comercial,6,False,Finalizada,False,4
269,1345,2025-03-11 20:20:30,Instagram,Agendar servicio,Postventa,6,False,Abandonada,False,2
270,1242,2025-12-14 20:06:06,Facebook,Cancelar servicio,Atención al Cliente,4,False,Finalizada,True,5
271,1887,2025-12-22 13:32:22,Facebook,Seguimiento,Postventa,6,False,Finalizada,False,5
272,634,2025-08-01 19:11:12,Instagram,Cancelar servicio,Atención Comercial,2,False,Finalizada,False,4
273,257,2025-11-02 17:50:32,WhatsApp,Agendar servicio,Atención Comercial,8,False,Finalizada,True,4
274,1411,2025-03-17 18:46:51,WhatsApp,Reclamo,Ventas,15,False,Abandonada,False,2
275,1539,2025-04-19 13:53:09,WhatsApp,Agendar servicio,Atención Comercial,6,False,Finalizada,True,5
276,876,2025-07-31 13:07:18,WhatsApp,Solicitar información,Ventas,5,True,Abandonada,False,1
277,982,2025-09-17 12:31:58,Web,Cancelar servicio,Atención al Cliente,4,False,Finalizada,True,5
278,1797,2025-04-10 20:33:15,Web,Soporte técnico,Ventas,12,True,Abandonada,False,1
279,1632,2025-10-02 18:21:07,WhatsApp,Consultar precios,Atención al Cliente,4,False,Finalizada,False,3
280,103,2025-03-13 20:48:13,WhatsApp,Solicitar información,Soporte,5,False,Finalizada,False,5
281,1893,2025-09-04 20:32:33,Instagram,Soporte técnico,Soporte,18,False,Finalizada,True,5
282,1216,2025-12-22 13:45:42,WhatsApp,Solicitar información,Ventas,4,False,Finalizada,True,5
283,283,2025-01-01 09:35:40,Instagram,Seguimiento,Postventa,5,False,Finalizada,False,4
284,548,2025-12-10 18:47:05,Web,Solicitar información,Soporte,6,False,Finalizada,True,5
285,122,2025-07-27 18:58:28,Telegram,Seguimiento,Atención Comercial,6,False,Abandonada,False,1
286,148,2025-12-02 12:03:50,WhatsApp,Cancelar servicio,Atención al Cliente,3,False,Abandonada,False,1
287,775,2025-02-10 13:34:11,WhatsApp,Seguimiento,Ventas,6,False,Finalizada,False,3
288,36,2025-09-19 12:59:18,Web,Cancelar servicio,Postventa,2,False,Finalizada,False,3
289,78,2025-09-15 19:51:39,Instagram,Seguimiento,Soporte,4,False,Finalizada,True,5
290,1704,2025-07-30 18:04:55,Web,Reclamo,Soporte,13,True,Finalizada,True,2
291,126,2025-02-05 20:57:02,Facebook,Agendar servicio,Soporte,6,False,Finalizada,False,5
292,489,2025-07-09 09:48:14,WhatsApp,Solicitar información,Ventas,4,False,Finalizada,False,4
293,1696,2025-08-02 18:09:12,Web,Soporte técnico,Ventas,12,False,Finalizada,False,4
294,1623,2025-03-05 13:04:03,WhatsApp,Agendar servicio,Ventas,8,False,Finalizada,True,5
295,1139,2025-11-28 13:46:43,WhatsApp,Agendar servicio,Atención al Cliente,8,False,Abandonada,False,1
296,1126,2025-12-09 18:46:13,WhatsApp,Seguimiento,Soporte,6,False,Finalizada,True,5
297,1934,2025-07-26 13:15:43,Instagram,Consultar precios,Ventas,4,False,Finalizada,False,3
298,1143,2025-09-21 18:23:08,Web,Soporte técnico,Atención al Cliente,12,False,Finalizada,True,5
299,1287,2025-12-18 19:59:24,WhatsApp,Seguimiento,Atención Comercial,6,False,Finalizada,True,5
300,1785,2025-10-25 11:53:06,WhatsApp,Reclamo,Soporte,11,False,Finalizada,False,3
301,1537,2025-09-09 13:41:52,Instagram,Agendar servicio,Atención Comercial,5,False,Finalizada,False,3
302,321,2025-04-02 19:49:47,WhatsApp,Solicitar información,Atención al Cliente,6,False,Finalizada,False,5
303,1833,2025-07-10 19:02:36,WhatsApp,Reclamo,Postventa,14,True,Finalizada,True,1
304,74,2025-04-07 20:51:49,Web,Agendar servicio,Postventa,6,False,Abandonada,False,2
305,1353,2025-07-10 16:52:52,WhatsApp,Seguimiento,Ventas,7,False,Finalizada,False,4
306,1197,2025-06-09 19:25:15,WhatsApp,Reclamo,Atención Comercial,10,False,Finalizada,True,5
307,1675,2025-11-17 12:39:05,Web,Consultar precios,Soporte,5,False,Finalizada,True,4
308,1936,2025-09-19 20:09:39,WhatsApp,Cancelar servicio,Ventas,3,False,Finalizada,False,4
309,1730,2025-03-10 18:04:43,Web,Agendar servicio,Atención Comercial,7,False,Finalizada,False,3
310,1354,2025-09-25 18:48:43,WhatsApp,Consultar precios,Atención al Cliente,4,False,Finalizada,False,5
311,798,2025-08-22 16:40:37,Instagram,Agendar servicio,Atención al Cliente,6,False,Abandonada,False,1
312,1626,2025-03-30 12:45:10,WhatsApp,Reclamo,Atención al Cliente,8,False,Finalizada,True,5
313,537,2025-12-10 18:03:18,Facebook,Seguimiento,Ventas,6,False,Finalizada,False,3
314,168,2025-08-18 19:05:57,WhatsApp,Consultar precios,Atención Comercial,3,False,Finalizada,False,5
315,558,2025-05-11 01:32:34,WhatsApp,Consultar precios,Atención Comercial,3,False,Finalizada,True,4
316,1580,2025-08-03 12:14:34,WhatsApp,Reclamo,Soporte,14,True,Finalizada,False,2
317,654,2025-05-19 16:39:26,Facebook,Cancelar servicio,Postventa,3,False,Abandonada,False,1
318,1879,2025-02-12 18:50:59,WhatsApp,Soporte técnico,Atención al Cliente,15,False,Abandonada,False,1
319,851,2025-07-26 12:28:46,Facebook,Seguimiento,Ventas,7,False,Finalizada,True,5
320,621,2025-04-08 13:35:02,WhatsApp,Reclamo,Atención al Cliente,12,False,Abandonada,False,1
321,165,2025-02-17 20:47:04,Web,Agendar servicio,Soporte,7,False,Abandonada,False,1
322,612,2025-09-19 20:39:28,Facebook,Seguimiento,Ventas,6,True,Abandonada,False,1
323,1537,2025-08-29 09:12:16,Web,Soporte técnico,Atención Comercial,16,True,Finalizada,True,2
324,313,2025-06-01 12:26:49,Facebook,Solicitar información,Ventas,6,False,Finalizada,True,5
325,1437,2025-07-25 12:22:20,WhatsApp,Solicitar información,Atención al Cliente,6,False,Finalizada,True,5
326,162,2025-07-02 00:12:09,WhatsApp,Agendar servicio,Atención Comercial,5,False,Finalizada,True,5
327,32,2025-02-10 10:00:04,WhatsApp,Soporte técnico,Ventas,15,False,Finalizada,False,5
328,1386,2025-02-12 13:11:55,WhatsApp,Soporte técnico,Ventas,14,True,Finalizada,False,2
329,1664,2025-06-21 13:40:17,WhatsApp,Seguimiento,Atención Comercial,6,False,Abandonada,False,1
330,292,2025-02-16 20:21:39,Web,Consultar precios,Postventa,5,False,Finalizada,False,3
331,173,2025-11-21 12:00:51,WhatsApp,Seguimiento,Atención Comercial,4,False,Finalizada,True,4
332,1210,2025-08-01 18:06:33,Web,Seguimiento,Atención al Cliente,7,True,Finalizada,True,3
333,456,2025-11-05 19:44:02,Facebook,Reclamo,Ventas,12,True,Finalizada,False,3
334,577,2025-12-18 20:08:26,WhatsApp,Reclamo,Atención al Cliente,9,False,Finalizada,True,4
335,566,2025-11-08 18:19:51,WhatsApp,Reclamo,Atención al Cliente,13,False,Finalizada,True,5
336,565,2025-09-12 12:08:49,Web,Agendar servicio,Ventas,6,False,Abandonada,False,1
337,1078,2025-01-30 18:52:19,Web,Soporte técnico,Atención al Cliente,14,False,Finalizada,False,3
338,782,2025-12-25 12:56:40,Web,Agendar servicio,Atención al Cliente,8,False,Abandonada,False,1
339,860,2025-09-17 13:35:50,Instagram,Soporte técnico,Atención Comercial,10,False,Finalizada,False,4
340,497,2025-06-27 00:38:41,WhatsApp,Seguimiento,Atención al Cliente,5,True,Finalizada,True,1
341,1399,2025-10-19 11:18:43,WhatsApp,Cancelar servicio,Soporte,2,False,Finalizada,True,4
342,532,2025-07-10 01:31:54,Telegram,Solicitar información,Soporte,4,False,Finalizada,False,5
343,1626,2025-06-03 19:28:26,WhatsApp,Seguimiento,Soporte,4,False,Finalizada,True,4
344,133,2025-06-24 13:15:07,Web,Cancelar servicio,Ventas,2,False,Finalizada,True,4
345,1502,2025-07-07 09:23:51,Facebook,Seguimiento,Postventa,4,False,Finalizada,True,4
346,965,2025-02-11 12:27:00,WhatsApp,Reclamo,Soporte,14,False,Finalizada,True,5
347,1651,2025-12-30 11:55:14,WhatsApp,Seguimiento,Soporte,6,False,Finalizada,False,3
348,1523,2025-01-23 00:11:25,Telegram,Cancelar servicio,Atención al Cliente,2,False,Finalizada,False,3
349,523,2025-06-26 15:12:58,WhatsApp,Cancelar servicio,Atención al Cliente,3,False,Abandonada,False,1
350,197,2025-08-03 18:52:17,Web,Soporte técnico,Atención Comercial,18,False,Abandonada,False,1
351,1358,2025-08-21 13:52:58,Web,Seguimiento,Postventa,6,False,Finalizada,True,5
352,645,2025-08-07 17:33:18,WhatsApp,Reclamo,Atención Comercial,14,False,Finalizada,True,5
353,1381,2025-07-23 13:32:43,WhatsApp,Solicitar información,Postventa,6,False,Finalizada,True,5
354,1484,2025-08-02 10:52:42,Telegram,Reclamo,Ventas,13,False,Finalizada,False,3
355,1337,2025-04-19 13:57:51,Instagram,Soporte técnico,Atención al Cliente,16,False,Finalizada,False,4
356,1485,2025-04-15 15:39:22,WhatsApp,Cancelar servicio,Atención al Cliente,2,False,Finalizada,True,4
357,1497,2025-07-24 12:13:05,Web,Solicitar información,Ventas,6,False,Finalizada,False,4
358,1491,2025-11-11 13:25:24,WhatsApp,Soporte técnico,Atención al Cliente,18,False,Finalizada,True,5
359,680,2025-08-23 19:20:56,WhatsApp,Seguimiento,Atención Comercial,4,False,Finalizada,True,5
360,682,2025-02-27 13:03:57,WhatsApp,Soporte técnico,Soporte,18,False,Finalizada,True,5
361,530,2025-08-24 20:31:58,Facebook,Cancelar servicio,Soporte,3,False,Finalizada,False,4
362,165,2025-09-06 13:19:16,Web,Reclamo,Postventa,10,False,Finalizada,False,3
363,757,2025-10-14 18:35:39,Facebook,Reclamo,Postventa,12,False,Finalizada,False,3
364,108,2025-01-03 12:43:40,WhatsApp,Cancelar servicio,Atención al Cliente,4,False,Abandonada,False,2
365,372,2025-08-22 19:30:06,Facebook,Cancelar servicio,Postventa,2,False,Finalizada,True,5
366,1094,2025-11-27 10:55:08,Facebook,Solicitar información,Ventas,4,False,Finalizada,False,3
367,277,2025-07-18 13:33:05,Instagram,Cancelar servicio,Atención Comercial,3,False,Abandonada,False,1
368,1788,2025-08-14 20:03:58,Instagram,Reclamo,Soporte,8,False,Finalizada,False,3
369,1272,2025-11-19 19:26:29,Facebook,Solicitar información,Ventas,4,False,Finalizada,False,4
370,1941,2025-07-31 19:54:01,Facebook,Solicitar información,Postventa,5,False,Finalizada,False,5
371,1561,2025-02-21 20:24:09,WhatsApp,Agendar servicio,Atención al Cliente,5,False,Finalizada,False,5
372,309,2025-11-15 13:08:59,Web,Reclamo,Atención Comercial,15,False,Finalizada,False,3
373,1696,2025-06-20 08:36:56,Instagram,Soporte técnico,Soporte,13,True,Finalizada,False,2
374,1732,2025-12-08 20:13:31,WhatsApp,Cancelar servicio,Atención al Cliente,3,False,Finalizada,False,3
375,159,2025-03-22 18:34:53,WhatsApp,Soporte técnico,Ventas,11,False,Finalizada,False,4
376,1761,2025-10-14 18:59:26,WhatsApp,Cancelar servicio,Ventas,4,False,Finalizada,False,4
377,1771,2025-02-13 18:05:40,Web,Soporte técnico,Atención al Cliente,14,True,Abandonada,False,1
378,847,2025-12-10 12:18:36,Web,Soporte técnico,Postventa,15,False,Finalizada,False,4
379,1582,2025-09-07 12:19:55,WhatsApp,Seguimiento,Postventa,4,False,Abandonada,False,2
380,284,2025-10-06 18:35:07,Telegram,Reclamo,Atención al Cliente,9,False,Abandonada,False,1
381,177,2025-08-06 20:44:06,WhatsApp,Soporte técnico,Postventa,15,False,Finalizada,True,5
382,432,2025-12-07 09:46:45,Facebook,Agendar servicio,Atención al Cliente,5,False,Finalizada,False,3
383,200,2025-05-04 13:20:22,WhatsApp,Agendar servicio,Atención al Cliente,5,False,Finalizada,False,4
384,67,2025-08-21 19:03:47,WhatsApp,Soporte técnico,Ventas,10,False,Finalizada,True,5
385,451,2025-05-27 19:05:08,Facebook,Soporte técnico,Atención Comercial,15,False,Finalizada,False,4
386,1712,2025-07-24 20:27:10,WhatsApp,Agendar servicio,Atención Comercial,5,False,Finalizada,True,5
387,1242,2025-05-15 13:44:22,WhatsApp,Solicitar información,Ventas,4,False,Finalizada,True,4
388,194,2025-05-20 13:17:54,WhatsApp,Agendar servicio,Soporte,5,False,Finalizada,True,4
389,883,2025-10-29 12:54:39,WhatsApp,Seguimiento,Atención al Cliente,7,False,Abandonada,False,2
390,1296,2025-03-01 02:40:34,WhatsApp,Soporte técnico,Postventa,18,False,Finalizada,True,5
391,55,2025-08-09 12:08:20,Instagram,Soporte técnico,Soporte,14,False,Abandonada,False,2
392,1633,2025-07-17 20:28:46,Facebook,Seguimiento,Postventa,4,False,Finalizada,False,3
393,1748,2025-09-16 18:32:19,WhatsApp,Consultar precios,Postventa,4,False,Finalizada,True,5
394,66,2025-02-12 17:34:27,WhatsApp,Soporte técnico,Atención Comercial,15,False,Finalizada,False,4
395,1567,2025-04-16 08:41:13,WhatsApp,Solicitar información,Ventas,6,False,Finalizada,False,5
396,1129,2025-01-09 20:03:40,WhatsApp,Soporte técnico,Soporte,17,False,Finalizada,False,3
397,536,2025-01-20 20:35:36,WhatsApp,Cancelar servicio,Atención Comercial,3,False,Abandonada,False,2
398,1149,2025-04-08 05:33:36,Instagram,Cancelar servicio,Ventas,2,False,Finalizada,False,4
399,1025,2025-01-15 10:42:24,Web,Reclamo,Atención Comercial,12,False,Finalizada,False,4
400,1891,2025-10-24 13:17:22,WhatsApp,Cancelar servicio,Atención al Cliente,3,False,Finalizada,True,4
401,1548,2025-11-11 10:13:00,WhatsApp,Consultar precios,Postventa,3,False,Finalizada,True,5
402,1286,2025-10-27 20:03:36,Instagram,Seguimiento,Postventa,7,False,Finalizada,False,4
403,613,2025-04-18 20:34:49,Telegram,Agendar servicio,Ventas,8,False,Finalizada,False,3
404,405,2025-04-30 19:40:29,Facebook,Soporte técnico,Ventas,11,False,Finalizada,False,4
405,1030,2025-09-08 18:57:25,Web,Consultar precios,Ventas,4,False,Finalizada,True,5
406,668,2025-11-05 13:48:31,WhatsApp,Cancelar servicio,Atención al Cliente,4,False,Finalizada,False,3
407,1567,2025-11-27 09:02:34,WhatsApp,Solicitar información,Atención al Cliente,6,False,Abandonada,False,1
408,522,2025-06-02 12:45:59,Web,Agendar servicio,Atención al Cliente,5,False,Finalizada,True,5
409,334,2025-07-04 19:07:09,WhatsApp,Reclamo,Postventa,13,True,Abandonada,False,2
410,57,2025-02-18 15:53:46,WhatsApp,Agendar servicio,Soporte,8,False,Finalizada,True,5
411,989,2025-01-11 18:14:17,WhatsApp,Solicitar información,Atención Comercial,4,False,Finalizada,False,5
412,1714,2025-11-19 18:20:22,Web,Soporte técnico,Postventa,14,False,Finalizada,False,4
413,1855,2025-06-16 10:38:37,Telegram,Cancelar servicio,Atención Comercial,4,False,Finalizada,False,3
414,1010,2025-08-16 18:35:29,WhatsApp,Consultar precios,Atención al Cliente,4,False,Finalizada,True,4
415,1676,2025-08-06 18:49:01,Telegram,Agendar servicio,Soporte,6,True,Finalizada,False,1
416,997,2025-03-08 09:01:15,WhatsApp,Soporte técnico,Soporte,17,False,Finalizada,False,3
417,1422,2025-07-31 13:49:18,WhatsApp,Cancelar servicio,Ventas,4,False,Finalizada,True,5
418,321,2025-03-14 09:00:29,Facebook,Solicitar información,Atención Comercial,4,False,Finalizada,True,5
419,1546,2025-03-09 12:06:14,WhatsApp,Reclamo,Atención al Cliente,14,False,Finalizada,True,5
420,75,2025-04-27 13:45:04,Web,Cancelar servicio,Atención Comercial,3,False,Finalizada,True,5
421,3,2025-06-03 19:37:01,Instagram,Consultar precios,Atención Comercial,3,False,Abandonada,False,2
422,193,2025-10-15 18:39:04,WhatsApp,Soporte técnico,Atención Comercial,15,True,Finalizada,False,1
423,1973,2025-05-28 12:50:07,Instagram,Soporte técnico,Atención Comercial,16,False,Finalizada,True,5
424,1307,2025-08-11 20:15:12,WhatsApp,Solicitar información,Atención Comercial,5,False,Abandonada,False,2
425,1482,2025-08-29 19:59:28,Instagram,Cancelar servicio,Soporte,2,False,Finalizada,True,5
426,113,2025-04-18 19:03:25,Instagram,Soporte técnico,Atención al Cliente,18,True,Abandonada,False,1
427,1808,2025-05-31 12:04:41,WhatsApp,Seguimiento,Atención Comercial,7,True,Finalizada,False,1
428,1602,2025-09-01 19:56:40,WhatsApp,Reclamo,Atención al Cliente,13,False,Finalizada,False,3
429,469,2025-12-01 17:25:56,Web,Reclamo,Atención Comercial,8,False,Finalizada,True,4
430,1604,2025-04-14 12:22:17,Facebook,Reclamo,Atención Comercial,8,True,Finalizada,True,1
431,1344,2025-10-02 20:31:03,Instagram,Agendar servicio,Postventa,5,True,Abandonada,False,1
432,1594,2025-12-29 15:56:56,Telegram,Reclamo,Soporte,10,False,Finalizada,False,5
433,1919,2025-05-10 12:16:30,Web,Cancelar servicio,Atención al Cliente,4,False,Finalizada,True,5
434,654,2025-03-20 19:13:47,WhatsApp,Reclamo,Soporte,13,True,Finalizada,True,2
435,1823,2025-01-03 20:48:11,Telegram,Consultar precios,Soporte,5,False,Finalizada,False,4
436,564,2025-08-11 18:04:25,Instagram,Cancelar servicio,Atención Comercial,3,False,Finalizada,True,5
437,31,2025-03-19 20:06:52,Instagram,Reclamo,Postventa,13,False,Abandonada,False,2
438,935,2025-05-25 10:52:58,WhatsApp,Cancelar servicio,Postventa,3,False,Abandonada,False,1
439,1821,2025-07-10 08:46:55,WhatsApp,Reclamo,Postventa,12,False,Finalizada,True,5
440,291,2025-04-18 19:30:05,Web,Seguimiento,Postventa,5,False,Finalizada,True,5
441,222,2025-08-15 18:09:56,WhatsApp,Consultar precios,Soporte,4,False,Finalizada,False,3
442,368,2025-02-23 20:41:31,WhatsApp,Soporte técnico,Atención al Cliente,13,True,Abandonada,False,1
443,324,2025-12-21 13:04:28,Web,Solicitar información,Atención Comercial,5,False,Finalizada,False,3
444,1656,2025-06-30 13:47:39,Instagram,Consultar precios,Ventas,4,False,Finalizada,False,3
445,1852,2025-02-23 12:08:30,Instagram,Solicitar información,Atención al Cliente,4,False,Finalizada,False,3
446,1891,2025-08-12 12:51:00,Web,Cancelar servicio,Ventas,4,False,Finalizada,False,3
447,58,2025-01-30 20:38:04,WhatsApp,Agendar servicio,Atención al Cliente,7,False,Finalizada,True,5
448,1,2025-10-26 12:19:03,WhatsApp,Soporte técnico,Ventas,13,False,Finalizada,True,5
449,1209,2025-07-08 16:45:02,Telegram,Soporte técnico,Atención Comercial,11,False,Finalizada,False,3
450,365,2025-06-06 20:54:10,WhatsApp,Agendar servicio,Ventas,5,False,Abandonada,False,2
451,1156,2025-05-24 12:06:59,WhatsApp,Seguimiento,Soporte,7,False,Abandonada,False,2
452,378,2025-07-31 18:11:15,Web,Solicitar información,Ventas,5,False,Abandonada,False,1
453,85,2025-08-16 12:02:11,WhatsApp,Solicitar información,Postventa,5,False,Abandonada,False,1
454,362,2025-01-17 18:06:48,Instagram,Cancelar servicio,Soporte,2,False,Finalizada,False,5
455,124,2025-04-02 19:30:44,WhatsApp,Reclamo,Ventas,15,False,Abandonada,False,2
456,252,2025-12-04 18:11:04,WhatsApp,Consultar precios,Soporte,5,False,Finalizada,False,4
457,1104,2025-09-09 13:58:56,WhatsApp,Solicitar información,Ventas,5,False,Finalizada,False,3
458,1280,2025-10-22 09:07:33,Instagram,Seguimiento,Atención Comercial,4,False,Finalizada,True,5
459,949,2025-04-24 18:57:02,Instagram,Cancelar servicio,Ventas,3,False,Finalizada,True,5
460,1105,2025-01-03 10:30:42,Instagram,Seguimiento,Ventas,6,False,Finalizada,True,5
461,1100,2025-07-31 08:01:02,WhatsApp,Consultar precios,Postventa,4,False,Finalizada,False,5
462,1459,2025-10-05 13:27:28,Facebook,Reclamo,Atención Comercial,15,False,Finalizada,True,5
463,946,2025-10-08 13:04:38,Web,Solicitar información,Atención Comercial,5,False,Finalizada,True,5
464,1847,2025-11-05 20:28:22,Web,Seguimiento,Atención Comercial,7,False,Abandonada,False,1
465,1682,2025-04-28 19:08:06,Instagram,Seguimiento,Postventa,5,False,Abandonada,False,2
466,106,2025-11-12 11:54:06,WhatsApp,Agendar servicio,Ventas,5,False,Finalizada,False,4
467,1887,2025-12-22 18:07:14,WhatsApp,Reclamo,Ventas,12,False,Finalizada,False,3
468,487,2025-06-17 01:48:27,Instagram,Agendar servicio,Postventa,8,False,Finalizada,True,5
469,694,2025-09-13 12:10:36,WhatsApp,Reclamo,Atención al Cliente,9,False,Finalizada,True,5
470,395,2025-04-16 19:59:17,WhatsApp,Reclamo,Postventa,13,True,Finalizada,True,1
471,95,2025-10-02 18:25:26,Web,Solicitar información,Atención Comercial,5,False,Finalizada,False,5
472,709,2025-03-15 17:03:37,WhatsApp,Seguimiento,Postventa,6,False,Finalizada,False,4
473,230,2025-09-18 20:38:22,WhatsApp,Solicitar información,Soporte,4,False,Finalizada,True,4
474,36,2025-12-26 16:32:51,WhatsApp,Seguimiento,Soporte,6,False,Finalizada,False,3
475,662,2025-09-23 13:34:54,Instagram,Cancelar servicio,Postventa,3,True,Finalizada,False,2
476,1571,2025-11-14 20:34:01,WhatsApp,Soporte técnico,Atención Comercial,13,False,Finalizada,True,4
477,670,2025-11-30 20:45:57,Facebook,Solicitar información,Atención al Cliente,5,False,Finalizada,False,4
478,1873,2025-09-18 11:25:26,WhatsApp,Cancelar servicio,Atención Comercial,2,False,Finalizada,True,5
479,1178,2025-02-11 20:32:09,Web,Solicitar información,Postventa,5,False,Finalizada,False,4
480,271,2025-03-13 20:19:26,Web,Consultar precios,Postventa,4,False,Finalizada,False,4
481,66,2025-08-30 18:15:40,WhatsApp,Cancelar servicio,Atención al Cliente,2,False,Finalizada,False,3
482,1747,2025-11-02 19:23:53,WhatsApp,Agendar servicio,Atención al Cliente,6,False,Finalizada,True,5
483,1827,2025-11-22 20:33:13,Web,Solicitar información,Postventa,5,False,Finalizada,True,5
484,722,2025-07-25 18:00:24,Instagram,Seguimiento,Atención al Cliente,7,False,Finalizada,False,4
485,1088,2025-10-08 20:28:27,Web,Seguimiento,Soporte,5,False,Finalizada,False,5
486,1201,2025-03-25 13:30:42,Web,Consultar precios,Soporte,3,False,Finalizada,True,5
487,43,2025-01-24 03:10:12,Web,Solicitar información,Soporte,5,False,Finalizada,False,4
488,387,2025-03-01 03:15:17,Web,Reclamo,Ventas,11,True,Finalizada,False,3
489,1076,2025-11-09 01:08:29,Instagram,Cancelar servicio,Ventas,3,False,Finalizada,False,4
490,687,2025-04-28 08:02:15,Facebook,Cancelar servicio,Postventa,3,True,Finalizada,True,1
491,224,2025-01-29 08:43:50,Instagram,Cancelar servicio,Soporte,3,False,Finalizada,True,5
492,299,2025-11-15 12:11:04,WhatsApp,Agendar servicio,Atención Comercial,8,False,Abandonada,False,2
493,1117,2025-03-28 12:45:49,Facebook,Seguimiento,Soporte,4,False,Finalizada,False,3
494,97,2025-07-25 13:24:14,WhatsApp,Cancelar servicio,Ventas,2,False,Abandonada,False,2
495,1886,2025-07-01 12:02:43,Web,Consultar precios,Ventas,5,False,Finalizada,True,5
496,1535,2025-04-28 20:53:54,Web,Cancelar servicio,Atención al Cliente,4,False,Finalizada,False,3
497,778,2025-01-23 11:25:39,Telegram,Soporte técnico,Ventas,17,False,Abandonada,False,1
498,156,2025-01-31 13:37:57,WhatsApp,Soporte técnico,Soporte,10,False,Finalizada,True,5
499,520,2025-03-10 20:38:11,WhatsApp,Consultar precios,Atención Comercial,4,False,Finalizada,True,5
500,1106,2025-01-25 12:45:40,Instagram,Reclamo,Postventa,11,True,Finalizada,False,1
501,1162,2025-08-28 19:53:04,WhatsApp,Agendar servicio,Soporte,7,False,Abandonada,False,1
502,187,2025-07-05 18:02:18,Web,Agendar servicio,Postventa,7,False,Finalizada,False,4
503,1678,2025-10-10 01:51:52,WhatsApp,Seguimiento,Atención Comercial,6,False,Finalizada,False,4
504,1610,2025-02-05 13:26:21,Web,Soporte técnico,Atención Comercial,15,False,Finalizada,False,4
505,1198,2025-02-17 20:22:50,Instagram,Agendar servicio,Soporte,5,False,Finalizada,False,4
506,104,2025-01-30 13:55:41,Facebook,Soporte técnico,Atención Comercial,15,True,Finalizada,False,3
507,669,2025-09-18 03:05:24,WhatsApp,Consultar precios,Postventa,3,False,Finalizada,True,5
508,888,2025-04-30 13:17:58,Facebook,Agendar servicio,Atención al Cliente,8,False,Finalizada,True,5
509,917,2025-05-07 17:51:10,Facebook,Agendar servicio,Ventas,5,False,Finalizada,False,3
510,946,2025-09-10 19:03:51,WhatsApp,Reclamo,Ventas,11,True,Abandonada,False,1
511,1938,2025-04-22 20:07:03,WhatsApp,Solicitar información,Ventas,4,False,Finalizada,True,5
512,309,2025-07-10 18:10:00,WhatsApp,Reclamo,Soporte,9,False,Finalizada,False,3
513,441,2025-07-16 12:16:16,Facebook,Consultar precios,Ventas,4,False,Abandonada,False,2
514,1481,2025-09-26 18:30:58,Facebook,Solicitar información,Postventa,5,False,Finalizada,True,5
515,540,2025-11-20 12:24:08,Web,Agendar servicio,Soporte,8,False,Finalizada,True,5
516,1689,2025-03-26 19:04:09,Web,Seguimiento,Postventa,4,False,Finalizada,True,5
517,1493,2025-07-24 13:02:52,Facebook,Seguimiento,Soporte,5,False,Abandonada,False,2
518,724,2025-05-07 19:47:39,WhatsApp,Agendar servicio,Atención al Cliente,5,False,Finalizada,False,3
519,950,2025-04-27 13:36:54,Facebook,Solicitar información,Atención Comercial,4,False,Finalizada,False,5
520,902,2025-01-05 18:40:22,Facebook,Agendar servicio,Atención al Cliente,7,False,Finalizada,False,4
521,1367,2025-06-12 19:05:29,WhatsApp,Consultar precios,Ventas,3,False,Finalizada,True,5
522,1976,2025-08-10 01:12:14,WhatsApp,Cancelar servicio,Atención Comercial,4,False,Finalizada,True,5
523,84,2025-02-07 12:28:53,WhatsApp,Cancelar servicio,Atención Comercial,2,False,Finalizada,True,5
524,1885,2025-09-15 18:10:04,WhatsApp,Solicitar información,Ventas,5,False,Abandonada,False,1
525,521,2025-04-05 11:46:27,Web,Seguimiento,Soporte,4,False,Finalizada,False,3
526,894,2025-06-23 20:02:31,Web,Reclamo,Atención al Cliente,14,True,Finalizada,False,3
527,234,2025-05-10 20:59:40,WhatsApp,Soporte técnico,Atención al Cliente,16,True,Abandonada,False,1
528,992,2025-02-22 13:06:32,Web,Cancelar servicio,Atención al Cliente,4,False,Finalizada,False,3
529,462,2025-07-07 09:47:53,Instagram,Agendar servicio,Soporte,8,False,Finalizada,False,5
530,1084,2025-01-13 19:13:24,Instagram,Seguimiento,Atención al Cliente,7,False,Finalizada,False,3
531,941,2025-02-14 01:06:18,WhatsApp,Cancelar servicio,Atención al Cliente,2,False,Finalizada,True,5
532,147,2025-08-17 04:26:40,Web,Solicitar información,Atención al Cliente,5,False,Finalizada,False,3
533,715,2025-09-19 18:57:35,Telegram,Consultar precios,Postventa,3,False,Finalizada,False,3
534,1528,2025-10-04 00:11:00,Facebook,Soporte técnico,Atención Comercial,17,True,Finalizada,False,3
535,482,2025-06-07 18:42:15,Web,Consultar precios,Soporte,5,False,Finalizada,False,4
536,1648,2025-11-23 13:31:12,WhatsApp,Agendar servicio,Ventas,7,False,Abandonada,False,2
537,1996,2025-01-20 20:28:28,Facebook,Agendar servicio,Atención al Cliente,6,False,Finalizada,False,5
538,186,2025-06-29 09:36:32,WhatsApp,Seguimiento,Postventa,7,False,Finalizada,False,4
539,306,2025-07-07 12:13:28,WhatsApp,Solicitar información,Soporte,5,False,Finalizada,True,5
540,1521,2025-06-15 12:30:55,Telegram,Agendar servicio,Atención Comercial,7,False,Finalizada,True,5
541,315,2025-11-23 03:03:44,WhatsApp,Solicitar información,Soporte,4,False,Abandonada,False,1
542,984,2025-03-09 12:46:43,WhatsApp,Solicitar información,Soporte,5,False,Abandonada,False,2
543,1860,2025-12-25 19:40:13,WhatsApp,Consultar precios,Ventas,3,False,Finalizada,True,5
544,478,2025-07-31 20:52:22,WhatsApp,Soporte técnico,Atención Comercial,16,False,Finalizada,False,3
545,671,2025-01-15 13:03:35,WhatsApp,Solicitar información,Atención al Cliente,4,False,Finalizada,False,3
546,264,2025-09-15 18:34:58,Telegram,Soporte técnico,Ventas,12,True,Finalizada,False,2
547,1800,2025-11-21 12:28:04,WhatsApp,Cancelar servicio,Postventa,4,False,Finalizada,False,4
548,388,2025-08-08 19:53:25,Facebook,Cancelar servicio,Soporte,2,False,Finalizada,False,4
549,721,2025-08-29 17:45:10,WhatsApp,Solicitar información,Ventas,5,False,Finalizada,True,5
550,81,2025-01-16 18:04:30,WhatsApp,Reclamo,Postventa,12,False,Finalizada,True,4
551,1306,2025-09-04 20:26:02,Instagram,Seguimiento,Postventa,4,False,Finalizada,False,4
552,174,2025-01-31 13:43:13,Web,Consultar precios,Atención al Cliente,5,False,Finalizada,False,3
553,620,2025-03-09 20:21:37,Telegram,Consultar precios,Atención al Cliente,5,False,Finalizada,False,4
554,1510,2025-04-14 12:06:48,Web,Cancelar servicio,Postventa,2,False,Finalizada,True,4
555,475,2025-07-11 18:52:50,Web,Soporte técnico,Soporte,14,False,Finalizada,False,4
556,300,2025-07-27 18:02:44,Telegram,Consultar precios,Atención al Cliente,3,False,Finalizada,False,5
557,853,2025-01-02 20:22:46,Facebook,Seguimiento,Postventa,6,False,Finalizada,False,5
558,1366,2025-07-28 12:41:13,WhatsApp,Soporte técnico,Postventa,18,False,Abandonada,False,1
559,184,2025-07-04 18:10:01,Facebook,Soporte técnico,Postventa,11,False,Finalizada,False,5
560,1259,2025-07-20 19:05:14,WhatsApp,Cancelar servicio,Ventas,4,False,Finalizada,False,3
561,1821,2025-10-13 15:15:11,Web,Solicitar información,Soporte,4,False,Abandonada,False,2
562,909,2025-04-24 20:14:42,WhatsApp,Solicitar información,Atención Comercial,6,False,Finalizada,False,4
563,32,2025-01-19 11:39:33,Instagram,Solicitar información,Atención al Cliente,6,False,Finalizada,False,3
564,1461,2025-04-15 10:27:36,Web,Cancelar servicio,Ventas,2,False,Finalizada,True,5
565,1320,2025-07-03 19:52:16,WhatsApp,Solicitar información,Atención al Cliente,4,False,Finalizada,True,4
566,1281,2025-11-28 19:15:41,Web,Consultar precios,Atención al Cliente,5,False,Abandonada,False,1
567,630,2025-11-05 13:33:12,WhatsApp,Solicitar información,Atención Comercial,4,False,Finalizada,True,5
568,1407,2025-11-15 13:48:22,WhatsApp,Seguimiento,Atención al Cliente,7,False,Finalizada,False,3
569,1460,2025-02-09 13:49:00,WhatsApp,Consultar precios,Postventa,3,False,Finalizada,True,5
570,1917,2025-03-10 03:42:20,WhatsApp,Agendar servicio,Atención Comercial,7,False,Abandonada,False,1
571,1449,2025-07-08 19:17:59,Facebook,Agendar servicio,Atención al Cliente,6,False,Finalizada,True,5
572,749,2025-12-27 18:10:12,Web,Agendar servicio,Atención Comercial,6,False,Finalizada,True,5
573,856,2025-10-29 15:23:32,WhatsApp,Soporte técnico,Atención Comercial,11,False,Finalizada,True,5
574,559,2025-02-27 10:50:21,WhatsApp,Consultar precios,Ventas,5,False,Abandonada,False,1
575,1914,2025-01-13 02:19:03,Instagram,Cancelar servicio,Atención al Cliente,4,False,Finalizada,True,5
576,216,2025-07-16 13:18:50,WhatsApp,Cancelar servicio,Atención al Cliente,2,False,Finalizada,False,3
577,752,2025-06-08 13:05:01,Facebook,Agendar servicio,Postventa,6,False,Finalizada,False,5
578,1659,2025-03-17 02:11:05,WhatsApp,Reclamo,Postventa,15,False,Finalizada,True,5
579,1309,2025-02-03 11:30:54,WhatsApp,Agendar servicio,Soporte,5,False,Abandonada,False,1
580,621,2025-07-10 12:50:49,WhatsApp,Solicitar información,Postventa,4,False,Abandonada,False,2
581,58,2025-02-18 12:48:13,WhatsApp,Solicitar información,Atención Comercial,5,False,Finalizada,True,5
582,1966,2025-04-10 13:02:36,Web,Cancelar servicio,Atención al Cliente,2,False,Abandonada,False,1
583,276,2025-10-01 18:56:48,WhatsApp,Agendar servicio,Atención al Cliente,8,False,Finalizada,False,3
584,321,2025-04-06 19:48:29,WhatsApp,Reclamo,Atención al Cliente,10,False,Finalizada,False,3
585,674,2025-02-16 12:54:56,Web,Reclamo,Atención al Cliente,10,False,Finalizada,False,4
586,513,2025-03-07 11:44:07,Web,Agendar servicio,Atención al Cliente,7,False,Finalizada,False,4
587,1985,2025-04-09 17:32:27,Web,Seguimiento,Postventa,5,False,Finalizada,False,5
588,411,2025-09-23 12:57:45,WhatsApp,Consultar precios,Ventas,5,False,Finalizada,True,4
589,1338,2025-07-27 12:59:20,WhatsApp,Consultar precios,Soporte,3,False,Finalizada,True,5
590,1296,2025-02-22 16:32:14,Web,Seguimiento,Ventas,7,True,Finalizada,True,1
591,804,2025-10-22 13:00:25,WhatsApp,Consultar precios,Ventas,3,False,Finalizada,True,4
592,1414,2025-09-01 09:09:01,WhatsApp,Soporte técnico,Soporte,15,False,Finalizada,False,4
593,318,2025-05-23 12:38:28,Facebook,Soporte técnico,Postventa,11,False,Finalizada,False,3
594,1542,2025-04-01 03:16:06,WhatsApp,Seguimiento,Ventas,7,False,Abandonada,False,2
595,43,2025-04-24 20:15:35,Web,Reclamo,Ventas,13,False,Finalizada,False,3
596,1671,2025-11-07 19:18:25,Facebook,Consultar precios,Soporte,3,False,Finalizada,True,4
597,283,2025-07-28 18:23:45,WhatsApp,Agendar servicio,Atención al Cliente,8,False,Finalizada,True,5
598,304,2025-11-18 20:33:26,Telegram,Seguimiento,Postventa,7,True,Finalizada,False,2
599,1469,2025-01-17 08:18:22,Web,Soporte técnico,Atención al Cliente,16,False,Finalizada,True,5
600,1698,2025-12-10 02:44:08,Instagram,Soporte técnico,Atención al Cliente,12,False,Finalizada,True,4
601,712,2025-07-07 00:01:38,Instagram,Agendar servicio,Postventa,8,False,Finalizada,True,5
602,1660,2025-06-01 05:24:59,Web,Agendar servicio,Soporte,8,False,Finalizada,False,5
603,1015,2025-05-30 03:29:25,Web,Soporte técnico,Postventa,13,False,Finalizada,True,5
604,1285,2025-06-10 18:57:10,WhatsApp,Agendar servicio,Atención al Cliente,5,False,Finalizada,True,5
605,1240,2025-09-17 10:43:57,Instagram,Seguimiento,Soporte,7,False,Finalizada,True,5
606,1142,2025-02-09 12:47:54,Instagram,Consultar precios,Atención al Cliente,3,False,Finalizada,True,5
607,1192,2025-12-18 09:23:52,Facebook,Cancelar servicio,Atención al Cliente,2,True,Finalizada,False,3
608,1,2025-08-07 12:24:47,Web,Agendar servicio,Atención al Cliente,6,False,Finalizada,False,3
609,308,2025-04-17 12:52:23,Web,Reclamo,Postventa,9,False,Finalizada,True,5
610,470,2025-08-05 12:56:17,Facebook,Solicitar información,Soporte,5,False,Abandonada,False,1
611,741,2025-12-16 19:56:11,Facebook,Solicitar información,Atención al Cliente,6,False,Finalizada,True,5
612,1331,2025-02-02 13:58:36,WhatsApp,Solicitar información,Ventas,4,False,Finalizada,False,3
613,1913,2025-05-02 12:35:15,Instagram,Agendar servicio,Ventas,8,False,Abandonada,False,1
614,490,2025-04-30 19:36:07,WhatsApp,Cancelar servicio,Atención Comercial,4,False,Finalizada,True,5
615,1328,2025-10-25 18:59:50,WhatsApp,Solicitar información,Soporte,4,False,Finalizada,False,4
616,1556,2025-06-20 00:18:59,Instagram,Agendar servicio,Ventas,6,False,Finalizada,False,4
617,827,2025-06-16 18:52:56,Web,Agendar servicio,Atención Comercial,5,False,Finalizada,False,5
618,8,2025-11-26 19:04:06,Telegram,Reclamo,Atención Comercial,8,True,Finalizada,True,2
619,875,2025-03-28 13:53:03,WhatsApp,Agendar servicio,Ventas,8,False,Finalizada,True,5
620,416,2025-03-29 20:50:24,Facebook,Solicitar información,Soporte,5,False,Finalizada,False,4
621,1803,2025-11-13 19:04:33,Web,Solicitar información,Soporte,4,False,Finalizada,False,5
622,1545,2025-09-01 20:56:25,WhatsApp,Soporte técnico,Ventas,14,False,Finalizada,False,4
623,1889,2025-02-12 19:12:00,Instagram,Consultar precios,Atención al Cliente,3,False,Finalizada,False,3
624,1234,2025-02-27 18:43:51,Instagram,Reclamo,Atención al Cliente,13,True,Finalizada,True,3
625,1542,2025-10-07 13:55:55,WhatsApp,Seguimiento,Postventa,7,False,Finalizada,False,4
626,159,2025-04-25 13:02:22,WhatsApp,Agendar servicio,Postventa,8,False,Abandonada,False,1
627,353,2025-12-12 13:13:42,WhatsApp,Reclamo,Soporte,11,False,Finalizada,True,5
628,127,2025-07-30 20:36:37,Web,Seguimiento,Atención al Cliente,4,False,Abandonada,False,1
629,1084,2025-06-28 13:06:45,WhatsApp,Reclamo,Postventa,13,False,Finalizada,True,5
630,1220,2025-08-09 12:17:04,Instagram,Soporte técnico,Atención al Cliente,12,False,Finalizada,False,4
631,1451,2025-01-10 13:11:06,Instagram,Soporte técnico,Postventa,17,True,Finalizada,True,1
632,1170,2025-11-24 12:17:14,Web,Agendar servicio,Atención Comercial,6,False,Abandonada,False,1
633,1695,2025-02-09 12:27:31,WhatsApp,Consultar precios,Postventa,3,False,Abandonada,False,1
634,515,2025-04-12 12:40:08,Web,Seguimiento,Atención al Cliente,7,True,Abandonada,False,1
635,1814,2025-06-16 13:14:36,Web,Seguimiento,Postventa,6,False,Finalizada,True,5
636,553,2025-12-22 13:38:29,WhatsApp,Consultar precios,Postventa,3,False,Finalizada,False,4
637,1725,2025-05-08 19:19:02,WhatsApp,Reclamo,Ventas,13,False,Finalizada,True,5
638,462,2025-04-18 20:52:20,WhatsApp,Seguimiento,Soporte,6,False,Finalizada,False,4
639,839,2025-08-19 09:47:01,WhatsApp,Cancelar servicio,Atención Comercial,3,False,Finalizada,False,4
640,104,2025-07-01 03:52:44,WhatsApp,Soporte técnico,Atención Comercial,18,False,Finalizada,False,4
641,776,2025-12-05 19:46:45,WhatsApp,Soporte técnico,Postventa,11,False,Finalizada,True,4
642,512,2025-09-26 13:53:12,Facebook,Solicitar información,Soporte,6,False,Finalizada,False,3
643,948,2025-11-28 12:41:53,Web,Soporte técnico,Soporte,15,False,Finalizada,True,4
644,1104,2025-01-10 19:40:30,WhatsApp,Solicitar información,Atención al Cliente,6,False,Abandonada,False,1
645,1988,2025-09-23 16:58:27,WhatsApp,Agendar servicio,Ventas,7,False,Abandonada,False,1
646,680,2025-04-07 18:25:58,WhatsApp,Reclamo,Atención al Cliente,14,False,Finalizada,False,5
647,973,2025-03-21 16:57:37,Web,Agendar servicio,Atención al Cliente,6,False,Finalizada,True,5
648,850,2025-12-19 20:33:17,WhatsApp,Cancelar servicio,Atención al Cliente,2,False,Finalizada,False,4
649,1930,2025-09-14 15:36:09,WhatsApp,Soporte técnico,Postventa,15,False,Finalizada,True,5
650,1165,2025-04-19 19:01:21,Web,Soporte técnico,Postventa,18,False,Abandonada,False,1
651,1385,2025-10-27 12:26:38,WhatsApp,Seguimiento,Postventa,4,False,Finalizada,True,5
652,1361,2025-01-13 19:17:07,WhatsApp,Solicitar información,Atención al Cliente,6,False,Finalizada,True,5
653,1863,2025-11-16 08:53:55,Facebook,Agendar servicio,Postventa,7,False,Finalizada,False,3
654,150,2025-08-20 05:22:31,Facebook,Seguimiento,Postventa,5,False,Finalizada,False,3
655,1679,2025-09-03 12:07:46,WhatsApp,Seguimiento,Ventas,4,False,Finalizada,True,5
656,918,2025-09-06 19:56:08,Web,Soporte técnico,Atención Comercial,15,True,Finalizada,True,3
657,235,2025-06-06 20:23:00,Facebook,Seguimiento,Soporte,7,False,Finalizada,True,5
658,653,2025-05-23 08:15:21,Web,Reclamo,Atención Comercial,12,False,Abandonada,False,1
659,399,2025-05-29 09:40:24,WhatsApp,Agendar servicio,Soporte,7,False,Finalizada,True,5
660,937,2025-01-23 13:17:53,WhatsApp,Solicitar información,Atención al Cliente,5,False,Finalizada,True,5
661,1452,2025-01-22 20:14:32,WhatsApp,Consultar precios,Postventa,4,False,Finalizada,False,3
662,1225,2025-07-13 18:09:46,Web,Seguimiento,Postventa,7,False,Abandonada,False,1
663,1063,2025-02-10 01:12:44,Facebook,Reclamo,Ventas,8,True,Finalizada,True,2
664,1362,2025-08-04 03:09:55,Web,Seguimiento,Atención al Cliente,5,False,Finalizada,True,5
665,190,2025-06-10 19:49:49,WhatsApp,Cancelar servicio,Postventa,2,False,Finalizada,True,5
666,1900,2025-03-27 20:58:16,Instagram,Consultar precios,Atención al Cliente,5,False,Finalizada,True,4
667,402,2025-10-17 13:33:02,WhatsApp,Agendar servicio,Atención Comercial,8,True,Abandonada,False,1
668,151,2025-04-22 13:20:32,Web,Solicitar información,Atención Comercial,5,False,Finalizada,False,4
669,1493,2025-01-02 11:23:20,Telegram,Agendar servicio,Atención al Cliente,7,False,Abandonada,False,1
670,770,2025-11-07 13:17:11,Web,Cancelar servicio,Atención Comercial,2,False,Abandonada,False,1
671,192,2025-04-19 19:33:36,Facebook,Consultar precios,Atención al Cliente,3,False,Abandonada,False,1
672,1483,2025-10-05 09:51:26,WhatsApp,Agendar servicio,Atención Comercial,7,False,Finalizada,True,5
673,1186,2025-07-22 13:54:23,WhatsApp,Solicitar información,Ventas,5,False,Finalizada,False,5
674,83,2025-08-24 19:47:33,Web,Cancelar servicio,Atención al Cliente,2,False,Finalizada,True,4
675,1645,2025-02-03 03:57:43,Telegram,Soporte técnico,Soporte,13,True,Finalizada,True,1
676,289,2025-11-23 18:59:18,WhatsApp,Reclamo,Ventas,12,False,Finalizada,False,3
677,1457,2025-05-24 03:51:56,Facebook,Cancelar servicio,Soporte,4,False,Finalizada,False,5
678,1944,2025-12-04 18:15:49,Facebook,Cancelar servicio,Ventas,3,False,Abandonada,False,1
679,241,2025-09-15 10:34:01,Telegram,Seguimiento,Ventas,5,False,Finalizada,False,4
680,60,2025-10-20 20:02:01,Instagram,Seguimiento,Ventas,7,False,Finalizada,False,3
681,679,2025-04-21 12:52:23,WhatsApp,Solicitar información,Ventas,6,False,Finalizada,False,3
682,1556,2025-05-21 18:11:48,WhatsApp,Soporte técnico,Postventa,11,False,Finalizada,True,5
683,656,2025-08-29 19:50:03,WhatsApp,Consultar precios,Atención Comercial,4,False,Finalizada,True,5
684,271,2025-01-09 09:07:48,Facebook,Cancelar servicio,Ventas,2,True,Finalizada,True,1
685,739,2025-11-09 20:36:14,Instagram,Seguimiento,Ventas,7,False,Abandonada,False,1
686,1639,2025-06-24 15:51:07,WhatsApp,Reclamo,Postventa,9,False,Abandonada,False,1
687,160,2025-02-20 16:13:14,Web,Solicitar información,Ventas,4,False,Finalizada,False,3
688,456,2025-07-02 03:02:34,Web,Agendar servicio,Ventas,5,False,Finalizada,True,4
689,704,2025-08-10 20:07:09,Instagram,Consultar precios,Soporte,4,False,Finalizada,True,5
690,169,2025-12-26 02:52:23,Web,Reclamo,Atención al Cliente,10,False,Finalizada,True,5
691,428,2025-07-25 13:53:25,Web,Cancelar servicio,Ventas,4,False,Finalizada,False,3
692,165,2025-04-02 20:41:52,WhatsApp,Soporte técnico,Soporte,18,True,Finalizada,False,2
693,1550,2025-07-29 11:53:13,Facebook,Cancelar servicio,Atención al Cliente,4,False,Finalizada,False,3
694,1097,2025-12-23 17:15:11,WhatsApp,Consultar precios,Soporte,5,False,Finalizada,True,4
695,1227,2025-08-21 18:33:41,Web,Soporte técnico,Atención Comercial,16,True,Abandonada,False,1
696,1101,2025-07-12 13:46:59,Web,Agendar servicio,Atención al Cliente,7,False,Finalizada,True,5
697,985,2025-03-23 00:44:36,Facebook,Reclamo,Atención Comercial,12,False,Abandonada,False,1
698,880,2025-06-07 20:25:57,WhatsApp,Agendar servicio,Atención Comercial,6,False,Finalizada,True,4
699,1314,2025-02-08 17:14:06,WhatsApp,Seguimiento,Atención Comercial,6,True,Finalizada,True,3
700,654,2025-08-10 17:44:30,WhatsApp,Consultar precios,Atención al Cliente,3,False,Finalizada,False,3
701,1470,2025-06-23 12:57:35,Web,Cancelar servicio,Postventa,4,False,Finalizada,False,3
702,985,2025-05-01 16:56:01,Instagram,Consultar precios,Atención al Cliente,4,False,Finalizada,False,3
703,1200,2025-07-20 13:48:24,WhatsApp,Cancelar servicio,Soporte,2,False,Finalizada,False,5
704,741,2025-12-03 04:36:27,WhatsApp,Solicitar información,Soporte,4,False,Finalizada,True,5
705,1713,2025-06-15 20:35:31,WhatsApp,Solicitar información,Soporte,5,False,Abandonada,False,1
706,1058,2025-12-10 12:38:07,Web,Consultar precios,Postventa,3,False,Finalizada,False,4
707,1621,2025-07-03 15:31:32,Web,Seguimiento,Atención al Cliente,6,False,Finalizada,False,3
708,632,2025-03-26 16:58:55,Instagram,Seguimiento,Atención al Cliente,4,False,Finalizada,False,4
709,1286,2025-08-05 04:52:20,Facebook,Consultar precios,Ventas,5,False,Finalizada,False,3
710,373,2025-09-23 19:18:15,Web,Reclamo,Ventas,14,False,Finalizada,False,4
711,732,2025-12-02 12:59:27,Instagram,Consultar precios,Ventas,5,False,Finalizada,False,4
712,1068,2025-10-14 13:19:55,WhatsApp,Soporte técnico,Ventas,13,True,Abandonada,False,2
713,740,2025-11-14 16:10:18,WhatsApp,Soporte técnico,Ventas,12,False,Finalizada,True,5
714,1958,2025-10-21 01:50:30,WhatsApp,Consultar precios,Postventa,4,False,Finalizada,False,4
715,374,2025-11-30 20:58:56,Web,Cancelar servicio,Postventa,2,False,Finalizada,False,3
716,1024,2025-05-17 15:39:29,WhatsApp,Consultar precios,Atención al Cliente,3,False,Finalizada,True,5
717,1545,2025-06-01 12:54:08,WhatsApp,Soporte técnico,Atención Comercial,10,True,Finalizada,True,2
718,844,2025-08-04 03:25:11,Telegram,Agendar servicio,Postventa,6,False,Finalizada,True,4
719,250,2025-11-29 20:12:25,WhatsApp,Cancelar servicio,Postventa,4,False,Finalizada,True,5
720,1587,2025-08-20 19:27:34,WhatsApp,Reclamo,Atención Comercial,10,False,Finalizada,False,4
721,1685,2025-06-24 05:26:43,WhatsApp,Solicitar información,Atención Comercial,5,False,Finalizada,False,4
722,1079,2025-06-22 18:30:31,Web,Agendar servicio,Atención al Cliente,8,False,Abandonada,False,2
723,479,2025-10-21 19:13:07,Facebook,Soporte técnico,Ventas,16,False,Finalizada,True,5
724,63,2025-12-26 17:26:10,Web,Solicitar información,Postventa,6,False,Finalizada,True,5
725,999,2025-07-13 20:07:53,WhatsApp,Seguimiento,Ventas,6,False,Finalizada,False,3
726,706,2025-10-29 17:19:08,WhatsApp,Cancelar servicio,Ventas,3,False,Finalizada,True,5
727,694,2025-04-03 04:41:50,Instagram,Solicitar información,Soporte,6,False,Abandonada,False,1
728,201,2025-08-26 12:29:07,WhatsApp,Consultar precios,Atención Comercial,3,False,Finalizada,True,5
729,1651,2025-01-22 13:09:23,Facebook,Reclamo,Atención Comercial,14,True,Finalizada,False,1
730,680,2025-06-18 20:36:49,WhatsApp,Soporte técnico,Soporte,17,False,Finalizada,False,4
731,37,2025-06-17 17:39:11,WhatsApp,Cancelar servicio,Atención Comercial,3,False,Finalizada,True,4
732,716,2025-01-04 16:09:29,Web,Soporte técnico,Atención Comercial,18,False,Finalizada,True,5
733,1271,2025-11-23 17:05:36,WhatsApp,Agendar servicio,Soporte,8,False,Finalizada,False,3
734,1078,2025-07-16 12:41:40,Web,Agendar servicio,Atención Comercial,8,False,Finalizada,False,5
735,173,2025-06-18 20:10:23,WhatsApp,Reclamo,Soporte,13,False,Finalizada,True,5
736,1460,2025-11-16 18:01:55,Instagram,Seguimiento,Atención Comercial,7,False,Finalizada,True,5
737,18,2025-05-14 12:59:22,Web,Consultar precios,Ventas,3,False,Abandonada,False,1
738,715,2025-12-15 18:06:38,WhatsApp,Seguimiento,Atención Comercial,7,False,Finalizada,False,5
739,1582,2025-02-21 19:48:01,Telegram,Seguimiento,Atención al Cliente,4,True,Abandonada,False,2
740,1933,2025-05-26 15:59:44,WhatsApp,Solicitar información,Postventa,5,False,Finalizada,False,3
741,1633,2025-10-14 09:20:01,WhatsApp,Reclamo,Atención al Cliente,14,True,Finalizada,False,3
742,1477,2025-10-13 12:41:16,Facebook,Soporte técnico,Atención Comercial,18,False,Finalizada,False,5
743,378,2025-10-20 10:16:24,WhatsApp,Seguimiento,Atención Comercial,7,False,Finalizada,True,5
744,591,2025-08-30 13:35:45,WhatsApp,Soporte técnico,Atención al Cliente,16,False,Finalizada,True,5
745,1441,2025-01-07 19:44:34,WhatsApp,Soporte técnico,Postventa,16,True,Finalizada,True,1
746,650,2025-04-09 08:20:35,WhatsApp,Agendar servicio,Atención Comercial,8,False,Finalizada,True,5
747,765,2025-10-18 20:40:45,Facebook,Consultar precios,Ventas,5,False,Finalizada,False,4
748,827,2025-03-11 13:30:10,Telegram,Solicitar información,Postventa,4,False,Finalizada,False,3
749,731,2025-08-31 15:08:41,Facebook,Reclamo,Atención al Cliente,8,False,Finalizada,False,4
750,1415,2025-10-27 13:31:41,WhatsApp,Cancelar servicio,Ventas,2,False,Abandonada,False,1
751,1719,2025-10-18 19:27:46,Facebook,Solicitar información,Ventas,4,False,Finalizada,False,4
752,1835,2025-10-21 12:49:54,WhatsApp,Seguimiento,Ventas,7,False,Finalizada,False,3
753,154,2025-04-20 19:40:56,WhatsApp,Agendar servicio,Atención al Cliente,6,True,Abandonada,False,1
754,918,2025-04-08 18:19:17,Facebook,Soporte técnico,Postventa,15,False,Finalizada,False,5
755,1153,2025-11-03 17:11:29,WhatsApp,Cancelar servicio,Atención al Cliente,4,True,Finalizada,True,2
756,782,2025-01-07 19:28:31,Instagram,Reclamo,Postventa,15,True,Finalizada,False,3
757,1379,2025-12-11 18:48:56,WhatsApp,Seguimiento,Atención Comercial,7,False,Finalizada,True,5
758,1666,2025-08-24 20:01:35,WhatsApp,Soporte técnico,Atención Comercial,12,True,Finalizada,True,2
759,487,2025-03-08 17:59:27,WhatsApp,Soporte técnico,Atención Comercial,17,False,Finalizada,True,5
760,462,2025-01-17 13:36:17,WhatsApp,Agendar servicio,Atención Comercial,6,False,Finalizada,True,5
761,1313,2025-08-31 13:41:35,Web,Consultar precios,Ventas,5,False,Abandonada,False,1
762,348,2025-06-24 19:54:14,Web,Agendar servicio,Atención Comercial,5,False,Abandonada,False,1
763,1734,2025-10-25 17:04:16,Web,Agendar servicio,Soporte,5,False,Abandonada,False,2
764,1434,2025-04-03 20:19:25,WhatsApp,Consultar precios,Postventa,5,False,Finalizada,False,3
765,982,2025-09-18 12:29:28,Web,Reclamo,Soporte,15,False,Finalizada,False,4
766,1714,2025-07-03 12:02:05,Web,Agendar servicio,Atención Comercial,5,False,Finalizada,True,5
767,275,2025-08-04 08:03:16,Instagram,Seguimiento,Atención Comercial,5,False,Finalizada,False,5
768,535,2025-03-24 02:16:47,Web,Agendar servicio,Postventa,5,False,Finalizada,False,5
769,966,2025-05-01 20:22:41,WhatsApp,Consultar precios,Ventas,3,False,Abandonada,False,1
770,1691,2025-11-03 12:24:16,Telegram,Solicitar información,Postventa,5,False,Abandonada,False,1
771,1908,2025-05-06 13:08:51,Web,Solicitar información,Soporte,4,False,Finalizada,False,3
772,293,2025-12-14 13:02:15,Facebook,Seguimiento,Soporte,7,False,Finalizada,False,5
773,1130,2025-10-05 12:32:41,Web,Reclamo,Ventas,8,False,Finalizada,False,5
774,1348,2025-10-30 12:20:43,Instagram,Cancelar servicio,Atención Comercial,2,False,Abandonada,False,1
775,330,2025-06-15 12:16:17,WhatsApp,Reclamo,Ventas,15,False,Finalizada,True,5
776,1515,2025-10-12 18:43:29,Facebook,Soporte técnico,Soporte,14,False,Finalizada,False,4
777,1056,2025-01-11 19:15:02,WhatsApp,Reclamo,Postventa,15,False,Finalizada,True,5
778,287,2025-05-28 17:52:00,Web,Reclamo,Atención Comercial,10,False,Finalizada,True,5
779,395,2025-08-10 10:51:22,Web,Solicitar información,Soporte,6,False,Finalizada,False,4
780,581,2025-05-15 18:10:20,WhatsApp,Agendar servicio,Soporte,7,False,Abandonada,False,1
781,1605,2025-02-20 20:43:52,Facebook,Reclamo,Atención Comercial,10,True,Finalizada,False,2
782,543,2025-01-08 04:54:10,WhatsApp,Agendar servicio,Soporte,5,False,Finalizada,True,4
783,1905,2025-10-14 08:08:10,Telegram,Soporte técnico,Postventa,18,True,Finalizada,False,2
784,980,2025-11-15 19:13:41,Web,Reclamo,Soporte,11,False,Finalizada,False,5
785,1951,2025-12-19 19:30:35,WhatsApp,Agendar servicio,Atención al Cliente,7,False,Finalizada,False,3
786,1905,2025-05-23 18:57:13,Telegram,Reclamo,Atención al Cliente,13,False,Abandonada,False,2
787,1549,2025-01-08 19:17:58,WhatsApp,Soporte técnico,Postventa,18,True,Abandonada,False,2
788,1711,2025-05-12 09:36:28,WhatsApp,Seguimiento,Atención Comercial,6,False,Finalizada,True,5
789,727,2025-09-02 18:48:55,WhatsApp,Seguimiento,Ventas,4,False,Abandonada,False,1
790,1565,2025-10-16 00:56:05,Telegram,Cancelar servicio,Soporte,2,False,Finalizada,False,5
791,1907,2025-01-20 12:54:19,Telegram,Consultar precios,Ventas,3,False,Finalizada,False,3
792,959,2025-05-28 12:06:36,WhatsApp,Solicitar información,Soporte,6,True,Abandonada,False,1
793,934,2025-05-19 13:12:26,Facebook,Agendar servicio,Atención Comercial,5,False,Finalizada,False,5
794,1762,2025-01-14 18:54:23,Web,Seguimiento,Atención al Cliente,6,False,Abandonada,False,1
795,1519,2025-08-17 20:59:32,Web,Agendar servicio,Postventa,6,False,Finalizada,True,5
796,385,2025-08-18 18:47:07,WhatsApp,Seguimiento,Soporte,4,True,Finalizada,False,3
797,1624,2025-10-12 12:39:16,WhatsApp,Soporte técnico,Postventa,12,False,Abandonada,False,1
798,1984,2025-03-03 18:15:41,WhatsApp,Agendar servicio,Atención Comercial,8,False,Finalizada,True,5
799,352,2025-09-25 00:29:58,Web,Solicitar información,Soporte,4,True,Finalizada,False,1
800,16,2025-09-04 19:49:59,WhatsApp,Solicitar información,Atención al Cliente,6,False,Finalizada,False,3
801,523,2025-04-21 20:54:27,Web,Consultar precios,Atención Comercial,4,False,Finalizada,False,4
802,284,2025-12-07 16:13:18,Facebook,Agendar servicio,Ventas,7,False,Abandonada,False,1
803,288,2025-06-16 20:57:10,WhatsApp,Consultar precios,Atención Comercial,3,False,Finalizada,False,5
804,1042,2025-10-03 12:31:32,WhatsApp,Reclamo,Ventas,14,False,Finalizada,False,4
805,1644,2025-12-04 18:18:57,WhatsApp,Soporte técnico,Ventas,16,False,Finalizada,True,5
806,1415,2025-06-29 13:59:14,WhatsApp,Cancelar servicio,Soporte,3,True,Finalizada,True,3
807,1549,2025-07-25 12:45:03,WhatsApp,Soporte técnico,Atención al Cliente,15,True,Finalizada,True,2
808,336,2025-08-24 18:10:06,WhatsApp,Solicitar información,Soporte,6,False,Finalizada,True,5
809,781,2025-11-21 13:38:46,WhatsApp,Reclamo,Atención Comercial,11,False,Finalizada,False,5
810,1308,2025-11-18 15:10:25,Instagram,Seguimiento,Postventa,4,False,Finalizada,False,5
811,886,2025-12-26 09:49:51,Web,Reclamo,Postventa,12,False,Abandonada,False,1
812,174,2025-08-13 13:26:35,WhatsApp,Seguimiento,Atención al Cliente,6,False,Abandonada,False,1
813,928,2025-11-05 16:51:39,WhatsApp,Solicitar información,Ventas,4,False,Finalizada,True,5
814,1955,2025-02-07 20:00:23,WhatsApp,Soporte técnico,Atención Comercial,12,False,Finalizada,False,5
815,1923,2025-06-23 15:41:48,WhatsApp,Consultar precios,Soporte,4,False,Finalizada,False,4
816,786,2025-08-19 13:56:17,WhatsApp,Solicitar información,Atención Comercial,5,False,Finalizada,True,4
817,1163,2025-06-17 15:58:17,Facebook,Reclamo,Soporte,10,False,Finalizada,False,3
818,1600,2025-05-28 13:32:37,Instagram,Seguimiento,Atención al Cliente,6,True,Abandonada,False,1
819,1822,2025-04-17 18:44:42,WhatsApp,Soporte técnico,Soporte,18,False,Finalizada,True,5
820,1991,2025-12-26 17:31:53,Facebook,Reclamo,Ventas,11,False,Finalizada,False,4
821,1231,2025-03-05 05:58:32,WhatsApp,Consultar precios,Postventa,4,False,Finalizada,True,5
822,1201,2025-05-09 11:33:46,WhatsApp,Cancelar servicio,Atención al Cliente,3,True,Abandonada,False,1
823,1786,2025-04-11 19:21:16,WhatsApp,Solicitar información,Atención Comercial,4,False,Finalizada,False,5
824,206,2025-02-02 18:05:59,Web,Seguimiento,Postventa,5,False,Abandonada,False,1
825,147,2025-09-25 20:47:50,Web,Soporte técnico,Atención al Cliente,18,False,Finalizada,False,3
826,22,2025-04-30 18:23:05,WhatsApp,Cancelar servicio,Atención al Cliente,2,False,Finalizada,False,4
827,1550,2025-12-29 02:41:12,Facebook,Seguimiento,Atención al Cliente,4,False,Finalizada,False,4
828,1750,2025-05-28 17:00:11,WhatsApp,Cancelar servicio,Postventa,2,False,Finalizada,False,4
829,1901,2025-12-15 12:39:35,Facebook,Cancelar servicio,Atención Comercial,3,False,Abandonada,False,2
830,725,2025-10-20 17:38:59,WhatsApp,Seguimiento,Soporte,4,False,Finalizada,False,4
831,1784,2025-07-10 08:16:09,Web,Seguimiento,Atención Comercial,7,False,Finalizada,False,3
832,592,2025-05-14 09:40:41,Web,Agendar servicio,Ventas,6,False,Finalizada,False,3
833,723,2025-04-24 19:47:03,Web,Solicitar información,Atención Comercial,6,False,Finalizada,True,5
834,820,2025-04-23 18:27:42,WhatsApp,Agendar servicio,Atención al Cliente,7,False,Finalizada,False,3
835,1066,2025-04-16 10:58:35,WhatsApp,Seguimiento,Soporte,5,False,Abandonada,False,2
836,519,2025-01-04 19:44:08,Telegram,Agendar servicio,Ventas,6,False,Finalizada,False,4
837,1454,2025-03-12 02:09:39,WhatsApp,Solicitar información,Soporte,6,False,Finalizada,True,4
838,1804,2025-08-21 20:47:57,Facebook,Agendar servicio,Postventa,8,False,Finalizada,True,5
839,180,2025-06-18 16:28:06,Facebook,Agendar servicio,Soporte,6,False,Finalizada,False,4
840,1768,2025-12-28 16:20:39,WhatsApp,Consultar precios,Ventas,5,False,Finalizada,False,4
841,1196,2025-02-12 09:00:05,Web,Agendar servicio,Atención al Cliente,6,False,Finalizada,True,5
842,438,2025-11-04 19:54:33,WhatsApp,Soporte técnico,Ventas,18,False,Finalizada,True,4
843,772,2025-05-28 12:09:40,Web,Reclamo,Atención al Cliente,10,False,Abandonada,False,1
844,1749,2025-12-17 16:05:20,WhatsApp,Consultar precios,Atención al Cliente,4,False,Abandonada,False,2
845,1996,2025-03-29 11:21:32,Instagram,Cancelar servicio,Soporte,4,True,Finalizada,False,1
846,349,2025-03-19 04:19:41,WhatsApp,Consultar precios,Atención Comercial,3,False,Finalizada,True,5
847,655,2025-01-30 19:12:33,WhatsApp,Solicitar información,Atención Comercial,4,False,Finalizada,True,5
848,1374,2025-01-06 18:19:46,Web,Reclamo,Atención Comercial,13,False,Finalizada,True,4
849,1077,2025-10-31 20:49:25,Facebook,Agendar servicio,Postventa,8,False,Finalizada,True,5
850,661,2025-08-24 12:09:06,WhatsApp,Soporte técnico,Soporte,17,False,Finalizada,False,4
851,1553,2025-10-22 20:56:28,WhatsApp,Soporte técnico,Ventas,14,False,Finalizada,False,4
852,625,2025-05-12 17:37:55,Web,Soporte técnico,Atención al Cliente,12,False,Finalizada,True,5
853,1551,2025-01-05 13:13:26,Web,Seguimiento,Postventa,4,False,Abandonada,False,2
854,1377,2025-12-22 16:47:16,Instagram,Agendar servicio,Ventas,7,False,Finalizada,False,3
855,1394,2025-10-03 09:11:35,WhatsApp,Solicitar información,Soporte,5,False,Finalizada,False,3
856,1071,2025-03-03 20:23:06,WhatsApp,Seguimiento,Postventa,6,True,Finalizada,False,2
857,1091,2025-12-27 13:23:46,Web,Reclamo,Postventa,14,False,Finalizada,False,5
858,1311,2025-01-27 02:35:15,WhatsApp,Cancelar servicio,Atención al Cliente,2,False,Abandonada,False,1
859,1023,2025-07-12 02:48:23,WhatsApp,Soporte técnico,Atención al Cliente,14,False,Finalizada,True,5
860,415,2025-08-08 19:30:45,WhatsApp,Reclamo,Postventa,8,False,Finalizada,False,4
861,1293,2025-11-01 19:12:03,WhatsApp,Agendar servicio,Soporte,8,False,Finalizada,True,5
862,629,2025-03-25 20:40:50,WhatsApp,Soporte técnico,Atención Comercial,12,False,Finalizada,True,4
863,939,2025-08-04 19:15:23,Web,Reclamo,Atención Comercial,9,True,Finalizada,False,3
864,674,2025-04-27 12:26:20,WhatsApp,Cancelar servicio,Postventa,2,False,Finalizada,True,4
865,1788,2025-11-10 19:31:16,Web,Consultar precios,Atención Comercial,5,False,Finalizada,False,3
866,882,2025-11-07 19:17:11,Telegram,Consultar precios,Atención Comercial,4,False,Finalizada,False,3
867,741,2025-11-08 20:29:01,Web,Soporte técnico,Soporte,17,False,Finalizada,True,4
868,573,2025-09-30 13:56:47,WhatsApp,Agendar servicio,Postventa,5,False,Finalizada,True,5
869,492,2025-11-30 19:57:32,WhatsApp,Solicitar información,Soporte,4,False,Finalizada,False,5
870,385,2025-11-27 19:01:46,Telegram,Cancelar servicio,Ventas,2,False,Finalizada,False,4
871,1596,2025-02-07 19:18:31,Instagram,Consultar precios,Atención Comercial,5,False,Finalizada,False,3
872,1867,2025-11-27 20:59:16,WhatsApp,Cancelar servicio,Ventas,3,False,Abandonada,False,1
873,1887,2025-03-15 15:00:29,WhatsApp,Cancelar servicio,Atención Comercial,2,False,Finalizada,False,3
874,746,2025-06-23 20:26:08,Facebook,Agendar servicio,Ventas,6,False,Finalizada,False,5
875,645,2025-09-23 16:15:54,WhatsApp,Soporte técnico,Ventas,16,False,Finalizada,False,4
876,1323,2025-12-03 20:24:21,WhatsApp,Cancelar servicio,Soporte,3,False,Finalizada,True,4
877,361,2025-04-04 12:53:25,Web,Seguimiento,Atención al Cliente,7,True,Finalizada,False,1
878,1866,2025-06-16 02:18:02,Telegram,Solicitar información,Soporte,4,False,Finalizada,False,3
879,787,2025-04-21 12:52:19,WhatsApp,Soporte técnico,Atención Comercial,12,False,Finalizada,True,5
880,1341,2025-10-26 05:57:43,Facebook,Consultar precios,Ventas,3,False,Finalizada,True,5
881,490,2025-05-29 20:24:43,Facebook,Cancelar servicio,Atención al Cliente,4,False,Finalizada,False,4
882,1115,2025-09-20 11:12:31,Web,Cancelar servicio,Ventas,2,False,Finalizada,False,4
883,79,2025-12-11 15:08:44,WhatsApp,Cancelar servicio,Soporte,2,False,Finalizada,True,5
884,1156,2025-07-23 17:56:40,Telegram,Consultar precios,Atención Comercial,5,False,Finalizada,False,4
885,1352,2025-11-02 18:59:39,WhatsApp,Reclamo,Ventas,11,True,Finalizada,True,1
886,1326,2025-05-22 19:10:06,Telegram,Cancelar servicio,Ventas,3,False,Finalizada,True,4
887,271,2025-06-07 18:31:59,Web,Seguimiento,Postventa,4,False,Finalizada,False,5
888,832,2025-10-02 19:35:01,Web,Cancelar servicio,Soporte,2,False,Finalizada,False,3
889,1468,2025-01-25 17:22:55,Web,Seguimiento,Ventas,4,False,Finalizada,False,4
890,142,2025-12-24 11:32:29,WhatsApp,Consultar precios,Atención al Cliente,3,False,Finalizada,True,5
891,818,2025-07-17 18:03:27,Facebook,Seguimiento,Atención Comercial,6,False,Finalizada,True,5
892,78,2025-07-08 13:26:26,Facebook,Cancelar servicio,Postventa,2,False,Finalizada,False,3
893,243,2025-11-19 12:51:51,Instagram,Agendar servicio,Atención Comercial,7,False,Abandonada,False,1
894,823,2025-01-06 18:00:35,Facebook,Cancelar servicio,Ventas,3,False,Finalizada,False,4
895,751,2025-03-15 19:08:12,WhatsApp,Seguimiento,Atención Comercial,6,True,Finalizada,False,2
896,1756,2025-07-09 13:52:30,Instagram,Agendar servicio,Soporte,5,False,Finalizada,False,4
897,21,2025-11-14 15:36:12,Instagram,Seguimiento,Atención Comercial,4,False,Finalizada,True,5
898,1830,2025-12-13 12:17:38,Instagram,Agendar servicio,Soporte,6,False,Finalizada,False,4
899,307,2025-08-06 20:32:17,Web,Soporte técnico,Ventas,15,False,Finalizada,True,5
900,185,2025-07-25 18:33:56,Web,Consultar precios,Atención al Cliente,4,False,Finalizada,False,5
901,1471,2025-07-23 12:22:10,WhatsApp,Seguimiento,Soporte,5,False,Abandonada,False,1
902,18,2025-08-23 12:28:40,Facebook,Consultar precios,Atención Comercial,3,True,Finalizada,False,3
903,1496,2025-09-07 13:24:32,WhatsApp,Solicitar información,Atención al Cliente,6,False,Finalizada,True,4
904,202,2025-09-30 12:49:21,Web,Reclamo,Atención al Cliente,12,True,Finalizada,True,3
905,1762,2025-02-19 20:45:32,Facebook,Soporte técnico,Soporte,11,True,Finalizada,False,3
906,967,2025-06-07 05:42:17,WhatsApp,Reclamo,Atención al Cliente,11,False,Abandonada,False,1
907,1911,2025-05-03 13:45:17,Web,Solicitar información,Atención Comercial,6,False,Finalizada,True,5
908,1416,2025-10-06 12:06:24,Facebook,Consultar precios,Atención al Cliente,4,False,Finalizada,True,4
909,1011,2025-05-11 19:21:22,Facebook,Cancelar servicio,Atención Comercial,2,True,Finalizada,False,2
910,854,2025-04-17 19:01:08,Instagram,Soporte técnico,Atención Comercial,18,False,Finalizada,True,5
911,988,2025-10-22 01:14:47,WhatsApp,Agendar servicio,Soporte,5,False,Abandonada,False,1
912,60,2025-08-20 19:54:11,Telegram,Consultar precios,Soporte,5,False,Abandonada,False,2
913,136,2025-01-05 13:01:22,Facebook,Seguimiento,Ventas,4,False,Finalizada,False,4
914,706,2025-04-16 16:34:56,Facebook,Reclamo,Ventas,10,False,Finalizada,False,4
915,1410,2025-08-15 19:50:59,Facebook,Reclamo,Postventa,11,False,Finalizada,True,4
916,609,2025-04-13 08:46:21,WhatsApp,Soporte técnico,Soporte,17,False,Finalizada,True,4
917,793,2025-05-16 04:54:04,Web,Reclamo,Soporte,12,False,Finalizada,True,5
918,1461,2025-06-15 10:06:52,Web,Soporte técnico,Atención al Cliente,11,False,Finalizada,True,5
919,294,2025-02-23 19:59:59,Instagram,Cancelar servicio,Ventas,3,False,Finalizada,False,3
920,184,2025-01-02 04:48:24,Facebook,Cancelar servicio,Atención Comercial,3,False,Finalizada,False,4
921,687,2025-02-14 18:48:14,Web,Cancelar servicio,Soporte,4,False,Abandonada,False,2
922,528,2025-08-17 09:45:20,Telegram,Cancelar servicio,Atención al Cliente,3,False,Finalizada,False,3
923,1821,2025-01-20 20:00:17,Telegram,Cancelar servicio,Soporte,4,False,Finalizada,False,4
924,1816,2025-06-08 08:42:11,Web,Reclamo,Atención Comercial,10,False,Finalizada,False,4
925,1913,2025-11-01 19:23:05,Facebook,Cancelar servicio,Soporte,2,True,Abandonada,False,1
926,1022,2025-05-03 03:43:48,Web,Reclamo,Soporte,10,False,Abandonada,False,1
927,1759,2025-01-14 12:58:12,Web,Consultar precios,Soporte,5,False,Abandonada,False,1
928,1312,2025-03-09 05:54:00,WhatsApp,Agendar servicio,Atención al Cliente,7,False,Finalizada,True,4
929,267,2025-09-19 19:48:15,WhatsApp,Solicitar información,Atención al Cliente,4,False,Finalizada,False,4
930,1393,2025-08-26 20:03:46,WhatsApp,Cancelar servicio,Soporte,2,False,Abandonada,False,1
931,1554,2025-07-08 18:35:55,WhatsApp,Solicitar información,Atención al Cliente,4,False,Finalizada,True,5
932,836,2025-10-31 20:34:48,WhatsApp,Solicitar información,Atención al Cliente,6,False,Finalizada,False,4
933,556,2025-04-27 11:29:04,Facebook,Reclamo,Ventas,15,False,Finalizada,True,4
934,91,2025-03-25 13:44:41,Facebook,Agendar servicio,Atención al Cliente,7,False,Finalizada,True,4
935,1936,2025-02-25 13:00:42,Instagram,Soporte técnico,Ventas,18,True,Finalizada,False,2
936,1906,2025-08-18 13:36:37,WhatsApp,Agendar servicio,Ventas,8,False,Finalizada,False,4
937,15,2025-04-12 13:54:06,WhatsApp,Soporte técnico,Atención Comercial,12,True,Finalizada,False,1
938,1372,2025-01-28 18:28:15,WhatsApp,Cancelar servicio,Soporte,4,False,Finalizada,True,5
939,504,2025-11-27 20:08:05,Web,Seguimiento,Atención al Cliente,7,False,Abandonada,False,1
940,459,2025-12-08 20:19:33,WhatsApp,Reclamo,Ventas,15,False,Finalizada,True,5
941,259,2025-04-16 19:26:54,WhatsApp,Consultar precios,Ventas,4,False,Abandonada,False,2
942,1031,2025-09-16 19:28:07,Instagram,Soporte técnico,Postventa,13,False,Finalizada,False,5
943,259,2025-08-11 13:46:31,Facebook,Seguimiento,Soporte,4,False,Finalizada,False,3
944,1871,2025-07-19 02:38:21,WhatsApp,Agendar servicio,Postventa,7,False,Finalizada,False,3
945,179,2025-05-04 10:18:56,WhatsApp,Agendar servicio,Postventa,7,False,Abandonada,False,2
946,825,2025-02-03 12:03:50,WhatsApp,Cancelar servicio,Atención al Cliente,2,False,Abandonada,False,1
947,1524,2025-10-26 01:30:19,Web,Agendar servicio,Atención Comercial,8,False,Abandonada,False,1
948,1124,2025-01-18 10:03:09,Telegram,Reclamo,Atención Comercial,14,True,Finalizada,False,2
949,1793,2025-03-02 12:29:57,WhatsApp,Agendar servicio,Postventa,5,False,Finalizada,True,5
950,1373,2025-05-25 19:10:11,WhatsApp,Soporte técnico,Atención al Cliente,17,True,Finalizada,False,1
951,1786,2025-03-08 05:21:26,Web,Solicitar información,Atención al Cliente,6,False,Finalizada,False,4
952,599,2025-10-09 18:55:56,Instagram,Seguimiento,Atención al Cliente,5,False,Finalizada,False,5
953,957,2025-06-16 19:57:56,Web,Seguimiento,Atención al Cliente,4,False,Finalizada,True,5
954,498,2025-03-25 11:05:18,Facebook,Cancelar servicio,Postventa,4,False,Finalizada,False,5
955,1298,2025-10-03 11:18:35,WhatsApp,Reclamo,Atención al Cliente,11,False,Finalizada,False,4
956,1444,2025-04-24 18:33:30,Facebook,Solicitar información,Atención al Cliente,4,True,Finalizada,False,3
957,32,2025-11-22 12:19:16,Web,Consultar precios,Postventa,4,False,Finalizada,True,5
958,143,2025-05-24 09:55:05,Instagram,Solicitar información,Soporte,4,False,Finalizada,False,5
959,1441,2025-06-18 11:48:30,WhatsApp,Agendar servicio,Atención Comercial,8,False,Finalizada,False,3
960,1772,2025-02-14 12:20:14,WhatsApp,Seguimiento,Ventas,6,False,Finalizada,False,4
961,1509,2025-09-28 13:21:08,WhatsApp,Consultar precios,Atención Comercial,4,True,Abandonada,False,1
962,924,2025-01-25 12:06:30,Telegram,Reclamo,Ventas,15,False,Finalizada,False,4
963,1611,2025-09-27 09:47:58,Web,Reclamo,Atención al Cliente,8,False,Finalizada,True,4
964,1920,2025-10-09 13:49:08,WhatsApp,Soporte técnico,Atención al Cliente,16,False,Finalizada,False,4
965,101,2025-11-12 19:37:13,Instagram,Reclamo,Ventas,10,False,Finalizada,False,3
966,248,2025-08-19 15:03:18,Web,Soporte técnico,Postventa,18,False,Finalizada,False,4
967,1216,2025-06-07 17:00:20,WhatsApp,Consultar precios,Postventa,5,False,Finalizada,True,5
968,702,2025-12-15 18:07:32,Facebook,Reclamo,Ventas,14,False,Finalizada,False,3
969,1563,2025-09-20 19:06:13,Web,Seguimiento,Postventa,7,False,Finalizada,True,5
970,859,2025-03-07 19:41:28,Instagram,Soporte técnico,Ventas,11,True,Finalizada,True,2
971,260,2025-10-11 04:42:28,WhatsApp,Soporte técnico,Soporte,11,False,Finalizada,False,3
972,1463,2025-01-22 20:44:54,WhatsApp,Agendar servicio,Soporte,6,False,Finalizada,True,4
973,906,2025-06-22 19:25:04,Facebook,Solicitar información,Ventas,4,False,Finalizada,False,4
974,1957,2025-07-12 12:03:58,Telegram,Reclamo,Postventa,8,True,Finalizada,False,3
975,25,2025-12-15 19:59:24,WhatsApp,Solicitar información,Atención Comercial,6,False,Abandonada,False,1
976,414,2025-04-02 18:32:36,Telegram,Consultar precios,Postventa,5,False,Finalizada,False,5
977,1982,2025-04-05 13:06:24,Facebook,Seguimiento,Atención Comercial,7,False,Finalizada,True,5
978,1017,2025-09-12 19:37:15,Facebook,Cancelar servicio,Soporte,2,True,Finalizada,True,2
979,399,2025-11-04 04:40:39,WhatsApp,Seguimiento,Ventas,6,True,Abandonada,False,1
980,455,2025-06-28 13:28:53,Telegram,Reclamo,Postventa,10,False,Finalizada,False,4
981,757,2025-12-08 00:06:38,Instagram,Cancelar servicio,Ventas,2,False,Finalizada,False,5
982,246,2025-11-14 19:16:05,Web,Reclamo,Postventa,8,False,Finalizada,True,4
983,1247,2025-02-13 16:20:46,Telegram,Solicitar información,Ventas,5,False,Finalizada,False,5
984,774,2025-08-20 18:36:03,WhatsApp,Reclamo,Postventa,13,False,Finalizada,False,5
985,1810,2025-07-26 15:59:23,WhatsApp,Consultar precios,Atención Comercial,4,False,Abandonada,False,1
986,71,2025-01-06 01:56:27,Facebook,Seguimiento,Postventa,5,False,Finalizada,False,4
987,1934,2025-11-22 18:19:12,Instagram,Solicitar información,Atención Comercial,5,False,Finalizada,False,4
988,1298,2025-05-07 20:15:08,Instagram,Solicitar información,Atención al Cliente,4,False,Finalizada,False,4
989,1341,2025-05-08 12:10:24,Facebook,Consultar precios,Postventa,5,False,Finalizada,False,4
990,602,2025-08-30 20:41:50,WhatsApp,Consultar precios,Atención al Cliente,5,False,Finalizada,False,4
991,467,2025-06-17 13:06:12,Instagram,Agendar servicio,Ventas,8,False,Finalizada,False,3
992,1239,2025-05-02 11:22:30,WhatsApp,Consultar precios,Ventas,4,False,Finalizada,True,4
993,127,2025-09-14 00:49:08,Web,Agendar servicio,Ventas,5,False,Finalizada,False,5
994,28,2025-03-12 08:26:07,Web,Agendar servicio,Atención Comercial,7,False,Abandonada,False,2
995,560,2025-09-02 10:26:11,WhatsApp,Seguimiento,Postventa,4,False,Abandonada,False,1
996,444,2025-12-28 13:15:23,Web,Soporte técnico,Atención Comercial,16,False,Finalizada,True,5
997,1291,2025-01-27 11:11:38,WhatsApp,Cancelar servicio,Atención Comercial,4,False,Abandonada,False,1
998,1759,2025-06-20 02:25:33,WhatsApp,Seguimiento,Ventas,6,False,Finalizada,False,5
999,1706,2025-06-24 01:00:05,Web,Soporte técnico,Atención al Cliente,13,True,Finalizada,True,2
1000,60,2025-10-27 18:47:00,Instagram,Consultar precios,Atención al Cliente,4,False,Finalizada,True,5
1001,1068,2025-03-25 13:27:11,Telegram,Soporte técnico,Atención al Cliente,17,True,Finalizada,False,3
1002,1103,2025-11-21 20:22:16,Telegram,Solicitar información,Atención Comercial,5,False,Abandonada,False,1
1003,183,2025-03-01 00:08:08,Web,Seguimiento,Atención al Cliente,4,False,Finalizada,True,5
1004,907,2025-08-11 03:54:26,WhatsApp,Reclamo,Postventa,13,False,Finalizada,False,3
1005,7,2025-09-16 11:48:02,WhatsApp,Agendar servicio,Atención al Cliente,7,True,Finalizada,True,2
1006,1554,2025-10-20 12:10:31,WhatsApp,Soporte técnico,Atención al Cliente,10,True,Abandonada,False,1
1007,1070,2025-07-17 08:30:08,Instagram,Cancelar servicio,Atención al Cliente,2,True,Finalizada,False,2
1008,94,2025-12-09 12:06:44,Facebook,Reclamo,Soporte,15,True,Finalizada,False,2
1009,141,2025-08-30 20:00:18,Web,Agendar servicio,Atención al Cliente,6,False,Finalizada,True,5
1010,967,2025-07-16 09:00:46,WhatsApp,Solicitar información,Atención Comercial,5,False,Finalizada,True,5
1011,839,2025-12-16 13:41:24,Telegram,Solicitar información,Postventa,4,False,Abandonada,False,1
1012,1899,2025-06-15 18:35:33,Web,Reclamo,Atención al Cliente,13,False,Finalizada,False,3
1013,1589,2025-11-03 12:26:39,Web,Solicitar información,Ventas,6,False,Finalizada,False,5
1014,1880,2025-12-09 20:21:59,Instagram,Seguimiento,Ventas,4,False,Finalizada,False,3
1015,1315,2025-11-13 02:50:51,WhatsApp,Seguimiento,Soporte,7,False,Finalizada,False,4
1016,431,2025-01-05 13:03:33,Web,Seguimiento,Atención al Cliente,6,False,Finalizada,True,5
1017,630,2025-06-06 19:47:12,Facebook,Solicitar información,Soporte,4,False,Finalizada,False,5
1018,346,2025-07-27 15:48:55,WhatsApp,Consultar precios,Postventa,5,False,Finalizada,False,5
1019,738,2025-07-30 18:30:51,Telegram,Soporte técnico,Atención al Cliente,15,False,Finalizada,False,4
1020,1704,2025-07-05 13:45:46,WhatsApp,Solicitar información,Atención al Cliente,5,False,Finalizada,True,4
1021,1506,2025-04-25 17:21:25,Facebook,Solicitar información,Atención Comercial,4,False,Finalizada,False,4
1022,247,2025-09-29 19:54:37,WhatsApp,Reclamo,Soporte,8,False,Finalizada,True,5
1023,1286,2025-06-28 11:27:51,WhatsApp,Seguimiento,Postventa,7,False,Abandonada,False,1
1024,378,2025-12-12 20:02:33,Facebook,Consultar precios,Postventa,4,False,Finalizada,False,4
1025,557,2025-08-13 12:11:16,Instagram,Cancelar servicio,Ventas,3,False,Abandonada,False,1
1026,1687,2025-09-02 09:49:33,Facebook,Solicitar información,Atención Comercial,6,False,Finalizada,False,5
1027,64,2025-01-22 20:11:45,Facebook,Agendar servicio,Ventas,6,False,Finalizada,False,5
1028,322,2025-10-23 13:32:21,Web,Solicitar información,Ventas,6,False,Finalizada,False,3
1029,111,2025-04-28 09:37:03,Web,Reclamo,Ventas,8,False,Finalizada,True,5
1030,44,2025-03-15 15:52:33,Facebook,Agendar servicio,Atención al Cliente,5,True,Finalizada,False,1
1031,966,2025-11-06 13:38:58,Facebook,Consultar precios,Atención Comercial,5,False,Finalizada,False,4
1032,1981,2025-09-08 13:28:27,Web,Seguimiento,Atención al Cliente,5,False,Abandonada,False,2
1033,1156,2025-02-06 02:36:42,WhatsApp,Soporte técnico,Postventa,15,False,Abandonada,False,1
1034,1483,2025-01-21 20:43:14,Instagram,Soporte técnico,Ventas,10,True,Abandonada,False,1
1035,1114,2025-03-19 20:17:34,WhatsApp,Cancelar servicio,Soporte,4,False,Finalizada,True,5
1036,734,2025-12-21 12:55:13,Facebook,Consultar precios,Postventa,4,False,Finalizada,False,4
1037,1204,2025-10-14 04:39:03,Telegram,Soporte técnico,Atención al Cliente,10,False,Finalizada,False,4
1038,1804,2025-04-22 03:38:58,Web,Reclamo,Soporte,11,True,Finalizada,True,2
1039,1601,2025-12-06 10:15:48,WhatsApp,Reclamo,Postventa,8,False,Abandonada,False,2
1040,1500,2025-09-18 08:59:51,Instagram,Soporte técnico,Soporte,15,True,Finalizada,False,2
1041,1100,2025-08-16 13:18:57,Web,Solicitar información,Atención al Cliente,6,False,Finalizada,True,5
1042,568,2025-06-06 05:38:21,Web,Consultar precios,Soporte,3,False,Finalizada,False,4
1043,1321,2025-04-16 18:19:37,WhatsApp,Soporte técnico,Atención al Cliente,16,True,Finalizada,True,2
1044,663,2025-04-13 09:00:27,Web,Reclamo,Atención Comercial,14,False,Finalizada,True,5
1045,93,2025-08-30 00:58:56,Instagram,Cancelar servicio,Ventas,3,False,Abandonada,False,2
1046,556,2025-07-31 19:26:44,Web,Reclamo,Atención Comercial,12,False,Finalizada,True,5
1047,1414,2025-01-07 19:02:08,Web,Solicitar información,Ventas,6,False,Finalizada,True,5
1048,145,2025-02-07 19:24:49,WhatsApp,Solicitar información,Atención Comercial,6,False,Abandonada,False,1
1049,421,2025-08-03 17:54:24,Facebook,Reclamo,Soporte,10,False,Abandonada,False,2
1050,1792,2025-08-28 20:22:02,Facebook,Consultar precios,Soporte,5,False,Finalizada,False,4
1051,303,2025-11-20 12:03:14,WhatsApp,Agendar servicio,Atención al Cliente,6,False,Finalizada,False,3
1052,472,2025-02-02 18:44:37,Facebook,Consultar precios,Ventas,5,False,Finalizada,True,4
1053,600,2025-09-29 12:19:23,WhatsApp,Consultar precios,Soporte,3,False,Abandonada,False,1
1054,1421,2025-04-25 08:44:33,Web,Consultar precios,Atención al Cliente,3,False,Finalizada,False,4
1055,631,2025-11-08 11:19:44,WhatsApp,Reclamo,Soporte,14,False,Finalizada,False,4
1056,1967,2025-08-11 09:44:50,WhatsApp,Consultar precios,Ventas,5,True,Finalizada,False,2
1057,1368,2025-02-06 13:58:20,WhatsApp,Reclamo,Soporte,14,True,Finalizada,True,2
1058,1773,2025-12-25 16:15:07,Telegram,Consultar precios,Atención al Cliente,5,False,Abandonada,False,1
1059,92,2025-10-10 13:23:19,Web,Consultar precios,Soporte,5,False,Finalizada,False,3
1060,955,2025-10-28 20:48:42,WhatsApp,Reclamo,Ventas,11,True,Finalizada,True,2
1061,1221,2025-09-23 19:13:56,Web,Reclamo,Postventa,13,False,Finalizada,True,5
1062,704,2025-01-04 15:49:53,WhatsApp,Consultar precios,Atención Comercial,4,False,Finalizada,False,5
1063,1707,2025-09-23 20:23:41,WhatsApp,Reclamo,Soporte,14,False,Finalizada,True,4
1064,603,2025-01-29 11:49:39,Facebook,Solicitar información,Postventa,5,False,Finalizada,False,3
1065,6,2025-08-18 20:57:05,WhatsApp,Consultar precios,Atención al Cliente,3,True,Finalizada,True,3
1066,1815,2025-04-15 19:18:01,WhatsApp,Agendar servicio,Atención Comercial,6,False,Finalizada,True,4
1067,1138,2025-03-16 16:11:51,Web,Seguimiento,Atención al Cliente,4,False,Finalizada,True,4
1068,1046,2025-09-04 18:14:38,Web,Seguimiento,Soporte,4,True,Finalizada,False,2
1069,601,2025-03-27 16:34:44,WhatsApp,Cancelar servicio,Atención Comercial,2,False,Finalizada,False,3
1070,1367,2025-05-09 18:27:58,Facebook,Soporte técnico,Atención al Cliente,15,True,Finalizada,False,2
1071,869,2025-04-02 13:24:19,Facebook,Reclamo,Atención al Cliente,12,False,Finalizada,False,4
1072,120,2025-11-07 13:16:19,Instagram,Solicitar información,Postventa,6,False,Abandonada,False,1
1073,447,2025-09-04 04:22:24,Facebook,Agendar servicio,Soporte,6,False,Finalizada,False,4
1074,1751,2025-08-02 18:19:19,Facebook,Solicitar información,Ventas,6,False,Finalizada,False,4
1075,316,2025-01-14 19:50:01,WhatsApp,Cancelar servicio,Atención al Cliente,2,False,Abandonada,False,2
1076,667,2025-11-07 12:21:03,Telegram,Soporte técnico,Atención al Cliente,17,False,Abandonada,False,2
1077,1061,2025-02-02 04:41:38,Telegram,Cancelar servicio,Atención al Cliente,4,True,Finalizada,False,1
1078,1631,2025-05-02 20:03:15,WhatsApp,Consultar precios,Atención Comercial,3,False,Finalizada,False,3
1079,610,2025-12-23 15:16:23,WhatsApp,Reclamo,Atención Comercial,14,False,Abandonada,False,1
1080,1079,2025-10-26 19:19:03,WhatsApp,Seguimiento,Postventa,4,True,Finalizada,True,1
1081,1573,2025-01-23 12:56:25,Web,Reclamo,Ventas,11,True,Finalizada,True,2
1082,318,2025-03-01 11:05:37,WhatsApp,Consultar precios,Atención al Cliente,4,False,Abandonada,False,1
1083,734,2025-08-19 16:06:47,Web,Seguimiento,Soporte,6,False,Finalizada,True,4
1084,38,2025-06-24 15:46:44,Facebook,Agendar servicio,Soporte,7,False,Finalizada,False,3
1085,737,2025-06-12 18:25:10,Facebook,Solicitar información,Postventa,6,True,Finalizada,False,2
1086,661,2025-06-30 12:26:05,Facebook,Solicitar información,Soporte,6,False,Finalizada,True,5
1087,1805,2025-01-07 12:39:28,WhatsApp,Seguimiento,Postventa,7,False,Finalizada,False,5
1088,1071,2025-03-21 20:12:19,Facebook,Seguimiento,Atención Comercial,4,False,Finalizada,False,3
1089,1121,2025-08-29 10:49:35,Web,Cancelar servicio,Postventa,4,False,Finalizada,True,4
1090,967,2025-10-26 08:30:00,Instagram,Soporte técnico,Postventa,17,True,Finalizada,False,2
1091,532,2025-09-07 13:05:38,WhatsApp,Solicitar información,Postventa,5,False,Finalizada,True,5
1092,1159,2025-02-02 03:26:51,WhatsApp,Solicitar información,Atención Comercial,6,True,Finalizada,True,3
1093,1954,2025-06-21 12:51:54,WhatsApp,Cancelar servicio,Atención Comercial,2,False,Finalizada,False,5
1094,1205,2025-03-05 20:46:44,WhatsApp,Reclamo,Atención Comercial,11,False,Abandonada,False,1
1095,1506,2025-05-12 18:07:40,Telegram,Solicitar información,Atención Comercial,5,False,Finalizada,False,3
1096,54,2025-07-08 20:20:20,Web,Reclamo,Ventas,13,False,Abandonada,False,2
1097,1236,2025-03-24 18:42:28,Web,Agendar servicio,Soporte,5,False,Finalizada,False,4
1098,350,2025-01-10 13:09:15,WhatsApp,Seguimiento,Postventa,5,False,Finalizada,False,3
1099,822,2025-01-01 18:01:38,WhatsApp,Agendar servicio,Postventa,8,True,Finalizada,True,2
1100,1483,2025-02-15 13:00:00,Facebook,Seguimiento,Atención al Cliente,7,False,Finalizada,False,4
1101,6,2025-08-16 18:23:37,Facebook,Soporte técnico,Atención al Cliente,12,False,Abandonada,False,2
1102,413,2025-08-16 11:43:52,Facebook,Seguimiento,Postventa,5,False,Finalizada,True,5
1103,1116,2025-07-28 19:23:32,WhatsApp,Agendar servicio,Atención Comercial,7,False,Abandonada,False,1
1104,1871,2025-12-01 04:01:05,WhatsApp,Consultar precios,Atención Comercial,3,False,Finalizada,False,4
1105,632,2025-07-14 18:32:58,WhatsApp,Soporte técnico,Atención al Cliente,14,True,Finalizada,False,1
1106,1114,2025-07-15 20:14:19,Web,Reclamo,Ventas,13,False,Finalizada,False,3
1107,579,2025-09-29 08:38:25,Instagram,Reclamo,Atención Comercial,11,False,Finalizada,False,4
1108,1165,2025-02-21 00:26:12,Instagram,Agendar servicio,Soporte,7,False,Finalizada,True,5
1109,478,2025-01-08 20:18:19,Instagram,Consultar precios,Ventas,4,False,Finalizada,False,3
1110,1818,2025-10-22 13:51:20,Web,Soporte técnico,Ventas,14,False,Finalizada,False,3
1111,1874,2025-11-27 13:30:10,Web,Seguimiento,Atención Comercial,4,False,Finalizada,True,5
1112,1305,2025-08-20 01:24:12,WhatsApp,Cancelar servicio,Atención al Cliente,3,False,Finalizada,False,5
1113,1420,2025-03-21 16:05:49,WhatsApp,Soporte técnico,Atención Comercial,12,True,Abandonada,False,1
1114,930,2025-09-01 15:02:25,Instagram,Seguimiento,Soporte,7,False,Finalizada,False,4
1115,1947,2025-02-21 12:56:21,Facebook,Seguimiento,Postventa,5,False,Finalizada,False,3
1116,1366,2025-10-31 18:26:49,WhatsApp,Solicitar información,Atención Comercial,4,False,Finalizada,True,4
1117,658,2025-10-04 18:43:40,Web,Reclamo,Atención al Cliente,15,True,Abandonada,False,2
1118,184,2025-09-27 12:18:34,WhatsApp,Reclamo,Atención Comercial,9,False,Finalizada,False,4
1119,1575,2025-06-29 12:30:00,Web,Agendar servicio,Soporte,5,False,Abandonada,False,1
1120,194,2025-02-06 10:00:25,Facebook,Solicitar información,Ventas,4,False,Finalizada,False,4
1121,1427,2025-09-18 01:11:54,WhatsApp,Solicitar información,Soporte,4,False,Finalizada,False,3
1122,405,2025-04-04 19:12:25,Web,Solicitar información,Soporte,5,False,Finalizada,False,4
1123,1795,2025-09-18 01:20:59,Facebook,Consultar precios,Soporte,4,False,Finalizada,False,4
1124,379,2025-10-27 12:59:29,Facebook,Solicitar información,Atención Comercial,4,False,Finalizada,False,3
1125,659,2025-05-05 13:31:41,Web,Soporte técnico,Soporte,13,True,Finalizada,False,3
1126,225,2025-09-14 04:52:05,Web,Cancelar servicio,Atención Comercial,4,False,Finalizada,False,5
1127,1368,2025-06-17 11:54:33,WhatsApp,Cancelar servicio,Postventa,3,False,Finalizada,True,4
1128,1276,2025-03-21 18:47:44,Facebook,Consultar precios,Postventa,4,False,Finalizada,False,4
1129,1117,2025-08-18 03:00:53,WhatsApp,Cancelar servicio,Atención Comercial,3,False,Finalizada,True,4
1130,432,2025-09-23 20:38:08,WhatsApp,Consultar precios,Ventas,5,False,Finalizada,False,3
1131,416,2025-05-23 20:09:03,Web,Consultar precios,Soporte,5,False,Finalizada,False,3
1132,262,2025-09-16 13:55:33,Web,Agendar servicio,Atención al Cliente,8,False,Abandonada,False,1
1133,1349,2025-09-20 20:07:19,WhatsApp,Solicitar información,Ventas,4,False,Finalizada,True,4
1134,1213,2025-03-05 12:51:28,Web,Soporte técnico,Atención al Cliente,12,True,Finalizada,True,2
1135,839,2025-02-13 13:22:37,WhatsApp,Reclamo,Atención al Cliente,10,False,Finalizada,True,4
1136,1184,2025-05-21 13:05:59,WhatsApp,Cancelar servicio,Ventas,4,False,Finalizada,False,3
1137,174,2025-07-02 01:07:22,Instagram,Reclamo,Atención Comercial,12,False,Finalizada,False,3
1138,935,2025-02-09 18:47:13,Facebook,Soporte técnico,Ventas,15,False,Finalizada,False,3
1139,324,2025-09-11 13:39:17,WhatsApp,Agendar servicio,Postventa,6,False,Finalizada,False,4
1140,942,2025-06-09 09:11:15,WhatsApp,Cancelar servicio,Ventas,4,True,Abandonada,False,1
1141,1262,2025-05-20 18:40:18,WhatsApp,Soporte técnico,Atención al Cliente,17,False,Abandonada,False,1
1142,387,2025-06-25 12:37:14,Web,Consultar precios,Atención al Cliente,4,False,Finalizada,False,3
1143,1912,2025-07-16 20:47:20,WhatsApp,Consultar precios,Atención Comercial,5,False,Finalizada,True,5
1144,1111,2025-09-23 10:21:33,Facebook,Agendar servicio,Atención Comercial,8,False,Finalizada,False,5
1145,919,2025-10-25 13:00:20,WhatsApp,Seguimiento,Atención Comercial,4,False,Finalizada,True,5
1146,713,2025-06-13 17:59:34,WhatsApp,Reclamo,Atención Comercial,15,False,Finalizada,False,5
1147,677,2025-01-24 16:17:48,Instagram,Seguimiento,Soporte,4,False,Finalizada,False,4
1148,594,2025-01-30 19:58:12,WhatsApp,Consultar precios,Soporte,4,False,Finalizada,True,4
1149,1116,2025-10-08 12:21:14,Web,Agendar servicio,Ventas,8,False,Finalizada,True,4
1150,1398,2025-03-23 13:14:25,WhatsApp,Consultar precios,Ventas,3,False,Finalizada,False,4
1151,1986,2025-08-27 13:43:07,Instagram,Agendar servicio,Atención Comercial,8,False,Finalizada,True,4
1152,934,2025-03-31 13:08:38,Web,Reclamo,Ventas,12,True,Finalizada,False,2
1153,1158,2025-05-09 18:46:37,Web,Soporte técnico,Ventas,17,True,Finalizada,False,3
1154,643,2025-11-05 00:11:37,WhatsApp,Cancelar servicio,Atención al Cliente,4,False,Finalizada,False,4
1155,315,2025-11-05 12:56:28,WhatsApp,Seguimiento,Postventa,6,False,Finalizada,False,4
1156,40,2025-04-14 18:38:05,Facebook,Seguimiento,Atención Comercial,6,False,Finalizada,True,5
1157,1984,2025-11-28 08:55:15,WhatsApp,Solicitar información,Atención al Cliente,4,False,Finalizada,False,3
1158,348,2025-04-01 16:44:51,WhatsApp,Solicitar información,Ventas,4,False,Finalizada,True,4
1159,329,2025-10-30 12:18:50,WhatsApp,Soporte técnico,Postventa,13,False,Finalizada,True,5
1160,684,2025-05-15 18:51:13,Web,Seguimiento,Ventas,7,False,Finalizada,False,5
1161,1382,2025-09-06 01:57:01,Web,Solicitar información,Ventas,6,False,Finalizada,False,3
1162,308,2025-02-25 01:22:59,Facebook,Reclamo,Soporte,14,False,Abandonada,False,1
1163,1313,2025-04-28 20:56:13,WhatsApp,Soporte técnico,Ventas,16,False,Abandonada,False,2
1164,1864,2025-07-04 13:52:51,Facebook,Solicitar información,Atención al Cliente,5,False,Finalizada,True,5
1165,1730,2025-03-06 12:03:47,Facebook,Seguimiento,Ventas,5,False,Abandonada,False,1
1166,1966,2025-07-17 18:04:53,Facebook,Seguimiento,Soporte,4,False,Finalizada,True,4
1167,736,2025-05-31 20:02:25,WhatsApp,Solicitar información,Atención Comercial,5,False,Finalizada,True,5
1168,82,2025-03-01 20:32:39,WhatsApp,Reclamo,Atención al Cliente,9,False,Abandonada,False,1
1169,1692,2025-01-03 04:43:18,WhatsApp,Reclamo,Postventa,8,True,Finalizada,True,1
1170,407,2025-10-28 19:56:43,Instagram,Cancelar servicio,Postventa,2,False,Finalizada,True,5
1171,116,2025-10-26 12:39:53,Web,Reclamo,Atención al Cliente,11,False,Finalizada,False,5
1172,578,2025-11-14 15:22:39,WhatsApp,Agendar servicio,Ventas,5,False,Finalizada,False,3
1173,1006,2025-09-27 13:12:09,Facebook,Agendar servicio,Ventas,8,False,Finalizada,False,3
1174,924,2025-11-04 19:11:40,Facebook,Consultar precios,Soporte,5,False,Finalizada,False,3
1175,231,2025-12-14 09:58:12,WhatsApp,Reclamo,Atención al Cliente,14,False,Finalizada,False,3
1176,1622,2025-01-06 20:29:34,Web,Agendar servicio,Atención Comercial,7,True,Abandonada,False,1
1177,1514,2025-09-26 11:41:20,Web,Agendar servicio,Postventa,7,False,Finalizada,False,4
1178,1369,2025-04-21 10:26:44,Web,Agendar servicio,Soporte,7,False,Abandonada,False,2
1179,1269,2025-06-22 19:02:03,WhatsApp,Soporte técnico,Atención al Cliente,12,False,Finalizada,False,3
1180,298,2025-07-27 13:04:23,Instagram,Solicitar información,Atención al Cliente,6,False,Finalizada,False,4
1181,1597,2025-08-29 20:42:16,WhatsApp,Solicitar información,Ventas,5,False,Finalizada,False,4
1182,1963,2025-08-26 13:05:27,Facebook,Reclamo,Ventas,9,False,Abandonada,False,1
1183,511,2025-12-10 18:36:16,Facebook,Agendar servicio,Postventa,8,True,Finalizada,True,1
1184,1036,2025-01-09 05:48:49,Web,Soporte técnico,Atención al Cliente,10,False,Abandonada,False,2
1185,595,2025-04-14 19:26:36,Web,Solicitar información,Postventa,5,True,Finalizada,False,1
1186,657,2025-09-17 15:03:54,Facebook,Agendar servicio,Postventa,6,False,Finalizada,False,5
1187,116,2025-11-15 18:00:01,WhatsApp,Agendar servicio,Soporte,7,False,Finalizada,True,5
1188,646,2025-02-11 19:53:04,WhatsApp,Consultar precios,Soporte,3,False,Finalizada,True,4
1189,955,2025-03-26 13:14:39,WhatsApp,Solicitar información,Soporte,5,False,Finalizada,False,4
1190,731,2025-12-29 03:47:18,WhatsApp,Soporte técnico,Ventas,11,False,Abandonada,False,2
1191,357,2025-06-11 01:28:51,Facebook,Solicitar información,Atención al Cliente,4,False,Finalizada,False,4
1192,255,2025-05-10 18:29:25,WhatsApp,Seguimiento,Atención al Cliente,7,False,Finalizada,True,5
1193,1900,2025-04-06 11:02:54,WhatsApp,Agendar servicio,Atención Comercial,8,False,Finalizada,True,5
1194,1013,2025-10-09 18:09:27,WhatsApp,Seguimiento,Postventa,4,False,Abandonada,False,1
1195,40,2025-01-01 19:36:50,WhatsApp,Solicitar información,Soporte,5,False,Finalizada,False,3
1196,1725,2025-11-27 08:26:00,WhatsApp,Soporte técnico,Atención al Cliente,18,False,Finalizada,False,5
1197,138,2025-04-30 12:16:41,Facebook,Soporte técnico,Atención al Cliente,14,False,Abandonada,False,1
1198,1600,2025-11-25 13:50:50,WhatsApp,Consultar precios,Postventa,4,False,Finalizada,False,3
1199,1546,2025-06-29 12:17:04,Instagram,Solicitar información,Soporte,4,False,Abandonada,False,2
1200,231,2025-06-15 18:06:23,Web,Cancelar servicio,Atención Comercial,2,False,Finalizada,True,5
1201,1584,2025-04-25 13:52:13,WhatsApp,Soporte técnico,Soporte,15,False,Finalizada,False,4
1202,69,2025-01-02 16:52:20,WhatsApp,Agendar servicio,Soporte,8,False,Finalizada,False,3
1203,200,2025-12-17 20:59:53,Telegram,Consultar precios,Soporte,5,False,Finalizada,False,3
1204,916,2025-03-31 17:40:20,WhatsApp,Cancelar servicio,Atención al Cliente,4,False,Finalizada,False,5
1205,1890,2025-02-18 12:50:50,WhatsApp,Solicitar información,Postventa,4,False,Finalizada,False,3
1206,373,2025-08-06 19:26:02,Web,Solicitar información,Ventas,5,False,Finalizada,True,5
1207,90,2025-02-16 20:28:05,Instagram,Cancelar servicio,Ventas,4,False,Finalizada,False,3
1208,648,2025-05-16 20:27:46,WhatsApp,Soporte técnico,Ventas,12,True,Finalizada,True,2
1209,1236,2025-05-22 20:02:30,Facebook,Reclamo,Postventa,12,False,Finalizada,False,3
1210,248,2025-05-18 16:42:47,Facebook,Reclamo,Postventa,11,False,Finalizada,False,3
1211,1843,2025-08-05 20:19:54,Telegram,Soporte técnico,Atención al Cliente,18,True,Finalizada,False,1
1212,1514,2025-03-11 19:49:00,WhatsApp,Soporte técnico,Postventa,16,True,Finalizada,False,2
1213,835,2025-06-27 20:37:31,Web,Solicitar información,Ventas,5,False,Abandonada,False,2
1214,909,2025-04-18 18:22:40,Facebook,Soporte técnico,Ventas,17,True,Finalizada,False,1
1215,1630,2025-10-22 18:48:05,Facebook,Cancelar servicio,Atención Comercial,2,False,Finalizada,False,3
1216,1050,2025-02-28 20:49:35,Instagram,Consultar precios,Atención Comercial,3,False,Abandonada,False,2
1217,52,2025-12-24 08:25:08,Facebook,Solicitar información,Ventas,4,False,Abandonada,False,2
1218,1099,2025-01-21 19:40:06,Facebook,Soporte técnico,Ventas,12,True,Finalizada,False,3
1219,486,2025-11-25 15:15:50,WhatsApp,Soporte técnico,Postventa,11,True,Finalizada,True,2
1220,779,2025-09-08 20:58:58,WhatsApp,Seguimiento,Postventa,6,False,Finalizada,True,5
1221,23,2025-06-17 00:37:06,WhatsApp,Cancelar servicio,Atención Comercial,4,False,Finalizada,True,5
1222,1836,2025-11-25 13:46:02,Web,Solicitar información,Atención Comercial,6,False,Finalizada,False,5
1223,1962,2025-03-10 20:10:59,Facebook,Soporte técnico,Atención Comercial,12,False,Abandonada,False,1
1224,120,2025-03-28 12:34:41,Telegram,Soporte técnico,Atención Comercial,14,False,Finalizada,False,4
1225,545,2025-03-25 17:46:19,WhatsApp,Solicitar información,Postventa,4,True,Finalizada,False,2
1226,1277,2025-12-03 18:07:39,Web,Agendar servicio,Atención Comercial,6,True,Finalizada,True,3
1227,667,2025-08-23 18:20:38,Web,Seguimiento,Atención al Cliente,7,False,Finalizada,True,5
1228,1644,2025-09-30 02:59:15,Web,Agendar servicio,Atención Comercial,5,False,Abandonada,False,1
1229,1609,2025-12-27 12:02:45,Facebook,Cancelar servicio,Ventas,4,False,Finalizada,True,5
1230,533,2025-11-23 13:43:08,Facebook,Reclamo,Ventas,12,False,Finalizada,False,3
1231,482,2025-04-18 10:58:43,Web,Reclamo,Atención al Cliente,13,False,Finalizada,True,5
1232,4,2025-01-15 08:12:54,Telegram,Seguimiento,Soporte,5,False,Finalizada,True,5
1233,1155,2025-06-10 09:12:06,Instagram,Soporte técnico,Soporte,15,True,Finalizada,False,1
1234,1863,2025-04-07 10:48:41,WhatsApp,Soporte técnico,Soporte,11,False,Finalizada,False,4
1235,861,2025-12-01 12:38:50,WhatsApp,Soporte técnico,Ventas,13,False,Finalizada,True,4
1236,927,2025-04-06 12:49:30,WhatsApp,Solicitar información,Atención al Cliente,6,True,Finalizada,False,3
1237,72,2025-02-09 13:48:09,WhatsApp,Solicitar información,Atención Comercial,4,False,Finalizada,True,5
1238,1,2025-01-04 15:27:27,WhatsApp,Seguimiento,Postventa,4,False,Abandonada,False,1
1239,774,2025-10-05 12:36:28,Web,Soporte técnico,Ventas,16,True,Finalizada,False,1
1240,449,2025-09-05 11:50:19,WhatsApp,Seguimiento,Atención al Cliente,4,False,Finalizada,False,4
1241,1296,2025-05-22 01:17:30,WhatsApp,Solicitar información,Atención al Cliente,5,False,Finalizada,True,5
1242,1299,2025-10-23 20:41:30,Facebook,Consultar precios,Atención al Cliente,5,False,Abandonada,False,1
1243,59,2025-03-12 18:47:06,Facebook,Seguimiento,Ventas,7,False,Finalizada,False,3
1244,718,2025-09-24 09:23:51,Facebook,Consultar precios,Postventa,3,False,Abandonada,False,1
1245,726,2025-03-13 12:49:43,Facebook,Soporte técnico,Atención Comercial,11,False,Finalizada,False,3
1246,1243,2025-08-27 13:41:50,WhatsApp,Cancelar servicio,Atención al Cliente,3,False,Finalizada,False,5
1247,996,2025-05-06 08:31:40,WhatsApp,Reclamo,Atención Comercial,14,False,Finalizada,False,3
1248,185,2025-04-04 08:06:24,Instagram,Agendar servicio,Atención al Cliente,5,False,Finalizada,False,3
1249,702,2025-09-05 12:56:53,WhatsApp,Consultar precios,Atención al Cliente,5,False,Finalizada,True,5
1250,774,2025-06-06 02:48:59,Web,Soporte técnico,Ventas,11,False,Finalizada,True,5
1251,1374,2025-08-17 13:09:46,Web,Reclamo,Soporte,15,False,Finalizada,True,5
1252,1880,2025-05-28 08:58:21,WhatsApp,Soporte técnico,Ventas,15,False,Finalizada,True,5
1253,1826,2025-04-16 16:23:48,Facebook,Seguimiento,Postventa,7,False,Finalizada,True,5
1254,1564,2025-08-09 12:57:39,Web,Cancelar servicio,Atención al Cliente,4,False,Finalizada,True,5
1255,940,2025-06-29 12:00:22,Web,Seguimiento,Ventas,7,False,Abandonada,False,2
1256,449,2025-09-08 19:30:09,WhatsApp,Seguimiento,Ventas,6,False,Finalizada,True,5
1257,545,2025-06-16 19:28:09,WhatsApp,Cancelar servicio,Postventa,4,False,Finalizada,False,5
1258,1677,2025-12-24 08:04:12,WhatsApp,Solicitar información,Soporte,5,False,Finalizada,False,4
1259,1735,2025-05-13 12:48:37,WhatsApp,Soporte técnico,Atención al Cliente,14,False,Abandonada,False,1
1260,769,2025-06-26 19:03:21,Web,Seguimiento,Atención Comercial,6,False,Finalizada,False,3
1261,807,2025-04-06 18:12:54,Telegram,Solicitar información,Atención Comercial,6,True,Finalizada,False,3
1262,723,2025-09-13 09:39:45,Facebook,Reclamo,Postventa,14,False,Finalizada,True,5
1263,1957,2025-10-18 18:08:32,WhatsApp,Solicitar información,Atención Comercial,4,False,Finalizada,True,4
1264,288,2025-01-06 04:45:17,WhatsApp,Cancelar servicio,Postventa,4,False,Abandonada,False,1
1265,578,2025-09-23 20:41:38,Web,Agendar servicio,Atención Comercial,6,False,Finalizada,True,5
1266,1249,2025-12-29 13:43:48,WhatsApp,Solicitar información,Soporte,5,False,Finalizada,False,4
1267,1706,2025-07-23 08:27:26,Instagram,Agendar servicio,Atención al Cliente,6,False,Finalizada,False,5
1268,1373,2025-10-29 13:56:52,WhatsApp,Agendar servicio,Postventa,6,False,Finalizada,False,5
1269,476,2025-07-20 13:49:21,Telegram,Reclamo,Postventa,9,False,Finalizada,False,4
1270,1910,2025-01-01 18:13:29,WhatsApp,Cancelar servicio,Ventas,4,False,Finalizada,True,4
1271,1858,2025-09-01 04:17:54,WhatsApp,Soporte técnico,Soporte,14,True,Finalizada,True,3
1272,51,2025-10-17 19:13:41,WhatsApp,Agendar servicio,Atención al Cliente,5,True,Finalizada,False,2
1273,288,2025-04-30 20:27:21,Web,Soporte técnico,Postventa,11,False,Finalizada,False,4
1274,295,2025-06-04 12:06:32,Web,Seguimiento,Postventa,5,False,Finalizada,True,5
1275,757,2025-06-21 20:54:32,Web,Soporte técnico,Ventas,17,False,Finalizada,False,4
1276,1781,2025-11-16 12:08:53,Web,Solicitar información,Soporte,5,False,Finalizada,True,5
1277,85,2025-02-04 00:57:54,WhatsApp,Reclamo,Soporte,9,False,Finalizada,False,3
1278,812,2025-10-18 18:07:00,WhatsApp,Solicitar información,Postventa,4,False,Abandonada,False,1
1279,214,2025-07-02 12:17:07,Facebook,Seguimiento,Postventa,4,False,Abandonada,False,1
1280,1079,2025-07-03 08:41:32,Web,Seguimiento,Atención Comercial,4,False,Finalizada,True,4
1281,1038,2025-10-06 11:26:06,Instagram,Consultar precios,Soporte,4,False,Finalizada,True,5
1282,1703,2025-10-01 10:58:41,WhatsApp,Cancelar servicio,Postventa,3,False,Abandonada,False,1
1283,1004,2025-08-06 17:26:52,Facebook,Agendar servicio,Ventas,7,False,Finalizada,True,4
1284,1232,2025-01-03 19:52:41,WhatsApp,Reclamo,Postventa,11,False,Finalizada,True,5
1285,811,2025-05-21 18:29:25,WhatsApp,Consultar precios,Soporte,5,False,Finalizada,False,4
1286,972,2025-01-19 13:18:04,WhatsApp,Soporte técnico,Atención Comercial,12,False,Finalizada,False,4
1287,747,2025-11-19 13:19:51,Web,Reclamo,Postventa,14,False,Finalizada,True,4
1288,396,2025-06-29 13:33:03,Instagram,Solicitar información,Atención al Cliente,6,False,Finalizada,False,5
1289,1099,2025-06-16 16:40:36,Facebook,Soporte técnico,Ventas,18,False,Finalizada,False,3
1290,969,2025-10-29 13:19:39,WhatsApp,Agendar servicio,Atención Comercial,5,False,Abandonada,False,1
1291,112,2025-03-27 12:18:48,Web,Consultar precios,Atención Comercial,3,False,Finalizada,True,4
1292,1481,2025-06-20 18:24:10,Instagram,Consultar precios,Atención Comercial,5,False,Finalizada,False,4
1293,1595,2025-12-30 05:48:52,Web,Seguimiento,Postventa,6,False,Finalizada,False,3
1294,1136,2025-09-18 13:54:13,WhatsApp,Cancelar servicio,Postventa,3,True,Finalizada,False,2
1295,727,2025-11-30 12:53:15,Facebook,Consultar precios,Postventa,3,False,Finalizada,False,5
1296,863,2025-04-01 13:51:06,Instagram,Soporte técnico,Postventa,18,False,Finalizada,True,5
1297,1318,2025-12-07 19:34:21,WhatsApp,Solicitar información,Atención Comercial,5,False,Finalizada,False,3
1298,374,2025-10-24 18:41:36,Web,Solicitar información,Postventa,4,False,Finalizada,True,5
1299,267,2025-11-25 11:29:44,WhatsApp,Soporte técnico,Postventa,13,True,Finalizada,False,1
1300,369,2025-11-09 13:37:18,WhatsApp,Cancelar servicio,Ventas,4,False,Finalizada,True,5
1301,586,2025-03-27 15:35:12,WhatsApp,Solicitar información,Atención al Cliente,4,False,Finalizada,False,4
1302,1544,2025-06-15 18:15:25,WhatsApp,Cancelar servicio,Atención al Cliente,2,False,Finalizada,False,4
1303,564,2025-06-15 12:17:24,WhatsApp,Reclamo,Atención Comercial,9,False,Finalizada,True,5
1304,93,2025-01-10 12:10:08,Web,Cancelar servicio,Postventa,2,True,Abandonada,False,1
1305,710,2025-03-21 17:56:39,Instagram,Consultar precios,Postventa,3,False,Finalizada,False,3
1306,475,2025-05-11 12:53:29,WhatsApp,Consultar precios,Atención Comercial,3,False,Abandonada,False,1
1307,879,2025-01-29 11:58:46,Facebook,Reclamo,Atención al Cliente,9,False,Finalizada,False,3
1308,1587,2025-04-12 12:30:57,WhatsApp,Solicitar información,Postventa,6,False,Finalizada,True,5
1309,1928,2025-03-03 12:22:03,Facebook,Agendar servicio,Atención al Cliente,5,False,Finalizada,False,3
1310,1832,2025-05-18 13:08:44,Web,Solicitar información,Postventa,6,False,Abandonada,False,1
1311,768,2025-02-02 12:44:48,Facebook,Solicitar información,Soporte,6,False,Finalizada,True,5
1312,1953,2025-04-20 13:00:14,WhatsApp,Reclamo,Atención Comercial,14,False,Finalizada,True,5
1313,548,2025-04-18 18:05:06,Instagram,Solicitar información,Soporte,6,False,Abandonada,False,1
1314,268,2025-01-29 04:01:26,Web,Soporte técnico,Atención al Cliente,15,False,Finalizada,False,3
1315,908,2025-03-06 20:30:04,WhatsApp,Solicitar información,Ventas,5,False,Abandonada,False,1
1316,625,2025-08-27 20:40:56,Instagram,Seguimiento,Atención al Cliente,6,False,Finalizada,False,3
1317,285,2025-03-27 12:50:57,Web,Solicitar información,Ventas,6,False,Abandonada,False,2
1318,1540,2025-11-10 09:24:43,Telegram,Seguimiento,Postventa,7,False,Finalizada,False,3
1319,1209,2025-03-15 18:56:31,Web,Solicitar información,Atención al Cliente,4,False,Finalizada,False,4
1320,314,2025-08-06 08:10:39,Web,Consultar precios,Ventas,5,False,Finalizada,False,4
1321,106,2025-01-05 18:52:07,Web,Consultar precios,Soporte,4,False,Finalizada,True,5
1322,1196,2025-07-02 13:06:58,WhatsApp,Consultar precios,Atención Comercial,4,False,Finalizada,False,3
1323,62,2025-02-28 15:25:37,Telegram,Reclamo,Postventa,14,False,Finalizada,True,5
1324,1958,2025-12-13 20:35:25,Facebook,Soporte técnico,Atención Comercial,10,False,Finalizada,False,4
1325,534,2025-07-09 17:27:35,Web,Soporte técnico,Soporte,14,False,Finalizada,True,5
1326,375,2025-02-09 19:52:05,Telegram,Soporte técnico,Postventa,15,False,Finalizada,False,4
1327,312,2025-01-11 00:00:09,Web,Reclamo,Atención al Cliente,10,False,Finalizada,False,5
1328,514,2025-12-16 12:57:35,WhatsApp,Consultar precios,Atención Comercial,3,False,Abandonada,False,1
1329,1999,2025-09-25 19:31:07,WhatsApp,Cancelar servicio,Ventas,4,False,Finalizada,False,5
1330,1685,2025-08-23 12:59:43,WhatsApp,Seguimiento,Atención al Cliente,6,True,Abandonada,False,1
1331,366,2025-12-12 17:08:36,Telegram,Reclamo,Atención al Cliente,14,False,Finalizada,False,4
1332,883,2025-04-04 12:01:36,Web,Seguimiento,Atención al Cliente,7,False,Finalizada,False,5
1333,416,2025-11-02 13:54:32,WhatsApp,Soporte técnico,Soporte,11,False,Finalizada,False,3
1334,875,2025-10-09 02:53:01,WhatsApp,Reclamo,Atención Comercial,8,False,Finalizada,False,4
1335,702,2025-08-04 17:14:46,WhatsApp,Solicitar información,Soporte,6,False,Finalizada,False,4
1336,1214,2025-07-17 03:14:02,Web,Consultar precios,Atención Comercial,3,False,Finalizada,True,5
1337,1727,2025-11-26 12:48:16,Web,Seguimiento,Atención al Cliente,6,False,Finalizada,True,5
1338,1403,2025-06-19 13:34:23,Web,Soporte técnico,Ventas,15,True,Abandonada,False,1
1339,1569,2025-07-29 17:35:10,Web,Solicitar información,Atención Comercial,5,False,Finalizada,True,5
1340,1455,2025-02-13 18:39:29,Facebook,Seguimiento,Atención Comercial,4,False,Finalizada,False,3
1341,1295,2025-09-16 20:41:25,WhatsApp,Soporte técnico,Postventa,12,False,Abandonada,False,1
1342,209,2025-04-09 10:50:52,WhatsApp,Solicitar información,Postventa,4,False,Abandonada,False,1
1343,890,2025-09-22 13:34:09,WhatsApp,Cancelar servicio,Ventas,2,False,Finalizada,False,3
1344,706,2025-01-10 05:03:22,WhatsApp,Consultar precios,Postventa,3,False,Finalizada,True,4
1345,709,2025-02-14 09:51:54,Instagram,Seguimiento,Soporte,5,False,Finalizada,False,3
1346,72,2025-07-02 10:00:54,Facebook,Solicitar información,Soporte,6,False,Finalizada,False,4
1347,1698,2025-12-03 12:50:51,WhatsApp,Reclamo,Atención Comercial,15,False,Finalizada,False,5
1348,1485,2025-08-03 18:34:44,WhatsApp,Soporte técnico,Atención Comercial,14,False,Abandonada,False,1
1349,881,2025-05-27 12:14:16,Web,Seguimiento,Postventa,4,False,Finalizada,False,5
1350,1286,2025-05-20 20:35:24,Facebook,Solicitar información,Ventas,5,True,Finalizada,False,3
1351,619,2025-06-17 10:00:30,Web,Soporte técnico,Atención Comercial,16,False,Finalizada,True,5
1352,1066,2025-09-22 20:12:35,WhatsApp,Seguimiento,Postventa,6,False,Finalizada,True,5
1353,1424,2025-07-22 10:20:48,Instagram,Agendar servicio,Atención Comercial,6,False,Finalizada,False,3
1354,1858,2025-06-11 17:29:06,Web,Consultar precios,Soporte,5,False,Finalizada,True,4
1355,1626,2025-11-17 18:42:03,Web,Agendar servicio,Soporte,6,False,Finalizada,False,4
1356,904,2025-05-15 16:07:52,WhatsApp,Solicitar información,Atención al Cliente,5,False,Abandonada,False,2
1357,1684,2025-03-14 11:58:56,Web,Soporte técnico,Ventas,13,False,Finalizada,False,3
1358,417,2025-08-19 15:55:48,WhatsApp,Reclamo,Postventa,9,True,Abandonada,False,1
1359,429,2025-12-14 19:37:56,WhatsApp,Solicitar información,Soporte,4,False,Finalizada,False,3
1360,1233,2025-12-16 12:37:40,Web,Soporte técnico,Atención al Cliente,16,True,Finalizada,True,1
1361,1627,2025-01-03 15:38:50,Facebook,Cancelar servicio,Atención Comercial,4,False,Finalizada,True,4
1362,507,2025-08-26 20:21:51,WhatsApp,Seguimiento,Atención Comercial,7,True,Finalizada,False,2
1363,1256,2025-06-18 11:51:00,Web,Seguimiento,Atención al Cliente,4,False,Finalizada,False,3
1364,1466,2025-02-25 13:53:23,Facebook,Agendar servicio,Ventas,8,False,Finalizada,True,5
1365,1654,2025-07-03 19:56:36,Facebook,Agendar servicio,Atención Comercial,8,False,Finalizada,False,5
1366,1855,2025-10-31 18:42:14,WhatsApp,Cancelar servicio,Atención Comercial,4,False,Finalizada,True,5
1367,226,2025-02-28 18:11:58,WhatsApp,Cancelar servicio,Postventa,3,False,Finalizada,True,5
1368,1724,2025-12-13 12:46:59,Instagram,Soporte técnico,Postventa,18,False,Finalizada,False,4
1369,520,2025-06-03 17:18:48,WhatsApp,Solicitar información,Ventas,5,False,Finalizada,True,5
1370,1514,2025-07-15 19:51:52,WhatsApp,Agendar servicio,Postventa,7,False,Finalizada,False,5
1371,1292,2025-02-14 13:46:27,WhatsApp,Solicitar información,Atención al Cliente,6,False,Finalizada,True,5
1372,1356,2025-10-14 20:24:40,Instagram,Solicitar información,Soporte,6,False,Finalizada,False,4
1373,168,2025-02-21 13:40:53,Web,Soporte técnico,Ventas,15,False,Finalizada,False,4
1374,12,2025-10-22 20:18:01,WhatsApp,Seguimiento,Postventa,4,False,Finalizada,True,5
1375,313,2025-11-28 12:36:01,Facebook,Reclamo,Atención al Cliente,10,False,Abandonada,False,1
1376,1149,2025-11-13 19:13:49,Web,Soporte técnico,Atención Comercial,17,False,Finalizada,False,4
1377,128,2025-12-26 13:10:01,WhatsApp,Agendar servicio,Atención Comercial,5,False,Finalizada,False,4
1378,561,2025-05-14 17:41:46,Facebook,Agendar servicio,Soporte,8,False,Finalizada,False,3
1379,1279,2025-01-24 13:41:52,Web,Cancelar servicio,Atención Comercial,2,False,Abandonada,False,2
1380,1793,2025-09-27 13:00:38,Web,Consultar precios,Atención al Cliente,4,False,Finalizada,True,5
1381,1110,2025-01-11 18:43:05,Instagram,Cancelar servicio,Atención al Cliente,3,False,Finalizada,False,4
1382,867,2025-03-23 02:18:42,WhatsApp,Cancelar servicio,Atención Comercial,4,False,Finalizada,False,4
1383,1474,2025-06-04 19:34:52,WhatsApp,Solicitar información,Ventas,5,False,Finalizada,False,3
1384,712,2025-10-11 13:28:18,Instagram,Soporte técnico,Ventas,10,True,Finalizada,False,2
1385,543,2025-05-19 02:51:15,WhatsApp,Reclamo,Postventa,11,True,Finalizada,True,3
1386,365,2025-12-07 12:33:28,WhatsApp,Solicitar información,Ventas,5,False,Abandonada,False,1
1387,513,2025-05-02 08:49:47,Telegram,Cancelar servicio,Postventa,4,False,Finalizada,False,3
1388,1757,2025-10-25 12:55:31,Web,Reclamo,Atención Comercial,9,False,Finalizada,True,4
1389,982,2025-10-29 12:27:05,Facebook,Solicitar información,Atención Comercial,4,False,Finalizada,True,4
1390,880,2025-03-09 19:53:37,WhatsApp,Solicitar información,Soporte,5,False,Finalizada,True,4
1391,1499,2025-05-23 19:43:16,Web,Soporte técnico,Postventa,13,False,Finalizada,False,3
1392,1404,2025-07-12 12:53:10,Facebook,Agendar servicio,Atención al Cliente,6,False,Finalizada,False,4
1393,1739,2025-01-04 18:34:33,WhatsApp,Cancelar servicio,Atención Comercial,3,False,Abandonada,False,1
1394,1924,2025-05-24 19:24:42,WhatsApp,Consultar precios,Atención Comercial,3,False,Finalizada,True,4
1395,1172,2025-07-23 20:52:36,Web,Solicitar información,Atención al Cliente,6,False,Finalizada,False,3
1396,1464,2025-04-05 13:17:25,WhatsApp,Consultar precios,Atención Comercial,3,False,Finalizada,False,5
1397,1234,2025-01-01 12:22:56,WhatsApp,Consultar precios,Atención Comercial,3,False,Abandonada,False,2
1398,1093,2025-07-20 12:11:16,Web,Agendar servicio,Postventa,5,False,Finalizada,True,5
1399,1159,2025-12-28 18:20:51,Web,Agendar servicio,Atención Comercial,8,False,Abandonada,False,1
1400,1572,2025-07-18 13:40:13,Instagram,Seguimiento,Atención Comercial,5,False,Abandonada,False,1
1401,1064,2025-11-18 09:29:58,WhatsApp,Solicitar información,Postventa,5,False,Finalizada,True,4
1402,1503,2025-02-22 18:42:31,Web,Reclamo,Atención al Cliente,15,False,Finalizada,False,3
1403,746,2025-11-26 18:22:05,Facebook,Soporte técnico,Atención Comercial,13,True,Finalizada,True,1
1404,659,2025-02-23 09:52:02,WhatsApp,Soporte técnico,Ventas,11,True,Abandonada,False,2
1405,92,2025-03-02 19:58:24,WhatsApp,Reclamo,Atención Comercial,13,False,Abandonada,False,1
1406,32,2025-01-23 03:49:13,WhatsApp,Seguimiento,Atención al Cliente,6,False,Finalizada,False,3
1407,1658,2025-11-13 13:27:52,Web,Cancelar servicio,Atención al Cliente,4,False,Finalizada,True,5
1408,1925,2025-04-20 17:29:34,WhatsApp,Soporte técnico,Atención Comercial,12,False,Finalizada,True,5
1409,1042,2025-04-18 01:26:00,Facebook,Reclamo,Postventa,10,False,Finalizada,False,3
1410,1579,2025-11-16 16:03:12,WhatsApp,Agendar servicio,Postventa,7,False,Finalizada,False,5
1411,609,2025-07-03 20:16:56,Web,Consultar precios,Ventas,4,False,Finalizada,False,4
1412,1419,2025-12-15 15:35:43,Web,Seguimiento,Atención al Cliente,5,False,Finalizada,True,4
1413,1461,2025-01-24 13:44:12,WhatsApp,Soporte técnico,Atención al Cliente,13,True,Abandonada,False,2
1414,1104,2025-03-07 10:26:42,Web,Agendar servicio,Postventa,6,False,Finalizada,False,4
1415,1482,2025-08-30 11:47:20,Telegram,Agendar servicio,Postventa,8,False,Finalizada,True,5
1416,1272,2025-09-06 12:08:10,WhatsApp,Consultar precios,Ventas,4,True,Finalizada,False,1
1417,1770,2025-03-07 18:23:45,WhatsApp,Consultar precios,Atención Comercial,3,False,Finalizada,False,5
1418,352,2025-06-24 15:29:33,Instagram,Consultar precios,Ventas,5,False,Finalizada,False,4
1419,1115,2025-05-18 18:20:05,Facebook,Agendar servicio,Soporte,7,False,Finalizada,False,3
1420,1204,2025-07-20 20:20:04,Web,Solicitar información,Soporte,5,False,Finalizada,True,4
1421,1229,2025-07-19 19:29:24,Web,Cancelar servicio,Postventa,4,True,Finalizada,True,1
1422,1761,2025-09-01 20:50:56,Facebook,Reclamo,Postventa,12,False,Finalizada,False,4
1423,1428,2025-09-19 19:06:10,Web,Soporte técnico,Soporte,13,False,Finalizada,False,3
1424,1342,2025-11-19 19:45:05,Web,Seguimiento,Ventas,6,False,Finalizada,True,5
1425,578,2025-01-30 19:52:57,Web,Seguimiento,Soporte,5,False,Finalizada,False,4
1426,1343,2025-05-20 09:03:32,WhatsApp,Soporte técnico,Postventa,13,False,Finalizada,True,4
1427,87,2025-01-15 12:51:15,Web,Cancelar servicio,Postventa,2,False,Abandonada,False,2
1428,355,2025-11-03 18:10:48,Web,Soporte técnico,Soporte,13,False,Abandonada,False,2
1429,871,2025-10-18 20:15:49,WhatsApp,Soporte técnico,Atención Comercial,12,True,Finalizada,False,2
1430,1518,2025-08-04 18:10:43,Web,Soporte técnico,Atención Comercial,18,False,Finalizada,True,5
1431,212,2025-09-11 02:14:30,Web,Seguimiento,Postventa,7,False,Finalizada,True,4
1432,1193,2025-07-21 12:17:20,Facebook,Consultar precios,Atención Comercial,3,False,Abandonada,False,1
1433,443,2025-07-28 20:44:34,Instagram,Agendar servicio,Postventa,8,False,Finalizada,False,5
1434,780,2025-01-15 19:40:31,Facebook,Agendar servicio,Soporte,5,False,Abandonada,False,1
1435,1644,2025-10-08 12:04:27,Web,Solicitar información,Ventas,6,False,Abandonada,False,1
1436,1153,2025-03-04 20:47:14,WhatsApp,Seguimiento,Atención al Cliente,6,False,Abandonada,False,2
1437,1795,2025-08-31 20:12:29,Facebook,Agendar servicio,Ventas,5,False,Finalizada,False,3
1438,680,2025-04-29 20:46:18,WhatsApp,Agendar servicio,Ventas,5,False,Finalizada,True,5
1439,1327,2025-03-24 20:00:51,Facebook,Agendar servicio,Postventa,8,False,Finalizada,False,4
1440,789,2025-12-18 15:34:49,WhatsApp,Solicitar información,Soporte,6,False,Finalizada,True,5
1441,1863,2025-05-17 03:30:08,WhatsApp,Cancelar servicio,Ventas,3,False,Finalizada,True,5
1442,1055,2025-05-08 08:59:15,Facebook,Soporte técnico,Atención al Cliente,10,False,Finalizada,False,5
1443,1993,2025-03-12 03:53:56,Facebook,Solicitar información,Soporte,4,False,Abandonada,False,2
1444,832,2025-07-06 12:36:47,WhatsApp,Soporte técnico,Postventa,13,False,Finalizada,False,4
1445,566,2025-06-01 20:19:13,Web,Consultar precios,Postventa,5,False,Finalizada,False,3
1446,1726,2025-04-10 19:48:00,Facebook,Reclamo,Soporte,13,False,Abandonada,False,2
1447,182,2025-01-15 10:07:25,Instagram,Consultar precios,Atención Comercial,4,False,Finalizada,True,5
1448,349,2025-02-16 09:42:28,Facebook,Reclamo,Atención al Cliente,11,False,Abandonada,False,2
1449,641,2025-06-26 04:31:04,WhatsApp,Soporte técnico,Atención Comercial,13,False,Finalizada,False,5
1450,1592,2025-09-20 19:17:32,Facebook,Reclamo,Atención Comercial,9,False,Finalizada,False,4
1451,1201,2025-06-20 19:24:26,Web,Solicitar información,Atención Comercial,4,False,Abandonada,False,1
1452,674,2025-12-13 12:40:23,Telegram,Consultar precios,Postventa,4,False,Finalizada,False,4
1453,1755,2025-08-13 13:07:56,Instagram,Agendar servicio,Atención Comercial,8,False,Finalizada,False,3
1454,1794,2025-11-11 18:25:16,WhatsApp,Seguimiento,Atención al Cliente,7,True,Abandonada,False,1
1455,1919,2025-11-25 19:49:37,Facebook,Soporte técnico,Ventas,13,True,Finalizada,False,1
1456,1156,2025-03-02 16:50:56,Instagram,Soporte técnico,Ventas,15,False,Finalizada,False,3
1457,317,2025-12-09 03:49:27,WhatsApp,Reclamo,Soporte,15,False,Finalizada,False,5
1458,1215,2025-06-24 19:46:08,Web,Reclamo,Atención al Cliente,13,False,Finalizada,False,5
1459,647,2025-09-07 17:26:42,Instagram,Soporte técnico,Ventas,13,True,Abandonada,False,1
1460,118,2025-01-12 13:41:29,WhatsApp,Cancelar servicio,Postventa,2,False,Abandonada,False,2
1461,310,2025-09-25 19:40:27,Instagram,Agendar servicio,Atención Comercial,7,False,Abandonada,False,2
1462,705,2025-06-02 20:59:03,Instagram,Cancelar servicio,Ventas,2,False,Finalizada,True,4
1463,1590,2025-08-03 19:48:00,Facebook,Cancelar servicio,Atención al Cliente,4,False,Finalizada,False,3
1464,1230,2025-06-11 12:19:33,WhatsApp,Agendar servicio,Soporte,6,False,Finalizada,False,4
1465,740,2025-10-01 09:28:13,Instagram,Seguimiento,Soporte,6,False,Finalizada,False,3
1466,1097,2025-01-23 15:47:12,Facebook,Agendar servicio,Atención al Cliente,8,False,Finalizada,False,3
1467,1067,2025-01-10 09:22:53,Facebook,Agendar servicio,Postventa,6,False,Finalizada,False,5
1468,1748,2025-04-24 20:17:11,Facebook,Consultar precios,Postventa,5,False,Abandonada,False,1
1469,1183,2025-09-16 13:44:10,Web,Soporte técnico,Ventas,17,False,Abandonada,False,1
1470,1645,2025-05-03 19:25:36,Instagram,Soporte técnico,Soporte,10,False,Finalizada,False,4
1471,1472,2025-05-20 12:25:04,WhatsApp,Consultar precios,Soporte,5,False,Finalizada,True,5
1472,1305,2025-03-13 03:15:25,Instagram,Consultar precios,Ventas,3,False,Finalizada,False,4
1473,1424,2025-07-03 18:30:00,WhatsApp,Cancelar servicio,Postventa,4,False,Finalizada,True,5
1474,1128,2025-08-03 19:49:49,Instagram,Reclamo,Soporte,9,True,Abandonada,False,1
1475,689,2025-10-22 19:07:32,Web,Seguimiento,Soporte,7,False,Finalizada,True,5
1476,1184,2025-12-04 08:27:27,Facebook,Solicitar información,Soporte,5,False,Finalizada,False,4
1477,1929,2025-06-23 19:23:20,Web,Solicitar información,Atención Comercial,5,False,Finalizada,True,5
1478,439,2025-01-08 13:39:59,Facebook,Consultar precios,Atención al Cliente,5,False,Finalizada,True,5
1479,348,2025-10-12 13:28:11,Telegram,Agendar servicio,Ventas,8,False,Finalizada,True,5
1480,535,2025-11-12 00:25:19,Instagram,Consultar precios,Postventa,5,False,Finalizada,False,5
1481,1001,2025-01-18 20:02:32,WhatsApp,Agendar servicio,Atención al Cliente,6,False,Abandonada,False,1
1482,1483,2025-12-22 11:59:56,WhatsApp,Soporte técnico,Atención al Cliente,12,False,Finalizada,True,4
1483,1264,2025-01-15 18:55:33,WhatsApp,Seguimiento,Atención Comercial,6,False,Abandonada,False,1
1484,455,2025-09-25 15:17:46,Web,Agendar servicio,Atención al Cliente,8,False,Finalizada,True,5
1485,326,2025-12-02 20:52:57,Web,Reclamo,Ventas,9,False,Finalizada,False,3
1486,1718,2025-06-19 18:47:16,WhatsApp,Solicitar información,Atención al Cliente,4,False,Finalizada,True,4
1487,1225,2025-12-06 18:06:06,WhatsApp,Seguimiento,Atención al Cliente,5,False,Abandonada,False,2
1488,550,2025-02-19 17:02:39,Web,Seguimiento,Soporte,7,False,Finalizada,False,4
1489,1256,2025-01-23 01:43:38,WhatsApp,Consultar precios,Ventas,3,False,Abandonada,False,1
1490,889,2025-04-14 13:36:58,WhatsApp,Cancelar servicio,Postventa,4,False,Finalizada,True,5
1491,1981,2025-05-01 10:47:55,Web,Soporte técnico,Postventa,17,True,Finalizada,False,1
1492,1016,2025-03-11 20:36:07,WhatsApp,Agendar servicio,Soporte,5,False,Finalizada,True,5
1493,1474,2025-12-30 13:38:06,Facebook,Soporte técnico,Soporte,11,True,Finalizada,False,3
1494,1932,2025-06-17 19:22:44,Web,Solicitar información,Atención Comercial,5,False,Finalizada,False,3
1495,252,2025-04-09 18:49:49,Telegram,Solicitar información,Atención Comercial,4,False,Abandonada,False,1
1496,714,2025-02-16 12:37:42,WhatsApp,Agendar servicio,Atención Comercial,7,False,Finalizada,True,4
1497,1639,2025-05-17 18:01:40,Facebook,Cancelar servicio,Atención Comercial,2,False,Finalizada,False,4
1498,1073,2025-03-09 18:42:49,Web,Seguimiento,Postventa,7,False,Finalizada,True,4
1499,685,2025-08-09 11:50:52,Instagram,Reclamo,Soporte,8,True,Finalizada,False,2
1500,1060,2025-11-20 15:12:56,WhatsApp,Seguimiento,Ventas,6,False,Finalizada,True,5
1501,1260,2025-07-24 12:05:28,WhatsApp,Cancelar servicio,Atención al Cliente,3,True,Finalizada,False,1
1502,1865,2025-09-15 15:09:56,WhatsApp,Agendar servicio,Postventa,5,True,Finalizada,True,2
1503,73,2025-02-10 20:10:17,Facebook,Soporte técnico,Postventa,12,False,Finalizada,True,5
1504,1261,2025-05-18 19:59:38,WhatsApp,Cancelar servicio,Postventa,2,False,Finalizada,False,4
1505,1458,2025-05-31 12:41:57,Facebook,Seguimiento,Atención Comercial,6,False,Finalizada,False,4
1506,1203,2025-04-19 13:33:57,Facebook,Cancelar servicio,Atención al Cliente,3,False,Finalizada,False,4
1507,1310,2025-04-25 19:36:05,Telegram,Agendar servicio,Soporte,7,True,Finalizada,False,3
1508,415,2025-11-21 04:06:41,Telegram,Seguimiento,Postventa,6,False,Finalizada,False,3
1509,515,2025-07-06 13:40:38,Web,Cancelar servicio,Postventa,2,True,Finalizada,True,3
1510,1461,2025-10-28 12:25:46,Telegram,Agendar servicio,Ventas,6,False,Abandonada,False,1
1511,1672,2025-07-21 19:49:56,WhatsApp,Agendar servicio,Postventa,6,False,Finalizada,True,4
1512,1212,2025-02-11 00:31:27,Web,Cancelar servicio,Atención Comercial,4,False,Finalizada,False,4
1513,1074,2025-02-09 08:28:14,WhatsApp,Reclamo,Soporte,14,False,Finalizada,False,4
1514,1494,2025-11-12 20:22:00,Instagram,Consultar precios,Atención Comercial,4,False,Finalizada,False,5
1515,55,2025-06-04 11:01:46,Facebook,Solicitar información,Ventas,4,False,Finalizada,False,3
1516,1557,2025-11-04 02:22:09,Web,Solicitar información,Soporte,6,False,Finalizada,False,5
1517,1390,2025-08-12 18:48:54,Web,Agendar servicio,Atención Comercial,7,False,Finalizada,False,5
1518,1182,2025-06-29 20:12:34,Telegram,Soporte técnico,Soporte,11,True,Finalizada,False,2
1519,1407,2025-10-23 18:12:35,WhatsApp,Reclamo,Postventa,9,False,Finalizada,True,5
1520,253,2025-03-20 19:05:38,Facebook,Consultar precios,Ventas,3,False,Finalizada,False,3
1521,1052,2025-07-25 09:52:17,WhatsApp,Consultar precios,Atención al Cliente,5,False,Finalizada,True,5
1522,316,2025-01-09 12:38:16,WhatsApp,Soporte técnico,Ventas,15,True,Finalizada,True,2
1523,1176,2025-12-11 19:18:58,WhatsApp,Solicitar información,Soporte,5,False,Finalizada,True,5
1524,839,2025-12-20 04:58:41,Web,Seguimiento,Atención Comercial,6,False,Finalizada,True,4
1525,152,2025-10-31 19:07:26,Facebook,Solicitar información,Atención al Cliente,6,False,Finalizada,True,5
1526,336,2025-10-31 19:49:38,WhatsApp,Soporte técnico,Soporte,15,False,Finalizada,False,4
1527,624,2025-03-23 19:56:41,WhatsApp,Seguimiento,Atención Comercial,7,False,Abandonada,False,1
1528,545,2025-12-24 13:43:07,WhatsApp,Soporte técnico,Atención Comercial,12,False,Finalizada,False,4
1529,317,2025-05-28 19:35:40,WhatsApp,Cancelar servicio,Atención Comercial,2,True,Finalizada,False,2
1530,1567,2025-04-24 17:02:00,WhatsApp,Agendar servicio,Ventas,8,False,Finalizada,False,3
1531,678,2025-12-19 18:15:49,WhatsApp,Agendar servicio,Postventa,8,False,Finalizada,True,5
1532,1742,2025-01-04 04:51:59,Web,Seguimiento,Postventa,6,False,Finalizada,True,5
1533,1696,2025-01-22 03:26:15,Web,Seguimiento,Postventa,7,False,Finalizada,True,5
1534,1318,2025-12-30 04:13:49,Instagram,Cancelar servicio,Postventa,3,False,Finalizada,True,5
1535,1415,2025-01-23 19:05:57,Web,Seguimiento,Ventas,7,True,Finalizada,False,2
1536,1018,2025-06-14 18:40:55,Instagram,Soporte técnico,Ventas,15,True,Finalizada,False,2
1537,1232,2025-02-17 15:20:16,Facebook,Solicitar información,Soporte,6,False,Finalizada,True,5
1538,303,2025-03-05 19:19:16,WhatsApp,Cancelar servicio,Atención Comercial,4,False,Finalizada,False,3
1539,1738,2025-09-21 13:56:30,Instagram,Solicitar información,Soporte,6,False,Finalizada,False,3
1540,1307,2025-02-12 16:55:25,Telegram,Seguimiento,Atención al Cliente,6,False,Finalizada,False,4
1541,1401,2025-08-01 19:24:59,Facebook,Seguimiento,Postventa,4,False,Finalizada,False,3
1542,989,2025-04-07 13:08:58,WhatsApp,Cancelar servicio,Postventa,4,False,Abandonada,False,1
1543,743,2025-08-04 20:39:05,Telegram,Reclamo,Postventa,11,False,Finalizada,False,3
1544,1686,2025-09-12 16:10:54,Web,Consultar precios,Atención al Cliente,5,False,Finalizada,True,5
1545,560,2025-05-08 15:46:00,Instagram,Soporte técnico,Ventas,14,False,Finalizada,False,5
1546,1270,2025-06-10 17:55:00,WhatsApp,Cancelar servicio,Ventas,3,False,Finalizada,True,5
1547,617,2025-11-22 12:22:50,WhatsApp,Seguimiento,Atención Comercial,4,False,Finalizada,True,5
1548,1919,2025-03-05 09:32:11,WhatsApp,Solicitar información,Atención al Cliente,5,False,Abandonada,False,1
1549,793,2025-12-27 08:57:52,WhatsApp,Reclamo,Atención al Cliente,8,False,Abandonada,False,2
1550,914,2025-02-25 01:45:05,Web,Consultar precios,Soporte,3,False,Abandonada,False,2
1551,403,2025-10-24 12:49:21,WhatsApp,Seguimiento,Atención Comercial,7,False,Abandonada,False,2
1552,627,2025-03-05 18:45:56,Telegram,Reclamo,Ventas,13,False,Finalizada,False,4
1553,1747,2025-04-08 18:07:50,WhatsApp,Cancelar servicio,Soporte,3,False,Finalizada,True,5
1554,1519,2025-03-29 18:09:29,Facebook,Reclamo,Postventa,10,False,Finalizada,True,5
1555,1134,2025-01-16 12:32:20,Facebook,Reclamo,Ventas,12,False,Finalizada,True,5
1556,679,2025-06-20 01:26:14,Web,Agendar servicio,Atención al Cliente,5,False,Finalizada,False,3
1557,1667,2025-06-13 13:39:50,Web,Solicitar información,Atención Comercial,4,False,Finalizada,True,4
1558,1785,2025-07-28 12:21:18,WhatsApp,Cancelar servicio,Soporte,3,False,Finalizada,True,5
1559,1566,2025-07-18 18:05:49,Facebook,Cancelar servicio,Soporte,3,True,Finalizada,False,3
1560,1528,2025-11-15 05:34:09,Instagram,Reclamo,Ventas,13,True,Finalizada,False,1
1561,878,2025-11-20 12:42:17,Web,Agendar servicio,Soporte,5,False,Abandonada,False,1
1562,1801,2025-05-26 18:15:37,Web,Soporte técnico,Ventas,15,False,Finalizada,True,4
1563,1013,2025-01-25 18:53:49,Web,Soporte técnico,Atención al Cliente,17,False,Abandonada,False,2
1564,672,2025-04-20 20:05:14,Instagram,Soporte técnico,Postventa,11,True,Finalizada,False,1
1565,844,2025-04-21 17:56:44,Web,Cancelar servicio,Atención Comercial,3,False,Finalizada,True,5
1566,1338,2025-05-06 18:15:21,WhatsApp,Agendar servicio,Postventa,5,False,Abandonada,False,2
1567,914,2025-03-12 20:49:05,Web,Cancelar servicio,Ventas,2,False,Abandonada,False,2
1568,166,2025-08-04 18:01:04,Web,Soporte técnico,Soporte,15,False,Finalizada,True,5
1569,1003,2025-12-31 13:58:13,Web,Agendar servicio,Postventa,5,True,Finalizada,False,2
1570,1261,2025-03-26 13:35:46,WhatsApp,Cancelar servicio,Soporte,4,False,Finalizada,True,5
1571,1002,2025-11-10 04:24:09,Instagram,Agendar servicio,Atención Comercial,7,False,Finalizada,True,5
1572,1934,2025-10-07 19:59:39,Telegram,Soporte técnico,Postventa,16,False,Finalizada,False,3
1573,1221,2025-01-27 13:50:55,Facebook,Soporte técnico,Atención Comercial,13,False,Finalizada,False,3
1574,1568,2025-07-25 10:33:39,Web,Agendar servicio,Postventa,7,False,Finalizada,True,5
1575,169,2025-07-17 12:28:44,WhatsApp,Seguimiento,Ventas,5,False,Finalizada,False,4
1576,1885,2025-03-03 02:09:36,Facebook,Reclamo,Postventa,13,False,Finalizada,False,4
1577,1144,2025-10-17 15:32:42,Web,Solicitar información,Soporte,5,False,Finalizada,True,4
1578,96,2025-08-04 04:28:40,WhatsApp,Soporte técnico,Atención al Cliente,18,False,Finalizada,False,3
1579,351,2025-01-11 10:13:45,WhatsApp,Agendar servicio,Soporte,6,False,Abandonada,False,1
1580,907,2025-07-14 13:57:39,Web,Consultar precios,Ventas,4,False,Finalizada,False,5
1581,655,2025-06-23 19:48:03,WhatsApp,Soporte técnico,Atención al Cliente,15,True,Abandonada,False,1
1582,297,2025-08-02 18:39:58,Facebook,Soporte técnico,Soporte,12,False,Finalizada,False,3
1583,1834,2025-08-22 12:14:14,WhatsApp,Reclamo,Atención al Cliente,12,False,Abandonada,False,1
1584,396,2025-10-18 12:07:44,Web,Consultar precios,Soporte,3,False,Finalizada,True,5
1585,1443,2025-12-03 18:40:42,WhatsApp,Soporte técnico,Atención al Cliente,17,True,Finalizada,True,2
1586,526,2025-08-20 12:32:46,Web,Cancelar servicio,Soporte,4,False,Abandonada,False,1
1587,234,2025-06-16 04:44:42,Facebook,Consultar precios,Soporte,3,False,Finalizada,False,3
1588,1718,2025-03-06 08:49:48,Instagram,Soporte técnico,Atención Comercial,14,True,Finalizada,False,2
1589,379,2025-09-18 13:05:06,Instagram,Solicitar información,Postventa,4,False,Finalizada,False,4
1590,965,2025-04-04 19:29:42,WhatsApp,Cancelar servicio,Ventas,3,False,Finalizada,True,5
1591,225,2025-11-19 04:52:57,Facebook,Soporte técnico,Postventa,12,False,Abandonada,False,2
1592,789,2025-07-07 05:58:54,Facebook,Reclamo,Postventa,10,True,Finalizada,True,3
1593,293,2025-06-24 12:17:02,WhatsApp,Seguimiento,Atención Comercial,7,False,Finalizada,True,5
1594,265,2025-03-26 15:08:03,Web,Agendar servicio,Atención Comercial,7,False,Abandonada,False,1
1595,1194,2025-03-19 13:30:58,WhatsApp,Consultar precios,Atención al Cliente,5,False,Finalizada,False,4
1596,1434,2025-04-23 18:34:47,WhatsApp,Solicitar información,Soporte,4,False,Finalizada,True,5
1597,948,2025-07-06 20:40:49,Instagram,Seguimiento,Ventas,4,False,Finalizada,False,4
1598,1238,2025-07-25 18:32:51,Web,Reclamo,Postventa,10,False,Finalizada,True,5
1599,311,2025-09-30 20:09:09,WhatsApp,Reclamo,Atención al Cliente,14,False,Finalizada,True,4
1600,367,2025-08-28 12:28:13,WhatsApp,Consultar precios,Ventas,4,False,Abandonada,False,1
1601,1595,2025-05-28 12:13:54,Facebook,Agendar servicio,Postventa,8,False,Abandonada,False,1
1602,1762,2025-05-09 08:16:10,WhatsApp,Solicitar información,Soporte,4,False,Finalizada,True,5
1603,1443,2025-11-11 10:32:13,Web,Consultar precios,Soporte,4,False,Finalizada,True,4
1604,424,2025-11-11 02:45:46,WhatsApp,Cancelar servicio,Atención al Cliente,2,False,Finalizada,True,5
1605,1051,2025-09-16 02:47:02,Facebook,Agendar servicio,Atención al Cliente,7,False,Finalizada,False,3
1606,964,2025-11-03 15:06:36,Facebook,Solicitar información,Atención Comercial,6,False,Finalizada,False,3
1607,769,2025-09-11 19:00:04,Web,Soporte técnico,Ventas,16,True,Finalizada,True,1
1608,1215,2025-11-04 19:44:38,Web,Consultar precios,Postventa,3,False,Finalizada,False,3
1609,1444,2025-03-28 19:12:34,Instagram,Solicitar información,Ventas,6,False,Abandonada,False,1
1610,1995,2025-03-08 13:46:55,WhatsApp,Agendar servicio,Atención al Cliente,6,False,Finalizada,True,5
1611,1866,2025-08-30 02:34:55,Instagram,Agendar servicio,Atención al Cliente,7,False,Finalizada,False,4
1612,1732,2025-04-27 12:28:33,WhatsApp,Solicitar información,Postventa,4,False,Finalizada,True,5
1613,395,2025-11-11 17:41:19,Facebook,Reclamo,Soporte,9,False,Finalizada,False,4
1614,272,2025-12-08 18:23:15,WhatsApp,Solicitar información,Atención al Cliente,6,False,Finalizada,True,4
1615,1848,2025-10-07 18:18:33,WhatsApp,Reclamo,Postventa,12,False,Abandonada,False,2
1616,1384,2025-02-02 11:32:41,Facebook,Consultar precios,Soporte,3,False,Finalizada,False,4
1617,884,2025-11-14 19:58:33,Instagram,Seguimiento,Ventas,7,False,Finalizada,False,3
1618,674,2025-11-20 13:56:51,WhatsApp,Reclamo,Ventas,12,False,Finalizada,True,4
1619,1590,2025-01-09 03:37:12,Web,Seguimiento,Ventas,4,False,Finalizada,True,5
1620,857,2025-11-19 13:28:11,WhatsApp,Agendar servicio,Atención Comercial,8,False,Finalizada,True,5
1621,669,2025-05-20 18:45:42,Facebook,Cancelar servicio,Atención Comercial,3,False,Finalizada,True,5
1622,1099,2025-05-07 19:11:53,Telegram,Cancelar servicio,Postventa,2,False,Finalizada,False,3
1623,1667,2025-06-28 04:54:38,WhatsApp,Solicitar información,Postventa,6,False,Finalizada,True,5
1624,776,2025-04-18 13:06:17,Telegram,Solicitar información,Soporte,4,False,Finalizada,False,4
1625,995,2025-06-13 19:18:09,WhatsApp,Soporte técnico,Postventa,14,False,Finalizada,True,5
1626,977,2025-09-23 20:15:36,WhatsApp,Agendar servicio,Atención al Cliente,5,False,Abandonada,False,1
1627,300,2025-12-31 13:41:00,WhatsApp,Consultar precios,Postventa,5,False,Finalizada,True,5
1628,1779,2025-01-22 12:13:34,WhatsApp,Soporte técnico,Atención al Cliente,11,False,Finalizada,False,5
1629,1150,2025-06-27 20:24:57,WhatsApp,Reclamo,Ventas,14,False,Finalizada,True,5
1630,426,2025-03-20 12:22:39,WhatsApp,Seguimiento,Postventa,5,False,Finalizada,True,4
1631,1237,2025-09-22 20:50:50,WhatsApp,Reclamo,Soporte,13,False,Finalizada,True,5
1632,130,2025-01-25 12:38:09,Facebook,Consultar precios,Postventa,5,False,Finalizada,False,3
1633,904,2025-10-09 18:14:14,Web,Cancelar servicio,Soporte,4,False,Finalizada,False,3
1634,1635,2025-07-16 20:29:57,WhatsApp,Soporte técnico,Atención Comercial,18,False,Finalizada,True,5
1635,1588,2025-01-26 19:47:27,WhatsApp,Agendar servicio,Soporte,6,False,Finalizada,False,3
1636,848,2025-12-22 20:19:45,Web,Reclamo,Atención al Cliente,10,True,Finalizada,False,2
1637,735,2025-03-12 09:41:23,Web,Consultar precios,Atención al Cliente,5,False,Finalizada,False,3
1638,1413,2025-06-15 20:18:50,Web,Seguimiento,Atención Comercial,5,False,Finalizada,False,4
1639,930,2025-07-13 02:44:22,Facebook,Seguimiento,Postventa,6,False,Finalizada,True,4
1640,564,2025-09-03 12:27:02,Facebook,Solicitar información,Soporte,4,False,Finalizada,True,4
1641,734,2025-04-28 19:44:51,WhatsApp,Seguimiento,Postventa,6,False,Finalizada,True,5
1642,216,2025-11-24 12:48:29,Instagram,Soporte técnico,Atención Comercial,12,False,Finalizada,True,5
1643,1665,2025-01-07 12:42:14,Facebook,Agendar servicio,Soporte,6,False,Finalizada,False,5
1644,1972,2025-02-27 05:21:53,WhatsApp,Reclamo,Ventas,9,False,Finalizada,True,5
1645,73,2025-02-07 15:06:56,WhatsApp,Soporte técnico,Postventa,12,False,Finalizada,True,5
1646,601,2025-02-08 16:11:04,Web,Cancelar servicio,Postventa,2,False,Abandonada,False,1
1647,496,2025-07-23 19:23:16,Instagram,Seguimiento,Ventas,6,True,Finalizada,True,2
1648,814,2025-07-23 09:37:28,WhatsApp,Seguimiento,Ventas,7,False,Finalizada,False,4
1649,1457,2025-02-02 12:03:32,Facebook,Cancelar servicio,Ventas,4,False,Finalizada,True,4
1650,995,2025-12-31 13:36:59,WhatsApp,Agendar servicio,Atención Comercial,6,False,Finalizada,True,5
1651,683,2025-11-24 13:31:33,Web,Agendar servicio,Soporte,8,False,Finalizada,True,5
1652,1827,2025-05-26 18:25:04,WhatsApp,Soporte técnico,Soporte,13,True,Finalizada,True,1
1653,265,2025-10-05 15:59:43,WhatsApp,Agendar servicio,Postventa,8,False,Abandonada,False,1
1654,696,2025-05-30 18:14:47,Web,Consultar precios,Atención Comercial,4,False,Finalizada,True,5
1655,1311,2025-03-05 20:38:22,Instagram,Reclamo,Soporte,12,False,Finalizada,True,5
1656,1327,2025-03-02 13:31:17,Telegram,Cancelar servicio,Ventas,4,False,Abandonada,False,1
1657,1752,2025-10-31 08:50:29,WhatsApp,Reclamo,Atención al Cliente,8,True,Finalizada,False,1
1658,36,2025-07-29 19:22:21,WhatsApp,Solicitar información,Ventas,5,False,Finalizada,False,4
1659,1366,2025-02-22 13:29:23,WhatsApp,Reclamo,Atención al Cliente,14,True,Finalizada,False,3
1660,1728,2025-04-19 12:06:01,WhatsApp,Agendar servicio,Atención Comercial,5,False,Finalizada,False,3
1661,260,2025-11-21 19:52:14,Web,Solicitar información,Atención Comercial,4,False,Finalizada,True,5
1662,1334,2025-11-12 03:48:56,WhatsApp,Reclamo,Postventa,11,True,Finalizada,False,2
1663,1463,2025-04-27 15:57:56,WhatsApp,Reclamo,Soporte,11,False,Finalizada,True,5
1664,1106,2025-03-09 13:09:39,Web,Seguimiento,Postventa,4,False,Finalizada,True,4
1665,1779,2025-08-06 12:52:41,WhatsApp,Seguimiento,Atención al Cliente,4,True,Finalizada,False,1
1666,1733,2025-01-25 10:33:53,Web,Consultar precios,Atención Comercial,5,False,Finalizada,True,4
1667,807,2025-10-07 16:52:47,WhatsApp,Soporte técnico,Soporte,12,False,Finalizada,False,4
1668,1182,2025-09-03 12:03:55,Web,Reclamo,Soporte,13,False,Finalizada,True,5
1669,150,2025-03-06 20:08:16,Web,Seguimiento,Atención al Cliente,4,False,Finalizada,True,4
1670,118,2025-03-11 18:17:49,Web,Cancelar servicio,Ventas,3,False,Finalizada,True,5
1671,1544,2025-05-29 13:09:02,WhatsApp,Consultar precios,Atención al Cliente,5,False,Finalizada,True,5
1672,1783,2025-11-03 12:30:35,Facebook,Agendar servicio,Postventa,7,False,Finalizada,False,3
1673,1956,2025-08-22 13:39:22,WhatsApp,Agendar servicio,Postventa,6,False,Finalizada,False,4
1674,35,2025-11-28 18:37:42,WhatsApp,Solicitar información,Atención al Cliente,6,False,Finalizada,False,3
1675,1384,2025-05-27 20:54:57,WhatsApp,Reclamo,Postventa,15,False,Finalizada,False,5
1676,1924,2025-06-16 20:13:05,WhatsApp,Reclamo,Postventa,14,False,Finalizada,False,4
1677,235,2025-02-26 18:05:35,WhatsApp,Consultar precios,Atención al Cliente,4,False,Finalizada,True,5
1678,1884,2025-01-23 19:58:37,Web,Soporte técnico,Soporte,14,True,Finalizada,True,1
1679,8,2025-09-05 20:19:01,Instagram,Consultar precios,Soporte,3,False,Finalizada,False,3
1680,562,2025-10-26 05:41:02,Facebook,Seguimiento,Postventa,4,False,Finalizada,True,5
1681,1736,2025-01-29 11:38:20,Telegram,Cancelar servicio,Ventas,2,False,Abandonada,False,2
1682,1364,2025-03-15 16:13:03,WhatsApp,Cancelar servicio,Atención Comercial,4,False,Finalizada,True,5
1683,773,2025-01-13 20:48:25,WhatsApp,Agendar servicio,Atención al Cliente,8,False,Abandonada,False,1
1684,1451,2025-11-18 13:24:00,Instagram,Cancelar servicio,Atención Comercial,2,False,Finalizada,False,3
1685,1152,2025-11-11 18:12:25,WhatsApp,Solicitar información,Atención al Cliente,6,False,Finalizada,True,5
1686,1836,2025-07-17 20:41:38,WhatsApp,Soporte técnico,Postventa,16,False,Finalizada,False,4
1687,633,2025-01-31 10:24:44,WhatsApp,Consultar precios,Postventa,4,False,Finalizada,False,3
1688,300,2025-02-25 18:42:57,WhatsApp,Cancelar servicio,Ventas,2,False,Finalizada,True,4
1689,573,2025-05-17 20:50:31,WhatsApp,Soporte técnico,Ventas,13,True,Finalizada,False,3
1690,170,2025-10-28 13:16:20,Facebook,Consultar precios,Postventa,4,False,Finalizada,False,5
1691,220,2025-04-05 12:34:05,Web,Reclamo,Ventas,11,False,Finalizada,True,5
1692,1112,2025-12-15 13:34:18,WhatsApp,Seguimiento,Atención Comercial,7,False,Finalizada,True,5
1693,1802,2025-09-25 04:09:08,Web,Consultar precios,Atención Comercial,3,False,Finalizada,False,3
1694,493,2025-07-10 20:06:22,Facebook,Solicitar información,Atención al Cliente,4,False,Abandonada,False,2
1695,345,2025-08-31 12:33:00,Web,Seguimiento,Atención Comercial,4,False,Abandonada,False,1
1696,253,2025-06-20 20:48:36,WhatsApp,Agendar servicio,Atención al Cliente,7,False,Abandonada,False,1
1697,431,2025-06-14 13:17:41,Web,Reclamo,Soporte,10,False,Abandonada,False,2
1698,806,2025-07-17 20:44:47,Web,Agendar servicio,Atención al Cliente,7,False,Finalizada,True,5
1699,1402,2025-04-13 16:52:12,WhatsApp,Soporte técnico,Soporte,10,False,Finalizada,False,4
1700,39,2025-05-18 13:15:31,WhatsApp,Seguimiento,Ventas,7,False,Finalizada,False,4
1701,424,2025-12-01 15:00:34,WhatsApp,Soporte técnico,Atención al Cliente,11,True,Finalizada,True,2
1702,1717,2025-06-18 16:32:35,Web,Cancelar servicio,Postventa,3,False,Finalizada,False,5
1703,1921,2025-11-07 10:02:33,Web,Cancelar servicio,Soporte,4,False,Finalizada,False,5
1704,437,2025-11-08 01:03:46,WhatsApp,Seguimiento,Ventas,6,False,Finalizada,False,5
1705,1097,2025-08-23 04:00:36,Web,Seguimiento,Soporte,4,False,Finalizada,False,4
1706,1715,2025-10-06 08:43:49,WhatsApp,Seguimiento,Postventa,6,True,Finalizada,False,3
1707,1152,2025-09-16 18:11:30,WhatsApp,Reclamo,Soporte,14,False,Abandonada,False,2
1708,659,2025-04-30 18:07:53,Web,Reclamo,Atención al Cliente,11,True,Abandonada,False,2
1709,868,2025-12-15 01:23:27,Web,Reclamo,Soporte,9,False,Finalizada,False,3
1710,1734,2025-02-17 19:03:04,WhatsApp,Seguimiento,Ventas,5,False,Abandonada,False,1
1711,1142,2025-12-23 20:13:12,WhatsApp,Cancelar servicio,Soporte,2,False,Finalizada,True,5
1712,909,2025-06-06 12:30:07,WhatsApp,Soporte técnico,Soporte,12,False,Finalizada,True,5
1713,1974,2025-08-06 19:50:15,WhatsApp,Consultar precios,Ventas,5,False,Finalizada,True,5
1714,759,2025-09-02 10:33:16,Instagram,Consultar precios,Atención al Cliente,3,False,Finalizada,False,5
1715,1112,2025-04-18 15:27:00,Telegram,Seguimiento,Soporte,4,False,Abandonada,False,1
1716,1022,2025-08-13 08:09:47,Facebook,Consultar precios,Soporte,5,False,Abandonada,False,1
1717,1396,2025-08-15 18:17:55,WhatsApp,Soporte técnico,Soporte,12,False,Finalizada,True,5
1718,1623,2025-12-04 18:36:42,Web,Consultar precios,Atención al Cliente,5,False,Finalizada,False,3
1719,572,2025-06-19 11:18:29,Web,Consultar precios,Ventas,3,False,Finalizada,False,4
1720,1559,2025-06-04 20:13:56,WhatsApp,Seguimiento,Atención al Cliente,4,False,Finalizada,False,5
1721,401,2025-12-23 18:09:50,WhatsApp,Agendar servicio,Atención Comercial,5,False,Finalizada,True,5
1722,105,2025-03-05 09:01:19,WhatsApp,Seguimiento,Postventa,5,True,Finalizada,True,2
1723,830,2025-01-20 16:59:05,WhatsApp,Cancelar servicio,Postventa,2,False,Abandonada,False,2
1724,1161,2025-12-26 05:32:09,WhatsApp,Consultar precios,Atención al Cliente,3,False,Finalizada,True,5
1725,1877,2025-10-13 20:19:23,Facebook,Solicitar información,Atención Comercial,6,False,Finalizada,True,5
1726,81,2025-07-29 20:58:17,Instagram,Soporte técnico,Atención al Cliente,14,False,Finalizada,False,4
1727,1503,2025-05-02 20:00:15,WhatsApp,Seguimiento,Atención al Cliente,4,False,Finalizada,True,5
1728,284,2025-05-05 18:44:58,Instagram,Agendar servicio,Postventa,7,False,Finalizada,True,5
1729,12,2025-07-14 13:52:18,WhatsApp,Soporte técnico,Ventas,16,False,Finalizada,False,4
1730,1422,2025-10-25 20:42:05,Telegram,Reclamo,Soporte,13,False,Finalizada,False,4
1731,1852,2025-07-27 16:15:51,WhatsApp,Seguimiento,Atención Comercial,5,False,Finalizada,True,5
1732,1494,2025-10-24 02:09:50,Web,Solicitar información,Atención al Cliente,4,False,Finalizada,False,3
1733,367,2025-11-01 03:03:45,WhatsApp,Cancelar servicio,Postventa,3,False,Finalizada,False,4
1734,897,2025-10-15 18:29:14,WhatsApp,Reclamo,Postventa,11,False,Abandonada,False,1
1735,1824,2025-10-30 16:33:35,WhatsApp,Agendar servicio,Soporte,6,False,Finalizada,False,5
1736,125,2025-10-14 13:45:27,Web,Cancelar servicio,Soporte,3,False,Finalizada,False,4
1737,1224,2025-02-17 20:39:03,WhatsApp,Soporte técnico,Atención al Cliente,18,False,Abandonada,False,1
1738,1466,2025-09-09 10:31:29,WhatsApp,Seguimiento,Ventas,5,False,Finalizada,True,5
1739,1537,2025-09-02 19:44:44,Facebook,Agendar servicio,Ventas,6,False,Abandonada,False,1
1740,512,2025-12-30 18:11:18,WhatsApp,Agendar servicio,Soporte,8,False,Finalizada,True,5
1741,487,2025-02-11 13:29:58,WhatsApp,Reclamo,Atención Comercial,8,True,Finalizada,True,2
1742,872,2025-08-18 03:54:48,WhatsApp,Soporte técnico,Atención Comercial,15,False,Finalizada,True,5
1743,964,2025-11-18 12:16:54,Web,Seguimiento,Soporte,5,False,Finalizada,True,5
1744,1065,2025-09-10 13:35:22,Telegram,Cancelar servicio,Atención al Cliente,2,False,Finalizada,True,5
1745,387,2025-02-27 10:20:04,Web,Solicitar información,Atención Comercial,5,False,Abandonada,False,1
1746,1506,2025-08-08 18:03:01,Facebook,Cancelar servicio,Atención al Cliente,3,False,Finalizada,False,3
1747,986,2025-11-22 19:10:32,Facebook,Cancelar servicio,Soporte,3,False,Finalizada,True,5
1748,529,2025-06-15 19:58:58,Facebook,Solicitar información,Atención al Cliente,4,False,Finalizada,False,4
1749,1663,2025-05-22 13:49:58,WhatsApp,Soporte técnico,Atención al Cliente,14,False,Finalizada,False,3
1750,934,2025-12-24 19:27:41,WhatsApp,Seguimiento,Postventa,6,False,Finalizada,True,5
1751,1586,2025-04-23 13:18:21,Instagram,Reclamo,Atención al Cliente,9,True,Abandonada,False,2
1752,205,2025-09-23 18:28:57,Web,Soporte técnico,Atención al Cliente,10,False,Finalizada,False,3
1753,350,2025-10-16 13:36:21,Web,Consultar precios,Atención Comercial,3,False,Finalizada,False,3
1754,61,2025-09-21 20:08:14,Facebook,Cancelar servicio,Atención al Cliente,2,False,Finalizada,True,4
1755,232,2025-11-09 20:42:30,Web,Solicitar información,Soporte,5,False,Finalizada,True,4
1756,1737,2025-06-18 12:37:54,Web,Reclamo,Ventas,14,False,Finalizada,True,4
1757,1488,2025-06-05 19:20:03,Facebook,Agendar servicio,Postventa,7,False,Finalizada,True,4
1758,52,2025-08-01 20:11:59,WhatsApp,Agendar servicio,Ventas,7,False,Abandonada,False,1
1759,688,2025-09-04 18:02:32,Web,Consultar precios,Atención al Cliente,4,False,Finalizada,True,4
1760,1360,2025-05-14 19:17:46,Web,Soporte técnico,Soporte,18,True,Finalizada,False,2
1761,1692,2025-02-18 05:52:33,WhatsApp,Consultar precios,Atención Comercial,4,False,Finalizada,False,3
1762,1679,2025-10-18 19:52:24,Instagram,Seguimiento,Atención al Cliente,5,False,Finalizada,False,4
1763,1327,2025-03-09 20:01:17,Web,Solicitar información,Atención Comercial,6,False,Abandonada,False,1
1764,724,2025-01-20 12:04:37,Web,Seguimiento,Atención al Cliente,6,False,Finalizada,False,3
1765,1274,2025-07-18 18:11:13,WhatsApp,Reclamo,Atención al Cliente,15,False,Finalizada,False,3
1766,1002,2025-11-07 19:48:31,WhatsApp,Cancelar servicio,Soporte,2,False,Finalizada,True,5
1767,384,2025-11-17 12:38:26,WhatsApp,Cancelar servicio,Postventa,4,False,Abandonada,False,2
1768,25,2025-06-21 20:02:40,WhatsApp,Soporte técnico,Soporte,16,False,Finalizada,False,3
1769,1397,2025-06-09 12:24:23,Facebook,Cancelar servicio,Atención al Cliente,4,False,Finalizada,False,4
1770,1336,2025-06-06 16:01:23,WhatsApp,Soporte técnico,Soporte,13,False,Abandonada,False,1
1771,1415,2025-11-08 13:31:58,Instagram,Solicitar información,Soporte,6,False,Finalizada,False,3
1772,1998,2025-11-24 18:53:37,Web,Reclamo,Atención al Cliente,8,True,Finalizada,False,3
1773,133,2025-07-21 10:41:27,Web,Seguimiento,Atención Comercial,6,False,Finalizada,True,5
1774,443,2025-01-06 19:45:09,WhatsApp,Consultar precios,Atención Comercial,5,False,Finalizada,False,4
1775,1871,2025-08-10 13:10:09,WhatsApp,Cancelar servicio,Postventa,2,False,Finalizada,True,4
1776,1920,2025-02-10 13:23:19,WhatsApp,Seguimiento,Atención Comercial,7,False,Finalizada,False,4
1777,197,2025-07-02 19:29:33,Instagram,Reclamo,Postventa,13,False,Finalizada,True,5
1778,1335,2025-07-31 12:25:56,WhatsApp,Reclamo,Atención Comercial,9,False,Finalizada,True,5
1779,1535,2025-11-24 10:42:55,Web,Consultar precios,Atención Comercial,4,False,Finalizada,True,5
1780,773,2025-06-08 08:11:13,Facebook,Reclamo,Soporte,10,False,Finalizada,False,4
1781,939,2025-09-15 00:58:34,Web,Cancelar servicio,Soporte,2,False,Finalizada,True,5
1782,55,2025-03-20 13:53:56,Web,Reclamo,Atención Comercial,10,False,Finalizada,True,4
1783,862,2025-01-06 18:33:36,WhatsApp,Solicitar información,Atención Comercial,6,False,Finalizada,True,5
1784,178,2025-03-26 19:31:32,Web,Solicitar información,Ventas,5,False,Finalizada,False,4
1785,223,2025-01-07 13:27:06,WhatsApp,Reclamo,Postventa,15,True,Abandonada,False,1
1786,1859,2025-10-16 19:29:23,WhatsApp,Cancelar servicio,Soporte,3,True,Abandonada,False,1
1787,788,2025-04-14 12:43:54,Web,Soporte técnico,Atención Comercial,12,False,Finalizada,False,5
1788,1124,2025-06-27 20:23:09,WhatsApp,Agendar servicio,Atención al Cliente,5,False,Finalizada,True,5
1789,1405,2025-09-21 18:58:26,WhatsApp,Consultar precios,Soporte,5,False,Abandonada,False,1
1790,1702,2025-02-18 20:11:28,Facebook,Reclamo,Atención Comercial,15,False,Abandonada,False,2
1791,1147,2025-07-13 13:56:13,Web,Soporte técnico,Soporte,12,False,Finalizada,True,5
1792,993,2025-09-18 13:33:31,Web,Seguimiento,Atención al Cliente,7,False,Finalizada,False,4
1793,1306,2025-11-26 19:54:29,Web,Soporte técnico,Soporte,17,False,Finalizada,True,5
1794,183,2025-03-08 12:17:49,Web,Seguimiento,Atención al Cliente,5,False,Finalizada,False,3
1795,181,2025-06-19 19:07:49,Telegram,Consultar precios,Atención al Cliente,4,False,Abandonada,False,1
1796,2000,2025-01-12 18:29:21,Web,Reclamo,Postventa,15,False,Finalizada,True,5
1797,220,2025-08-18 15:59:24,Facebook,Soporte técnico,Postventa,13,False,Abandonada,False,1
1798,1085,2025-12-10 18:23:18,WhatsApp,Consultar precios,Atención al Cliente,3,False,Finalizada,False,3
1799,1894,2025-05-20 20:58:54,Telegram,Cancelar servicio,Soporte,2,True,Finalizada,False,2
1800,1286,2025-03-27 13:30:54,WhatsApp,Consultar precios,Soporte,3,False,Finalizada,True,4
1801,102,2025-06-06 18:47:50,Instagram,Seguimiento,Postventa,7,False,Finalizada,True,5
1802,460,2025-10-16 20:10:49,WhatsApp,Agendar servicio,Ventas,5,False,Finalizada,True,4
1803,1355,2025-07-14 19:13:57,Web,Agendar servicio,Atención Comercial,8,False,Abandonada,False,2
1804,840,2025-11-19 12:04:22,WhatsApp,Reclamo,Atención Comercial,11,False,Finalizada,True,5
1805,964,2025-03-29 20:25:07,Web,Agendar servicio,Soporte,6,False,Abandonada,False,2
1806,1758,2025-03-29 04:30:51,WhatsApp,Seguimiento,Soporte,4,False,Finalizada,True,5
1807,902,2025-02-27 16:21:11,Instagram,Seguimiento,Soporte,6,False,Finalizada,True,5
1808,1613,2025-06-20 18:02:20,Telegram,Solicitar información,Soporte,5,False,Finalizada,True,5
1809,864,2025-04-23 20:39:09,WhatsApp,Cancelar servicio,Atención al Cliente,2,False,Abandonada,False,1
1810,797,2025-06-22 10:50:54,Instagram,Solicitar información,Atención Comercial,4,False,Finalizada,True,5
1811,672,2025-06-03 10:56:48,WhatsApp,Agendar servicio,Postventa,8,False,Finalizada,True,5
1812,315,2025-06-19 10:26:52,WhatsApp,Soporte técnico,Ventas,14,True,Finalizada,False,3
1813,832,2025-07-23 13:53:31,WhatsApp,Consultar precios,Atención Comercial,4,False,Finalizada,False,3
1814,727,2025-12-23 19:19:53,Web,Cancelar servicio,Atención Comercial,2,False,Abandonada,False,1
1815,226,2025-01-26 19:06:56,Instagram,Solicitar información,Soporte,4,False,Abandonada,False,1
1816,977,2025-10-16 20:31:56,Facebook,Soporte técnico,Ventas,14,True,Finalizada,False,3
1817,714,2025-04-06 18:44:57,WhatsApp,Agendar servicio,Ventas,6,False,Finalizada,True,5
1818,709,2025-12-19 18:12:27,WhatsApp,Seguimiento,Ventas,4,True,Finalizada,True,2
1819,1145,2025-09-08 19:54:45,Facebook,Soporte técnico,Soporte,16,True,Abandonada,False,2
1820,157,2025-09-03 12:58:30,Web,Seguimiento,Postventa,7,False,Finalizada,True,5
1821,1960,2025-03-22 10:55:30,Web,Seguimiento,Atención Comercial,4,False,Abandonada,False,2
1822,1862,2025-09-28 19:08:30,WhatsApp,Reclamo,Soporte,12,False,Finalizada,True,5
1823,1505,2025-07-23 18:11:13,Instagram,Soporte técnico,Ventas,14,False,Finalizada,True,4
1824,537,2025-10-24 20:10:46,WhatsApp,Solicitar información,Atención Comercial,5,False,Finalizada,False,4
1825,752,2025-03-28 18:35:39,WhatsApp,Consultar precios,Atención al Cliente,5,False,Finalizada,True,5
1826,1970,2025-09-17 10:00:52,WhatsApp,Consultar precios,Soporte,4,False,Finalizada,False,4
1827,1487,2025-08-10 12:42:46,WhatsApp,Seguimiento,Postventa,6,False,Finalizada,True,5
1828,299,2025-04-29 08:02:36,Web,Solicitar información,Atención Comercial,4,False,Finalizada,True,5
1829,777,2025-02-07 13:32:48,WhatsApp,Soporte técnico,Postventa,18,False,Finalizada,False,4
1830,216,2025-02-28 12:49:57,WhatsApp,Reclamo,Postventa,8,False,Abandonada,False,1
1831,1112,2025-11-04 15:14:53,Web,Solicitar información,Postventa,4,False,Finalizada,False,3
1832,37,2025-11-22 12:26:21,Instagram,Reclamo,Ventas,11,True,Finalizada,False,2
1833,874,2025-07-21 19:27:36,WhatsApp,Reclamo,Soporte,9,False,Finalizada,True,5
1834,578,2025-06-14 15:59:19,Web,Consultar precios,Postventa,3,False,Finalizada,False,4
1835,1932,2025-06-30 19:39:15,Telegram,Reclamo,Ventas,10,False,Finalizada,False,4
1836,754,2025-09-27 05:14:57,WhatsApp,Soporte técnico,Ventas,18,False,Finalizada,False,4
1837,1229,2025-02-15 20:12:38,Web,Seguimiento,Postventa,4,False,Finalizada,True,4
1838,39,2025-11-08 18:08:30,Web,Seguimiento,Postventa,5,False,Abandonada,False,2
1839,715,2025-06-09 09:19:25,Web,Solicitar información,Atención al Cliente,5,False,Finalizada,True,5
1840,149,2025-07-06 19:40:04,Web,Seguimiento,Atención al Cliente,5,False,Finalizada,False,3
1841,327,2025-11-29 12:27:18,WhatsApp,Agendar servicio,Postventa,6,False,Finalizada,False,5
1842,1083,2025-03-04 18:59:47,Instagram,Reclamo,Atención al Cliente,10,False,Finalizada,False,4
1843,911,2025-06-09 10:51:52,Instagram,Reclamo,Atención al Cliente,11,False,Finalizada,False,4
1844,1895,2025-10-23 19:17:13,WhatsApp,Agendar servicio,Postventa,7,False,Finalizada,False,5
1845,19,2025-05-10 19:59:04,Instagram,Solicitar información,Atención Comercial,6,False,Finalizada,False,3
1846,730,2025-05-14 18:07:39,Web,Cancelar servicio,Atención Comercial,4,False,Finalizada,False,5
1847,861,2025-07-13 12:58:34,Facebook,Consultar precios,Atención Comercial,5,False,Finalizada,True,4
1848,825,2025-12-31 19:09:15,WhatsApp,Soporte técnico,Soporte,18,True,Finalizada,False,2
1849,1085,2025-05-08 18:41:40,WhatsApp,Consultar precios,Soporte,5,False,Abandonada,False,1
1850,219,2025-10-14 08:32:58,Web,Agendar servicio,Soporte,5,False,Finalizada,True,4
1851,1351,2025-02-20 13:56:55,WhatsApp,Agendar servicio,Ventas,7,False,Finalizada,True,4
1852,593,2025-01-06 12:41:16,WhatsApp,Solicitar información,Soporte,6,False,Finalizada,True,5
1853,1275,2025-06-26 15:47:11,WhatsApp,Soporte técnico,Soporte,15,False,Finalizada,False,5
1854,639,2025-02-14 15:56:04,WhatsApp,Cancelar servicio,Soporte,2,False,Finalizada,False,3
1855,1398,2025-08-12 13:49:27,Facebook,Soporte técnico,Postventa,11,False,Finalizada,True,5
1856,1211,2025-09-05 15:17:15,WhatsApp,Reclamo,Atención Comercial,9,False,Finalizada,True,5
1857,565,2025-11-13 13:52:42,WhatsApp,Reclamo,Postventa,15,True,Finalizada,True,2
1858,195,2025-06-04 08:29:36,Instagram,Seguimiento,Atención al Cliente,4,False,Finalizada,False,3
1859,1115,2025-07-09 19:45:16,Web,Solicitar información,Ventas,5,False,Finalizada,False,3
1860,1552,2025-08-27 09:15:44,Web,Solicitar información,Ventas,6,False,Finalizada,True,5
1861,260,2025-09-12 20:53:06,WhatsApp,Consultar precios,Atención al Cliente,3,False,Finalizada,True,5
1862,1865,2025-01-09 12:10:11,Web,Reclamo,Atención Comercial,15,False,Finalizada,True,5
1863,940,2025-08-04 09:47:56,WhatsApp,Cancelar servicio,Soporte,4,False,Finalizada,False,4
1864,1378,2025-12-07 13:53:57,Web,Solicitar información,Atención Comercial,6,False,Finalizada,False,4
1865,1472,2025-05-13 20:54:51,Web,Consultar precios,Postventa,4,False,Finalizada,False,3
1866,1099,2025-01-21 12:53:47,Facebook,Consultar precios,Soporte,4,False,Finalizada,False,3
1867,1628,2025-05-23 13:07:09,WhatsApp,Reclamo,Atención Comercial,14,False,Finalizada,False,4
1868,1123,2025-01-08 13:15:55,Facebook,Seguimiento,Postventa,6,False,Finalizada,False,3
1869,1371,2025-07-23 11:38:17,Facebook,Solicitar información,Atención Comercial,4,False,Finalizada,True,5
1870,1957,2025-01-08 02:44:22,Web,Cancelar servicio,Atención Comercial,4,False,Finalizada,True,5
1871,541,2025-01-22 15:54:16,Instagram,Soporte técnico,Atención al Cliente,14,False,Finalizada,False,4
1872,1998,2025-10-21 18:04:41,WhatsApp,Reclamo,Atención al Cliente,11,False,Finalizada,True,5
1873,1113,2025-04-28 03:56:19,WhatsApp,Seguimiento,Atención al Cliente,6,False,Finalizada,True,5
1874,1668,2025-12-01 11:22:48,Facebook,Solicitar información,Ventas,6,False,Abandonada,False,1
1875,883,2025-06-26 18:37:38,WhatsApp,Agendar servicio,Atención al Cliente,6,False,Finalizada,False,4
1876,174,2025-12-15 12:40:10,Telegram,Solicitar información,Soporte,4,False,Finalizada,False,4
1877,1407,2025-01-08 18:24:52,WhatsApp,Solicitar información,Soporte,5,False,Finalizada,True,5
1878,76,2025-05-18 04:31:10,Web,Consultar precios,Postventa,4,False,Abandonada,False,1
1879,281,2025-06-06 18:33:48,Facebook,Seguimiento,Ventas,7,False,Finalizada,True,5
1880,1051,2025-07-10 18:16:01,WhatsApp,Soporte técnico,Atención al Cliente,14,False,Finalizada,True,5
1881,1254,2025-05-05 13:20:51,Web,Soporte técnico,Postventa,14,False,Finalizada,True,5
1882,823,2025-01-28 20:34:50,Web,Consultar precios,Atención Comercial,4,False,Finalizada,False,5
1883,992,2025-07-21 13:58:51,WhatsApp,Soporte técnico,Soporte,10,True,Finalizada,True,1
1884,521,2025-03-08 09:24:33,WhatsApp,Reclamo,Atención al Cliente,9,False,Abandonada,False,1
1885,602,2025-10-29 17:20:15,WhatsApp,Agendar servicio,Soporte,6,False,Finalizada,True,5
1886,1298,2025-02-02 00:08:20,WhatsApp,Agendar servicio,Ventas,8,False,Finalizada,False,5
1887,1900,2025-07-10 15:49:02,WhatsApp,Soporte técnico,Soporte,18,False,Finalizada,True,4
1888,69,2025-06-29 19:23:36,Facebook,Seguimiento,Postventa,5,False,Finalizada,True,5
1889,889,2025-01-31 20:45:08,WhatsApp,Solicitar información,Soporte,6,True,Finalizada,False,2
1890,969,2025-02-22 20:02:58,WhatsApp,Solicitar información,Atención Comercial,4,False,Finalizada,False,3
1891,1705,2025-04-23 13:36:24,Web,Seguimiento,Atención Comercial,4,False,Finalizada,False,3
1892,1540,2025-01-18 20:25:07,Instagram,Consultar precios,Ventas,3,False,Finalizada,False,3
1893,768,2025-08-24 11:11:06,WhatsApp,Soporte técnico,Atención Comercial,11,False,Finalizada,False,3
1894,1187,2025-10-10 20:43:28,WhatsApp,Reclamo,Postventa,11,True,Finalizada,False,3
1895,1773,2025-08-22 19:20:07,Telegram,Seguimiento,Atención al Cliente,6,False,Finalizada,False,3
1896,105,2025-03-14 18:16:23,Facebook,Seguimiento,Atención Comercial,4,False,Finalizada,False,4
1897,469,2025-01-15 10:58:57,WhatsApp,Soporte técnico,Postventa,10,False,Abandonada,False,1
1898,988,2025-07-03 13:38:55,WhatsApp,Consultar precios,Ventas,4,False,Finalizada,False,3
1899,702,2025-10-20 13:55:02,Web,Agendar servicio,Postventa,5,False,Finalizada,False,3
1900,1069,2025-05-13 20:03:53,WhatsApp,Solicitar información,Postventa,4,False,Finalizada,True,5
1901,953,2025-05-30 03:59:43,Facebook,Seguimiento,Ventas,7,False,Finalizada,True,5
1902,145,2025-07-06 12:08:47,WhatsApp,Consultar precios,Atención al Cliente,3,False,Abandonada,False,1
1903,928,2025-11-26 18:36:14,WhatsApp,Solicitar información,Atención al Cliente,4,False,Finalizada,True,5
1904,1424,2025-11-09 18:40:34,Web,Agendar servicio,Atención al Cliente,5,False,Finalizada,False,4
1905,635,2025-07-01 19:04:50,Facebook,Reclamo,Atención Comercial,8,False,Finalizada,False,3
1906,734,2025-01-20 18:56:59,Web,Consultar precios,Postventa,3,False,Finalizada,False,3
1907,357,2025-12-26 18:33:17,Facebook,Solicitar información,Soporte,4,False,Finalizada,True,5
1908,1264,2025-02-20 20:02:45,WhatsApp,Soporte técnico,Atención al Cliente,10,False,Finalizada,False,5
1909,1656,2025-09-01 13:20:16,Telegram,Reclamo,Ventas,14,False,Abandonada,False,1
1910,495,2025-02-08 17:25:20,Web,Solicitar información,Ventas,5,False,Finalizada,True,5
1911,1947,2025-10-02 09:00:45,Web,Solicitar información,Ventas,6,True,Finalizada,True,2
1912,843,2025-09-13 08:28:45,WhatsApp,Seguimiento,Ventas,4,False,Finalizada,False,3
1913,102,2025-06-17 19:06:39,WhatsApp,Cancelar servicio,Soporte,4,False,Finalizada,True,5
1914,1076,2025-04-27 18:40:43,Facebook,Cancelar servicio,Atención Comercial,3,False,Finalizada,False,5
1915,1893,2025-01-10 04:35:37,Facebook,Reclamo,Atención al Cliente,13,False,Finalizada,True,5
1916,376,2025-04-18 19:31:36,WhatsApp,Cancelar servicio,Atención al Cliente,4,False,Finalizada,False,4
1917,856,2025-08-05 13:54:50,Telegram,Reclamo,Ventas,10,True,Finalizada,False,1
1918,401,2025-05-14 12:05:40,Web,Seguimiento,Soporte,5,False,Finalizada,False,4
1919,1070,2025-11-04 12:44:10,Web,Seguimiento,Atención al Cliente,4,False,Finalizada,True,5
1920,609,2025-09-04 20:11:45,WhatsApp,Agendar servicio,Ventas,5,False,Abandonada,False,1
1921,398,2025-05-13 20:15:18,Instagram,Solicitar información,Ventas,6,False,Abandonada,False,2
1922,1036,2025-05-09 18:05:06,WhatsApp,Seguimiento,Soporte,6,False,Finalizada,True,4
1923,1693,2025-01-03 08:06:46,Facebook,Consultar precios,Ventas,4,False,Finalizada,False,3
1924,179,2025-10-25 12:06:23,WhatsApp,Solicitar información,Ventas,5,False,Finalizada,False,4
1925,1505,2025-06-08 00:34:44,Web,Seguimiento,Soporte,7,False,Finalizada,False,3
1926,403,2025-02-17 12:51:25,Facebook,Seguimiento,Postventa,6,False,Finalizada,False,3
1927,1375,2025-07-13 17:02:41,Web,Cancelar servicio,Soporte,2,False,Finalizada,False,3
1928,1235,2025-11-03 13:21:12,Facebook,Seguimiento,Atención al Cliente,6,True,Finalizada,False,2
1929,1811,2025-09-28 13:02:05,Web,Soporte técnico,Postventa,14,False,Abandonada,False,1
1930,1091,2025-08-25 13:40:39,WhatsApp,Cancelar servicio,Atención al Cliente,4,False,Finalizada,True,4
1931,402,2025-05-31 13:07:19,Web,Cancelar servicio,Soporte,2,True,Finalizada,True,2
1932,1332,2025-09-10 18:08:45,WhatsApp,Seguimiento,Atención Comercial,7,True,Finalizada,True,2
1933,1084,2025-12-31 13:48:59,WhatsApp,Agendar servicio,Atención al Cliente,7,False,Abandonada,False,1
1934,1008,2025-09-22 20:24:03,WhatsApp,Seguimiento,Ventas,6,False,Finalizada,False,5
1935,1090,2025-12-04 12:37:38,WhatsApp,Seguimiento,Ventas,6,False,Finalizada,False,4
1936,1720,2025-12-10 09:02:48,Web,Agendar servicio,Soporte,7,False,Finalizada,True,4
1937,1446,2025-02-05 09:03:23,Web,Soporte técnico,Soporte,12,True,Abandonada,False,1
1938,532,2025-03-27 13:50:02,WhatsApp,Seguimiento,Atención Comercial,6,False,Finalizada,False,3
1939,895,2025-04-14 11:08:25,Web,Reclamo,Ventas,10,False,Abandonada,False,1
1940,1336,2025-10-07 15:36:38,Web,Cancelar servicio,Ventas,3,True,Finalizada,False,2
1941,48,2025-11-30 12:25:02,WhatsApp,Reclamo,Postventa,14,False,Finalizada,False,4
1942,852,2025-10-19 12:01:41,WhatsApp,Soporte técnico,Ventas,12,False,Abandonada,False,1
1943,319,2025-08-02 08:18:00,Instagram,Agendar servicio,Atención Comercial,6,False,Finalizada,False,3
1944,781,2025-05-09 17:12:21,WhatsApp,Seguimiento,Postventa,6,False,Finalizada,True,5
1945,943,2025-06-09 20:58:56,Facebook,Soporte técnico,Atención Comercial,17,False,Finalizada,True,5
1946,1613,2025-04-22 12:39:13,Web,Consultar precios,Atención Comercial,4,False,Finalizada,True,5
1947,1567,2025-08-30 04:16:36,WhatsApp,Seguimiento,Soporte,7,False,Finalizada,False,5
1948,163,2025-12-05 18:57:26,WhatsApp,Seguimiento,Postventa,4,False,Finalizada,False,4
1949,371,2025-03-06 02:52:23,WhatsApp,Seguimiento,Atención Comercial,7,False,Finalizada,False,3
1950,402,2025-07-19 19:47:37,Facebook,Consultar precios,Atención Comercial,5,False,Finalizada,False,3
1951,209,2025-05-26 18:17:06,Facebook,Solicitar información,Atención Comercial,4,False,Finalizada,False,3
1952,633,2025-05-10 03:05:27,Web,Reclamo,Soporte,14,True,Finalizada,False,3
1953,533,2025-07-28 03:56:41,Web,Soporte técnico,Soporte,15,False,Finalizada,False,4
1954,1727,2025-05-08 13:08:05,Instagram,Soporte técnico,Postventa,16,False,Abandonada,False,1
1955,451,2025-10-18 02:23:58,WhatsApp,Soporte técnico,Postventa,12,False,Finalizada,True,5
1956,841,2025-12-03 20:54:21,WhatsApp,Agendar servicio,Atención al Cliente,6,False,Finalizada,True,5
1957,1182,2025-10-24 01:33:08,WhatsApp,Solicitar información,Atención al Cliente,4,False,Finalizada,True,5
1958,1397,2025-03-27 15:36:46,WhatsApp,Soporte técnico,Ventas,17,False,Finalizada,True,5
1959,1725,2025-09-14 16:49:07,WhatsApp,Soporte técnico,Atención al Cliente,11,False,Finalizada,True,5
1960,1066,2025-08-11 13:06:29,Web,Seguimiento,Ventas,5,False,Finalizada,False,3
1961,1782,2025-08-18 12:40:42,Web,Soporte técnico,Ventas,10,False,Finalizada,False,4
1962,371,2025-08-14 12:47:36,WhatsApp,Consultar precios,Postventa,3,False,Abandonada,False,1
1963,1960,2025-02-02 13:28:49,Facebook,Cancelar servicio,Postventa,4,True,Finalizada,False,2
1964,565,2025-03-30 10:14:26,WhatsApp,Solicitar información,Postventa,5,False,Finalizada,True,5
1965,564,2025-03-21 20:05:32,Telegram,Solicitar información,Soporte,5,False,Finalizada,False,5
1966,216,2025-10-16 19:15:45,WhatsApp,Solicitar información,Soporte,5,False,Finalizada,True,5
1967,627,2025-11-26 10:31:35,WhatsApp,Soporte técnico,Soporte,10,True,Finalizada,True,1
1968,1059,2025-11-14 18:14:28,WhatsApp,Cancelar servicio,Ventas,2,False,Finalizada,True,5
1969,821,2025-07-03 19:54:35,WhatsApp,Solicitar información,Ventas,4,False,Finalizada,True,5
1970,319,2025-10-02 12:33:39,Facebook,Seguimiento,Atención al Cliente,6,True,Finalizada,True,1
1971,951,2025-10-28 20:30:11,Facebook,Cancelar servicio,Ventas,2,False,Finalizada,True,5
1972,89,2025-01-30 12:11:16,Web,Agendar servicio,Postventa,6,False,Finalizada,False,4
1973,1464,2025-06-21 03:09:38,WhatsApp,Reclamo,Atención Comercial,9,False,Finalizada,False,3
1974,380,2025-10-10 08:08:10,WhatsApp,Agendar servicio,Ventas,8,False,Abandonada,False,1
1975,1049,2025-04-26 13:52:36,Web,Reclamo,Ventas,11,False,Finalizada,False,3
1976,1798,2025-01-14 18:54:09,WhatsApp,Agendar servicio,Atención Comercial,5,False,Finalizada,False,4
1977,454,2025-07-01 13:28:40,Telegram,Agendar servicio,Ventas,5,False,Finalizada,True,5
1978,617,2025-01-24 05:33:43,Web,Cancelar servicio,Soporte,3,False,Finalizada,False,3
1979,1700,2025-05-13 12:22:47,Web,Reclamo,Atención Comercial,12,False,Finalizada,False,4
1980,1827,2025-07-03 00:05:07,Web,Solicitar información,Soporte,4,False,Finalizada,False,3
1981,738,2025-03-08 15:15:06,WhatsApp,Cancelar servicio,Postventa,2,False,Finalizada,False,5
1982,497,2025-08-05 20:33:40,WhatsApp,Agendar servicio,Soporte,5,False,Abandonada,False,1
1983,1530,2025-11-11 13:59:28,WhatsApp,Reclamo,Atención al Cliente,8,True,Finalizada,False,3
1984,755,2025-02-11 19:10:17,WhatsApp,Reclamo,Atención al Cliente,9,False,Finalizada,False,4
1985,697,2025-02-27 18:09:28,Telegram,Cancelar servicio,Atención Comercial,4,False,Finalizada,False,4
1986,361,2025-05-28 19:03:48,Instagram,Consultar precios,Ventas,5,False,Finalizada,False,4
1987,729,2025-09-28 13:29:48,Instagram,Seguimiento,Ventas,4,False,Finalizada,False,3
1988,1985,2025-03-03 11:11:20,WhatsApp,Agendar servicio,Atención al Cliente,8,False,Abandonada,False,1
1989,729,2025-09-28 13:51:07,Facebook,Soporte técnico,Atención al Cliente,15,False,Finalizada,False,4
1990,485,2025-03-04 13:48:59,Web,Reclamo,Soporte,11,True,Finalizada,False,2
1991,1109,2025-12-18 18:28:48,WhatsApp,Solicitar información,Postventa,5,True,Finalizada,True,2
1992,572,2025-11-09 12:04:23,Telegram,Cancelar servicio,Ventas,2,False,Finalizada,False,4
1993,1038,2025-02-13 20:02:19,Instagram,Cancelar servicio,Postventa,4,False,Finalizada,False,4
1994,225,2025-05-10 08:01:59,WhatsApp,Seguimiento,Postventa,7,False,Finalizada,False,3
1995,1516,2025-07-17 18:47:39,Instagram,Cancelar servicio,Soporte,2,False,Abandonada,False,1
1996,1283,2025-04-05 19:41:19,Facebook,Soporte técnico,Ventas,12,False,Finalizada,False,4
1997,571,2025-03-01 00:29:17,WhatsApp,Reclamo,Ventas,14,False,Finalizada,False,5
1998,491,2025-01-05 09:49:13,Web,Seguimiento,Postventa,7,False,Finalizada,False,4
1999,1111,2025-08-31 12:14:38,WhatsApp,Agendar servicio,Ventas,5,False,Finalizada,True,5
2000,1562,2025-09-23 02:03:49,Facebook,Reclamo,Postventa,9,False,Finalizada,False,3
2001,378,2025-10-03 09:08:51,Instagram,Agendar servicio,Soporte,5,False,Finalizada,False,4
2002,1189,2025-07-09 15:33:36,WhatsApp,Solicitar información,Postventa,5,False,Abandonada,False,2
2003,832,2025-11-21 20:06:30,WhatsApp,Seguimiento,Ventas,4,True,Finalizada,False,2
2004,1138,2025-03-31 18:18:56,Web,Soporte técnico,Soporte,11,False,Finalizada,False,4
2005,1852,2025-04-28 15:56:59,Web,Consultar precios,Soporte,5,False,Abandonada,False,1
2006,1230,2025-04-18 20:26:00,Facebook,Solicitar información,Postventa,5,False,Finalizada,False,5
2007,517,2025-11-14 04:04:37,Instagram,Agendar servicio,Soporte,5,False,Finalizada,False,4
2008,1655,2025-05-30 00:36:34,Facebook,Soporte técnico,Postventa,10,False,Finalizada,False,3
2009,569,2025-09-02 15:09:13,WhatsApp,Agendar servicio,Atención Comercial,7,False,Finalizada,True,5
2010,894,2025-11-17 19:08:38,Facebook,Soporte técnico,Ventas,15,False,Abandonada,False,2
2011,513,2025-06-17 13:46:14,Facebook,Soporte técnico,Postventa,12,False,Finalizada,False,4
2012,986,2025-05-06 17:35:33,Instagram,Agendar servicio,Postventa,8,False,Finalizada,True,4
2013,848,2025-11-23 18:00:31,Telegram,Solicitar información,Postventa,6,False,Finalizada,False,4
2014,408,2025-11-27 20:41:29,WhatsApp,Soporte técnico,Ventas,18,False,Finalizada,False,3
2015,1074,2025-02-09 18:23:59,WhatsApp,Cancelar servicio,Soporte,3,False,Finalizada,True,4
2016,1162,2025-05-31 12:51:55,Facebook,Agendar servicio,Atención al Cliente,5,False,Finalizada,False,5
2017,1470,2025-07-05 12:47:43,WhatsApp,Agendar servicio,Atención Comercial,6,True,Finalizada,False,2
2018,1294,2025-02-11 02:33:50,Web,Cancelar servicio,Atención al Cliente,4,False,Finalizada,True,5
2019,783,2025-01-09 05:18:38,WhatsApp,Seguimiento,Soporte,5,False,Finalizada,False,5
2020,1310,2025-02-26 18:50:51,Instagram,Solicitar información,Atención Comercial,4,False,Finalizada,False,3
2021,1241,2025-09-05 18:44:00,WhatsApp,Cancelar servicio,Atención Comercial,4,False,Finalizada,False,3
2022,773,2025-01-05 18:27:48,Facebook,Reclamo,Ventas,11,False,Finalizada,True,5
2023,296,2025-08-05 09:07:57,WhatsApp,Reclamo,Postventa,13,False,Abandonada,False,1
2024,581,2025-01-17 19:17:10,WhatsApp,Cancelar servicio,Ventas,3,False,Finalizada,False,4
2025,1335,2025-04-27 19:43:50,WhatsApp,Reclamo,Atención al Cliente,10,False,Finalizada,True,5
2026,1557,2025-04-02 20:03:37,WhatsApp,Soporte técnico,Postventa,11,False,Finalizada,False,3
2027,1917,2025-09-02 20:30:15,Web,Agendar servicio,Atención al Cliente,6,True,Finalizada,False,1
2028,1446,2025-02-20 19:30:34,WhatsApp,Soporte técnico,Soporte,16,True,Finalizada,True,1
2029,1034,2025-09-18 04:09:38,WhatsApp,Consultar precios,Atención Comercial,3,False,Finalizada,True,5
2030,634,2025-04-25 12:22:59,Web,Solicitar información,Soporte,4,False,Finalizada,False,4
2031,152,2025-12-06 17:38:47,Facebook,Seguimiento,Atención al Cliente,5,False,Finalizada,True,5
2032,1057,2025-03-07 12:09:57,WhatsApp,Consultar precios,Soporte,5,False,Finalizada,False,5
2033,1719,2025-09-18 12:48:26,WhatsApp,Agendar servicio,Soporte,7,False,Finalizada,False,3
2034,643,2025-05-07 13:49:22,WhatsApp,Consultar precios,Soporte,5,False,Finalizada,True,4
2035,1761,2025-08-21 11:27:33,WhatsApp,Agendar servicio,Ventas,6,False,Finalizada,True,5
2036,1181,2025-05-18 20:22:42,Facebook,Soporte técnico,Soporte,14,False,Abandonada,False,2
2037,1062,2025-03-19 20:58:35,WhatsApp,Soporte técnico,Atención al Cliente,17,False,Finalizada,True,5
2038,1609,2025-12-25 20:21:29,WhatsApp,Agendar servicio,Atención Comercial,6,False,Finalizada,True,5
2039,1222,2025-08-22 08:51:21,WhatsApp,Reclamo,Postventa,12,False,Finalizada,True,5
2040,1622,2025-03-23 12:50:06,Web,Soporte técnico,Soporte,16,False,Finalizada,True,5
2041,273,2025-02-24 00:31:38,WhatsApp,Reclamo,Ventas,10,True,Finalizada,False,1
2042,196,2025-05-10 19:56:21,Telegram,Solicitar información,Postventa,5,False,Finalizada,False,4
2043,304,2025-01-31 18:11:59,WhatsApp,Solicitar información,Atención al Cliente,4,False,Finalizada,True,5
2044,1599,2025-03-11 02:39:47,Web,Seguimiento,Atención Comercial,6,False,Finalizada,True,5
2045,203,2025-04-06 19:41:41,WhatsApp,Cancelar servicio,Ventas,4,False,Finalizada,False,3
2046,1608,2025-05-10 12:12:38,WhatsApp,Reclamo,Atención Comercial,13,False,Finalizada,True,5
2047,1276,2025-08-10 01:45:21,WhatsApp,Soporte técnico,Atención al Cliente,18,True,Finalizada,True,2
2048,1550,2025-05-09 20:44:29,Web,Soporte técnico,Atención Comercial,16,True,Finalizada,False,2
2049,1464,2025-10-21 19:12:29,Telegram,Agendar servicio,Atención al Cliente,6,False,Finalizada,False,3
2050,762,2025-07-04 12:55:15,WhatsApp,Seguimiento,Soporte,6,False,Finalizada,True,4
2051,953,2025-02-12 13:11:01,Web,Reclamo,Atención al Cliente,13,False,Finalizada,False,3
2052,1952,2025-04-18 13:42:20,Facebook,Agendar servicio,Soporte,5,False,Abandonada,False,1
2053,16,2025-09-15 13:44:49,Telegram,Reclamo,Soporte,8,False,Finalizada,False,3
2054,743,2025-07-28 13:16:47,Facebook,Solicitar información,Ventas,6,True,Finalizada,True,2
2055,1201,2025-01-29 09:31:25,Web,Agendar servicio,Atención Comercial,8,False,Finalizada,False,4
2056,376,2025-01-19 15:37:43,Web,Consultar precios,Atención al Cliente,5,False,Finalizada,False,3
2057,903,2025-04-05 12:36:07,Web,Agendar servicio,Soporte,8,False,Finalizada,False,4
2058,334,2025-12-19 18:43:52,WhatsApp,Cancelar servicio,Postventa,3,False,Finalizada,True,5
2059,1773,2025-07-26 20:52:23,WhatsApp,Solicitar información,Soporte,5,False,Abandonada,False,1
2060,469,2025-09-24 13:26:46,WhatsApp,Reclamo,Atención al Cliente,13,True,Finalizada,True,1
2061,947,2025-07-02 20:17:37,WhatsApp,Seguimiento,Soporte,4,False,Finalizada,False,4
2062,913,2025-02-21 08:45:47,Facebook,Cancelar servicio,Ventas,4,False,Abandonada,False,2
2063,165,2025-07-10 12:49:53,Instagram,Seguimiento,Soporte,6,False,Finalizada,True,5
2064,1876,2025-02-22 20:26:42,WhatsApp,Soporte técnico,Ventas,15,False,Finalizada,False,4
2065,253,2025-07-20 20:21:21,Web,Consultar precios,Atención al Cliente,3,False,Finalizada,False,5
2066,313,2025-11-20 12:10:48,Telegram,Agendar servicio,Atención Comercial,8,False,Finalizada,False,3
2067,144,2025-09-01 13:38:15,WhatsApp,Soporte técnico,Soporte,16,False,Finalizada,True,5
2068,811,2025-08-10 18:28:07,Web,Agendar servicio,Atención al Cliente,7,False,Abandonada,False,1
2069,287,2025-06-18 18:56:40,Facebook,Solicitar información,Ventas,6,False,Abandonada,False,1
2070,438,2025-10-18 20:01:29,Telegram,Seguimiento,Ventas,7,False,Abandonada,False,1
2071,1368,2025-07-05 18:12:54,WhatsApp,Consultar precios,Soporte,4,False,Finalizada,False,5
2072,1318,2025-07-24 03:02:56,Telegram,Agendar servicio,Atención Comercial,5,False,Finalizada,False,4
2073,1310,2025-01-23 19:15:10,Telegram,Solicitar información,Atención al Cliente,4,False,Finalizada,True,5
2074,1962,2025-06-14 19:23:23,Web,Agendar servicio,Soporte,5,False,Abandonada,False,2
2075,1990,2025-01-27 15:02:28,WhatsApp,Consultar precios,Postventa,4,False,Finalizada,False,4
2076,1241,2025-09-30 19:23:48,Web,Agendar servicio,Ventas,8,False,Finalizada,True,5
2077,808,2025-05-04 04:48:01,WhatsApp,Consultar precios,Soporte,5,False,Finalizada,False,3
2078,1012,2025-10-26 19:43:00,Facebook,Soporte técnico,Postventa,13,False,Finalizada,True,5
2079,173,2025-10-22 13:40:51,Facebook,Cancelar servicio,Atención Comercial,4,False,Finalizada,False,4
2080,1569,2025-04-20 19:47:58,Web,Consultar precios,Atención Comercial,4,False,Finalizada,True,5
2081,1441,2025-05-17 20:43:37,Facebook,Soporte técnico,Atención al Cliente,16,False,Finalizada,True,5
2082,1064,2025-07-03 13:25:10,Facebook,Seguimiento,Soporte,7,False,Finalizada,False,3
2083,1274,2025-10-07 11:54:28,Facebook,Cancelar servicio,Atención al Cliente,2,False,Finalizada,False,4
2084,1738,2025-05-30 13:49:49,WhatsApp,Seguimiento,Soporte,5,False,Abandonada,False,1
2085,1457,2025-06-05 19:20:51,WhatsApp,Reclamo,Ventas,15,False,Abandonada,False,1
2086,1407,2025-06-08 20:58:29,Web,Agendar servicio,Soporte,5,False,Finalizada,False,5
2087,1740,2025-01-31 19:47:43,Facebook,Reclamo,Atención al Cliente,11,False,Abandonada,False,1
2088,1408,2025-06-09 18:54:40,Instagram,Cancelar servicio,Atención al Cliente,2,False,Finalizada,True,5
2089,224,2025-08-03 01:40:33,Facebook,Consultar precios,Soporte,4,False,Finalizada,True,5
2090,537,2025-08-19 18:59:21,Facebook,Consultar precios,Ventas,4,False,Finalizada,True,4
2091,1762,2025-05-12 18:01:08,Web,Solicitar información,Soporte,5,False,Finalizada,False,5
2092,1177,2025-11-07 19:10:50,WhatsApp,Cancelar servicio,Atención Comercial,4,False,Finalizada,True,5
2093,1630,2025-02-17 12:43:45,WhatsApp,Seguimiento,Soporte,6,False,Finalizada,False,4
2094,1766,2025-10-30 13:00:39,Facebook,Seguimiento,Ventas,6,False,Finalizada,False,3
2095,16,2025-11-14 20:21:42,WhatsApp,Consultar precios,Soporte,4,False,Finalizada,False,4
2096,202,2025-09-20 13:42:48,Telegram,Consultar precios,Ventas,5,False,Finalizada,True,5
2097,91,2025-09-03 18:36:22,Telegram,Consultar precios,Atención al Cliente,5,False,Finalizada,False,4
2098,35,2025-04-24 11:29:12,WhatsApp,Cancelar servicio,Postventa,2,False,Finalizada,False,5
2099,1488,2025-04-16 04:35:50,Web,Reclamo,Soporte,9,False,Finalizada,False,3
2100,1889,2025-05-20 13:23:24,WhatsApp,Consultar precios,Atención Comercial,3,False,Abandonada,False,2
2101,1838,2025-04-09 03:59:39,Web,Solicitar información,Atención al Cliente,4,False,Finalizada,True,5
2102,387,2025-11-05 19:28:49,WhatsApp,Consultar precios,Atención Comercial,5,False,Finalizada,False,3
2103,945,2025-02-14 18:55:58,Facebook,Solicitar información,Ventas,5,False,Finalizada,False,4
2104,433,2025-06-29 16:13:20,WhatsApp,Agendar servicio,Ventas,7,False,Abandonada,False,1
2105,534,2025-09-30 12:23:08,Facebook,Cancelar servicio,Postventa,4,False,Finalizada,False,4
2106,89,2025-11-05 20:49:08,Instagram,Seguimiento,Soporte,4,False,Finalizada,False,5
2107,551,2025-04-15 20:05:37,WhatsApp,Agendar servicio,Ventas,6,False,Finalizada,False,4
2108,165,2025-06-10 12:55:10,WhatsApp,Cancelar servicio,Atención al Cliente,2,False,Finalizada,False,4
2109,795,2025-08-20 08:36:36,WhatsApp,Agendar servicio,Atención al Cliente,5,False,Finalizada,False,5
2110,61,2025-08-29 03:20:06,Web,Agendar servicio,Soporte,7,False,Finalizada,True,4
2111,797,2025-10-18 12:26:03,Facebook,Cancelar servicio,Soporte,2,False,Finalizada,True,5
2112,1182,2025-08-08 02:49:34,Telegram,Reclamo,Atención Comercial,12,True,Finalizada,False,2
2113,229,2025-09-11 20:46:46,WhatsApp,Cancelar servicio,Atención Comercial,3,False,Finalizada,True,5
2114,1556,2025-04-06 15:13:32,WhatsApp,Soporte técnico,Postventa,15,False,Finalizada,True,5
2115,179,2025-12-21 13:03:47,Facebook,Solicitar información,Atención Comercial,5,False,Finalizada,False,3
2116,1438,2025-01-26 20:09:55,WhatsApp,Cancelar servicio,Postventa,4,True,Abandonada,False,1
2117,1812,2025-03-08 18:02:11,Facebook,Cancelar servicio,Atención Comercial,3,False,Finalizada,True,5
2118,462,2025-09-28 13:07:08,Web,Soporte técnico,Postventa,16,False,Finalizada,False,3
2119,1339,2025-07-19 05:21:05,Web,Cancelar servicio,Ventas,4,False,Abandonada,False,2
2120,1872,2025-11-22 01:23:47,WhatsApp,Agendar servicio,Atención Comercial,6,False,Finalizada,False,3
2121,432,2025-01-02 13:47:38,WhatsApp,Solicitar información,Atención Comercial,4,False,Finalizada,False,3
2122,1391,2025-07-01 18:36:05,Web,Consultar precios,Atención Comercial,3,False,Finalizada,False,3
2123,1049,2025-10-14 16:06:13,Facebook,Soporte técnico,Postventa,16,True,Finalizada,True,1
2124,1771,2025-11-16 20:50:41,Web,Cancelar servicio,Atención al Cliente,2,True,Finalizada,True,2
2125,912,2025-07-31 20:42:41,WhatsApp,Seguimiento,Ventas,5,True,Finalizada,True,3
2126,432,2025-09-12 03:48:19,WhatsApp,Seguimiento,Postventa,5,False,Finalizada,True,5
2127,143,2025-10-19 13:02:11,Telegram,Soporte técnico,Soporte,15,True,Finalizada,True,2
2128,886,2025-05-30 19:39:20,Web,Cancelar servicio,Ventas,3,False,Finalizada,False,3
2129,1450,2025-05-24 20:00:37,WhatsApp,Cancelar servicio,Ventas,2,False,Finalizada,True,5
2130,639,2025-11-08 13:34:07,Web,Agendar servicio,Postventa,5,False,Finalizada,True,4
2131,776,2025-04-19 13:40:34,WhatsApp,Cancelar servicio,Atención al Cliente,4,False,Finalizada,True,5
2132,1409,2025-04-29 10:50:44,WhatsApp,Seguimiento,Ventas,6,True,Finalizada,False,3
2133,967,2025-03-03 12:47:13,Instagram,Cancelar servicio,Postventa,3,False,Finalizada,False,5
2134,897,2025-07-30 19:15:24,Facebook,Consultar precios,Atención Comercial,5,False,Finalizada,True,5
2135,1065,2025-04-04 18:56:50,WhatsApp,Agendar servicio,Ventas,6,False,Finalizada,False,4
2136,97,2025-12-13 19:43:55,Telegram,Soporte técnico,Postventa,15,False,Finalizada,False,4
2137,1935,2025-10-27 17:06:46,WhatsApp,Seguimiento,Ventas,7,False,Finalizada,True,5
2138,1361,2025-02-04 18:46:20,Web,Soporte técnico,Atención Comercial,14,True,Finalizada,True,3
2139,1718,2025-04-18 12:53:14,Web,Cancelar servicio,Ventas,2,False,Finalizada,True,5
2140,1597,2025-11-14 11:29:31,Instagram,Solicitar información,Atención al Cliente,5,False,Finalizada,False,5
2141,223,2025-07-14 18:21:33,Facebook,Seguimiento,Ventas,4,False,Finalizada,False,4
2142,1969,2025-05-03 19:01:40,Instagram,Soporte técnico,Postventa,10,False,Abandonada,False,1
2143,1696,2025-06-06 12:52:41,Instagram,Reclamo,Atención al Cliente,9,True,Abandonada,False,1
2144,768,2025-11-10 13:09:08,Telegram,Solicitar información,Postventa,4,False,Abandonada,False,1
2145,414,2025-09-27 18:36:34,Facebook,Reclamo,Ventas,15,False,Finalizada,False,4
2146,1207,2025-01-11 12:50:33,WhatsApp,Soporte técnico,Atención al Cliente,11,False,Finalizada,True,5
2147,1831,2025-04-07 13:28:06,WhatsApp,Seguimiento,Atención Comercial,6,False,Finalizada,True,4
2148,620,2025-06-02 11:34:44,WhatsApp,Solicitar información,Soporte,5,True,Abandonada,False,2
2149,1130,2025-12-18 18:19:54,Facebook,Solicitar información,Atención al Cliente,6,False,Finalizada,False,4
2150,63,2025-12-26 05:57:01,WhatsApp,Soporte técnico,Ventas,16,False,Finalizada,False,4
2151,1704,2025-09-07 13:58:19,WhatsApp,Agendar servicio,Postventa,5,False,Finalizada,False,5
2152,1812,2025-12-25 13:05:04,Instagram,Reclamo,Postventa,11,True,Finalizada,False,3
2153,166,2025-08-03 13:36:43,Facebook,Consultar precios,Ventas,4,False,Finalizada,False,4
2154,264,2025-09-03 19:04:09,Facebook,Solicitar información,Ventas,4,False,Finalizada,False,3
2155,519,2025-12-31 11:11:58,WhatsApp,Solicitar información,Atención Comercial,4,False,Finalizada,True,5
2156,1737,2025-08-05 11:39:33,Web,Reclamo,Postventa,14,False,Abandonada,False,2
2157,383,2025-12-18 17:24:54,Facebook,Reclamo,Soporte,14,True,Abandonada,False,2
2158,1149,2025-10-18 18:00:13,WhatsApp,Solicitar información,Ventas,5,False,Finalizada,False,4
2159,1825,2025-06-21 20:41:43,WhatsApp,Agendar servicio,Ventas,5,False,Finalizada,False,3
2160,1653,2025-11-14 17:04:26,Web,Soporte técnico,Atención Comercial,10,True,Finalizada,False,2
2161,690,2025-01-10 15:32:30,Facebook,Reclamo,Atención al Cliente,10,False,Abandonada,False,1
2162,1906,2025-10-30 15:42:00,Facebook,Agendar servicio,Ventas,5,False,Finalizada,True,5
2163,1392,2025-10-20 18:06:58,WhatsApp,Seguimiento,Ventas,7,False,Finalizada,False,3
2164,524,2025-01-24 13:39:24,WhatsApp,Solicitar información,Ventas,4,False,Finalizada,False,3
2165,287,2025-01-15 18:07:22,WhatsApp,Solicitar información,Postventa,4,False,Finalizada,True,5
2166,941,2025-11-14 11:10:51,Web,Soporte técnico,Postventa,18,False,Finalizada,False,5
2167,90,2025-01-21 13:16:57,Instagram,Cancelar servicio,Postventa,2,False,Abandonada,False,2
2168,21,2025-05-25 11:24:49,Facebook,Soporte técnico,Soporte,15,False,Finalizada,False,3
2169,1027,2025-03-01 18:08:31,WhatsApp,Seguimiento,Soporte,4,False,Finalizada,False,4
2170,581,2025-11-28 20:05:54,WhatsApp,Cancelar servicio,Atención Comercial,4,False,Finalizada,True,5
2171,1313,2025-10-11 12:30:58,WhatsApp,Seguimiento,Soporte,5,False,Finalizada,False,4
2172,1406,2025-11-28 04:07:19,Facebook,Solicitar información,Postventa,4,False,Finalizada,False,5
2173,1561,2025-06-03 19:52:52,WhatsApp,Consultar precios,Postventa,4,False,Finalizada,False,3
2174,260,2025-09-20 19:34:56,Web,Soporte técnico,Atención Comercial,14,True,Finalizada,True,3
2175,700,2025-05-26 09:46:22,Web,Solicitar información,Ventas,5,False,Abandonada,False,2
2176,1732,2025-09-19 16:43:34,Instagram,Agendar servicio,Soporte,5,False,Finalizada,True,5
2177,106,2025-11-28 08:16:46,Web,Seguimiento,Soporte,6,False,Finalizada,True,5
2178,1092,2025-05-04 18:48:08,Facebook,Solicitar información,Soporte,5,False,Finalizada,True,5
2179,295,2025-01-12 08:41:28,Facebook,Seguimiento,Ventas,5,True,Finalizada,True,3
2180,783,2025-04-02 13:12:04,WhatsApp,Consultar precios,Postventa,3,False,Finalizada,False,3
2181,1362,2025-07-21 18:38:34,WhatsApp,Consultar precios,Postventa,4,False,Finalizada,False,3
2182,679,2025-01-14 19:37:33,Instagram,Soporte técnico,Postventa,14,True,Finalizada,False,2
2183,889,2025-07-13 13:01:15,Web,Solicitar información,Postventa,5,False,Finalizada,False,3
2184,1828,2025-03-06 19:49:21,WhatsApp,Solicitar información,Soporte,6,False,Finalizada,True,5
2185,1499,2025-11-17 13:10:55,WhatsApp,Reclamo,Ventas,13,False,Finalizada,False,4
2186,1682,2025-12-06 18:00:19,Web,Solicitar información,Atención al Cliente,4,False,Abandonada,False,1
2187,1653,2025-11-18 12:28:28,Web,Solicitar información,Ventas,4,False,Finalizada,True,5
2188,389,2025-01-24 12:03:59,WhatsApp,Agendar servicio,Atención al Cliente,8,False,Finalizada,True,4
2189,1398,2025-11-13 09:52:44,WhatsApp,Soporte técnico,Atención Comercial,18,False,Finalizada,True,4
2190,937,2025-06-29 20:26:37,Web,Agendar servicio,Atención Comercial,5,False,Finalizada,True,5
2191,1927,2025-05-24 12:33:43,WhatsApp,Consultar precios,Soporte,4,False,Finalizada,True,5
2192,973,2025-09-15 16:16:03,Instagram,Agendar servicio,Atención Comercial,5,False,Finalizada,False,5
2193,1646,2025-04-13 19:25:59,WhatsApp,Agendar servicio,Atención al Cliente,6,False,Abandonada,False,1
2194,985,2025-09-02 02:08:31,Web,Solicitar información,Atención al Cliente,5,True,Finalizada,True,3
2195,843,2025-05-11 19:24:06,WhatsApp,Seguimiento,Atención Comercial,7,False,Abandonada,False,2
2196,1569,2025-04-09 12:50:33,Web,Seguimiento,Atención Comercial,5,False,Finalizada,False,5
2197,1802,2025-03-13 20:27:12,WhatsApp,Reclamo,Atención Comercial,8,False,Finalizada,False,4
2198,612,2025-11-16 12:11:48,Web,Reclamo,Ventas,10,False,Abandonada,False,1
2199,1565,2025-06-17 10:19:30,Instagram,Solicitar información,Soporte,4,False,Abandonada,False,1
2200,1305,2025-10-05 08:56:44,WhatsApp,Consultar precios,Postventa,5,False,Abandonada,False,1
2201,1976,2025-04-21 18:00:25,Instagram,Agendar servicio,Postventa,7,False,Abandonada,False,1
2202,1563,2025-11-01 13:08:52,WhatsApp,Seguimiento,Ventas,7,False,Finalizada,True,5
2203,473,2025-01-28 04:28:42,WhatsApp,Consultar precios,Postventa,3,False,Finalizada,False,4
2204,636,2025-02-04 19:05:49,Web,Seguimiento,Ventas,5,False,Finalizada,True,5
2205,474,2025-03-06 17:55:20,Instagram,Consultar precios,Soporte,3,False,Abandonada,False,1
2206,1506,2025-05-17 09:44:37,WhatsApp,Seguimiento,Ventas,5,True,Finalizada,True,2
2207,794,2025-01-17 20:43:53,Web,Soporte técnico,Atención Comercial,10,False,Finalizada,False,4
2208,1502,2025-01-21 13:12:44,Web,Solicitar información,Postventa,5,False,Finalizada,False,4
2209,1218,2025-03-15 13:16:57,Web,Soporte técnico,Ventas,11,True,Finalizada,True,1
2210,892,2025-12-23 11:30:07,WhatsApp,Soporte técnico,Ventas,14,False,Finalizada,True,5
2211,851,2025-01-06 13:36:38,Instagram,Solicitar información,Atención al Cliente,4,False,Finalizada,False,3
2212,1308,2025-12-22 19:37:35,Web,Soporte técnico,Atención Comercial,15,False,Finalizada,False,4
2213,367,2025-07-16 19:09:49,Web,Reclamo,Atención al Cliente,9,True,Finalizada,False,1
2214,914,2025-11-21 13:09:25,Facebook,Solicitar información,Atención al Cliente,5,False,Finalizada,False,3
2215,1118,2025-08-08 04:30:38,Telegram,Reclamo,Ventas,11,False,Abandonada,False,2
2216,241,2025-08-05 03:28:34,Instagram,Seguimiento,Postventa,6,False,Finalizada,False,4
2217,848,2025-03-31 12:03:43,WhatsApp,Reclamo,Atención al Cliente,15,True,Finalizada,True,3
2218,1874,2025-02-07 12:11:25,Web,Solicitar información,Postventa,6,False,Finalizada,True,4
2219,1912,2025-05-08 12:51:33,WhatsApp,Reclamo,Soporte,15,False,Finalizada,True,5
2220,296,2025-10-26 12:48:56,WhatsApp,Soporte técnico,Atención Comercial,17,False,Abandonada,False,1
2221,1172,2025-05-19 18:14:40,Telegram,Cancelar servicio,Postventa,4,False,Finalizada,False,5
2222,1318,2025-06-19 09:44:36,WhatsApp,Consultar precios,Ventas,3,False,Abandonada,False,1
2223,467,2025-12-26 18:07:53,Web,Reclamo,Atención al Cliente,13,False,Finalizada,True,5
2224,1866,2025-09-27 09:30:33,WhatsApp,Agendar servicio,Atención al Cliente,7,False,Abandonada,False,2
2225,826,2025-03-26 19:21:49,Web,Consultar precios,Soporte,5,False,Finalizada,True,5
2226,501,2025-01-11 19:48:22,Telegram,Seguimiento,Ventas,6,False,Finalizada,False,4
2227,1971,2025-02-11 13:33:07,Web,Seguimiento,Atención Comercial,6,True,Finalizada,False,3
2228,1267,2025-11-26 18:21:29,Web,Cancelar servicio,Ventas,4,False,Finalizada,False,3
2229,224,2025-01-14 20:04:50,Telegram,Agendar servicio,Postventa,6,False,Finalizada,True,5
2230,822,2025-01-23 02:07:32,Web,Solicitar información,Ventas,6,False,Finalizada,False,4
2231,1272,2025-12-08 10:07:04,WhatsApp,Solicitar información,Atención al Cliente,5,False,Finalizada,True,5
2232,1495,2025-09-06 13:27:39,Web,Seguimiento,Ventas,7,False,Finalizada,False,3
2233,1570,2025-03-10 18:15:47,WhatsApp,Cancelar servicio,Soporte,4,True,Finalizada,True,2
2234,1481,2025-06-05 19:49:27,WhatsApp,Cancelar servicio,Ventas,2,False,Abandonada,False,1
2235,1699,2025-03-14 16:56:16,Telegram,Agendar servicio,Ventas,8,False,Finalizada,True,5
2236,1462,2025-07-10 12:12:18,Instagram,Reclamo,Atención Comercial,12,False,Abandonada,False,1
2237,844,2025-06-09 12:31:01,WhatsApp,Soporte técnico,Soporte,12,False,Finalizada,True,5
2238,1414,2025-01-13 13:44:38,WhatsApp,Seguimiento,Soporte,5,False,Finalizada,True,5
2239,1179,2025-01-27 04:27:36,Web,Solicitar información,Atención Comercial,6,False,Finalizada,False,4
2240,828,2025-12-06 13:28:14,Web,Soporte técnico,Ventas,17,False,Finalizada,False,3
2241,1058,2025-07-11 19:51:16,Web,Seguimiento,Ventas,4,False,Finalizada,False,4
2242,522,2025-06-14 18:57:56,Web,Soporte técnico,Atención al Cliente,14,True,Finalizada,False,3
2243,1549,2025-01-05 20:37:03,Instagram,Reclamo,Soporte,14,False,Abandonada,False,1
2244,380,2025-06-06 20:09:05,Instagram,Seguimiento,Ventas,6,False,Abandonada,False,2
2245,670,2025-09-19 13:20:24,WhatsApp,Cancelar servicio,Postventa,4,False,Finalizada,True,5
2246,865,2025-05-09 20:49:53,Web,Consultar precios,Atención Comercial,5,False,Finalizada,False,3
2247,92,2025-02-18 19:43:10,Telegram,Reclamo,Ventas,11,True,Finalizada,True,2
2248,406,2025-06-19 19:23:54,Web,Seguimiento,Ventas,6,False,Finalizada,True,5
2249,804,2025-07-26 08:47:02,Web,Agendar servicio,Soporte,7,False,Finalizada,True,5
2250,768,2025-06-29 15:20:09,WhatsApp,Soporte técnico,Soporte,16,False,Finalizada,True,5
2251,775,2025-02-10 12:59:15,Facebook,Seguimiento,Ventas,7,False,Finalizada,False,3
2252,1262,2025-02-18 03:11:07,Instagram,Soporte técnico,Atención Comercial,11,True,Finalizada,False,2
2253,362,2025-11-15 12:54:24,WhatsApp,Agendar servicio,Ventas,7,False,Finalizada,False,4
2254,1518,2025-12-07 13:48:53,Instagram,Solicitar información,Postventa,5,False,Finalizada,False,5
2255,1484,2025-11-28 12:39:04,WhatsApp,Soporte técnico,Ventas,11,True,Finalizada,False,2
2256,1576,2025-08-18 20:28:47,Facebook,Solicitar información,Postventa,6,False,Finalizada,False,4
2257,524,2025-06-02 10:36:56,Telegram,Soporte técnico,Atención Comercial,16,False,Finalizada,False,4
2258,385,2025-01-11 11:55:00,WhatsApp,Soporte técnico,Atención Comercial,14,False,Abandonada,False,1
2259,1067,2025-01-08 18:28:02,Facebook,Consultar precios,Ventas,5,False,Finalizada,False,4
2260,723,2025-08-08 18:04:43,Web,Cancelar servicio,Postventa,4,False,Finalizada,True,5
2261,1830,2025-08-31 12:51:51,WhatsApp,Seguimiento,Ventas,4,False,Finalizada,True,5
2262,399,2025-06-10 09:48:00,WhatsApp,Cancelar servicio,Postventa,2,False,Finalizada,True,4
2263,549,2025-03-07 13:27:38,Facebook,Reclamo,Atención Comercial,9,False,Finalizada,False,4
2264,886,2025-05-04 00:43:09,Telegram,Reclamo,Soporte,15,False,Finalizada,False,3
2265,1444,2025-03-29 19:37:47,Facebook,Soporte técnico,Soporte,13,False,Finalizada,False,3
2266,1003,2025-09-26 18:24:44,Web,Solicitar información,Atención Comercial,6,False,Finalizada,False,4
2267,1292,2025-09-14 17:20:48,Facebook,Soporte técnico,Atención al Cliente,12,False,Finalizada,False,3
2268,128,2025-01-25 19:33:17,Web,Seguimiento,Ventas,7,False,Abandonada,False,2
2269,189,2025-03-15 18:32:26,WhatsApp,Agendar servicio,Soporte,6,False,Finalizada,False,4
2270,382,2025-03-18 19:48:22,Facebook,Soporte técnico,Soporte,11,False,Abandonada,False,2
2271,1516,2025-05-29 18:58:22,Facebook,Cancelar servicio,Atención al Cliente,4,False,Abandonada,False,1
2272,554,2025-08-11 11:32:26,Instagram,Seguimiento,Atención Comercial,4,False,Finalizada,True,5
2273,262,2025-02-16 16:44:29,Facebook,Agendar servicio,Soporte,5,False,Finalizada,False,3
2274,65,2025-04-12 18:02:05,Facebook,Consultar precios,Ventas,4,False,Finalizada,True,4
2275,1082,2025-02-26 19:44:02,Instagram,Reclamo,Atención al Cliente,14,False,Finalizada,False,4
2276,310,2025-04-14 10:04:41,Instagram,Consultar precios,Atención al Cliente,3,False,Finalizada,True,4
2277,221,2025-03-02 12:49:50,Instagram,Consultar precios,Postventa,5,False,Finalizada,False,4
2278,718,2025-05-07 08:26:20,WhatsApp,Soporte técnico,Postventa,18,False,Finalizada,True,5
2279,181,2025-01-13 12:51:41,WhatsApp,Solicitar información,Postventa,5,False,Finalizada,True,4
2280,1381,2025-11-29 12:37:56,WhatsApp,Cancelar servicio,Soporte,4,False,Abandonada,False,1
2281,482,2025-11-30 17:15:19,WhatsApp,Cancelar servicio,Soporte,2,False,Finalizada,True,5
2282,973,2025-05-16 12:43:52,WhatsApp,Solicitar información,Postventa,4,False,Finalizada,False,3
2283,1561,2025-04-12 19:57:13,WhatsApp,Consultar precios,Atención Comercial,5,False,Finalizada,True,5
2284,1106,2025-02-12 19:30:56,WhatsApp,Seguimiento,Atención al Cliente,7,False,Finalizada,True,5
2285,996,2025-04-15 19:40:32,WhatsApp,Reclamo,Soporte,8,True,Finalizada,True,1
2286,1904,2025-08-03 19:30:54,Web,Cancelar servicio,Soporte,3,False,Abandonada,False,1
2287,469,2025-08-24 09:09:17,Facebook,Agendar servicio,Atención al Cliente,8,False,Finalizada,True,5
2288,1015,2025-02-05 10:44:55,WhatsApp,Cancelar servicio,Soporte,4,False,Finalizada,False,3
2289,890,2025-11-05 18:43:33,Facebook,Consultar precios,Atención Comercial,3,False,Finalizada,True,5
2290,939,2025-05-13 10:38:58,Web,Agendar servicio,Ventas,7,False,Finalizada,False,4
2291,970,2025-10-07 10:03:49,Instagram,Soporte técnico,Atención Comercial,15,True,Finalizada,False,3
2292,278,2025-03-31 20:30:20,Web,Cancelar servicio,Atención al Cliente,4,False,Abandonada,False,2
2293,722,2025-05-27 20:39:52,Web,Solicitar información,Postventa,4,False,Abandonada,False,1
2294,1912,2025-09-05 08:41:17,WhatsApp,Cancelar servicio,Ventas,4,False,Finalizada,True,5
2295,1442,2025-01-01 17:00:15,Instagram,Consultar precios,Atención al Cliente,5,False,Finalizada,False,5
2296,988,2025-05-10 19:35:23,WhatsApp,Consultar precios,Ventas,5,False,Abandonada,False,2
2297,251,2025-06-20 20:40:45,WhatsApp,Reclamo,Postventa,12,True,Finalizada,True,3
2298,1490,2025-12-29 20:37:34,Instagram,Cancelar servicio,Atención al Cliente,4,False,Abandonada,False,2
2299,219,2025-02-07 13:57:16,Instagram,Consultar precios,Soporte,3,False,Finalizada,False,3
2300,378,2025-07-20 13:42:35,WhatsApp,Reclamo,Ventas,8,False,Finalizada,True,5
2301,1115,2025-05-31 18:56:57,WhatsApp,Cancelar servicio,Atención al Cliente,4,False,Finalizada,False,3
2302,406,2025-09-19 16:28:20,WhatsApp,Consultar precios,Soporte,3,False,Finalizada,True,4
2303,1968,2025-08-21 13:25:55,WhatsApp,Soporte técnico,Ventas,15,False,Abandonada,False,1
2304,302,2025-03-24 20:42:00,Web,Agendar servicio,Postventa,6,False,Abandonada,False,2
2305,920,2025-05-16 09:10:17,WhatsApp,Reclamo,Ventas,11,False,Finalizada,True,5
2306,610,2025-03-06 04:40:21,Facebook,Solicitar información,Atención Comercial,6,False,Finalizada,True,5
2307,144,2025-07-29 13:04:19,Facebook,Agendar servicio,Postventa,5,False,Finalizada,False,3
2308,1022,2025-10-28 03:52:14,WhatsApp,Cancelar servicio,Atención Comercial,2,False,Finalizada,False,4
2309,412,2025-12-31 20:20:58,Web,Solicitar información,Atención Comercial,6,False,Finalizada,False,4
2310,4,2025-03-09 12:25:42,WhatsApp,Cancelar servicio,Postventa,4,True,Finalizada,False,3
2311,1112,2025-09-03 12:45:08,WhatsApp,Reclamo,Atención al Cliente,14,False,Finalizada,False,3
2312,65,2025-12-26 17:29:45,Facebook,Solicitar información,Soporte,5,False,Finalizada,True,4
2313,1319,2025-02-05 13:55:26,Web,Agendar servicio,Ventas,8,False,Finalizada,True,5
2314,1642,2025-10-17 00:10:06,Web,Cancelar servicio,Soporte,3,False,Finalizada,True,5
2315,1922,2025-04-11 18:01:33,Web,Solicitar información,Atención al Cliente,4,False,Finalizada,False,4
2316,1350,2025-10-10 20:11:28,Telegram,Reclamo,Atención Comercial,15,True,Finalizada,True,2
2317,326,2025-02-20 04:18:41,Web,Soporte técnico,Ventas,10,False,Finalizada,False,3
2318,18,2025-06-13 02:57:42,Facebook,Reclamo,Postventa,11,False,Finalizada,False,3
2319,575,2025-06-01 12:19:24,WhatsApp,Agendar servicio,Postventa,6,False,Finalizada,False,3
2320,6,2025-12-20 19:38:22,Facebook,Cancelar servicio,Postventa,4,False,Finalizada,True,5
2321,1647,2025-08-15 03:47:03,WhatsApp,Soporte técnico,Atención Comercial,12,True,Finalizada,False,2
2322,1306,2025-07-12 20:15:39,Web,Solicitar información,Atención al Cliente,4,False,Finalizada,True,5
2323,709,2025-07-08 15:57:24,Facebook,Solicitar información,Atención al Cliente,5,False,Abandonada,False,1
2324,1788,2025-02-22 08:33:33,Web,Agendar servicio,Postventa,6,False,Finalizada,False,3
2325,1409,2025-06-17 20:58:27,Facebook,Reclamo,Atención Comercial,8,False,Abandonada,False,2
2326,43,2025-11-19 18:52:36,Web,Cancelar servicio,Atención Comercial,3,False,Finalizada,False,4
2327,1894,2025-07-10 18:36:14,Web,Cancelar servicio,Atención al Cliente,3,False,Finalizada,False,5
2328,1923,2025-01-07 12:08:41,Instagram,Cancelar servicio,Atención Comercial,4,False,Finalizada,True,4
2329,1476,2025-03-21 00:29:34,Instagram,Soporte técnico,Atención al Cliente,18,False,Abandonada,False,1
2330,1263,2025-03-01 17:53:35,Facebook,Consultar precios,Atención al Cliente,3,False,Finalizada,True,5
2331,1502,2025-05-18 18:38:41,WhatsApp,Seguimiento,Atención Comercial,7,False,Finalizada,True,5
2332,985,2025-04-28 20:31:52,WhatsApp,Consultar precios,Postventa,4,False,Finalizada,False,3
2333,53,2025-09-27 19:14:55,Facebook,Consultar precios,Ventas,3,False,Finalizada,False,4
2334,1419,2025-09-15 20:12:09,Facebook,Agendar servicio,Atención al Cliente,8,False,Abandonada,False,1
2335,231,2025-10-30 18:35:32,Web,Agendar servicio,Soporte,8,False,Finalizada,False,4
2336,766,2025-02-19 12:32:04,Web,Consultar precios,Postventa,5,False,Finalizada,False,4
2337,1912,2025-05-21 19:31:55,Instagram,Consultar precios,Atención al Cliente,5,False,Abandonada,False,1
2338,666,2025-09-20 20:53:31,Telegram,Seguimiento,Atención Comercial,7,False,Finalizada,False,3
2339,1099,2025-10-28 20:23:39,Telegram,Seguimiento,Soporte,6,False,Finalizada,False,4
2340,1936,2025-09-15 19:19:50,Web,Soporte técnico,Ventas,13,False,Abandonada,False,1
2341,1871,2025-10-11 18:15:38,Facebook,Solicitar información,Atención al Cliente,4,False,Finalizada,True,5
2342,278,2025-02-06 18:25:07,WhatsApp,Agendar servicio,Soporte,6,False,Finalizada,True,5
2343,736,2025-09-19 18:13:20,WhatsApp,Solicitar información,Atención al Cliente,5,False,Finalizada,False,4
2344,764,2025-01-07 10:25:44,Facebook,Agendar servicio,Postventa,8,False,Finalizada,False,3
2345,1426,2025-08-18 04:58:54,WhatsApp,Consultar precios,Postventa,4,False,Finalizada,True,5
2346,1373,2025-11-22 18:54:37,Web,Soporte técnico,Soporte,10,False,Finalizada,False,5
2347,952,2025-06-15 18:13:08,Web,Seguimiento,Atención Comercial,4,False,Finalizada,False,3
2348,462,2025-02-09 12:54:22,Telegram,Agendar servicio,Postventa,6,False,Abandonada,False,1
2349,132,2025-11-12 20:14:11,WhatsApp,Solicitar información,Soporte,4,False,Finalizada,False,4
2350,870,2025-07-20 17:12:08,Web,Agendar servicio,Soporte,5,False,Finalizada,True,5
2351,1770,2025-09-14 05:33:20,WhatsApp,Seguimiento,Soporte,5,False,Abandonada,False,1
2352,1072,2025-11-18 19:56:10,WhatsApp,Solicitar información,Ventas,5,False,Finalizada,True,5
2353,978,2025-08-06 13:29:21,Facebook,Cancelar servicio,Ventas,3,False,Finalizada,False,5
2354,1008,2025-08-12 13:29:23,Web,Consultar precios,Ventas,5,False,Finalizada,True,5
2355,1798,2025-09-15 20:59:40,WhatsApp,Soporte técnico,Postventa,13,False,Abandonada,False,2
2356,1333,2025-01-20 05:48:48,Web,Solicitar información,Postventa,4,False,Finalizada,True,5
2357,321,2025-02-22 13:47:41,Web,Consultar precios,Atención al Cliente,3,False,Finalizada,False,3
2358,1696,2025-01-04 13:49:51,Facebook,Solicitar información,Atención al Cliente,4,False,Finalizada,False,5
2359,99,2025-05-04 04:02:58,Web,Seguimiento,Postventa,5,False,Finalizada,True,5
2360,1196,2025-05-26 18:03:00,Facebook,Agendar servicio,Atención Comercial,6,False,Finalizada,False,3
2361,1402,2025-12-26 18:25:21,WhatsApp,Soporte técnico,Postventa,14,True,Abandonada,False,1
2362,1855,2025-12-04 19:42:06,Instagram,Cancelar servicio,Postventa,3,False,Finalizada,False,5
2363,174,2025-04-10 12:45:22,Instagram,Reclamo,Atención al Cliente,12,False,Abandonada,False,2
2364,594,2025-12-17 20:39:54,Instagram,Cancelar servicio,Soporte,3,False,Finalizada,False,3
2365,1974,2025-11-14 12:20:53,WhatsApp,Cancelar servicio,Ventas,3,False,Finalizada,False,4
2366,276,2025-10-15 20:25:54,Facebook,Consultar precios,Atención al Cliente,4,False,Abandonada,False,1
2367,951,2025-01-16 03:53:40,WhatsApp,Seguimiento,Atención Comercial,4,False,Abandonada,False,1
2368,1392,2025-06-04 16:20:29,Instagram,Reclamo,Postventa,8,False,Finalizada,True,5
2369,1062,2025-12-02 20:34:45,Web,Cancelar servicio,Soporte,4,False,Finalizada,True,5
2370,1888,2025-10-06 12:49:38,Facebook,Consultar precios,Postventa,4,False,Abandonada,False,1
2371,101,2025-10-02 12:38:46,Facebook,Seguimiento,Atención Comercial,5,False,Finalizada,True,5
2372,620,2025-01-29 05:01:33,Facebook,Cancelar servicio,Soporte,2,False,Finalizada,False,4
2373,442,2025-02-11 16:36:09,WhatsApp,Seguimiento,Postventa,7,False,Finalizada,False,5
2374,930,2025-04-17 20:07:46,WhatsApp,Cancelar servicio,Atención al Cliente,3,False,Abandonada,False,1
2375,707,2025-02-27 19:05:45,Facebook,Seguimiento,Ventas,5,False,Finalizada,False,3
2376,1210,2025-09-17 00:42:36,Web,Cancelar servicio,Postventa,2,False,Finalizada,False,3
2377,917,2025-12-04 10:27:50,WhatsApp,Cancelar servicio,Soporte,4,False,Finalizada,True,5
2378,502,2025-01-08 12:09:38,WhatsApp,Cancelar servicio,Postventa,3,False,Abandonada,False,1
2379,45,2025-03-16 09:36:05,Web,Soporte técnico,Ventas,18,False,Finalizada,False,3
2380,794,2025-05-24 18:51:54,Web,Seguimiento,Atención al Cliente,4,False,Abandonada,False,1
2381,755,2025-07-20 13:51:48,WhatsApp,Reclamo,Ventas,14,True,Finalizada,False,2
2382,464,2025-03-01 19:05:18,WhatsApp,Soporte técnico,Ventas,16,False,Finalizada,False,3
2383,1369,2025-05-16 12:28:25,Instagram,Consultar precios,Atención Comercial,4,False,Finalizada,False,3
2384,872,2025-09-15 20:04:56,Instagram,Seguimiento,Soporte,6,False,Finalizada,False,5
2385,1993,2025-06-17 08:18:54,WhatsApp,Reclamo,Soporte,14,False,Finalizada,False,3
2386,1217,2025-03-22 19:15:38,Web,Reclamo,Ventas,12,True,Finalizada,False,2
2387,51,2025-02-02 12:07:35,Web,Consultar precios,Postventa,4,False,Finalizada,True,4
2388,1277,2025-05-11 15:41:34,Facebook,Soporte técnico,Soporte,12,False,Finalizada,False,3
2389,1112,2025-09-02 19:30:55,Facebook,Agendar servicio,Atención al Cliente,8,False,Abandonada,False,1
2390,551,2025-12-23 17:57:37,Telegram,Solicitar información,Atención Comercial,5,False,Finalizada,False,3
2391,653,2025-02-27 13:15:12,Facebook,Cancelar servicio,Atención Comercial,2,False,Finalizada,True,4
2392,1272,2025-11-10 13:31:18,WhatsApp,Agendar servicio,Postventa,5,False,Abandonada,False,1
2393,1125,2025-09-11 20:34:36,Telegram,Seguimiento,Atención al Cliente,7,False,Finalizada,True,5
2394,1120,2025-03-29 19:54:26,Facebook,Cancelar servicio,Atención al Cliente,3,False,Finalizada,True,4
2395,549,2025-08-23 17:49:47,Web,Reclamo,Postventa,15,True,Finalizada,True,2
2396,1568,2025-01-23 13:43:27,Telegram,Agendar servicio,Ventas,7,False,Abandonada,False,1
2397,492,2025-08-09 13:48:46,WhatsApp,Consultar precios,Ventas,5,False,Abandonada,False,2
2398,855,2025-12-12 13:19:22,Web,Seguimiento,Atención al Cliente,5,True,Finalizada,False,3
2399,243,2025-01-15 13:12:21,WhatsApp,Consultar precios,Atención Comercial,3,False,Finalizada,False,5
2400,674,2025-11-15 18:55:18,Web,Seguimiento,Ventas,6,False,Finalizada,True,5
2401,1540,2025-03-08 20:49:16,Web,Soporte técnico,Atención al Cliente,14,False,Finalizada,False,3
2402,686,2025-12-02 01:28:22,WhatsApp,Cancelar servicio,Ventas,4,True,Finalizada,True,3
2403,620,2025-05-26 04:10:54,Instagram,Seguimiento,Postventa,6,False,Abandonada,False,1
2404,837,2025-10-16 09:10:52,WhatsApp,Solicitar información,Postventa,5,False,Finalizada,True,5
2405,1148,2025-01-09 19:14:40,WhatsApp,Reclamo,Atención Comercial,15,False,Finalizada,True,5
2406,542,2025-05-28 19:59:03,Web,Agendar servicio,Atención Comercial,5,False,Finalizada,True,4
2407,633,2025-06-02 18:24:49,WhatsApp,Reclamo,Atención Comercial,10,False,Finalizada,True,5
2408,1955,2025-04-13 19:30:23,Facebook,Soporte técnico,Atención al Cliente,15,True,Finalizada,False,2
2409,1031,2025-10-01 04:00:09,WhatsApp,Cancelar servicio,Soporte,2,False,Abandonada,False,2
2410,112,2025-12-16 12:17:21,WhatsApp,Reclamo,Atención al Cliente,13,False,Finalizada,False,4
2411,1702,2025-01-10 08:48:50,Web,Soporte técnico,Ventas,17,True,Finalizada,False,3
2412,701,2025-08-22 19:28:04,Facebook,Solicitar información,Atención al Cliente,4,False,Finalizada,False,5
2413,438,2025-05-06 11:51:14,WhatsApp,Consultar precios,Atención al Cliente,4,False,Finalizada,False,4
2414,507,2025-05-16 13:33:41,Telegram,Agendar servicio,Atención al Cliente,8,False,Finalizada,False,4
2415,1666,2025-01-08 12:12:51,Web,Soporte técnico,Soporte,11,False,Finalizada,True,5
2416,31,2025-02-17 18:16:14,Facebook,Solicitar información,Atención al Cliente,4,False,Abandonada,False,1
2417,369,2025-02-02 20:35:48,Web,Seguimiento,Ventas,7,False,Finalizada,False,5
2418,679,2025-08-23 13:04:39,Web,Agendar servicio,Postventa,6,False,Finalizada,False,3
2419,28,2025-06-21 18:51:46,Web,Solicitar información,Postventa,4,False,Finalizada,False,3
2420,1974,2025-12-25 13:40:03,Instagram,Soporte técnico,Atención al Cliente,15,False,Finalizada,True,5
2421,1214,2025-02-02 00:05:54,Web,Soporte técnico,Atención al Cliente,14,False,Finalizada,True,4
2422,487,2025-04-07 19:29:58,WhatsApp,Agendar servicio,Postventa,6,False,Abandonada,False,1
2423,1286,2025-02-16 09:05:15,Facebook,Solicitar información,Atención al Cliente,6,False,Finalizada,True,5
2424,473,2025-09-13 05:38:14,WhatsApp,Cancelar servicio,Postventa,2,False,Finalizada,False,3
2425,443,2025-11-24 19:17:49,Facebook,Consultar precios,Atención Comercial,4,False,Finalizada,True,5
2426,137,2025-12-11 12:38:44,WhatsApp,Reclamo,Ventas,13,True,Finalizada,True,1
2427,109,2025-07-16 20:38:51,WhatsApp,Soporte técnico,Soporte,17,False,Finalizada,False,3
2428,1809,2025-12-02 20:42:12,Web,Solicitar información,Atención Comercial,6,False,Finalizada,False,4
2429,1221,2025-06-15 20:26:50,Telegram,Seguimiento,Soporte,5,False,Finalizada,False,4
2430,1227,2025-03-22 12:58:02,Web,Consultar precios,Postventa,5,False,Abandonada,False,1
2431,1912,2025-10-17 03:51:20,WhatsApp,Cancelar servicio,Atención Comercial,2,False,Abandonada,False,2
2432,552,2025-04-03 09:46:45,Facebook,Solicitar información,Ventas,5,False,Finalizada,True,5
2433,536,2025-09-27 01:25:55,Telegram,Reclamo,Atención Comercial,13,False,Finalizada,True,5
2434,573,2025-06-13 03:59:11,Facebook,Seguimiento,Atención al Cliente,6,False,Finalizada,False,4
2435,882,2025-05-07 18:35:09,Facebook,Soporte técnico,Ventas,10,False,Finalizada,False,4
2436,1379,2025-08-04 16:07:10,Facebook,Soporte técnico,Atención Comercial,18,False,Finalizada,True,4
2437,32,2025-10-12 20:43:13,Web,Reclamo,Postventa,9,False,Finalizada,False,3
2438,802,2025-08-06 20:06:48,WhatsApp,Reclamo,Atención al Cliente,13,False,Finalizada,True,5
2439,203,2025-10-12 20:27:03,Web,Cancelar servicio,Postventa,4,False,Finalizada,True,5
2440,375,2025-02-20 03:54:04,Telegram,Seguimiento,Atención al Cliente,4,False,Finalizada,False,3
2441,596,2025-10-01 18:02:41,WhatsApp,Agendar servicio,Atención al Cliente,7,False,Finalizada,False,4
2442,1829,2025-06-08 19:18:50,WhatsApp,Solicitar información,Postventa,4,False,Finalizada,False,3
2443,1967,2025-04-10 02:48:45,Facebook,Reclamo,Postventa,15,False,Abandonada,False,2
2444,343,2025-11-23 18:51:01,Web,Agendar servicio,Atención al Cliente,8,False,Finalizada,False,3
2445,1366,2025-12-24 12:28:14,Web,Seguimiento,Postventa,6,False,Finalizada,True,5
2446,1239,2025-07-27 20:44:29,WhatsApp,Solicitar información,Postventa,4,False,Finalizada,True,5
2447,1246,2025-07-22 19:22:02,Web,Consultar precios,Soporte,5,False,Finalizada,True,5
2448,402,2025-01-10 16:26:17,WhatsApp,Reclamo,Atención al Cliente,13,False,Finalizada,True,4
2449,699,2025-11-06 13:53:10,Web,Reclamo,Soporte,9,False,Finalizada,True,4
2450,680,2025-12-15 18:14:42,Web,Agendar servicio,Postventa,5,False,Abandonada,False,2
2451,412,2025-10-02 19:37:33,WhatsApp,Cancelar servicio,Atención Comercial,3,True,Finalizada,False,2
2452,832,2025-04-14 13:54:58,Facebook,Soporte técnico,Soporte,12,False,Abandonada,False,1
2453,1985,2025-06-11 16:42:49,Web,Reclamo,Atención al Cliente,14,False,Finalizada,True,5
2454,1064,2025-09-23 13:20:31,WhatsApp,Consultar precios,Atención Comercial,5,False,Finalizada,False,3
2455,912,2025-06-02 18:13:38,Instagram,Reclamo,Ventas,9,False,Finalizada,False,4
2456,192,2025-08-04 20:35:46,WhatsApp,Solicitar información,Soporte,4,False,Finalizada,True,4
2457,550,2025-12-21 19:28:43,WhatsApp,Reclamo,Atención al Cliente,8,True,Abandonada,False,2
2458,1888,2025-01-11 16:26:58,Web,Agendar servicio,Atención al Cliente,5,False,Finalizada,True,5
2459,662,2025-10-24 19:37:26,Instagram,Seguimiento,Ventas,7,False,Finalizada,False,5
2460,1418,2025-04-29 20:33:57,WhatsApp,Reclamo,Atención Comercial,9,False,Finalizada,False,5
2461,1657,2025-09-02 19:12:37,WhatsApp,Agendar servicio,Ventas,5,False,Finalizada,False,3
2462,257,2025-06-27 18:21:09,WhatsApp,Cancelar servicio,Soporte,3,False,Finalizada,True,4
2463,944,2025-09-20 10:56:12,Web,Consultar precios,Postventa,4,False,Finalizada,False,5
2464,1470,2025-12-18 12:36:12,WhatsApp,Solicitar información,Atención al Cliente,6,False,Finalizada,False,3
2465,1470,2025-12-06 12:28:23,WhatsApp,Solicitar información,Soporte,5,False,Finalizada,False,4
2466,856,2025-07-15 18:21:28,WhatsApp,Seguimiento,Postventa,6,False,Finalizada,False,4
2467,1691,2025-10-29 08:04:30,WhatsApp,Seguimiento,Ventas,4,False,Finalizada,False,4
2468,1017,2025-04-09 20:48:11,Web,Soporte técnico,Soporte,17,True,Finalizada,True,2
2469,961,2025-04-25 20:24:21,Facebook,Soporte técnico,Soporte,15,True,Finalizada,False,3
2470,1366,2025-10-29 15:51:40,Facebook,Consultar precios,Atención Comercial,5,False,Finalizada,True,5
2471,1572,2025-10-08 19:27:46,Facebook,Seguimiento,Atención Comercial,7,False,Finalizada,False,3
2472,602,2025-07-24 19:51:45,Facebook,Soporte técnico,Ventas,13,False,Finalizada,False,3
2473,1270,2025-03-10 11:11:59,Facebook,Cancelar servicio,Ventas,4,False,Finalizada,False,5
2474,1142,2025-05-27 18:53:21,Telegram,Reclamo,Soporte,13,False,Finalizada,True,5
2475,872,2025-08-08 12:12:08,Web,Reclamo,Atención Comercial,14,False,Finalizada,False,4
2476,309,2025-04-13 15:58:22,Instagram,Soporte técnico,Atención al Cliente,13,True,Finalizada,False,2
2477,390,2025-10-07 19:47:01,WhatsApp,Soporte técnico,Soporte,15,True,Finalizada,True,2
2478,1532,2025-08-25 10:49:09,WhatsApp,Solicitar información,Soporte,5,False,Finalizada,False,5
2479,1602,2025-05-24 13:30:04,Web,Seguimiento,Ventas,4,True,Finalizada,True,3
2480,43,2025-01-02 11:07:39,WhatsApp,Cancelar servicio,Ventas,4,False,Finalizada,True,5
2481,1508,2025-04-24 18:22:51,Facebook,Seguimiento,Ventas,4,False,Finalizada,True,4
2482,1996,2025-12-28 18:49:19,WhatsApp,Consultar precios,Ventas,4,False,Finalizada,True,5
2483,245,2025-07-25 12:28:27,WhatsApp,Reclamo,Ventas,13,False,Finalizada,True,4
2484,916,2025-04-09 18:12:31,WhatsApp,Seguimiento,Atención al Cliente,7,False,Finalizada,False,4
2485,510,2025-08-17 19:22:16,WhatsApp,Consultar precios,Ventas,4,False,Abandonada,False,1
2486,1226,2025-04-15 18:27:33,WhatsApp,Reclamo,Ventas,13,False,Finalizada,True,4
2487,1823,2025-11-10 13:31:18,WhatsApp,Solicitar información,Postventa,4,False,Finalizada,False,4
2488,1860,2025-09-16 13:12:18,WhatsApp,Seguimiento,Atención al Cliente,6,False,Finalizada,False,3
2489,1095,2025-06-26 10:22:34,Web,Reclamo,Atención al Cliente,13,False,Finalizada,False,3
2490,1899,2025-11-01 16:37:40,WhatsApp,Solicitar información,Ventas,5,False,Finalizada,True,5
2491,416,2025-08-05 16:59:47,WhatsApp,Cancelar servicio,Atención Comercial,2,False,Finalizada,True,5
2492,931,2025-06-30 19:08:39,Instagram,Cancelar servicio,Ventas,3,False,Finalizada,False,4
2493,1656,2025-05-01 04:41:40,WhatsApp,Seguimiento,Atención Comercial,5,False,Finalizada,False,5
2494,1285,2025-05-22 05:57:28,WhatsApp,Seguimiento,Atención al Cliente,4,False,Finalizada,True,5
2495,1928,2025-06-16 18:39:38,Web,Soporte técnico,Atención Comercial,14,False,Finalizada,False,4
2496,90,2025-03-05 16:44:31,Web,Seguimiento,Postventa,6,False,Finalizada,True,5
2497,1321,2025-10-31 19:22:53,Web,Soporte técnico,Atención al Cliente,15,False,Finalizada,True,5
2498,750,2025-06-30 15:35:09,WhatsApp,Seguimiento,Soporte,4,False,Finalizada,True,5
2499,729,2025-01-06 08:42:35,Web,Cancelar servicio,Ventas,2,False,Finalizada,True,4
2500,296,2025-11-01 18:12:25,Instagram,Agendar servicio,Atención al Cliente,6,False,Finalizada,False,4
2501,420,2025-09-14 13:38:16,Web,Reclamo,Postventa,15,False,Finalizada,False,3
2502,342,2025-08-07 13:39:20,WhatsApp,Agendar servicio,Atención al Cliente,5,False,Finalizada,False,5
2503,1087,2025-09-03 04:55:01,Telegram,Agendar servicio,Atención al Cliente,7,False,Finalizada,True,5
2504,1562,2025-04-02 18:17:58,Web,Reclamo,Ventas,12,False,Abandonada,False,1
2505,100,2025-05-26 20:40:13,WhatsApp,Seguimiento,Atención al Cliente,7,False,Finalizada,False,3
2506,439,2025-04-15 18:19:12,WhatsApp,Seguimiento,Soporte,6,False,Abandonada,False,1
2507,1521,2025-02-18 13:50:09,Web,Reclamo,Atención al Cliente,9,False,Finalizada,True,4
2508,1461,2025-11-17 01:22:56,WhatsApp,Agendar servicio,Soporte,7,True,Abandonada,False,1
2509,763,2025-09-21 04:28:35,WhatsApp,Cancelar servicio,Postventa,3,False,Abandonada,False,2
2510,697,2025-04-29 13:15:30,Instagram,Seguimiento,Ventas,6,False,Abandonada,False,1
2511,1461,2025-05-24 17:22:33,Facebook,Reclamo,Atención Comercial,11,False,Abandonada,False,2
2512,1848,2025-12-05 00:21:36,Facebook,Agendar servicio,Atención Comercial,7,False,Finalizada,False,3
2513,1377,2025-05-07 09:10:36,Instagram,Seguimiento,Postventa,7,False,Finalizada,True,5
2514,1034,2025-03-01 16:06:18,Telegram,Soporte técnico,Atención al Cliente,18,False,Abandonada,False,2
2515,423,2025-12-24 20:39:22,WhatsApp,Cancelar servicio,Postventa,3,False,Finalizada,False,5
2516,1449,2025-03-28 17:28:09,WhatsApp,Seguimiento,Ventas,5,False,Finalizada,True,5
2517,1985,2025-02-02 04:55:06,Instagram,Agendar servicio,Ventas,6,False,Finalizada,False,3
2518,1416,2025-06-25 19:11:47,Instagram,Consultar precios,Atención Comercial,4,False,Finalizada,True,5
2519,847,2025-07-14 20:00:12,WhatsApp,Cancelar servicio,Soporte,2,False,Finalizada,False,4
2520,157,2025-05-08 10:47:07,WhatsApp,Soporte técnico,Ventas,16,True,Abandonada,False,1
2521,159,2025-10-16 20:54:31,Facebook,Solicitar información,Soporte,6,False,Finalizada,False,4
2522,885,2025-02-15 16:14:38,WhatsApp,Seguimiento,Soporte,4,False,Abandonada,False,1
2523,262,2025-06-26 18:18:03,Web,Soporte técnico,Atención al Cliente,10,True,Finalizada,False,2
2524,1340,2025-03-29 20:00:55,Instagram,Soporte técnico,Ventas,12,False,Finalizada,False,3
2525,1900,2025-06-19 01:47:31,Web,Consultar precios,Atención al Cliente,5,True,Finalizada,True,1
2526,1283,2025-12-25 17:31:06,WhatsApp,Seguimiento,Soporte,6,False,Abandonada,False,1
2527,740,2025-12-01 12:13:47,Web,Seguimiento,Ventas,7,False,Finalizada,False,4
2528,909,2025-04-17 17:55:50,Web,Cancelar servicio,Atención al Cliente,4,False,Finalizada,True,4
2529,813,2025-03-24 13:33:26,Web,Solicitar información,Soporte,6,False,Finalizada,False,4
2530,869,2025-05-03 12:39:19,Instagram,Soporte técnico,Ventas,12,False,Finalizada,False,3
2531,666,2025-09-10 18:16:28,Instagram,Reclamo,Ventas,8,False,Finalizada,False,5
2532,966,2025-12-18 00:53:27,Web,Reclamo,Atención Comercial,9,True,Finalizada,False,2
2533,7,2025-05-19 19:33:44,Telegram,Reclamo,Soporte,12,True,Finalizada,False,3
2534,1428,2025-12-10 12:34:15,Web,Seguimiento,Soporte,5,False,Finalizada,True,4
2535,1641,2025-09-25 01:47:04,Web,Cancelar servicio,Atención al Cliente,2,False,Finalizada,False,3
2536,1518,2025-11-25 03:54:48,WhatsApp,Cancelar servicio,Postventa,3,False,Abandonada,False,1
2537,1946,2025-05-02 02:53:52,WhatsApp,Seguimiento,Atención Comercial,6,False,Finalizada,False,4
2538,1570,2025-12-04 18:11:09,WhatsApp,Agendar servicio,Atención al Cliente,5,False,Finalizada,True,5
2539,1271,2025-08-17 15:36:37,WhatsApp,Solicitar información,Ventas,4,False,Abandonada,False,1
2540,1277,2025-05-05 20:54:58,Web,Reclamo,Postventa,11,False,Finalizada,True,5
2541,591,2025-04-02 12:39:42,WhatsApp,Agendar servicio,Ventas,8,False,Finalizada,True,5
2542,1728,2025-05-22 18:51:40,Facebook,Cancelar servicio,Soporte,4,False,Finalizada,True,4
2543,1211,2025-08-22 10:37:11,WhatsApp,Seguimiento,Atención al Cliente,5,False,Finalizada,True,4
2544,1692,2025-11-27 20:33:30,WhatsApp,Seguimiento,Ventas,7,False,Finalizada,False,3
2545,602,2025-09-11 19:33:13,WhatsApp,Seguimiento,Atención al Cliente,7,False,Finalizada,True,4
2546,1572,2025-07-16 12:02:22,Web,Reclamo,Ventas,14,True,Finalizada,True,2
2547,911,2025-06-21 03:58:01,WhatsApp,Cancelar servicio,Postventa,2,True,Abandonada,False,1
2548,983,2025-08-23 10:07:41,WhatsApp,Solicitar información,Soporte,4,True,Finalizada,True,1
2549,789,2025-02-20 19:06:17,WhatsApp,Consultar precios,Soporte,4,False,Finalizada,False,5
2550,195,2025-10-12 11:28:19,Instagram,Seguimiento,Postventa,7,False,Finalizada,False,3
2551,598,2025-06-05 13:20:12,Web,Seguimiento,Atención al Cliente,5,False,Finalizada,True,5
2552,249,2025-05-24 01:34:59,WhatsApp,Consultar precios,Soporte,4,False,Finalizada,False,4
2553,709,2025-01-23 19:42:50,Web,Consultar precios,Atención Comercial,3,False,Finalizada,True,5
2554,236,2025-05-13 12:54:08,Web,Seguimiento,Atención Comercial,4,False,Finalizada,False,4
2555,413,2025-06-14 13:58:58,Facebook,Solicitar información,Postventa,4,False,Abandonada,False,1
2556,284,2025-11-23 16:11:10,Facebook,Consultar precios,Soporte,4,False,Finalizada,True,5
2557,113,2025-09-12 02:34:05,Facebook,Consultar precios,Soporte,3,False,Finalizada,True,5
2558,1783,2025-12-18 12:46:43,Facebook,Reclamo,Atención al Cliente,15,False,Finalizada,False,5
2559,1154,2025-11-08 10:59:48,Telegram,Seguimiento,Ventas,6,False,Abandonada,False,1
2560,1678,2025-05-20 16:29:03,WhatsApp,Consultar precios,Atención al Cliente,4,False,Finalizada,True,5
2561,668,2025-09-16 13:23:53,WhatsApp,Cancelar servicio,Atención al Cliente,3,False,Finalizada,True,5
2562,803,2025-09-03 20:15:48,Web,Cancelar servicio,Atención Comercial,3,False,Abandonada,False,1
2563,219,2025-02-18 12:19:37,WhatsApp,Consultar precios,Soporte,3,False,Finalizada,True,5
2564,1652,2025-12-05 13:37:30,Web,Seguimiento,Atención Comercial,7,False,Finalizada,False,5
2565,340,2025-12-09 12:31:54,Facebook,Cancelar servicio,Atención Comercial,2,False,Finalizada,True,5
2566,862,2025-10-12 16:31:13,WhatsApp,Reclamo,Postventa,14,True,Abandonada,False,2
2567,1436,2025-05-31 18:43:24,Web,Seguimiento,Atención Comercial,6,False,Finalizada,True,5
2568,80,2025-03-20 00:08:18,WhatsApp,Reclamo,Atención Comercial,13,False,Finalizada,False,4
2569,933,2025-08-02 18:48:32,Web,Reclamo,Atención Comercial,9,False,Finalizada,False,3
2570,1203,2025-02-27 01:47:43,Telegram,Seguimiento,Postventa,6,False,Abandonada,False,1
2571,1010,2025-07-19 20:30:49,WhatsApp,Cancelar servicio,Atención Comercial,4,False,Finalizada,False,3
2572,274,2025-11-28 17:54:56,Web,Reclamo,Atención Comercial,14,False,Abandonada,False,1
2573,1701,2025-09-02 19:31:18,Instagram,Agendar servicio,Postventa,6,False,Finalizada,True,5
2574,209,2025-07-08 12:49:35,WhatsApp,Consultar precios,Soporte,5,False,Finalizada,False,4
2575,827,2025-07-05 08:20:51,Facebook,Reclamo,Postventa,10,False,Finalizada,False,4
2576,495,2025-11-14 08:19:50,WhatsApp,Agendar servicio,Soporte,6,False,Finalizada,True,4
2577,719,2025-08-01 01:56:08,WhatsApp,Solicitar información,Ventas,5,False,Finalizada,True,5
2578,1148,2025-01-18 19:07:01,WhatsApp,Seguimiento,Postventa,4,False,Finalizada,False,5
2579,1232,2025-12-29 09:03:23,WhatsApp,Agendar servicio,Soporte,5,False,Abandonada,False,1
2580,276,2025-03-18 18:29:35,Instagram,Solicitar información,Ventas,5,False,Finalizada,False,4
2581,809,2025-12-19 20:46:45,WhatsApp,Soporte técnico,Ventas,13,False,Abandonada,False,2
2582,552,2025-11-05 18:54:36,Facebook,Solicitar información,Ventas,6,False,Finalizada,False,4
2583,1100,2025-12-23 19:10:56,Instagram,Consultar precios,Soporte,3,False,Finalizada,True,5
2584,538,2025-10-23 15:00:07,Web,Consultar precios,Atención al Cliente,5,False,Finalizada,True,5
2585,1513,2025-04-17 19:21:45,Telegram,Cancelar servicio,Ventas,4,False,Finalizada,False,4
2586,1980,2025-05-02 12:03:14,WhatsApp,Soporte técnico,Atención Comercial,15,True,Finalizada,False,3
2587,645,2025-01-18 20:57:27,Web,Solicitar información,Postventa,5,False,Finalizada,True,5
2588,321,2025-07-05 19:07:38,WhatsApp,Solicitar información,Soporte,5,False,Finalizada,True,5
2589,1157,2025-10-01 13:11:31,Instagram,Soporte técnico,Atención Comercial,12,False,Finalizada,False,3
2590,1198,2025-04-07 08:06:18,Facebook,Agendar servicio,Postventa,5,False,Finalizada,True,5
2591,1814,2025-09-18 04:37:58,WhatsApp,Reclamo,Atención Comercial,10,True,Finalizada,True,2
2592,394,2025-10-05 13:02:41,Facebook,Soporte técnico,Soporte,18,False,Finalizada,True,5
2593,1404,2025-06-05 13:42:22,Web,Agendar servicio,Ventas,8,False,Finalizada,True,5
2594,1603,2025-12-25 13:51:25,WhatsApp,Solicitar información,Postventa,4,False,Finalizada,False,5
2595,929,2025-12-15 13:04:38,Instagram,Soporte técnico,Atención Comercial,11,True,Finalizada,True,3
2596,610,2025-07-02 08:11:49,WhatsApp,Seguimiento,Atención al Cliente,5,False,Finalizada,True,5
2597,1586,2025-05-20 12:18:19,WhatsApp,Reclamo,Soporte,15,False,Finalizada,True,5
2598,1042,2025-02-14 13:15:59,WhatsApp,Consultar precios,Postventa,5,False,Finalizada,True,5
2599,62,2025-07-19 03:49:03,WhatsApp,Consultar precios,Soporte,3,False,Finalizada,True,4
2600,208,2025-03-29 12:22:12,WhatsApp,Reclamo,Postventa,10,False,Finalizada,False,4
2601,1331,2025-06-26 17:57:35,WhatsApp,Consultar precios,Postventa,5,False,Finalizada,False,4
2602,1399,2025-01-26 04:52:54,Web,Agendar servicio,Ventas,8,False,Finalizada,True,5
2603,171,2025-11-14 11:01:56,WhatsApp,Cancelar servicio,Ventas,2,False,Finalizada,True,5
2604,1147,2025-02-25 20:34:50,WhatsApp,Soporte técnico,Postventa,16,False,Finalizada,True,5
2605,1765,2025-09-10 05:04:00,WhatsApp,Cancelar servicio,Atención Comercial,4,False,Finalizada,True,4
2606,1134,2025-03-06 16:26:58,Web,Solicitar información,Atención Comercial,5,False,Abandonada,False,2
2607,1129,2025-06-06 20:35:41,Web,Solicitar información,Ventas,5,False,Finalizada,True,5
2608,1080,2025-02-16 18:13:44,Instagram,Consultar precios,Atención al Cliente,4,False,Abandonada,False,1
2609,896,2025-04-05 18:32:51,Web,Consultar precios,Postventa,5,False,Abandonada,False,1
2610,1783,2025-10-07 12:32:44,Web,Agendar servicio,Soporte,8,False,Finalizada,True,4
2611,37,2025-04-07 19:22:02,WhatsApp,Solicitar información,Soporte,6,False,Finalizada,True,4
2612,205,2025-04-27 12:43:52,WhatsApp,Cancelar servicio,Ventas,3,False,Finalizada,True,4
2613,535,2025-11-14 10:21:10,Telegram,Consultar precios,Postventa,5,False,Finalizada,False,4
2614,1022,2025-11-01 00:46:38,WhatsApp,Soporte técnico,Atención Comercial,14,False,Finalizada,False,4
2615,1651,2025-05-27 09:29:53,WhatsApp,Consultar precios,Postventa,5,False,Finalizada,True,4
2616,1477,2025-01-09 19:04:21,Web,Solicitar información,Ventas,4,False,Abandonada,False,2
2617,1941,2025-12-05 20:21:13,WhatsApp,Agendar servicio,Atención al Cliente,8,False,Finalizada,True,4
2618,1371,2025-05-30 01:38:37,Web,Solicitar información,Atención al Cliente,4,False,Finalizada,True,5
2619,1315,2025-11-12 20:09:52,Facebook,Cancelar servicio,Ventas,3,False,Abandonada,False,2
2620,394,2025-12-09 16:56:51,Facebook,Cancelar servicio,Atención Comercial,3,True,Finalizada,False,2
2621,1915,2025-01-23 19:14:12,WhatsApp,Reclamo,Postventa,10,False,Finalizada,True,5
2622,910,2025-04-03 13:29:12,WhatsApp,Consultar precios,Postventa,5,False,Finalizada,False,4
2623,197,2025-12-30 13:22:35,WhatsApp,Consultar precios,Postventa,5,False,Finalizada,True,4
2624,739,2025-11-02 19:24:01,Instagram,Solicitar información,Ventas,4,False,Finalizada,True,5
2625,1368,2025-02-20 11:07:58,WhatsApp,Soporte técnico,Ventas,16,False,Abandonada,False,1
2626,226,2025-10-15 20:23:03,Telegram,Seguimiento,Soporte,7,False,Finalizada,False,4
2627,396,2025-01-20 08:19:07,Web,Reclamo,Postventa,15,True,Finalizada,False,2
2628,421,2025-09-11 19:44:47,Facebook,Soporte técnico,Soporte,14,True,Finalizada,False,3
2629,250,2025-11-20 16:03:08,WhatsApp,Soporte técnico,Soporte,12,True,Finalizada,False,1
2630,1379,2025-07-07 19:08:06,WhatsApp,Cancelar servicio,Ventas,3,False,Finalizada,False,5
2631,1660,2025-03-01 19:05:25,Facebook,Seguimiento,Soporte,7,False,Finalizada,True,5
2632,1294,2025-02-09 16:30:26,Facebook,Soporte técnico,Soporte,10,False,Finalizada,False,4
2633,1503,2025-02-14 13:45:34,WhatsApp,Solicitar información,Soporte,4,True,Finalizada,True,2
2634,192,2025-01-19 13:44:59,Facebook,Reclamo,Postventa,14,False,Abandonada,False,1
2635,1385,2025-09-30 20:40:22,Instagram,Cancelar servicio,Atención Comercial,2,False,Finalizada,False,3
2636,1697,2025-06-10 08:55:53,Facebook,Consultar precios,Soporte,3,False,Finalizada,False,4
2637,800,2025-08-06 20:04:10,WhatsApp,Cancelar servicio,Soporte,3,False,Finalizada,False,3
2638,1578,2025-06-09 20:19:45,WhatsApp,Soporte técnico,Postventa,11,False,Finalizada,True,5
2639,693,2025-10-29 12:19:08,Telegram,Consultar precios,Atención al Cliente,3,False,Finalizada,False,3
2640,1450,2025-02-24 18:40:09,Web,Soporte técnico,Postventa,10,False,Finalizada,True,5
2641,585,2025-06-20 18:38:10,Facebook,Agendar servicio,Ventas,5,False,Finalizada,False,3
2642,107,2025-01-19 13:29:38,WhatsApp,Solicitar información,Atención al Cliente,6,False,Finalizada,True,4
2643,1445,2025-07-24 18:48:08,Facebook,Reclamo,Ventas,9,False,Finalizada,True,4
2644,1094,2025-03-02 18:09:07,Web,Reclamo,Ventas,10,False,Finalizada,True,5
2645,1168,2025-10-29 18:03:58,Facebook,Agendar servicio,Ventas,5,False,Finalizada,False,4
2646,658,2025-06-28 13:06:36,Web,Cancelar servicio,Atención Comercial,4,True,Finalizada,False,2
2647,1235,2025-07-20 18:47:18,Instagram,Agendar servicio,Atención Comercial,7,False,Finalizada,True,5
2648,190,2025-01-22 19:01:50,Facebook,Solicitar información,Postventa,6,False,Abandonada,False,1
2649,52,2025-09-29 13:45:25,WhatsApp,Consultar precios,Atención Comercial,3,False,Finalizada,True,5
2650,1187,2025-12-07 18:30:49,Facebook,Solicitar información,Soporte,6,False,Finalizada,False,5
2651,98,2025-03-01 20:19:17,Web,Cancelar servicio,Soporte,3,False,Finalizada,False,4
2652,1308,2025-11-14 12:36:02,WhatsApp,Solicitar información,Atención al Cliente,5,False,Finalizada,True,5
2653,1839,2025-07-12 19:13:34,WhatsApp,Agendar servicio,Atención al Cliente,6,False,Finalizada,False,5
2654,1871,2025-08-04 18:47:50,Instagram,Solicitar información,Ventas,5,False,Finalizada,True,5
2655,1899,2025-10-01 01:55:24,Web,Soporte técnico,Soporte,13,True,Finalizada,False,2
2656,1689,2025-07-21 08:01:58,WhatsApp,Soporte técnico,Atención Comercial,16,False,Finalizada,False,5
2657,616,2025-09-22 08:34:23,Instagram,Consultar precios,Soporte,3,False,Finalizada,False,5
2658,100,2025-11-24 12:51:31,WhatsApp,Solicitar información,Atención al Cliente,5,False,Finalizada,True,5
2659,1793,2025-05-12 16:44:38,Instagram,Cancelar servicio,Ventas,2,False,Finalizada,True,4
2660,1181,2025-09-07 20:55:13,Web,Soporte técnico,Soporte,12,True,Finalizada,False,2
2661,1886,2025-03-09 16:14:40,Web,Soporte técnico,Atención al Cliente,12,False,Finalizada,True,5
2662,937,2025-07-12 13:12:18,Instagram,Seguimiento,Ventas,4,False,Abandonada,False,2
2663,1792,2025-02-19 18:57:29,Web,Seguimiento,Soporte,6,False,Finalizada,False,3
2664,1559,2025-03-02 18:02:42,WhatsApp,Soporte técnico,Postventa,11,False,Abandonada,False,1
2665,998,2025-12-28 11:11:51,Instagram,Consultar precios,Soporte,3,False,Finalizada,True,5
2666,1421,2025-09-28 20:12:31,Web,Solicitar información,Soporte,5,False,Abandonada,False,1
2667,418,2025-05-01 20:07:50,Facebook,Seguimiento,Soporte,7,False,Finalizada,False,5
2668,750,2025-01-12 13:25:06,Web,Solicitar información,Soporte,5,False,Abandonada,False,1
2669,1071,2025-05-07 13:18:33,WhatsApp,Seguimiento,Soporte,4,False,Abandonada,False,2
2670,1637,2025-12-30 01:10:20,Facebook,Seguimiento,Ventas,7,False,Finalizada,False,3
2671,1128,2025-11-19 19:10:43,Web,Soporte técnico,Atención Comercial,15,False,Finalizada,True,5
2672,40,2025-05-05 18:58:16,WhatsApp,Consultar precios,Postventa,4,False,Finalizada,True,4
2673,756,2025-11-15 09:53:41,WhatsApp,Agendar servicio,Atención Comercial,7,False,Finalizada,True,5
2674,1726,2025-04-02 12:17:39,Web,Seguimiento,Soporte,4,False,Abandonada,False,2
2675,603,2025-03-04 10:04:58,Web,Cancelar servicio,Atención al Cliente,3,False,Finalizada,True,4
2676,1202,2025-02-03 18:41:29,Web,Seguimiento,Postventa,6,False,Finalizada,True,4
2677,897,2025-09-24 12:48:27,Facebook,Consultar precios,Postventa,5,False,Abandonada,False,2
2678,1869,2025-04-08 18:12:18,WhatsApp,Soporte técnico,Atención Comercial,12,False,Finalizada,False,3
2679,787,2025-10-20 13:08:52,Web,Seguimiento,Ventas,5,False,Abandonada,False,2
2680,1161,2025-08-03 18:35:21,Instagram,Cancelar servicio,Atención Comercial,2,False,Abandonada,False,1
2681,719,2025-05-08 13:24:50,Telegram,Consultar precios,Soporte,4,False,Finalizada,False,5
2682,702,2025-01-19 19:46:38,WhatsApp,Reclamo,Postventa,10,False,Finalizada,False,4
2683,1985,2025-03-12 17:30:02,WhatsApp,Soporte técnico,Postventa,14,False,Finalizada,False,4
2684,1189,2025-10-26 12:57:11,Web,Reclamo,Atención al Cliente,10,True,Finalizada,False,2
2685,755,2025-11-16 20:32:04,Facebook,Reclamo,Ventas,12,False,Finalizada,True,5
2686,802,2025-03-04 10:29:47,Web,Agendar servicio,Postventa,5,False,Finalizada,True,5
2687,833,2025-05-02 11:20:25,WhatsApp,Agendar servicio,Ventas,6,False,Finalizada,False,3
2688,820,2025-09-08 20:08:46,WhatsApp,Soporte técnico,Postventa,11,False,Finalizada,True,5
2689,1129,2025-12-02 12:45:53,Facebook,Solicitar información,Postventa,6,False,Abandonada,False,1
2690,1192,2025-09-17 12:12:35,WhatsApp,Seguimiento,Soporte,5,False,Finalizada,False,3
2691,613,2025-04-14 19:28:31,WhatsApp,Seguimiento,Ventas,5,False,Finalizada,True,5
2692,585,2025-06-26 18:07:41,Facebook,Solicitar información,Soporte,4,False,Finalizada,True,5
2693,425,2025-09-27 18:57:12,Instagram,Consultar precios,Postventa,5,False,Finalizada,False,4
2694,51,2025-06-23 02:06:59,Web,Agendar servicio,Atención Comercial,7,False,Finalizada,False,3
2695,1552,2025-12-07 20:02:04,Web,Soporte técnico,Ventas,11,True,Finalizada,True,3
2696,889,2025-02-07 20:30:03,Web,Reclamo,Soporte,13,False,Abandonada,False,2
2697,1507,2025-06-13 13:36:28,Instagram,Soporte técnico,Soporte,14,False,Finalizada,False,5
2698,674,2025-07-24 19:49:34,Telegram,Seguimiento,Ventas,4,False,Finalizada,False,5
2699,120,2025-05-22 12:25:16,Facebook,Agendar servicio,Postventa,7,False,Finalizada,False,4
2700,364,2025-03-25 19:49:06,Web,Solicitar información,Atención Comercial,5,False,Finalizada,False,3
2701,600,2025-07-08 13:16:28,WhatsApp,Soporte técnico,Atención Comercial,18,False,Finalizada,True,5
2702,1229,2025-07-10 19:48:34,Facebook,Consultar precios,Ventas,5,False,Abandonada,False,1
2703,1211,2025-06-04 19:20:22,WhatsApp,Agendar servicio,Ventas,7,False,Finalizada,False,4
2704,1552,2025-10-25 17:38:43,Web,Soporte técnico,Postventa,15,False,Finalizada,True,5
2705,325,2025-07-24 12:40:18,WhatsApp,Reclamo,Atención al Cliente,13,False,Finalizada,True,5
2706,923,2025-02-28 12:15:27,Web,Soporte técnico,Atención al Cliente,10,False,Abandonada,False,1
2707,857,2025-04-21 20:53:46,WhatsApp,Seguimiento,Soporte,6,False,Abandonada,False,2
2708,698,2025-08-08 20:15:58,Facebook,Cancelar servicio,Soporte,3,False,Abandonada,False,2
2709,1354,2025-12-09 18:12:26,Instagram,Solicitar información,Atención Comercial,5,False,Finalizada,True,4
2710,309,2025-12-01 09:00:09,Web,Seguimiento,Soporte,7,False,Finalizada,True,4
2711,967,2025-10-11 16:24:13,Web,Soporte técnico,Postventa,16,False,Finalizada,True,5
2712,224,2025-04-10 19:00:04,WhatsApp,Seguimiento,Ventas,4,False,Finalizada,True,5
2713,1374,2025-06-19 18:50:16,Web,Cancelar servicio,Ventas,2,False,Abandonada,False,1
2714,603,2025-05-15 19:51:20,WhatsApp,Agendar servicio,Atención Comercial,5,True,Finalizada,True,2
2715,983,2025-01-07 10:47:56,Web,Soporte técnico,Soporte,11,True,Finalizada,False,2
2716,48,2025-12-03 20:16:59,Telegram,Soporte técnico,Postventa,11,False,Abandonada,False,1
2717,938,2025-05-05 13:24:50,WhatsApp,Agendar servicio,Atención al Cliente,8,False,Finalizada,True,5
2718,1872,2025-07-22 19:00:20,Telegram,Seguimiento,Soporte,6,False,Finalizada,False,4
2719,1079,2025-03-23 19:35:09,WhatsApp,Cancelar servicio,Soporte,2,False,Abandonada,False,1
2720,1974,2025-03-29 13:31:14,Web,Consultar precios,Ventas,3,False,Finalizada,False,3
2721,1719,2025-04-16 18:32:43,WhatsApp,Cancelar servicio,Soporte,3,False,Finalizada,True,5
2722,1435,2025-09-27 13:23:07,WhatsApp,Solicitar información,Atención Comercial,4,False,Finalizada,False,5
2723,1567,2025-10-22 18:02:52,WhatsApp,Seguimiento,Atención Comercial,6,False,Finalizada,False,3
2724,1765,2025-07-06 19:34:45,WhatsApp,Reclamo,Postventa,11,False,Finalizada,True,4
2725,523,2025-06-11 20:23:57,Web,Reclamo,Postventa,12,True,Finalizada,True,2
2726,390,2025-08-08 20:52:17,Facebook,Soporte técnico,Atención al Cliente,13,False,Finalizada,True,5
2727,691,2025-10-18 17:32:02,Telegram,Consultar precios,Atención al Cliente,5,False,Abandonada,False,1
2728,1365,2025-12-09 18:53:02,Facebook,Agendar servicio,Atención Comercial,7,False,Finalizada,False,3
2729,1126,2025-11-28 18:30:38,Instagram,Seguimiento,Atención Comercial,5,False,Finalizada,False,5
2730,221,2025-04-15 09:46:12,Web,Consultar precios,Atención Comercial,4,False,Finalizada,True,4
2731,242,2025-08-26 13:37:16,Facebook,Cancelar servicio,Postventa,4,False,Finalizada,False,3
2732,825,2025-01-12 19:04:16,Facebook,Soporte técnico,Atención Comercial,18,True,Finalizada,False,2
2733,1524,2025-08-18 00:19:02,WhatsApp,Cancelar servicio,Atención al Cliente,3,False,Finalizada,False,3
2734,277,2025-11-24 15:35:29,WhatsApp,Seguimiento,Atención Comercial,7,False,Finalizada,False,5
2735,295,2025-01-07 13:44:21,Instagram,Seguimiento,Postventa,7,False,Finalizada,True,5
2736,1387,2025-06-12 00:14:33,Web,Solicitar información,Postventa,5,False,Finalizada,True,5
2737,1132,2025-12-28 20:36:36,Instagram,Agendar servicio,Ventas,8,False,Finalizada,True,4
2738,86,2025-03-07 19:59:12,WhatsApp,Soporte técnico,Ventas,16,True,Finalizada,False,2
2739,1263,2025-03-21 09:48:54,Telegram,Consultar precios,Atención al Cliente,3,False,Finalizada,True,5
2740,848,2025-07-15 20:45:51,WhatsApp,Cancelar servicio,Postventa,3,False,Finalizada,True,5
2741,698,2025-09-06 03:48:16,WhatsApp,Cancelar servicio,Ventas,2,False,Finalizada,True,5
2742,1189,2025-02-18 17:39:27,Facebook,Cancelar servicio,Soporte,3,False,Finalizada,False,5
2743,189,2025-04-27 12:17:25,WhatsApp,Seguimiento,Atención al Cliente,4,True,Finalizada,False,3
2744,1796,2025-01-16 13:07:20,Web,Solicitar información,Ventas,4,False,Finalizada,True,5
2745,1168,2025-09-19 09:35:24,WhatsApp,Consultar precios,Soporte,3,False,Finalizada,True,4
2746,1606,2025-11-09 20:47:48,WhatsApp,Reclamo,Atención al Cliente,13,False,Finalizada,False,3
2747,337,2025-08-13 20:35:27,WhatsApp,Consultar precios,Ventas,4,False,Finalizada,True,5
2748,1744,2025-06-24 03:19:54,Web,Seguimiento,Soporte,6,False,Finalizada,True,4
2749,1307,2025-06-22 16:29:30,WhatsApp,Reclamo,Atención Comercial,10,False,Finalizada,False,4
2750,237,2025-12-04 17:20:51,Web,Cancelar servicio,Atención al Cliente,4,False,Finalizada,True,5
2751,1507,2025-10-28 13:17:36,WhatsApp,Seguimiento,Postventa,4,False,Finalizada,True,5
2752,294,2025-07-18 19:03:11,WhatsApp,Soporte técnico,Ventas,18,False,Abandonada,False,2
2753,210,2025-02-07 13:55:52,Telegram,Consultar precios,Ventas,3,False,Finalizada,False,3
2754,1578,2025-10-13 00:40:52,Instagram,Seguimiento,Ventas,6,False,Finalizada,False,3
2755,1013,2025-04-06 20:58:53,WhatsApp,Reclamo,Atención Comercial,13,False,Finalizada,False,4
2756,215,2025-01-11 20:24:00,WhatsApp,Consultar precios,Ventas,5,False,Finalizada,True,5
2757,884,2025-09-24 02:06:14,Facebook,Seguimiento,Postventa,4,True,Abandonada,False,1
2758,1397,2025-06-23 09:42:15,WhatsApp,Soporte técnico,Soporte,15,False,Finalizada,False,3
2759,1752,2025-03-08 20:22:47,WhatsApp,Cancelar servicio,Atención al Cliente,4,False,Finalizada,True,5
2760,88,2025-10-11 15:57:46,Web,Solicitar información,Postventa,5,True,Finalizada,True,1
2761,713,2025-05-28 20:21:07,WhatsApp,Reclamo,Atención Comercial,9,False,Finalizada,True,5
2762,393,2025-09-02 18:31:25,Web,Solicitar información,Atención al Cliente,6,False,Finalizada,False,3
2763,773,2025-01-02 17:09:59,WhatsApp,Seguimiento,Atención al Cliente,6,False,Finalizada,False,3
2764,839,2025-02-22 15:44:26,WhatsApp,Agendar servicio,Atención al Cliente,8,False,Abandonada,False,2
2765,1759,2025-01-17 19:45:52,Facebook,Soporte técnico,Ventas,16,True,Finalizada,False,2
2766,1194,2025-07-16 13:56:20,WhatsApp,Solicitar información,Postventa,4,False,Finalizada,True,5
2767,1208,2025-08-31 19:27:36,Web,Cancelar servicio,Postventa,2,False,Finalizada,False,5
2768,1826,2025-01-26 18:05:41,Web,Agendar servicio,Atención Comercial,5,False,Finalizada,False,3
2769,1189,2025-05-29 19:25:46,WhatsApp,Consultar precios,Ventas,4,False,Finalizada,True,5
2770,362,2025-05-22 20:39:09,Web,Solicitar información,Postventa,5,False,Finalizada,False,4
2771,165,2025-01-14 13:57:20,Web,Seguimiento,Soporte,7,False,Finalizada,True,4
2772,23,2025-12-24 03:16:15,Facebook,Consultar precios,Postventa,5,False,Abandonada,False,1
2773,479,2025-06-26 01:33:49,WhatsApp,Soporte técnico,Postventa,18,False,Finalizada,True,5
2774,590,2025-06-08 13:19:41,Facebook,Agendar servicio,Soporte,8,True,Finalizada,False,1
2775,4,2025-03-11 20:14:35,Telegram,Cancelar servicio,Ventas,3,False,Finalizada,True,4
2776,1367,2025-05-18 18:04:35,Facebook,Cancelar servicio,Postventa,2,False,Finalizada,False,4
2777,884,2025-10-31 13:03:06,WhatsApp,Cancelar servicio,Postventa,3,False,Finalizada,True,5
2778,924,2025-11-01 09:50:26,Web,Reclamo,Postventa,14,True,Finalizada,False,2
2779,620,2025-12-12 19:40:56,WhatsApp,Seguimiento,Postventa,7,False,Finalizada,False,5
2780,365,2025-11-21 19:31:19,Web,Soporte técnico,Postventa,11,False,Finalizada,False,4
2781,1527,2025-06-18 13:57:24,Web,Soporte técnico,Soporte,16,False,Abandonada,False,1
2782,245,2025-09-10 19:38:28,Web,Seguimiento,Atención Comercial,4,False,Finalizada,True,5
2783,1665,2025-12-17 03:14:37,Web,Solicitar información,Soporte,5,False,Finalizada,False,3
2784,1863,2025-06-10 13:23:05,Telegram,Agendar servicio,Atención Comercial,7,False,Finalizada,False,3
2785,1808,2025-09-25 10:26:17,WhatsApp,Soporte técnico,Ventas,10,False,Finalizada,True,4
2786,993,2025-05-28 18:11:57,Instagram,Solicitar información,Atención al Cliente,6,False,Finalizada,False,3
2787,245,2025-08-29 11:59:21,Web,Soporte técnico,Ventas,10,False,Abandonada,False,1
2788,798,2025-09-21 20:23:06,Web,Consultar precios,Postventa,4,False,Finalizada,False,3
2789,1082,2025-01-28 04:52:06,Facebook,Cancelar servicio,Atención Comercial,4,False,Finalizada,False,3
2790,1070,2025-05-30 02:37:37,WhatsApp,Cancelar servicio,Atención al Cliente,4,False,Finalizada,True,5
2791,586,2025-11-27 20:47:30,WhatsApp,Consultar precios,Soporte,3,False,Finalizada,False,3
2792,1823,2025-03-28 12:49:30,Instagram,Cancelar servicio,Postventa,4,False,Finalizada,False,3
2793,1502,2025-11-16 18:35:12,Facebook,Agendar servicio,Atención al Cliente,7,False,Finalizada,True,5
2794,1619,2025-10-17 18:27:36,WhatsApp,Cancelar servicio,Ventas,3,False,Finalizada,True,5
2795,798,2025-10-20 18:50:13,Web,Reclamo,Postventa,10,False,Abandonada,False,1
2796,536,2025-05-16 12:03:13,WhatsApp,Reclamo,Atención Comercial,13,False,Finalizada,True,5
2797,1936,2025-01-30 12:09:19,WhatsApp,Seguimiento,Soporte,7,False,Finalizada,False,3
2798,1341,2025-11-26 20:58:47,WhatsApp,Soporte técnico,Soporte,15,False,Finalizada,True,5
2799,192,2025-01-14 20:04:19,Web,Solicitar información,Atención al Cliente,6,False,Finalizada,True,4
2800,1034,2025-06-13 10:16:16,Web,Agendar servicio,Atención Comercial,6,False,Finalizada,False,4
2801,1205,2025-10-02 13:17:48,Web,Solicitar información,Atención Comercial,5,False,Finalizada,True,4
2802,910,2025-02-16 19:56:04,WhatsApp,Seguimiento,Ventas,7,False,Finalizada,True,5
2803,594,2025-02-22 20:33:43,WhatsApp,Soporte técnico,Atención Comercial,16,False,Finalizada,True,5
2804,1702,2025-09-08 20:48:17,Web,Reclamo,Soporte,15,False,Finalizada,False,4
2805,1972,2025-11-04 20:13:47,Web,Agendar servicio,Atención Comercial,8,False,Finalizada,False,4
2806,1610,2025-02-21 20:38:12,Telegram,Solicitar información,Ventas,6,False,Finalizada,True,5
2807,1594,2025-07-01 20:04:48,WhatsApp,Agendar servicio,Ventas,5,False,Finalizada,False,5
2808,87,2025-11-06 18:06:52,WhatsApp,Reclamo,Postventa,12,False,Finalizada,False,3
2809,438,2025-01-17 12:47:16,Facebook,Soporte técnico,Soporte,13,False,Finalizada,False,3
2810,255,2025-02-16 20:01:26,Facebook,Consultar precios,Postventa,5,False,Abandonada,False,2
2811,1653,2025-03-24 05:34:42,WhatsApp,Agendar servicio,Ventas,7,False,Finalizada,True,5
2812,943,2025-01-26 12:13:48,Web,Soporte técnico,Atención Comercial,15,False,Finalizada,False,4
2813,1233,2025-03-19 20:41:50,Instagram,Solicitar información,Ventas,5,False,Finalizada,False,5
2814,1335,2025-01-14 20:37:47,WhatsApp,Agendar servicio,Ventas,6,False,Finalizada,True,5
2815,774,2025-05-18 19:33:06,Facebook,Cancelar servicio,Postventa,4,False,Finalizada,False,5
2816,1343,2025-02-24 20:44:29,Facebook,Cancelar servicio,Soporte,2,False,Finalizada,False,5
2817,1884,2025-05-28 20:46:15,Web,Reclamo,Atención Comercial,10,False,Finalizada,True,5
2818,1931,2025-05-11 01:00:35,Telegram,Cancelar servicio,Ventas,2,False,Abandonada,False,2
2819,1072,2025-08-09 12:34:09,WhatsApp,Consultar precios,Postventa,4,False,Abandonada,False,1
2820,697,2025-10-18 12:42:58,WhatsApp,Solicitar información,Postventa,6,False,Finalizada,True,4
2821,1750,2025-10-18 18:07:44,Web,Agendar servicio,Postventa,8,False,Finalizada,False,4
2822,408,2025-08-25 20:40:02,WhatsApp,Reclamo,Postventa,13,False,Abandonada,False,2
2823,865,2025-07-31 12:55:26,Web,Cancelar servicio,Atención al Cliente,3,False,Finalizada,False,5
2824,1140,2025-10-27 20:52:27,WhatsApp,Reclamo,Ventas,11,False,Abandonada,False,1
2825,1015,2025-09-05 11:28:27,Facebook,Consultar precios,Atención al Cliente,4,False,Finalizada,False,5
2826,300,2025-03-07 12:38:13,Web,Seguimiento,Atención Comercial,7,False,Finalizada,False,5
2827,1114,2025-09-08 20:18:06,WhatsApp,Soporte técnico,Soporte,13,False,Finalizada,False,5
2828,1301,2025-06-19 20:56:31,WhatsApp,Solicitar información,Atención al Cliente,5,False,Finalizada,False,4
2829,238,2025-10-01 19:37:02,Web,Soporte técnico,Soporte,17,False,Finalizada,False,5
2830,189,2025-11-05 18:41:13,WhatsApp,Solicitar información,Atención al Cliente,6,False,Finalizada,False,5
2831,1091,2025-09-02 02:21:04,WhatsApp,Seguimiento,Atención al Cliente,7,False,Abandonada,False,1
2832,1296,2025-10-17 11:29:55,Facebook,Reclamo,Soporte,8,False,Finalizada,True,5
2833,660,2025-11-28 17:55:05,Facebook,Soporte técnico,Ventas,16,True,Finalizada,True,3
2834,479,2025-10-29 03:36:20,Web,Solicitar información,Soporte,5,False,Finalizada,True,4
2835,1647,2025-11-14 18:59:36,Instagram,Solicitar información,Postventa,6,False,Finalizada,False,3
2836,427,2025-12-31 13:01:07,WhatsApp,Seguimiento,Atención Comercial,6,False,Finalizada,False,3
2837,1224,2025-09-24 18:46:48,Web,Cancelar servicio,Ventas,2,False,Finalizada,True,5
2838,1571,2025-12-13 18:00:15,Web,Cancelar servicio,Ventas,3,False,Finalizada,True,5
2839,555,2025-06-30 19:48:02,Facebook,Consultar precios,Postventa,3,False,Abandonada,False,2
2840,531,2025-07-13 12:08:34,WhatsApp,Solicitar información,Postventa,5,False,Abandonada,False,1
2841,563,2025-08-22 00:23:33,Facebook,Soporte técnico,Atención Comercial,14,False,Finalizada,True,5
2842,1181,2025-01-15 19:28:32,Web,Soporte técnico,Ventas,10,False,Abandonada,False,1
2843,1278,2025-03-03 19:35:42,Facebook,Soporte técnico,Soporte,10,True,Finalizada,False,2
2844,1911,2025-05-23 10:59:15,Facebook,Soporte técnico,Atención Comercial,13,False,Abandonada,False,2
2845,1800,2025-10-12 13:46:23,Facebook,Agendar servicio,Postventa,6,False,Finalizada,False,3
2846,477,2025-10-01 19:34:43,Telegram,Soporte técnico,Soporte,17,True,Finalizada,False,2
2847,1169,2025-02-02 04:39:14,WhatsApp,Seguimiento,Postventa,4,False,Finalizada,True,5
2848,306,2025-11-01 19:32:31,Web,Reclamo,Atención al Cliente,12,False,Finalizada,False,4
2849,1142,2025-12-12 19:54:04,WhatsApp,Cancelar servicio,Postventa,3,True,Finalizada,True,2
2850,235,2025-04-10 18:03:09,Instagram,Soporte técnico,Atención al Cliente,18,False,Abandonada,False,1
2851,1723,2025-06-10 19:34:29,WhatsApp,Seguimiento,Atención al Cliente,6,False,Finalizada,False,5
2852,161,2025-08-10 13:01:16,Web,Solicitar información,Ventas,5,False,Finalizada,True,4
2853,256,2025-08-27 09:40:27,Web,Cancelar servicio,Soporte,4,False,Finalizada,False,5
2854,1301,2025-02-11 19:33:19,WhatsApp,Agendar servicio,Postventa,8,False,Abandonada,False,1
2855,336,2025-02-12 20:39:00,WhatsApp,Reclamo,Postventa,14,False,Finalizada,True,4
2856,1804,2025-05-12 17:51:57,WhatsApp,Soporte técnico,Postventa,12,True,Abandonada,False,2
2857,867,2025-08-12 13:11:26,Web,Agendar servicio,Soporte,5,False,Finalizada,True,4
2858,217,2025-04-18 11:47:36,Telegram,Solicitar información,Soporte,6,False,Finalizada,False,3
2859,1018,2025-01-06 13:35:11,WhatsApp,Cancelar servicio,Postventa,4,False,Finalizada,False,4
2860,810,2025-10-24 08:11:28,WhatsApp,Seguimiento,Postventa,5,False,Finalizada,False,3
2861,98,2025-02-21 18:02:35,WhatsApp,Seguimiento,Atención al Cliente,5,False,Finalizada,False,5
2862,449,2025-05-15 13:53:13,Web,Agendar servicio,Postventa,7,True,Finalizada,False,2
2863,1339,2025-09-16 10:27:39,WhatsApp,Cancelar servicio,Ventas,4,False,Finalizada,False,4
2864,74,2025-04-11 19:30:21,Instagram,Soporte técnico,Atención al Cliente,14,False,Abandonada,False,2
2865,1319,2025-03-23 19:54:02,Telegram,Agendar servicio,Atención Comercial,6,False,Finalizada,False,4
2866,1512,2025-02-10 08:49:39,Instagram,Soporte técnico,Ventas,10,True,Abandonada,False,1
2867,102,2025-10-19 08:25:22,Instagram,Agendar servicio,Postventa,6,False,Finalizada,True,4
2868,1023,2025-10-19 19:19:21,Telegram,Consultar precios,Atención Comercial,5,False,Finalizada,True,5
2869,1966,2025-10-14 15:34:57,WhatsApp,Consultar precios,Ventas,3,False,Finalizada,True,4
2870,107,2025-06-08 09:54:18,WhatsApp,Seguimiento,Soporte,7,False,Finalizada,False,5
2871,1568,2025-03-30 18:11:28,WhatsApp,Solicitar información,Atención al Cliente,4,True,Finalizada,True,3
2872,343,2025-03-28 17:03:48,WhatsApp,Consultar precios,Atención Comercial,3,False,Finalizada,True,5
2873,613,2025-03-06 12:20:49,Facebook,Solicitar información,Ventas,4,False,Finalizada,False,5
2874,1941,2025-01-11 12:51:04,Facebook,Consultar precios,Postventa,5,False,Finalizada,False,4
2875,574,2025-01-15 03:56:12,Web,Reclamo,Postventa,15,False,Finalizada,False,4
2876,569,2025-08-29 12:43:23,WhatsApp,Soporte técnico,Soporte,10,False,Finalizada,True,4
2877,649,2025-07-28 18:12:52,Web,Soporte técnico,Ventas,10,False,Abandonada,False,1
2878,801,2025-10-15 15:28:34,WhatsApp,Seguimiento,Soporte,7,False,Abandonada,False,1
2879,1308,2025-07-19 10:55:23,WhatsApp,Cancelar servicio,Ventas,3,False,Abandonada,False,1
2880,308,2025-04-13 10:29:59,Telegram,Consultar precios,Ventas,4,False,Finalizada,False,3
2881,904,2025-01-12 20:32:46,WhatsApp,Agendar servicio,Postventa,8,False,Abandonada,False,2
2882,1417,2025-04-30 10:00:49,WhatsApp,Soporte técnico,Atención Comercial,14,True,Finalizada,False,2
2883,1395,2025-10-03 20:01:08,WhatsApp,Agendar servicio,Ventas,5,False,Finalizada,False,5
2884,974,2025-08-17 19:17:40,Facebook,Cancelar servicio,Atención Comercial,2,False,Finalizada,True,5
2885,1783,2025-12-24 19:39:49,WhatsApp,Agendar servicio,Soporte,5,False,Finalizada,True,5
2886,1384,2025-05-17 20:38:54,WhatsApp,Agendar servicio,Atención al Cliente,7,False,Finalizada,True,4
2887,197,2025-05-20 12:27:05,Instagram,Soporte técnico,Atención Comercial,12,False,Abandonada,False,1
2888,1670,2025-05-28 18:49:04,Facebook,Agendar servicio,Postventa,6,False,Finalizada,False,5
2889,1296,2025-01-19 18:05:01,Instagram,Agendar servicio,Atención Comercial,6,False,Finalizada,False,4
2890,1500,2025-08-27 08:43:29,Telegram,Seguimiento,Soporte,5,False,Finalizada,False,3
2891,999,2025-12-12 18:56:22,WhatsApp,Soporte técnico,Atención Comercial,11,False,Finalizada,False,4
2892,1725,2025-11-28 19:28:03,Web,Solicitar información,Ventas,5,False,Finalizada,False,3
2893,180,2025-01-25 16:49:25,Telegram,Agendar servicio,Atención al Cliente,7,False,Finalizada,False,3
2894,711,2025-01-04 08:23:52,WhatsApp,Agendar servicio,Postventa,6,False,Finalizada,False,5
2895,1684,2025-08-26 19:45:11,WhatsApp,Agendar servicio,Atención al Cliente,6,False,Finalizada,True,5
2896,87,2025-08-06 15:22:42,Web,Consultar precios,Postventa,3,False,Finalizada,False,4
2897,982,2025-06-01 19:33:07,Web,Reclamo,Postventa,14,False,Finalizada,True,5
2898,58,2025-02-03 08:04:35,Facebook,Cancelar servicio,Ventas,2,False,Finalizada,False,4
2899,1694,2025-10-04 18:17:26,Facebook,Soporte técnico,Postventa,18,False,Finalizada,True,5
2900,1624,2025-11-21 12:01:26,WhatsApp,Solicitar información,Atención al Cliente,5,False,Abandonada,False,2
2901,1393,2025-12-17 12:18:06,Instagram,Seguimiento,Atención Comercial,5,False,Finalizada,True,5
2902,236,2025-02-21 17:42:43,Instagram,Seguimiento,Atención Comercial,7,True,Abandonada,False,1
2903,558,2025-03-04 18:47:58,Telegram,Seguimiento,Ventas,6,False,Finalizada,True,5
2904,1175,2025-02-02 19:36:12,WhatsApp,Seguimiento,Atención Comercial,6,False,Abandonada,False,2
2905,348,2025-12-31 12:55:05,Web,Agendar servicio,Ventas,8,False,Finalizada,True,5
2906,1534,2025-04-03 17:08:30,Web,Soporte técnico,Atención al Cliente,15,False,Abandonada,False,1
2907,555,2025-08-19 20:14:52,WhatsApp,Seguimiento,Atención Comercial,6,False,Abandonada,False,2
2908,538,2025-05-05 19:35:44,Facebook,Agendar servicio,Atención al Cliente,5,False,Finalizada,False,4
2909,640,2025-06-30 20:26:38,Web,Agendar servicio,Soporte,8,False,Finalizada,True,4
2910,1293,2025-01-24 19:01:23,Facebook,Solicitar información,Postventa,5,False,Finalizada,False,5
2911,1551,2025-02-10 18:36:00,Web,Solicitar información,Soporte,6,False,Finalizada,False,4
2912,1407,2025-09-01 13:54:23,Instagram,Consultar precios,Postventa,3,False,Finalizada,False,3
2913,1219,2025-09-27 15:40:07,WhatsApp,Seguimiento,Atención al Cliente,7,False,Finalizada,True,4
2914,941,2025-07-31 10:16:46,WhatsApp,Cancelar servicio,Atención al Cliente,2,False,Finalizada,False,4
2915,1048,2025-11-18 15:38:56,WhatsApp,Solicitar información,Atención Comercial,4,False,Finalizada,False,4
2916,303,2025-09-01 12:09:38,Telegram,Consultar precios,Soporte,5,False,Abandonada,False,1
2917,1024,2025-03-13 01:43:25,Web,Reclamo,Ventas,15,False,Finalizada,True,5
2918,1249,2025-07-16 19:48:01,Web,Consultar precios,Soporte,5,False,Abandonada,False,1
2919,1580,2025-08-31 18:35:54,Web,Soporte técnico,Atención Comercial,12,False,Finalizada,True,5
2920,85,2025-01-19 20:51:19,Web,Soporte técnico,Ventas,17,False,Finalizada,True,5
2921,1959,2025-11-30 12:05:00,WhatsApp,Agendar servicio,Soporte,8,False,Finalizada,False,4
2922,1167,2025-02-08 19:30:26,Instagram,Consultar precios,Atención Comercial,3,False,Finalizada,False,4
2923,1374,2025-09-02 18:03:22,Facebook,Consultar precios,Soporte,5,False,Finalizada,True,5
2924,1328,2025-07-22 19:37:09,Web,Soporte técnico,Postventa,18,False,Finalizada,False,4
2925,1840,2025-07-03 12:22:10,Web,Seguimiento,Atención Comercial,5,False,Finalizada,True,4
2926,1993,2025-10-26 09:31:46,Telegram,Soporte técnico,Soporte,16,False,Finalizada,False,4
2927,577,2025-09-19 15:04:01,WhatsApp,Solicitar información,Ventas,6,False,Finalizada,False,3
2928,1267,2025-02-03 19:56:16,Web,Agendar servicio,Ventas,5,False,Finalizada,False,5
2929,1915,2025-10-07 18:24:09,WhatsApp,Solicitar información,Ventas,5,False,Finalizada,False,5
2930,1868,2025-05-09 20:09:06,WhatsApp,Reclamo,Atención al Cliente,10,False,Finalizada,True,5
2931,1601,2025-10-21 20:17:34,Instagram,Reclamo,Postventa,11,False,Finalizada,True,5
2932,544,2025-09-17 08:45:19,WhatsApp,Cancelar servicio,Ventas,2,False,Finalizada,True,5
2933,1570,2025-09-12 18:47:25,Instagram,Reclamo,Ventas,11,True,Abandonada,False,1
2934,1300,2025-02-19 19:16:58,Web,Seguimiento,Soporte,4,False,Finalizada,True,5
2935,108,2025-08-16 13:30:55,WhatsApp,Cancelar servicio,Ventas,4,False,Finalizada,True,5
2936,548,2025-09-10 12:58:55,Web,Seguimiento,Soporte,6,True,Finalizada,True,2
2937,364,2025-12-13 16:17:37,Facebook,Consultar precios,Soporte,3,False,Finalizada,False,4
2938,961,2025-02-14 13:07:04,Web,Solicitar información,Atención al Cliente,6,False,Finalizada,True,5
2939,854,2025-12-11 13:37:48,Facebook,Consultar precios,Ventas,3,False,Finalizada,False,3
2940,458,2025-09-04 13:47:11,WhatsApp,Soporte técnico,Atención al Cliente,16,True,Finalizada,False,1
2941,924,2025-01-11 15:00:31,WhatsApp,Reclamo,Soporte,14,True,Finalizada,False,3
2942,440,2025-04-05 20:04:52,Telegram,Soporte técnico,Soporte,10,False,Finalizada,True,4
2943,908,2025-02-04 10:44:56,WhatsApp,Solicitar información,Soporte,4,False,Abandonada,False,1
2944,1650,2025-05-08 18:41:54,Instagram,Seguimiento,Atención al Cliente,4,False,Abandonada,False,1
2945,1200,2025-03-25 04:50:25,WhatsApp,Agendar servicio,Postventa,5,False,Finalizada,False,4
2946,1172,2025-05-28 16:10:36,Facebook,Soporte técnico,Ventas,16,False,Finalizada,True,5
2947,101,2025-08-01 19:58:11,WhatsApp,Soporte técnico,Ventas,17,False,Finalizada,False,4
2948,1997,2025-09-20 05:23:38,WhatsApp,Seguimiento,Soporte,5,False,Finalizada,False,3
2949,945,2025-05-27 13:46:32,WhatsApp,Cancelar servicio,Ventas,2,False,Finalizada,False,3
2950,783,2025-07-20 12:53:58,Facebook,Reclamo,Soporte,15,False,Finalizada,False,5
2951,1288,2025-05-24 19:25:56,Instagram,Seguimiento,Ventas,6,False,Finalizada,False,5
2952,1492,2025-09-16 08:28:35,Web,Cancelar servicio,Postventa,2,False,Abandonada,False,2
2953,827,2025-09-11 19:05:11,WhatsApp,Seguimiento,Postventa,6,False,Finalizada,True,4
2954,1266,2025-09-03 13:07:01,WhatsApp,Reclamo,Atención al Cliente,10,False,Finalizada,False,3
2955,1409,2025-10-26 20:05:05,Web,Agendar servicio,Postventa,6,False,Finalizada,False,5
2956,851,2025-12-28 20:22:34,WhatsApp,Solicitar información,Atención al Cliente,6,False,Finalizada,False,3
2957,194,2025-04-01 03:30:58,WhatsApp,Reclamo,Postventa,13,False,Finalizada,False,4
2958,1262,2025-07-22 15:54:51,Web,Solicitar información,Postventa,4,False,Abandonada,False,1
2959,1214,2025-07-15 01:06:02,WhatsApp,Seguimiento,Ventas,5,False,Abandonada,False,1
2960,717,2025-07-20 12:42:41,WhatsApp,Reclamo,Atención al Cliente,8,False,Abandonada,False,1
2961,755,2025-03-23 20:13:04,Telegram,Agendar servicio,Atención al Cliente,6,False,Finalizada,False,3
2962,654,2025-11-01 19:09:43,Web,Cancelar servicio,Soporte,2,False,Finalizada,True,5
2963,449,2025-01-03 18:55:59,Instagram,Soporte técnico,Atención Comercial,18,True,Abandonada,False,2
2964,1502,2025-03-29 11:26:29,Web,Soporte técnico,Ventas,10,False,Abandonada,False,1
2965,910,2025-11-20 17:22:52,Facebook,Consultar precios,Atención Comercial,5,False,Finalizada,False,4
2966,1713,2025-10-29 20:57:21,WhatsApp,Reclamo,Atención Comercial,12,False,Finalizada,True,5
2967,682,2025-08-06 13:09:07,Web,Cancelar servicio,Atención Comercial,4,False,Finalizada,True,5
2968,1056,2025-07-08 19:32:04,Instagram,Soporte técnico,Postventa,13,True,Finalizada,False,3
2969,1893,2025-01-12 19:08:26,WhatsApp,Cancelar servicio,Atención al Cliente,3,False,Finalizada,False,4
2970,213,2025-05-22 12:35:30,WhatsApp,Cancelar servicio,Atención al Cliente,3,True,Finalizada,False,2
2971,1929,2025-09-21 05:46:55,Web,Cancelar servicio,Atención al Cliente,2,False,Finalizada,False,4
2972,345,2025-11-17 13:39:27,Instagram,Solicitar información,Postventa,5,False,Finalizada,True,5
2973,1078,2025-07-25 19:39:06,Web,Solicitar información,Ventas,4,False,Abandonada,False,1
2974,273,2025-03-22 09:12:03,Facebook,Soporte técnico,Atención al Cliente,13,True,Abandonada,False,1
2975,631,2025-09-01 12:14:05,Web,Cancelar servicio,Ventas,4,False,Abandonada,False,1
2976,1225,2025-10-25 18:50:07,WhatsApp,Cancelar servicio,Postventa,3,False,Finalizada,False,4
2977,135,2025-12-19 13:13:40,Telegram,Cancelar servicio,Ventas,4,False,Finalizada,True,5
2978,468,2025-10-17 19:00:13,Web,Cancelar servicio,Atención al Cliente,3,False,Finalizada,True,5
2979,371,2025-07-22 19:28:03,Instagram,Soporte técnico,Ventas,16,False,Finalizada,False,3
2980,617,2025-11-22 05:10:33,Instagram,Solicitar información,Soporte,6,False,Finalizada,False,4
2981,262,2025-07-16 08:10:25,WhatsApp,Solicitar información,Atención al Cliente,6,False,Finalizada,True,5
2982,787,2025-11-21 12:56:02,Instagram,Consultar precios,Soporte,3,False,Finalizada,True,5
2983,1222,2025-06-08 20:44:40,Facebook,Agendar servicio,Soporte,6,True,Finalizada,False,2
2984,445,2025-12-09 18:29:09,WhatsApp,Solicitar información,Postventa,4,False,Finalizada,False,5
2985,1506,2025-05-07 18:10:59,Web,Cancelar servicio,Soporte,4,False,Finalizada,False,3
2986,671,2025-11-04 10:54:25,Telegram,Reclamo,Postventa,9,False,Abandonada,False,1
2987,1731,2025-11-06 18:11:51,Instagram,Cancelar servicio,Atención al Cliente,2,False,Abandonada,False,2
2988,1143,2025-04-12 18:52:32,WhatsApp,Agendar servicio,Ventas,7,False,Abandonada,False,1
2989,384,2025-08-03 19:53:40,Web,Solicitar información,Postventa,5,False,Finalizada,True,4
2990,1934,2025-12-20 19:00:58,Web,Reclamo,Atención al Cliente,15,False,Abandonada,False,1
2991,1545,2025-01-06 04:28:24,Web,Seguimiento,Soporte,5,False,Abandonada,False,1
2992,639,2025-10-14 12:08:02,Web,Seguimiento,Postventa,5,False,Finalizada,True,5
2993,1813,2025-05-30 12:35:19,Instagram,Cancelar servicio,Atención al Cliente,2,False,Finalizada,True,5
2994,602,2025-10-08 19:20:54,Web,Agendar servicio,Atención al Cliente,7,False,Finalizada,True,5
2995,1388,2025-06-09 18:39:22,WhatsApp,Consultar precios,Soporte,5,False,Finalizada,False,4
2996,1385,2025-04-06 16:48:32,Web,Cancelar servicio,Atención Comercial,4,False,Finalizada,False,4
2997,731,2025-10-16 09:23:46,WhatsApp,Cancelar servicio,Postventa,4,False,Abandonada,False,1
2998,1422,2025-01-31 18:14:33,Facebook,Seguimiento,Ventas,6,False,Finalizada,False,3
2999,1410,2025-01-20 13:05:17,Facebook,Agendar servicio,Ventas,8,False,Finalizada,False,4
3000,698,2025-08-23 02:45:09,WhatsApp,Agendar servicio,Atención Comercial,6,False,Finalizada,True,5
3001,1578,2025-04-11 17:25:16,Instagram,Reclamo,Soporte,9,False,Finalizada,False,4
3002,165,2025-06-03 13:22:47,WhatsApp,Soporte técnico,Atención al Cliente,17,True,Abandonada,False,2
3003,1454,2025-03-19 18:53:30,WhatsApp,Solicitar información,Postventa,5,False,Finalizada,True,5
3004,1828,2025-02-06 13:13:11,Facebook,Solicitar información,Soporte,4,False,Finalizada,True,5
3005,1035,2025-03-04 20:19:23,WhatsApp,Solicitar información,Atención Comercial,6,False,Finalizada,True,5
3006,1999,2025-11-13 20:47:00,WhatsApp,Reclamo,Ventas,11,True,Finalizada,False,2
3007,1565,2025-01-13 05:19:42,WhatsApp,Cancelar servicio,Atención al Cliente,3,False,Finalizada,True,4
3008,423,2025-07-09 13:51:42,WhatsApp,Soporte técnico,Postventa,18,False,Finalizada,True,5
3009,1123,2025-07-30 13:05:59,Instagram,Seguimiento,Postventa,6,False,Finalizada,False,5
3010,1039,2025-11-05 18:50:52,WhatsApp,Consultar precios,Ventas,3,False,Finalizada,False,5
3011,219,2025-08-24 12:48:46,WhatsApp,Soporte técnico,Postventa,13,False,Finalizada,True,5
3012,1019,2025-02-11 20:40:29,WhatsApp,Seguimiento,Soporte,6,False,Finalizada,False,4
3013,1328,2025-05-27 11:46:10,Web,Cancelar servicio,Soporte,4,False,Abandonada,False,2
3014,1781,2025-10-09 20:51:49,Facebook,Solicitar información,Soporte,6,False,Finalizada,True,4
3015,912,2025-04-04 12:45:57,Facebook,Reclamo,Ventas,8,False,Finalizada,False,5
3016,1252,2025-05-18 12:45:17,WhatsApp,Agendar servicio,Atención Comercial,5,False,Finalizada,False,3
3017,862,2025-12-25 12:41:44,Instagram,Consultar precios,Postventa,4,False,Finalizada,False,4
3018,1842,2025-04-20 10:07:05,Web,Soporte técnico,Atención al Cliente,11,False,Finalizada,True,5
3019,1519,2025-12-11 13:38:45,Web,Cancelar servicio,Ventas,4,False,Finalizada,True,5
3020,1982,2025-10-29 05:05:35,Web,Reclamo,Ventas,8,True,Finalizada,True,1
3021,1742,2025-04-20 18:53:16,Web,Agendar servicio,Postventa,8,False,Finalizada,True,4
3022,1700,2025-12-16 04:02:29,Instagram,Cancelar servicio,Postventa,4,False,Finalizada,False,3
3023,399,2025-03-24 20:01:45,Web,Seguimiento,Postventa,7,False,Finalizada,True,5
3024,564,2025-08-24 16:40:52,Telegram,Agendar servicio,Postventa,8,False,Finalizada,True,5
3025,1564,2025-07-15 18:59:06,Web,Soporte técnico,Soporte,14,False,Finalizada,False,4
3026,207,2025-06-03 13:48:26,WhatsApp,Solicitar información,Atención al Cliente,4,False,Finalizada,False,4
3027,842,2025-03-13 19:14:38,WhatsApp,Reclamo,Ventas,9,False,Abandonada,False,1
3028,1878,2025-05-04 20:00:04,WhatsApp,Soporte técnico,Atención Comercial,17,False,Abandonada,False,1
3029,1341,2025-08-17 19:25:03,WhatsApp,Seguimiento,Postventa,5,False,Finalizada,False,4
3030,1928,2025-11-21 19:30:04,WhatsApp,Agendar servicio,Soporte,5,False,Finalizada,True,4
3031,1378,2025-12-10 19:16:55,WhatsApp,Soporte técnico,Ventas,14,False,Finalizada,False,4
3032,476,2025-05-12 13:54:23,Web,Consultar precios,Postventa,5,False,Finalizada,False,3
3033,1504,2025-12-19 18:40:57,WhatsApp,Reclamo,Atención al Cliente,11,True,Finalizada,True,2
3034,509,2025-11-18 20:43:57,Facebook,Solicitar información,Ventas,4,False,Finalizada,False,4
3035,546,2025-02-22 16:45:13,Web,Solicitar información,Atención al Cliente,6,False,Finalizada,True,5
3036,322,2025-07-28 13:09:04,Instagram,Seguimiento,Atención al Cliente,5,True,Finalizada,False,3
3037,324,2025-10-14 15:37:52,Facebook,Soporte técnico,Atención al Cliente,11,False,Finalizada,True,5
3038,350,2025-07-03 05:53:38,Facebook,Reclamo,Ventas,13,False,Finalizada,True,5
3039,604,2025-12-06 04:06:45,Web,Consultar precios,Postventa,5,False,Abandonada,False,1
3040,689,2025-10-01 08:45:37,Facebook,Cancelar servicio,Soporte,3,False,Finalizada,False,3
3041,1827,2025-11-14 20:58:54,Web,Solicitar información,Soporte,6,False,Finalizada,False,3
3042,619,2025-06-07 10:33:44,Instagram,Consultar precios,Postventa,4,False,Finalizada,True,5
3043,1205,2025-07-18 11:01:49,Facebook,Consultar precios,Atención Comercial,5,False,Finalizada,False,3
3044,639,2025-04-01 17:38:24,Web,Solicitar información,Ventas,6,False,Finalizada,False,3
3045,725,2025-09-07 12:07:45,WhatsApp,Agendar servicio,Soporte,5,False,Abandonada,False,1
3046,23,2025-05-06 19:54:40,Web,Cancelar servicio,Postventa,3,True,Finalizada,False,2
3047,297,2025-03-10 12:39:47,WhatsApp,Soporte técnico,Atención al Cliente,12,False,Finalizada,False,4
3048,1068,2025-03-24 19:42:38,Facebook,Consultar precios,Postventa,5,False,Abandonada,False,2
3049,128,2025-06-20 20:55:55,Facebook,Cancelar servicio,Atención al Cliente,4,False,Finalizada,False,5
3050,1621,2025-08-09 12:29:03,WhatsApp,Consultar precios,Postventa,4,False,Abandonada,False,1
3051,1748,2025-11-24 20:47:20,WhatsApp,Seguimiento,Soporte,6,False,Finalizada,False,4
3052,68,2025-06-13 20:46:40,Web,Solicitar información,Ventas,5,False,Finalizada,False,3
3053,1344,2025-02-14 19:30:43,WhatsApp,Soporte técnico,Ventas,11,False,Finalizada,True,5
3054,711,2025-06-08 18:18:19,Instagram,Reclamo,Atención al Cliente,15,False,Finalizada,False,3
3055,396,2025-07-21 20:45:12,WhatsApp,Consultar precios,Postventa,3,False,Finalizada,True,5
3056,563,2025-11-23 01:56:44,WhatsApp,Reclamo,Atención al Cliente,15,False,Finalizada,True,5
3057,717,2025-03-05 12:41:53,Instagram,Agendar servicio,Atención al Cliente,5,False,Finalizada,True,5
3058,1870,2025-10-16 20:13:07,Telegram,Cancelar servicio,Postventa,4,False,Finalizada,False,3
3059,1900,2025-04-19 03:21:04,Web,Consultar precios,Postventa,4,False,Finalizada,True,4
3060,1466,2025-10-27 00:40:14,Web,Consultar precios,Soporte,3,False,Finalizada,True,5
3061,550,2025-09-05 17:29:38,Web,Consultar precios,Atención al Cliente,4,False,Finalizada,False,3
3062,33,2025-08-10 15:24:45,Web,Seguimiento,Soporte,6,False,Abandonada,False,1
3063,911,2025-11-29 12:21:53,WhatsApp,Soporte técnico,Postventa,13,True,Finalizada,False,3
3064,1011,2025-04-09 20:50:19,WhatsApp,Consultar precios,Postventa,3,False,Finalizada,False,3
3065,63,2025-10-24 09:18:07,Web,Soporte técnico,Atención Comercial,14,True,Finalizada,True,1
3066,155,2025-02-21 18:44:22,Web,Cancelar servicio,Atención al Cliente,2,False,Finalizada,False,4
3067,1793,2025-07-07 12:12:17,Instagram,Soporte técnico,Soporte,16,True,Finalizada,False,3
3068,22,2025-09-14 20:06:53,Facebook,Cancelar servicio,Ventas,4,False,Finalizada,True,5
3069,1195,2025-03-19 19:24:25,WhatsApp,Agendar servicio,Atención Comercial,7,False,Finalizada,False,4
3070,1315,2025-08-12 02:50:45,WhatsApp,Seguimiento,Atención al Cliente,5,False,Finalizada,False,4
3071,1395,2025-07-16 20:43:31,Web,Reclamo,Postventa,9,False,Finalizada,True,5
3072,890,2025-03-21 10:53:42,Web,Agendar servicio,Ventas,5,True,Abandonada,False,1
3073,491,2025-08-21 18:09:22,WhatsApp,Solicitar información,Atención al Cliente,5,False,Finalizada,False,3
3074,318,2025-06-13 20:54:31,WhatsApp,Solicitar información,Atención Comercial,6,False,Finalizada,True,5
3075,52,2025-07-22 18:13:01,WhatsApp,Seguimiento,Soporte,7,False,Finalizada,True,5
3076,1194,2025-10-07 18:18:55,Web,Reclamo,Postventa,14,True,Finalizada,True,2
3077,53,2025-11-25 19:26:43,WhatsApp,Agendar servicio,Atención Comercial,6,False,Finalizada,False,4
3078,1369,2025-01-16 16:29:38,WhatsApp,Seguimiento,Ventas,4,False,Finalizada,False,3
3079,1905,2025-07-06 19:03:38,WhatsApp,Seguimiento,Ventas,4,False,Finalizada,False,3
3080,548,2025-03-03 03:10:09,WhatsApp,Reclamo,Atención Comercial,15,False,Finalizada,True,5
3081,660,2025-02-25 17:48:20,WhatsApp,Solicitar información,Atención al Cliente,4,False,Finalizada,True,5
3082,1373,2025-10-05 19:04:25,Instagram,Soporte técnico,Atención Comercial,11,False,Abandonada,False,1
3083,158,2025-04-24 19:33:13,WhatsApp,Solicitar información,Ventas,5,False,Finalizada,False,4
3084,828,2025-02-05 08:12:34,Web,Reclamo,Postventa,13,False,Finalizada,True,5
3085,42,2025-09-27 13:10:51,WhatsApp,Consultar precios,Postventa,4,False,Finalizada,True,4
3086,1714,2025-11-26 10:57:29,Instagram,Reclamo,Ventas,14,False,Abandonada,False,1
3087,936,2025-07-17 19:15:54,WhatsApp,Consultar precios,Atención al Cliente,3,False,Finalizada,True,5
3088,1062,2025-03-09 12:09:25,WhatsApp,Consultar precios,Ventas,5,False,Finalizada,False,5
3089,314,2025-09-25 08:20:59,WhatsApp,Soporte técnico,Postventa,14,True,Finalizada,True,3
3090,1231,2025-09-07 12:46:20,Web,Soporte técnico,Ventas,18,False,Finalizada,True,4
3091,1414,2025-06-25 13:00:46,WhatsApp,Reclamo,Atención Comercial,14,False,Finalizada,True,5
3092,1647,2025-12-01 19:43:06,WhatsApp,Soporte técnico,Atención Comercial,13,True,Finalizada,False,2
3093,1977,2025-01-04 13:04:55,WhatsApp,Agendar servicio,Atención Comercial,5,True,Finalizada,True,3
3094,1694,2025-12-14 19:28:33,WhatsApp,Cancelar servicio,Atención al Cliente,4,False,Finalizada,False,5
3095,715,2025-04-22 13:04:53,Instagram,Consultar precios,Soporte,5,False,Finalizada,True,4
3096,458,2025-04-22 12:45:40,WhatsApp,Reclamo,Atención Comercial,13,False,Finalizada,True,5
3097,1197,2025-02-04 13:27:17,Web,Agendar servicio,Postventa,7,False,Finalizada,False,4
3098,1408,2025-03-13 18:36:01,WhatsApp,Solicitar información,Atención al Cliente,5,False,Finalizada,False,3
3099,800,2025-08-07 03:54:38,Facebook,Seguimiento,Soporte,5,False,Abandonada,False,1
3100,422,2025-06-25 18:13:48,WhatsApp,Agendar servicio,Ventas,5,False,Finalizada,False,5
3101,1708,2025-07-05 19:53:52,Telegram,Soporte técnico,Ventas,18,True,Finalizada,False,1
3102,1822,2025-12-18 13:09:04,Web,Reclamo,Atención al Cliente,9,False,Finalizada,True,5
3103,595,2025-09-12 12:35:58,WhatsApp,Seguimiento,Soporte,4,False,Finalizada,True,4
3104,1141,2025-03-24 18:39:59,Web,Soporte técnico,Postventa,17,True,Finalizada,True,2
3105,798,2025-03-10 18:43:52,Facebook,Agendar servicio,Atención Comercial,8,False,Finalizada,False,4
3106,927,2025-05-16 08:05:25,WhatsApp,Cancelar servicio,Ventas,3,False,Finalizada,True,4
3107,920,2025-07-10 20:41:44,Web,Seguimiento,Atención Comercial,4,False,Finalizada,True,5
3108,1686,2025-12-26 13:52:38,Facebook,Soporte técnico,Soporte,12,False,Finalizada,False,5
3109,1615,2025-10-23 12:10:56,Web,Cancelar servicio,Soporte,3,True,Finalizada,True,1
3110,1473,2025-11-28 19:15:32,Telegram,Seguimiento,Ventas,4,False,Finalizada,False,5
3111,1397,2025-02-03 20:52:43,Web,Solicitar información,Postventa,5,False,Finalizada,False,4
3112,1100,2025-10-24 19:25:00,Web,Agendar servicio,Ventas,5,False,Finalizada,False,5
3113,135,2025-08-03 11:55:12,Facebook,Solicitar información,Postventa,5,False,Abandonada,False,1
3114,474,2025-09-26 19:51:27,WhatsApp,Reclamo,Atención Comercial,13,False,Finalizada,True,5
3115,1925,2025-06-05 19:05:34,WhatsApp,Agendar servicio,Ventas,5,False,Finalizada,True,5
3116,1570,2025-07-21 15:20:05,WhatsApp,Solicitar información,Atención Comercial,5,False,Finalizada,False,3
3117,1798,2025-05-02 02:03:09,Web,Solicitar información,Postventa,5,False,Finalizada,True,4
3118,1861,2025-11-16 05:39:48,Web,Cancelar servicio,Atención al Cliente,2,False,Finalizada,False,5
3119,1419,2025-03-28 08:29:51,WhatsApp,Consultar precios,Ventas,5,False,Finalizada,True,5
3120,1796,2025-03-19 16:42:17,Web,Cancelar servicio,Atención Comercial,2,False,Finalizada,False,3
3121,1076,2025-05-14 02:17:06,WhatsApp,Solicitar información,Ventas,6,False,Abandonada,False,1
3122,451,2025-02-04 13:34:59,WhatsApp,Soporte técnico,Soporte,18,True,Finalizada,False,3
3123,969,2025-12-26 19:56:35,WhatsApp,Seguimiento,Ventas,4,False,Finalizada,False,5
3124,1899,2025-08-02 02:47:26,WhatsApp,Soporte técnico,Ventas,13,False,Finalizada,False,5
3125,204,2025-04-06 20:57:05,Instagram,Agendar servicio,Soporte,8,False,Abandonada,False,2
3126,523,2025-07-10 18:31:43,WhatsApp,Soporte técnico,Soporte,15,False,Finalizada,True,5
3127,803,2025-04-24 19:39:04,WhatsApp,Solicitar información,Postventa,6,False,Finalizada,True,5
3128,1687,2025-03-09 12:11:50,WhatsApp,Consultar precios,Atención Comercial,3,False,Finalizada,False,5
3129,11,2025-08-02 20:40:50,WhatsApp,Seguimiento,Atención al Cliente,5,False,Finalizada,False,3
3130,209,2025-03-19 18:48:36,WhatsApp,Reclamo,Ventas,15,True,Finalizada,True,2
3131,273,2025-01-08 13:43:48,Web,Cancelar servicio,Ventas,3,False,Abandonada,False,1
3132,1878,2025-03-06 11:56:13,WhatsApp,Reclamo,Ventas,11,False,Finalizada,True,5
3133,525,2025-04-18 13:39:41,Instagram,Solicitar información,Atención Comercial,5,False,Finalizada,False,3
3134,711,2025-02-17 19:10:35,Facebook,Solicitar información,Soporte,6,False,Finalizada,True,5
3135,1387,2025-03-18 09:37:25,Web,Agendar servicio,Soporte,5,False,Finalizada,False,4
3136,858,2025-05-12 18:06:22,Instagram,Solicitar información,Atención Comercial,6,False,Finalizada,True,4
3137,1750,2025-07-15 18:29:21,WhatsApp,Seguimiento,Atención Comercial,6,False,Finalizada,True,5
3138,167,2025-10-21 08:41:57,Instagram,Seguimiento,Atención al Cliente,7,False,Finalizada,True,5
3139,79,2025-04-22 11:26:15,WhatsApp,Solicitar información,Ventas,5,False,Finalizada,False,4
3140,857,2025-04-25 12:13:37,WhatsApp,Cancelar servicio,Soporte,4,False,Finalizada,True,5
3141,294,2025-11-08 18:01:38,Web,Soporte técnico,Postventa,16,False,Finalizada,True,5
3142,1429,2025-03-25 13:22:39,WhatsApp,Cancelar servicio,Soporte,4,False,Finalizada,False,4
3143,513,2025-12-17 13:05:28,WhatsApp,Seguimiento,Soporte,6,False,Finalizada,False,3
3144,1858,2025-07-22 18:25:49,Web,Solicitar información,Atención Comercial,6,False,Finalizada,True,5
3145,532,2025-11-22 10:05:33,Web,Seguimiento,Atención Comercial,6,False,Finalizada,False,4
3146,100,2025-07-29 20:26:14,Web,Reclamo,Postventa,10,False,Finalizada,True,4
3147,441,2025-05-22 04:52:45,Web,Cancelar servicio,Atención Comercial,3,False,Finalizada,False,4
3148,868,2025-03-03 12:27:10,WhatsApp,Cancelar servicio,Atención al Cliente,3,True,Finalizada,False,2
3149,333,2025-02-24 18:59:49,WhatsApp,Consultar precios,Ventas,3,False,Finalizada,False,3
3150,1008,2025-07-07 19:32:38,Web,Soporte técnico,Postventa,12,False,Abandonada,False,1
3151,1305,2025-03-17 13:54:36,WhatsApp,Seguimiento,Ventas,6,True,Finalizada,False,3
3152,1553,2025-04-07 17:07:03,WhatsApp,Solicitar información,Atención Comercial,4,False,Finalizada,True,4
3153,996,2025-03-08 11:35:43,Web,Solicitar información,Ventas,4,True,Finalizada,False,1
3154,711,2025-02-10 12:44:51,Web,Seguimiento,Atención al Cliente,6,False,Finalizada,True,4
3155,817,2025-10-22 13:48:32,WhatsApp,Solicitar información,Postventa,5,False,Finalizada,False,4
3156,207,2025-02-01 12:45:46,WhatsApp,Solicitar información,Postventa,6,False,Finalizada,False,3
3157,1607,2025-08-09 18:20:55,Instagram,Soporte técnico,Postventa,16,False,Finalizada,True,5
3158,1282,2025-06-12 15:15:02,Instagram,Cancelar servicio,Atención Comercial,2,False,Abandonada,False,1
3159,481,2025-11-15 19:05:38,Web,Consultar precios,Soporte,4,False,Finalizada,False,4
3160,1066,2025-03-11 18:07:09,Web,Seguimiento,Atención Comercial,7,False,Finalizada,True,5
3161,501,2025-02-14 16:53:33,Web,Reclamo,Atención Comercial,12,False,Abandonada,False,2
3162,1297,2025-07-23 13:01:06,Facebook,Cancelar servicio,Postventa,2,False,Finalizada,True,5
3163,1812,2025-02-09 18:06:32,Instagram,Consultar precios,Postventa,5,False,Abandonada,False,1
3164,614,2025-02-20 13:29:01,Facebook,Solicitar información,Ventas,5,False,Finalizada,True,5
3165,582,2025-01-07 18:57:07,WhatsApp,Consultar precios,Ventas,4,False,Abandonada,False,2
3166,1852,2025-12-26 08:14:36,Web,Seguimiento,Atención al Cliente,4,False,Finalizada,False,4
3167,881,2025-08-21 11:36:29,Web,Cancelar servicio,Atención Comercial,3,True,Finalizada,True,2
3168,1708,2025-07-09 19:58:09,Telegram,Consultar precios,Soporte,5,False,Finalizada,True,5
3169,285,2025-08-07 20:59:03,Facebook,Seguimiento,Soporte,5,False,Finalizada,False,3
3170,1635,2025-10-09 18:49:52,WhatsApp,Solicitar información,Postventa,5,False,Finalizada,True,5
3171,477,2025-10-05 20:28:41,Web,Agendar servicio,Soporte,5,True,Finalizada,True,2
3172,293,2025-04-22 12:25:05,Web,Seguimiento,Atención Comercial,7,False,Finalizada,False,4
3173,1737,2025-09-19 20:44:12,WhatsApp,Soporte técnico,Postventa,13,False,Finalizada,False,3
3174,635,2025-02-07 19:20:07,Web,Cancelar servicio,Ventas,2,False,Finalizada,True,4
3175,1168,2025-09-14 03:45:19,WhatsApp,Cancelar servicio,Atención Comercial,2,False,Finalizada,False,3
3176,39,2025-01-13 16:28:00,WhatsApp,Seguimiento,Atención al Cliente,4,True,Finalizada,True,1
3177,1450,2025-08-19 12:25:45,WhatsApp,Cancelar servicio,Ventas,4,False,Finalizada,True,5
3178,844,2025-04-03 19:47:07,WhatsApp,Seguimiento,Ventas,5,False,Finalizada,True,5
3179,326,2025-05-22 19:19:11,WhatsApp,Seguimiento,Soporte,7,False,Finalizada,True,5
3180,752,2025-02-25 20:17:01,WhatsApp,Seguimiento,Atención Comercial,4,False,Finalizada,False,4
3181,1710,2025-12-06 19:27:54,Web,Soporte técnico,Soporte,16,False,Abandonada,False,1
3182,594,2025-08-06 18:36:15,Facebook,Agendar servicio,Atención Comercial,8,False,Finalizada,False,3
3183,1251,2025-08-15 12:28:24,Web,Reclamo,Soporte,9,False,Abandonada,False,1
3184,1230,2025-10-02 12:26:06,WhatsApp,Seguimiento,Atención Comercial,6,False,Finalizada,False,5
3185,1561,2025-01-27 15:16:05,Instagram,Reclamo,Atención al Cliente,13,False,Abandonada,False,1
3186,408,2025-03-06 12:27:51,Web,Seguimiento,Soporte,5,False,Finalizada,True,5
3187,1861,2025-07-27 19:37:33,Web,Seguimiento,Atención Comercial,7,False,Finalizada,False,5
3188,699,2025-03-03 12:21:10,WhatsApp,Agendar servicio,Postventa,7,False,Abandonada,False,2
3189,246,2025-01-13 01:11:10,WhatsApp,Soporte técnico,Atención Comercial,11,True,Finalizada,True,2
3190,963,2025-02-10 17:05:13,Instagram,Soporte técnico,Atención al Cliente,16,True,Finalizada,True,2
3191,1164,2025-04-30 18:56:06,Facebook,Reclamo,Postventa,8,False,Finalizada,False,4
3192,1602,2025-02-12 18:14:31,WhatsApp,Agendar servicio,Soporte,5,False,Finalizada,False,4
3193,1056,2025-10-01 17:08:24,Instagram,Seguimiento,Ventas,4,False,Finalizada,False,5
3194,1012,2025-08-17 19:42:11,WhatsApp,Cancelar servicio,Soporte,4,False,Finalizada,False,4
3195,189,2025-11-23 19:20:32,WhatsApp,Solicitar información,Postventa,5,False,Finalizada,False,5
3196,1433,2025-04-12 18:58:58,WhatsApp,Soporte técnico,Atención al Cliente,16,False,Finalizada,True,5
3197,905,2025-02-02 18:15:10,WhatsApp,Cancelar servicio,Ventas,3,False,Finalizada,True,5
3198,1278,2025-10-28 12:45:11,Web,Agendar servicio,Soporte,5,False,Finalizada,False,4
3199,726,2025-06-04 19:57:43,WhatsApp,Consultar precios,Atención Comercial,5,False,Finalizada,False,4
3200,1848,2025-05-31 19:43:25,WhatsApp,Solicitar información,Postventa,5,True,Finalizada,True,1
3201,795,2025-04-20 12:12:38,Web,Soporte técnico,Ventas,16,False,Finalizada,True,5
3202,1511,2025-05-19 19:02:12,Web,Agendar servicio,Atención al Cliente,8,False,Finalizada,True,4
3203,975,2025-11-06 13:00:49,WhatsApp,Soporte técnico,Postventa,16,False,Finalizada,True,4
3204,122,2025-01-17 17:08:37,Web,Reclamo,Ventas,9,False,Finalizada,False,4
3205,1644,2025-05-23 20:34:31,WhatsApp,Consultar precios,Ventas,4,False,Finalizada,True,5
3206,1875,2025-03-28 13:11:10,Facebook,Reclamo,Postventa,8,False,Finalizada,False,4
3207,763,2025-06-30 18:41:37,WhatsApp,Reclamo,Atención al Cliente,14,True,Finalizada,True,3
3208,1148,2025-10-30 13:27:05,WhatsApp,Seguimiento,Postventa,4,False,Finalizada,False,5
3209,1253,2025-02-24 20:21:33,Facebook,Soporte técnico,Ventas,15,False,Finalizada,False,3
3210,1777,2025-07-12 20:54:16,WhatsApp,Seguimiento,Atención al Cliente,7,False,Finalizada,False,5
3211,13,2025-01-06 19:02:12,WhatsApp,Reclamo,Soporte,13,True,Finalizada,False,3
3212,1204,2025-08-18 05:35:50,WhatsApp,Seguimiento,Ventas,6,False,Finalizada,False,3
3213,1117,2025-06-02 13:15:25,Web,Cancelar servicio,Atención Comercial,4,False,Finalizada,False,5
3214,423,2025-11-14 12:10:18,Web,Cancelar servicio,Postventa,3,True,Finalizada,False,3
3215,637,2025-01-17 20:14:34,WhatsApp,Consultar precios,Ventas,3,False,Finalizada,False,5
3216,1119,2025-03-31 19:09:31,Web,Solicitar información,Soporte,6,False,Abandonada,False,2
3217,1904,2025-01-02 13:52:57,WhatsApp,Cancelar servicio,Atención Comercial,4,False,Abandonada,False,1
3218,587,2025-02-13 15:22:37,Instagram,Consultar precios,Soporte,4,False,Finalizada,True,5
3219,1853,2025-11-29 00:29:41,WhatsApp,Cancelar servicio,Ventas,2,False,Finalizada,True,5
3220,681,2025-09-13 19:45:10,Web,Seguimiento,Atención Comercial,4,False,Finalizada,True,4
3221,1266,2025-02-17 05:19:25,WhatsApp,Seguimiento,Atención al Cliente,7,False,Finalizada,False,5
3222,869,2025-11-09 19:34:22,WhatsApp,Consultar precios,Atención al Cliente,4,False,Finalizada,True,5
3223,927,2025-06-04 13:21:08,Web,Solicitar información,Atención Comercial,6,False,Finalizada,True,5
3224,1878,2025-09-07 08:23:59,Facebook,Soporte técnico,Postventa,14,False,Abandonada,False,2
3225,1069,2025-01-24 11:48:37,Web,Agendar servicio,Ventas,5,False,Finalizada,True,5
3226,983,2025-01-18 04:34:06,WhatsApp,Solicitar información,Ventas,5,False,Finalizada,True,5
3227,170,2025-10-27 19:18:52,Instagram,Seguimiento,Postventa,4,True,Finalizada,False,2
3228,1658,2025-06-30 17:04:14,Instagram,Agendar servicio,Atención Comercial,7,True,Finalizada,True,1
3229,75,2025-02-16 18:49:55,WhatsApp,Solicitar información,Atención Comercial,5,False,Abandonada,False,1
3230,118,2025-10-05 17:59:45,WhatsApp,Solicitar información,Ventas,6,False,Finalizada,True,5
3231,209,2025-03-03 13:43:40,WhatsApp,Cancelar servicio,Atención al Cliente,4,False,Abandonada,False,1
3232,1849,2025-12-03 16:38:29,Facebook,Consultar precios,Atención al Cliente,5,False,Abandonada,False,1
3233,776,2025-03-21 12:22:19,WhatsApp,Cancelar servicio,Atención al Cliente,3,False,Finalizada,True,5
3234,440,2025-03-23 19:06:07,Instagram,Solicitar información,Ventas,4,False,Finalizada,False,3
3235,934,2025-07-16 13:51:39,WhatsApp,Seguimiento,Ventas,4,False,Finalizada,True,4
3236,1105,2025-01-21 20:18:49,WhatsApp,Seguimiento,Atención Comercial,5,False,Abandonada,False,1
3237,1153,2025-02-18 13:53:43,WhatsApp,Seguimiento,Postventa,5,False,Abandonada,False,1
3238,586,2025-07-18 15:06:55,WhatsApp,Consultar precios,Postventa,4,False,Abandonada,False,2
3239,1528,2025-06-05 12:13:09,WhatsApp,Reclamo,Soporte,8,True,Finalizada,False,1
3240,443,2025-01-20 20:22:47,Web,Seguimiento,Ventas,4,False,Finalizada,True,5
3241,326,2025-01-13 12:04:18,WhatsApp,Soporte técnico,Atención Comercial,11,False,Finalizada,True,5
3242,1203,2025-07-31 13:22:46,Telegram,Agendar servicio,Postventa,7,False,Abandonada,False,1
3243,1859,2025-10-13 18:27:11,WhatsApp,Consultar precios,Postventa,5,False,Finalizada,False,4
3244,1003,2025-10-15 11:48:39,Web,Seguimiento,Atención al Cliente,7,False,Finalizada,False,4
3245,1104,2025-08-11 20:12:27,WhatsApp,Solicitar información,Ventas,5,False,Finalizada,True,5
3246,695,2025-11-18 20:23:54,Web,Seguimiento,Atención al Cliente,7,True,Finalizada,True,1
3247,1685,2025-12-11 13:14:25,Web,Consultar precios,Postventa,5,False,Finalizada,False,4
3248,233,2025-11-26 12:36:40,Instagram,Cancelar servicio,Atención al Cliente,3,False,Abandonada,False,1
3249,1245,2025-05-26 18:43:59,WhatsApp,Soporte técnico,Postventa,10,True,Finalizada,False,2
3250,340,2025-08-02 09:09:51,Facebook,Cancelar servicio,Atención Comercial,2,False,Finalizada,False,4
3251,840,2025-12-09 20:37:31,WhatsApp,Solicitar información,Atención Comercial,5,False,Finalizada,False,4
3252,762,2025-12-06 19:51:41,WhatsApp,Seguimiento,Atención al Cliente,7,False,Finalizada,True,5
3253,1666,2025-01-05 16:05:04,WhatsApp,Reclamo,Postventa,14,False,Abandonada,False,1
3254,311,2025-10-26 10:55:20,WhatsApp,Soporte técnico,Atención al Cliente,14,False,Finalizada,True,5
3255,1394,2025-09-30 13:34:40,WhatsApp,Consultar precios,Postventa,4,False,Abandonada,False,1
3256,906,2025-01-19 19:18:13,Facebook,Soporte técnico,Ventas,11,True,Finalizada,True,2
3257,1990,2025-02-12 13:44:06,Web,Solicitar información,Postventa,6,False,Finalizada,False,4
3258,1738,2025-03-03 20:06:19,Web,Cancelar servicio,Atención al Cliente,4,False,Finalizada,True,5
3259,811,2025-04-02 18:26:41,WhatsApp,Consultar precios,Soporte,3,False,Finalizada,False,3
3260,264,2025-01-30 19:39:42,Instagram,Agendar servicio,Ventas,6,False,Finalizada,True,4
3261,675,2025-10-15 18:53:25,Instagram,Agendar servicio,Atención Comercial,8,False,Finalizada,True,5
3262,551,2025-03-20 19:47:13,WhatsApp,Cancelar servicio,Postventa,2,False,Finalizada,True,5
3263,1939,2025-03-21 19:05:06,Facebook,Consultar precios,Atención Comercial,3,False,Finalizada,False,5
3264,1569,2025-12-02 19:19:23,WhatsApp,Consultar precios,Soporte,3,False,Finalizada,True,5
3265,155,2025-01-18 11:25:17,Web,Cancelar servicio,Soporte,3,False,Finalizada,False,3
3266,1557,2025-07-07 02:16:50,Web,Reclamo,Atención al Cliente,13,False,Finalizada,True,5
3267,367,2025-05-17 05:08:11,Facebook,Cancelar servicio,Atención al Cliente,2,False,Finalizada,True,5
3268,1376,2025-05-10 19:51:30,Telegram,Cancelar servicio,Soporte,2,False,Finalizada,False,4
3269,1501,2025-07-15 10:58:57,Web,Consultar precios,Soporte,3,False,Finalizada,True,5
3270,1039,2025-01-21 13:50:20,Facebook,Reclamo,Soporte,11,False,Abandonada,False,1
3271,553,2025-05-10 13:13:59,Facebook,Solicitar información,Postventa,5,False,Finalizada,False,5
3272,272,2025-09-20 13:53:29,WhatsApp,Agendar servicio,Soporte,7,False,Finalizada,True,4
3273,142,2025-08-30 12:43:08,Web,Cancelar servicio,Postventa,3,False,Finalizada,True,5
3274,802,2025-05-23 20:02:15,Web,Soporte técnico,Postventa,18,False,Finalizada,False,3
3275,1724,2025-10-31 12:11:08,WhatsApp,Reclamo,Postventa,10,True,Finalizada,True,2
3276,137,2025-03-13 20:47:18,Web,Cancelar servicio,Soporte,4,False,Finalizada,True,5
3277,1458,2025-04-03 20:58:00,Instagram,Solicitar información,Atención Comercial,6,False,Finalizada,False,3
3278,387,2025-10-23 15:17:44,WhatsApp,Reclamo,Atención al Cliente,9,False,Finalizada,True,5
3279,449,2025-02-17 04:39:57,WhatsApp,Soporte técnico,Postventa,16,True,Finalizada,True,2
3280,135,2025-02-07 18:34:25,Telegram,Soporte técnico,Atención al Cliente,10,True,Finalizada,False,1
3281,209,2025-09-08 01:14:03,Facebook,Consultar precios,Atención Comercial,3,False,Finalizada,True,5
3282,568,2025-03-04 20:46:52,Web,Seguimiento,Atención Comercial,5,False,Finalizada,False,4
3283,190,2025-05-28 20:17:24,Web,Agendar servicio,Postventa,7,False,Finalizada,True,5
3284,498,2025-06-04 16:10:46,Web,Agendar servicio,Atención Comercial,5,False,Finalizada,True,5
3285,40,2025-02-05 09:37:10,Web,Agendar servicio,Atención al Cliente,8,False,Finalizada,False,3
3286,1430,2025-04-01 10:56:41,WhatsApp,Solicitar información,Atención Comercial,6,False,Finalizada,False,4
3287,152,2025-07-12 02:27:21,Telegram,Seguimiento,Atención al Cliente,5,False,Finalizada,False,4
3288,45,2025-08-04 18:16:01,WhatsApp,Consultar precios,Ventas,3,False,Finalizada,False,3
3289,1662,2025-06-26 19:20:23,Facebook,Consultar precios,Postventa,5,False,Finalizada,False,3
3290,1610,2025-08-31 12:00:24,WhatsApp,Seguimiento,Ventas,4,False,Finalizada,False,3
3291,1655,2025-05-15 13:50:58,Telegram,Soporte técnico,Ventas,10,False,Abandonada,False,1
3292,453,2025-09-15 19:01:03,Instagram,Seguimiento,Atención al Cliente,6,False,Finalizada,False,4
3293,918,2025-03-21 10:01:59,Instagram,Agendar servicio,Soporte,6,False,Finalizada,False,3
3294,678,2025-03-07 19:58:19,WhatsApp,Agendar servicio,Ventas,7,False,Finalizada,True,4
3295,455,2025-12-13 12:27:37,Instagram,Agendar servicio,Ventas,6,False,Finalizada,False,4
3296,1183,2025-01-04 12:58:36,Web,Consultar precios,Atención al Cliente,4,False,Finalizada,False,4
3297,1999,2025-07-01 19:15:00,Facebook,Seguimiento,Postventa,4,False,Finalizada,False,3
3298,1655,2025-11-20 18:29:35,Instagram,Agendar servicio,Atención al Cliente,5,False,Finalizada,True,5
3299,1092,2025-01-22 13:57:36,WhatsApp,Seguimiento,Atención Comercial,7,False,Abandonada,False,2
3300,88,2025-10-28 20:20:42,WhatsApp,Agendar servicio,Soporte,5,False,Finalizada,False,4
3301,1651,2025-06-01 13:17:15,WhatsApp,Soporte técnico,Postventa,11,True,Finalizada,False,1
3302,545,2025-08-17 13:50:24,WhatsApp,Solicitar información,Atención Comercial,4,False,Finalizada,True,5
3303,1476,2025-06-10 19:42:43,WhatsApp,Soporte técnico,Postventa,17,True,Abandonada,False,1
3304,1397,2025-08-05 17:13:00,Web,Seguimiento,Postventa,4,False,Finalizada,False,4
3305,1423,2025-08-10 18:01:35,WhatsApp,Consultar precios,Atención Comercial,4,False,Finalizada,True,5
3306,1138,2025-03-13 13:07:16,Facebook,Seguimiento,Ventas,4,True,Finalizada,False,3
3307,1504,2025-10-31 13:06:03,WhatsApp,Soporte técnico,Atención al Cliente,14,False,Finalizada,True,5
3308,1776,2025-01-17 13:23:36,WhatsApp,Solicitar información,Postventa,4,False,Finalizada,False,4
3309,1526,2025-10-17 20:41:32,WhatsApp,Agendar servicio,Atención al Cliente,6,False,Finalizada,True,4
3310,909,2025-03-02 01:07:12,Instagram,Seguimiento,Ventas,4,False,Finalizada,True,5
3311,1324,2025-10-31 13:22:08,WhatsApp,Reclamo,Ventas,9,True,Finalizada,True,2
3312,1743,2025-05-24 12:22:52,Instagram,Cancelar servicio,Soporte,3,False,Abandonada,False,1
3313,919,2025-07-10 09:59:05,Web,Soporte técnico,Atención Comercial,12,False,Finalizada,False,3
3314,1495,2025-03-16 19:16:23,WhatsApp,Soporte técnico,Postventa,13,True,Finalizada,True,1
3315,1129,2025-11-02 11:43:47,WhatsApp,Consultar precios,Atención Comercial,3,False,Finalizada,True,4
3316,1352,2025-12-18 08:06:35,WhatsApp,Seguimiento,Atención Comercial,5,False,Finalizada,True,5
3317,150,2025-04-04 13:04:41,WhatsApp,Seguimiento,Atención al Cliente,4,False,Finalizada,True,5
3318,365,2025-11-20 13:51:35,WhatsApp,Seguimiento,Ventas,7,False,Finalizada,False,3
3319,46,2025-06-05 02:59:02,Facebook,Cancelar servicio,Postventa,4,False,Finalizada,False,5
3320,1402,2025-07-17 13:30:24,WhatsApp,Reclamo,Atención al Cliente,14,True,Finalizada,True,3
3321,1013,2025-08-08 08:08:02,Instagram,Cancelar servicio,Soporte,4,False,Abandonada,False,2
3322,775,2025-01-22 18:04:36,Web,Reclamo,Postventa,10,False,Finalizada,True,5
3323,1606,2025-06-08 12:04:13,Facebook,Reclamo,Postventa,13,False,Finalizada,True,5
3324,731,2025-12-10 12:25:50,WhatsApp,Seguimiento,Atención Comercial,6,False,Finalizada,True,4
3325,482,2025-02-27 13:34:57,WhatsApp,Cancelar servicio,Atención al Cliente,3,False,Finalizada,False,3
3326,1549,2025-10-10 18:41:28,Facebook,Cancelar servicio,Postventa,3,False,Finalizada,True,5
3327,474,2025-03-17 09:41:44,Web,Soporte técnico,Atención al Cliente,13,False,Finalizada,True,5
3328,1844,2025-08-16 13:40:52,WhatsApp,Solicitar información,Atención al Cliente,6,False,Finalizada,False,4
3329,692,2025-12-31 18:11:04,WhatsApp,Reclamo,Atención al Cliente,13,False,Finalizada,False,5
3330,246,2025-09-19 20:03:40,Web,Solicitar información,Postventa,5,False,Finalizada,True,5
3331,1359,2025-03-31 18:46:14,WhatsApp,Cancelar servicio,Soporte,2,False,Finalizada,True,5
3332,1127,2025-11-01 12:30:47,Facebook,Consultar precios,Atención al Cliente,4,False,Finalizada,True,4
3333,657,2025-05-02 12:41:59,WhatsApp,Solicitar información,Ventas,6,False,Abandonada,False,2
3334,806,2025-08-08 18:43:48,Facebook,Agendar servicio,Atención al Cliente,8,False,Finalizada,True,5
3335,816,2025-03-24 09:47:16,Facebook,Reclamo,Postventa,10,False,Abandonada,False,1
3336,769,2025-06-15 12:49:32,Instagram,Agendar servicio,Ventas,5,False,Finalizada,False,3
3337,1267,2025-12-28 20:27:08,Web,Reclamo,Postventa,14,False,Finalizada,False,3
3338,1316,2025-06-20 13:33:26,Web,Consultar precios,Ventas,5,False,Finalizada,True,5
3339,1293,2025-11-28 20:12:53,Instagram,Consultar precios,Ventas,3,False,Finalizada,False,3
3340,1311,2025-11-07 20:55:44,WhatsApp,Cancelar servicio,Atención al Cliente,3,False,Finalizada,False,4
3341,895,2025-12-04 18:01:22,WhatsApp,Soporte técnico,Soporte,18,False,Finalizada,True,5
3342,682,2025-04-28 20:26:12,WhatsApp,Solicitar información,Atención al Cliente,6,False,Finalizada,True,5
3343,617,2025-01-22 18:23:02,Web,Seguimiento,Postventa,7,False,Finalizada,False,3
3344,84,2025-07-07 13:10:33,Web,Soporte técnico,Soporte,11,True,Abandonada,False,1
3345,753,2025-03-06 15:50:04,WhatsApp,Solicitar información,Atención Comercial,5,False,Finalizada,True,5
3346,944,2025-04-06 19:53:40,WhatsApp,Soporte técnico,Ventas,12,False,Finalizada,True,5
3347,502,2025-09-15 13:35:12,WhatsApp,Seguimiento,Ventas,4,False,Finalizada,True,5
3348,1714,2025-11-02 18:34:36,WhatsApp,Seguimiento,Soporte,7,False,Finalizada,False,5
3349,1886,2025-10-10 12:34:18,Web,Cancelar servicio,Atención Comercial,4,False,Finalizada,True,5
3350,474,2025-11-07 12:29:36,WhatsApp,Cancelar servicio,Atención al Cliente,2,False,Abandonada,False,1
3351,1697,2025-04-27 09:08:23,WhatsApp,Soporte técnico,Soporte,18,False,Finalizada,False,4
3352,1316,2025-01-29 16:24:12,Instagram,Seguimiento,Ventas,6,False,Finalizada,False,5
3353,582,2025-08-02 18:31:32,WhatsApp,Soporte técnico,Atención al Cliente,10,False,Finalizada,True,5
3354,110,2025-11-11 12:36:43,Web,Agendar servicio,Soporte,7,False,Abandonada,False,1
3355,411,2025-09-14 19:51:42,WhatsApp,Reclamo,Soporte,13,True,Finalizada,True,3
3356,1938,2025-02-19 19:11:00,WhatsApp,Agendar servicio,Soporte,7,True,Finalizada,False,2
3357,1615,2025-12-31 09:36:09,Web,Cancelar servicio,Atención al Cliente,3,False,Finalizada,True,4
3358,1903,2025-10-14 19:45:17,Web,Solicitar información,Soporte,4,False,Finalizada,False,5
3359,1510,2025-10-24 13:59:20,Web,Cancelar servicio,Postventa,2,False,Finalizada,True,5
3360,996,2025-03-21 20:03:35,Facebook,Consultar precios,Ventas,5,False,Finalizada,False,3
3361,1074,2025-09-09 19:33:06,Telegram,Seguimiento,Ventas,4,False,Finalizada,False,3
3362,758,2025-12-23 12:23:15,WhatsApp,Cancelar servicio,Atención al Cliente,2,False,Finalizada,True,5
3363,1568,2025-08-12 13:22:52,WhatsApp,Cancelar servicio,Postventa,3,False,Finalizada,True,5
3364,1375,2025-05-11 20:13:24,Telegram,Agendar servicio,Ventas,7,False,Abandonada,False,1
3365,235,2025-02-17 18:08:17,Instagram,Solicitar información,Ventas,5,False,Finalizada,True,5
3366,1952,2025-10-12 03:30:25,WhatsApp,Consultar precios,Atención Comercial,5,False,Finalizada,True,5
3367,535,2025-08-15 12:56:38,WhatsApp,Reclamo,Soporte,13,True,Finalizada,False,2
3368,567,2025-03-31 17:16:01,Facebook,Reclamo,Ventas,9,False,Finalizada,True,4
3369,1680,2025-02-03 18:12:26,WhatsApp,Consultar precios,Soporte,3,False,Finalizada,False,3
3370,960,2025-09-01 09:53:54,WhatsApp,Solicitar información,Atención Comercial,4,False,Finalizada,True,5
3371,419,2025-02-26 19:31:39,WhatsApp,Seguimiento,Atención Comercial,7,True,Finalizada,False,2
3372,1821,2025-03-22 20:06:45,Facebook,Solicitar información,Postventa,4,False,Abandonada,False,1
3373,738,2025-06-15 19:53:28,WhatsApp,Consultar precios,Atención al Cliente,3,False,Abandonada,False,1
3374,814,2025-11-27 12:13:41,Instagram,Seguimiento,Soporte,7,False,Finalizada,False,4
3375,963,2025-05-04 08:47:15,WhatsApp,Cancelar servicio,Soporte,4,False,Abandonada,False,2
3376,1887,2025-03-06 19:41:28,WhatsApp,Soporte técnico,Ventas,11,False,Abandonada,False,1
3377,343,2025-03-24 13:52:46,WhatsApp,Reclamo,Ventas,10,False,Finalizada,False,5
3378,1010,2025-04-27 12:02:20,WhatsApp,Consultar precios,Atención al Cliente,4,False,Finalizada,False,3
3379,601,2025-03-28 17:07:08,WhatsApp,Consultar precios,Ventas,5,False,Finalizada,True,5
3380,258,2025-10-01 19:01:22,Web,Solicitar información,Soporte,6,False,Finalizada,True,4
3381,1284,2025-11-23 13:53:27,Facebook,Cancelar servicio,Soporte,4,False,Finalizada,False,3
3382,846,2025-07-09 13:29:48,Web,Reclamo,Ventas,10,False,Finalizada,False,5
3383,584,2025-11-18 12:50:00,Web,Cancelar servicio,Soporte,4,False,Finalizada,True,4
3384,1330,2025-07-25 12:09:19,WhatsApp,Reclamo,Ventas,9,False,Finalizada,False,4
3385,1271,2025-12-09 20:52:06,Facebook,Agendar servicio,Atención al Cliente,6,False,Finalizada,True,5
3386,1055,2025-04-14 12:03:54,WhatsApp,Solicitar información,Ventas,6,False,Finalizada,False,4
3387,147,2025-10-12 12:04:15,Facebook,Solicitar información,Atención al Cliente,4,False,Finalizada,True,5
3388,1438,2025-08-16 18:14:12,Facebook,Agendar servicio,Atención al Cliente,7,False,Finalizada,True,5
3389,1760,2025-09-25 19:42:31,Web,Seguimiento,Soporte,6,False,Finalizada,True,4
3390,910,2025-05-18 20:44:03,WhatsApp,Soporte técnico,Soporte,16,True,Abandonada,False,1
3391,752,2025-08-31 18:19:58,Web,Soporte técnico,Atención Comercial,16,False,Finalizada,True,5
3392,109,2025-04-27 16:51:27,WhatsApp,Reclamo,Atención Comercial,13,False,Finalizada,False,3
3393,1295,2025-06-12 18:02:35,WhatsApp,Seguimiento,Ventas,6,False,Finalizada,False,3
3394,1647,2025-10-25 20:24:44,WhatsApp,Cancelar servicio,Ventas,2,False,Finalizada,False,5
3395,1333,2025-02-21 03:19:11,Web,Consultar precios,Atención Comercial,5,False,Finalizada,False,3
3396,1568,2025-12-04 19:25:53,Instagram,Soporte técnico,Atención Comercial,13,True,Finalizada,True,1
3397,200,2025-05-18 18:16:55,Web,Reclamo,Atención al Cliente,13,False,Finalizada,False,4
3398,656,2025-01-07 18:33:57,Facebook,Agendar servicio,Ventas,7,False,Finalizada,False,3
3399,790,2025-07-06 12:53:50,Telegram,Seguimiento,Soporte,4,False,Finalizada,False,3
3400,1401,2025-04-16 19:02:36,WhatsApp,Seguimiento,Ventas,6,False,Abandonada,False,1
3401,1732,2025-01-08 13:20:54,Facebook,Seguimiento,Atención Comercial,7,False,Finalizada,False,5
3402,540,2025-05-14 20:25:26,Instagram,Agendar servicio,Ventas,7,False,Finalizada,False,3
3403,1967,2025-02-20 18:30:50,WhatsApp,Agendar servicio,Soporte,5,False,Finalizada,True,4
3404,1277,2025-05-14 00:02:35,WhatsApp,Agendar servicio,Atención Comercial,7,False,Finalizada,False,4
3405,708,2025-01-15 08:01:23,Facebook,Seguimiento,Atención Comercial,4,True,Finalizada,True,2
3406,289,2025-03-08 13:25:09,WhatsApp,Reclamo,Soporte,14,False,Finalizada,False,4
3407,904,2025-02-07 10:58:33,WhatsApp,Reclamo,Atención al Cliente,15,False,Abandonada,False,2
3408,624,2025-06-22 18:39:38,WhatsApp,Seguimiento,Atención Comercial,5,False,Finalizada,False,4
3409,505,2025-12-04 13:20:34,Web,Consultar precios,Ventas,3,False,Finalizada,True,5
3410,1391,2025-07-05 15:11:12,Facebook,Cancelar servicio,Postventa,4,False,Finalizada,True,5
3411,1720,2025-05-28 17:17:37,Web,Cancelar servicio,Atención Comercial,2,False,Abandonada,False,1
3412,1287,2025-06-20 02:50:41,Facebook,Solicitar información,Soporte,6,True,Finalizada,False,1
3413,25,2025-08-26 13:05:03,Facebook,Solicitar información,Ventas,4,True,Finalizada,False,2
3414,902,2025-03-08 01:17:03,Facebook,Solicitar información,Atención Comercial,5,False,Finalizada,False,3
3415,647,2025-11-26 20:05:12,Telegram,Soporte técnico,Postventa,15,False,Abandonada,False,1
3416,909,2025-05-18 12:40:17,Instagram,Reclamo,Atención Comercial,12,False,Finalizada,False,4
3417,554,2025-03-02 12:23:24,Facebook,Reclamo,Atención al Cliente,11,False,Finalizada,True,4
3418,572,2025-09-16 15:03:29,WhatsApp,Reclamo,Atención al Cliente,8,False,Finalizada,True,5
3419,234,2025-11-01 13:07:42,Web,Cancelar servicio,Soporte,2,False,Finalizada,True,4
3420,511,2025-02-21 19:32:24,Instagram,Cancelar servicio,Ventas,4,False,Finalizada,False,3
3421,1385,2025-05-06 08:02:09,Web,Solicitar información,Soporte,4,False,Finalizada,True,5
3422,1638,2025-05-03 09:07:59,Web,Agendar servicio,Atención al Cliente,6,False,Finalizada,False,3
3423,1490,2025-04-05 15:10:29,Instagram,Consultar precios,Soporte,5,False,Finalizada,True,5
3424,23,2025-08-24 20:36:30,WhatsApp,Consultar precios,Atención al Cliente,5,False,Finalizada,True,5
3425,383,2025-06-06 18:51:24,Telegram,Solicitar información,Ventas,6,False,Finalizada,True,4
3426,117,2025-04-09 18:35:50,Facebook,Consultar precios,Atención al Cliente,4,False,Finalizada,False,5
3427,947,2025-05-19 20:55:55,Web,Agendar servicio,Postventa,8,False,Finalizada,False,3
3428,1661,2025-07-31 19:08:47,Web,Seguimiento,Atención Comercial,6,False,Finalizada,False,5
3429,694,2025-10-04 12:38:45,WhatsApp,Soporte técnico,Ventas,14,False,Abandonada,False,1
3430,236,2025-03-15 18:02:39,Web,Consultar precios,Ventas,5,False,Finalizada,True,5
3431,627,2025-01-07 16:39:17,WhatsApp,Cancelar servicio,Soporte,4,False,Finalizada,True,5
3432,129,2025-07-05 19:43:10,Facebook,Cancelar servicio,Postventa,3,False,Abandonada,False,1
3433,247,2025-09-07 12:11:00,Telegram,Reclamo,Atención al Cliente,8,True,Abandonada,False,1
3434,1774,2025-06-14 12:50:58,WhatsApp,Solicitar información,Atención Comercial,6,False,Finalizada,True,5
3435,692,2025-02-27 11:56:51,Web,Agendar servicio,Atención al Cliente,8,False,Finalizada,False,5
3436,768,2025-12-24 17:28:03,WhatsApp,Solicitar información,Ventas,6,False,Finalizada,True,5
3437,818,2025-04-26 13:23:34,Web,Solicitar información,Soporte,5,False,Finalizada,True,5
3438,1953,2025-10-14 13:45:50,WhatsApp,Agendar servicio,Postventa,8,False,Finalizada,True,5
3439,1577,2025-09-14 20:52:38,WhatsApp,Consultar precios,Atención al Cliente,5,False,Abandonada,False,2
3440,972,2025-04-07 19:01:37,WhatsApp,Solicitar información,Atención al Cliente,4,False,Finalizada,False,5
3441,1814,2025-09-22 10:24:29,Facebook,Solicitar información,Atención Comercial,4,False,Finalizada,False,5
3442,1710,2025-05-01 13:44:02,WhatsApp,Seguimiento,Atención al Cliente,5,False,Finalizada,False,4
3443,442,2025-03-09 18:48:34,Facebook,Seguimiento,Atención Comercial,7,False,Finalizada,False,3
3444,1240,2025-12-08 13:05:46,Web,Agendar servicio,Postventa,7,False,Finalizada,True,5
3445,1943,2025-02-16 05:54:34,Facebook,Soporte técnico,Atención al Cliente,17,False,Abandonada,False,1
3446,458,2025-04-14 12:04:01,WhatsApp,Solicitar información,Postventa,5,False,Finalizada,False,3
3447,615,2025-12-28 12:45:36,WhatsApp,Soporte técnico,Soporte,14,False,Abandonada,False,2
3448,51,2025-12-15 08:09:38,WhatsApp,Reclamo,Soporte,12,False,Finalizada,True,5
3449,684,2025-03-23 08:54:21,WhatsApp,Consultar precios,Atención al Cliente,4,False,Finalizada,True,5
3450,1863,2025-08-16 19:57:08,Web,Agendar servicio,Atención Comercial,6,False,Abandonada,False,1
3451,3,2025-09-11 08:28:47,Facebook,Reclamo,Ventas,10,False,Finalizada,False,5
3452,318,2025-08-31 19:01:37,Web,Consultar precios,Ventas,5,False,Finalizada,True,4
3453,591,2025-12-12 13:34:27,Facebook,Agendar servicio,Atención Comercial,5,False,Finalizada,False,3
3454,695,2025-03-25 18:42:21,WhatsApp,Solicitar información,Atención al Cliente,4,False,Finalizada,False,5
3455,1361,2025-05-13 17:52:24,Telegram,Agendar servicio,Atención al Cliente,8,False,Abandonada,False,1
3456,1889,2025-03-13 08:27:09,WhatsApp,Solicitar información,Atención Comercial,6,False,Finalizada,True,5
3457,1652,2025-04-04 10:39:49,Web,Seguimiento,Ventas,4,False,Finalizada,True,4
3458,692,2025-02-26 19:44:52,Telegram,Consultar precios,Soporte,3,False,Finalizada,True,5
3459,243,2025-10-28 13:47:49,Web,Agendar servicio,Postventa,8,False,Abandonada,False,2
3460,359,2025-09-15 20:22:33,Instagram,Agendar servicio,Ventas,6,False,Finalizada,False,3
3461,121,2025-01-06 19:26:38,Facebook,Agendar servicio,Ventas,5,False,Finalizada,False,5
3462,894,2025-09-09 12:17:19,Web,Seguimiento,Ventas,5,False,Finalizada,False,3
3463,14,2025-07-02 12:23:19,WhatsApp,Seguimiento,Postventa,6,False,Finalizada,False,4
3464,1839,2025-06-04 12:30:24,Facebook,Cancelar servicio,Atención Comercial,4,False,Abandonada,False,2
3465,959,2025-07-02 12:42:11,WhatsApp,Soporte técnico,Soporte,16,False,Finalizada,False,3
3466,26,2025-12-29 20:44:17,WhatsApp,Solicitar información,Atención Comercial,4,False,Finalizada,True,4
3467,746,2025-07-30 02:28:58,WhatsApp,Agendar servicio,Soporte,8,False,Finalizada,True,5
3468,262,2025-01-21 19:37:31,Telegram,Agendar servicio,Soporte,7,True,Finalizada,False,3
3469,455,2025-03-20 20:05:13,WhatsApp,Solicitar información,Atención al Cliente,6,False,Finalizada,False,4
3470,888,2025-03-21 18:18:05,Web,Cancelar servicio,Postventa,2,False,Abandonada,False,1
3471,1320,2025-06-12 20:50:26,Web,Reclamo,Postventa,9,False,Finalizada,False,4
3472,38,2025-09-27 19:44:35,Facebook,Soporte técnico,Soporte,16,False,Finalizada,True,5
3473,1274,2025-03-09 09:26:40,WhatsApp,Solicitar información,Atención al Cliente,6,False,Abandonada,False,1
3474,1009,2025-01-02 18:23:20,WhatsApp,Soporte técnico,Soporte,10,False,Finalizada,False,3
3475,442,2025-06-01 00:34:28,Telegram,Agendar servicio,Soporte,7,False,Finalizada,False,5
3476,799,2025-02-18 09:45:56,Web,Solicitar información,Ventas,6,False,Abandonada,False,2
3477,312,2025-02-24 20:34:46,Web,Seguimiento,Ventas,4,False,Finalizada,True,4
3478,1808,2025-02-04 19:14:34,WhatsApp,Seguimiento,Ventas,7,False,Abandonada,False,1
3479,649,2025-08-14 16:19:56,WhatsApp,Consultar precios,Atención Comercial,5,True,Finalizada,False,2
3480,340,2025-08-25 20:52:42,Telegram,Reclamo,Soporte,11,False,Finalizada,True,5
3481,1717,2025-05-30 19:25:20,Instagram,Solicitar información,Atención al Cliente,6,False,Abandonada,False,2
3482,19,2025-05-01 19:31:16,WhatsApp,Soporte técnico,Atención al Cliente,16,False,Abandonada,False,1
3483,1994,2025-09-05 20:28:51,WhatsApp,Consultar precios,Soporte,5,False,Finalizada,True,5
3484,309,2025-02-26 13:16:16,WhatsApp,Reclamo,Soporte,9,False,Finalizada,False,4
3485,402,2025-05-13 10:33:51,Web,Reclamo,Ventas,10,False,Finalizada,True,5
3486,708,2025-02-21 18:42:06,Web,Seguimiento,Atención Comercial,5,False,Finalizada,False,4
3487,551,2025-08-29 13:43:27,WhatsApp,Consultar precios,Soporte,5,False,Finalizada,False,4
3488,1819,2025-03-05 12:33:39,Instagram,Seguimiento,Postventa,6,False,Finalizada,True,5
3489,1436,2025-04-29 17:57:10,Instagram,Solicitar información,Atención al Cliente,5,False,Finalizada,False,3
3490,1227,2025-10-09 05:24:11,WhatsApp,Consultar precios,Atención al Cliente,4,False,Finalizada,True,5
3491,1163,2025-03-06 13:00:02,WhatsApp,Solicitar información,Soporte,4,False,Finalizada,False,4
3492,435,2025-04-16 12:34:15,Facebook,Consultar precios,Postventa,3,False,Abandonada,False,2
3493,1634,2025-10-15 13:52:02,Facebook,Seguimiento,Postventa,5,False,Finalizada,True,5
3494,1076,2025-10-17 19:54:30,WhatsApp,Cancelar servicio,Ventas,4,False,Finalizada,True,5
3495,731,2025-02-21 01:32:06,WhatsApp,Agendar servicio,Soporte,8,False,Finalizada,True,4
3496,158,2025-02-26 15:05:24,Instagram,Seguimiento,Ventas,6,False,Finalizada,False,4
3497,229,2025-01-27 12:24:38,Web,Agendar servicio,Atención al Cliente,7,False,Abandonada,False,1
3498,912,2025-11-05 12:07:24,Instagram,Consultar precios,Postventa,4,False,Abandonada,False,1
3499,90,2025-08-09 16:57:28,Facebook,Seguimiento,Ventas,7,False,Finalizada,True,5
3500,537,2025-04-03 20:26:57,Web,Soporte técnico,Soporte,18,True,Finalizada,False,2
3501,1061,2025-12-17 16:14:31,Web,Cancelar servicio,Atención al Cliente,2,False,Finalizada,True,5
3502,642,2025-02-03 17:06:52,Web,Reclamo,Ventas,11,True,Finalizada,False,1
3503,933,2025-07-28 12:44:22,WhatsApp,Reclamo,Postventa,12,False,Finalizada,False,3
3504,724,2025-01-25 12:54:21,Facebook,Seguimiento,Atención al Cliente,5,False,Abandonada,False,1
3505,1747,2025-09-07 20:33:38,Facebook,Seguimiento,Postventa,4,False,Finalizada,False,3
3506,337,2025-04-12 19:19:33,Web,Cancelar servicio,Soporte,4,False,Finalizada,True,5
3507,895,2025-01-26 13:05:16,Facebook,Agendar servicio,Soporte,7,False,Finalizada,True,5
3508,210,2025-10-09 18:03:16,Facebook,Solicitar información,Atención al Cliente,4,False,Finalizada,False,5
3509,1536,2025-05-12 20:54:32,WhatsApp,Soporte técnico,Atención al Cliente,13,True,Finalizada,False,1
3510,1968,2025-05-04 12:45:45,WhatsApp,Reclamo,Atención al Cliente,9,False,Finalizada,True,5
3511,540,2025-12-28 18:52:54,WhatsApp,Cancelar servicio,Soporte,3,False,Finalizada,True,5
3512,728,2025-02-14 18:03:36,WhatsApp,Agendar servicio,Ventas,6,False,Abandonada,False,1
3513,957,2025-04-29 18:49:08,Instagram,Seguimiento,Ventas,7,False,Finalizada,False,5
3514,1669,2025-03-18 12:30:42,WhatsApp,Consultar precios,Postventa,3,False,Finalizada,True,5
3515,1610,2025-10-28 18:44:33,Instagram,Seguimiento,Atención al Cliente,7,False,Finalizada,False,5
3516,778,2025-12-22 20:27:35,Web,Reclamo,Soporte,13,False,Finalizada,True,5
3517,1296,2025-11-08 12:52:43,Facebook,Seguimiento,Ventas,5,False,Finalizada,True,5
3518,466,2025-07-22 13:39:39,WhatsApp,Cancelar servicio,Atención al Cliente,3,False,Finalizada,True,4
3519,1256,2025-08-07 15:22:34,Web,Reclamo,Postventa,12,False,Finalizada,False,4
3520,1575,2025-10-08 10:31:37,WhatsApp,Solicitar información,Atención Comercial,4,False,Abandonada,False,1
3521,332,2025-03-08 12:09:16,Web,Seguimiento,Atención al Cliente,4,False,Finalizada,False,4
3522,463,2025-09-18 18:37:28,Web,Agendar servicio,Soporte,5,False,Abandonada,False,1
3523,668,2025-08-07 13:10:27,WhatsApp,Reclamo,Soporte,15,False,Finalizada,False,4
3524,132,2025-04-01 12:48:16,Facebook,Seguimiento,Ventas,5,False,Finalizada,True,5
3525,1934,2025-12-22 16:04:49,Web,Solicitar información,Soporte,5,False,Finalizada,False,4
3526,1932,2025-01-14 18:40:19,WhatsApp,Seguimiento,Atención al Cliente,4,False,Finalizada,False,5
3527,1027,2025-08-24 12:10:24,WhatsApp,Cancelar servicio,Atención Comercial,2,False,Finalizada,False,4
3528,1111,2025-01-29 17:05:44,Facebook,Seguimiento,Atención Comercial,4,False,Finalizada,True,5
3529,654,2025-11-23 20:42:47,Web,Soporte técnico,Atención Comercial,17,False,Finalizada,False,3
3530,980,2025-11-15 20:46:52,Instagram,Cancelar servicio,Atención al Cliente,3,False,Finalizada,False,4
3531,133,2025-11-04 13:09:03,Web,Seguimiento,Soporte,6,False,Finalizada,True,4
3532,716,2025-09-11 16:06:31,Web,Cancelar servicio,Atención Comercial,3,False,Finalizada,True,5
3533,1485,2025-09-08 20:37:50,Instagram,Cancelar servicio,Postventa,3,False,Finalizada,True,5
3534,1282,2025-09-21 18:45:17,Web,Seguimiento,Postventa,7,False,Finalizada,False,4
3535,784,2025-11-07 19:28:34,WhatsApp,Soporte técnico,Atención al Cliente,14,False,Finalizada,False,3
3536,667,2025-06-19 19:10:57,Telegram,Agendar servicio,Atención Comercial,7,False,Finalizada,True,4
3537,846,2025-11-08 18:47:29,Web,Solicitar información,Postventa,4,True,Finalizada,True,2
3538,76,2025-01-16 09:53:27,Web,Agendar servicio,Atención al Cliente,8,False,Finalizada,False,5
3539,947,2025-12-22 05:28:55,WhatsApp,Seguimiento,Ventas,5,False,Finalizada,True,4
3540,1477,2025-07-30 09:38:07,Instagram,Agendar servicio,Atención Comercial,6,False,Finalizada,False,4
3541,1882,2025-01-13 20:57:41,Facebook,Soporte técnico,Ventas,13,False,Finalizada,True,5
3542,1707,2025-10-11 13:45:29,WhatsApp,Consultar precios,Atención Comercial,3,False,Finalizada,False,5
3543,170,2025-05-28 18:59:25,Web,Soporte técnico,Postventa,12,False,Finalizada,False,3
3544,822,2025-09-01 00:09:29,WhatsApp,Cancelar servicio,Soporte,4,False,Finalizada,False,4
3545,1558,2025-02-06 12:42:55,WhatsApp,Solicitar información,Atención al Cliente,4,False,Finalizada,False,3
3546,1502,2025-07-05 19:11:14,Web,Agendar servicio,Atención Comercial,5,True,Finalizada,True,3
3547,1616,2025-07-29 19:26:24,WhatsApp,Consultar precios,Postventa,4,False,Finalizada,True,5
3548,579,2025-10-27 18:18:37,WhatsApp,Solicitar información,Postventa,5,False,Finalizada,True,5
3549,570,2025-03-08 18:16:18,WhatsApp,Soporte técnico,Ventas,12,False,Finalizada,False,4
3550,234,2025-02-13 17:54:52,WhatsApp,Reclamo,Postventa,15,True,Finalizada,False,3
3551,913,2025-09-03 16:17:26,WhatsApp,Agendar servicio,Soporte,5,True,Finalizada,False,2
3552,430,2025-04-30 19:42:22,Web,Reclamo,Soporte,11,False,Finalizada,True,5
3553,479,2025-07-09 20:27:14,Web,Agendar servicio,Ventas,7,False,Finalizada,False,3
3554,1827,2025-06-23 12:51:40,Web,Agendar servicio,Ventas,7,True,Finalizada,False,1
3555,1324,2025-03-11 13:20:52,Instagram,Solicitar información,Atención al Cliente,4,False,Abandonada,False,1
3556,628,2025-01-03 18:48:35,Web,Soporte técnico,Atención al Cliente,15,False,Abandonada,False,1
3557,1128,2025-05-30 18:46:53,WhatsApp,Seguimiento,Soporte,5,False,Abandonada,False,1
3558,1398,2025-09-05 20:34:59,Instagram,Agendar servicio,Soporte,7,True,Finalizada,False,3
3559,206,2025-02-28 09:46:41,Facebook,Seguimiento,Postventa,7,False,Abandonada,False,1
3560,1460,2025-11-01 19:30:57,Web,Solicitar información,Ventas,5,False,Finalizada,True,5
3561,1126,2025-05-25 02:13:06,WhatsApp,Solicitar información,Soporte,5,False,Finalizada,True,5
3562,1086,2025-06-09 01:09:03,Web,Agendar servicio,Soporte,5,False,Finalizada,True,5
3563,660,2025-06-27 18:28:54,Telegram,Cancelar servicio,Soporte,2,False,Finalizada,True,5
3564,103,2025-07-20 13:23:14,WhatsApp,Soporte técnico,Atención Comercial,16,False,Finalizada,False,4
3565,1581,2025-10-03 12:15:31,Facebook,Solicitar información,Soporte,5,False,Finalizada,False,3
3566,1326,2025-02-11 19:34:17,Telegram,Soporte técnico,Postventa,14,True,Finalizada,False,3
3567,501,2025-04-10 20:51:53,WhatsApp,Cancelar servicio,Ventas,4,False,Finalizada,False,3
3568,641,2025-04-25 20:24:51,Instagram,Agendar servicio,Atención Comercial,8,False,Finalizada,False,3
3569,625,2025-02-06 03:28:19,Facebook,Solicitar información,Atención Comercial,6,False,Finalizada,False,3
3570,1981,2025-04-19 10:01:39,WhatsApp,Soporte técnico,Postventa,14,False,Abandonada,False,1
3571,1094,2025-09-13 19:45:17,WhatsApp,Solicitar información,Postventa,4,False,Finalizada,True,5
3572,863,2025-09-18 02:05:14,Instagram,Agendar servicio,Postventa,8,False,Finalizada,False,3
3573,1960,2025-02-02 11:31:59,WhatsApp,Seguimiento,Atención Comercial,6,False,Finalizada,True,4
3574,124,2025-04-03 17:31:33,WhatsApp,Seguimiento,Ventas,6,False,Finalizada,False,3
3575,110,2025-08-02 20:50:47,WhatsApp,Soporte técnico,Atención Comercial,18,True,Abandonada,False,1
3576,877,2025-11-17 19:15:49,WhatsApp,Solicitar información,Ventas,4,False,Finalizada,True,5
3577,1811,2025-10-04 09:44:51,Facebook,Seguimiento,Atención al Cliente,4,False,Finalizada,False,3
3578,1968,2025-10-24 08:40:29,Facebook,Solicitar información,Postventa,6,False,Finalizada,False,4
3579,963,2025-10-02 20:23:12,Facebook,Seguimiento,Ventas,4,False,Finalizada,False,3
3580,1509,2025-08-27 13:26:30,Facebook,Consultar precios,Atención al Cliente,4,False,Finalizada,True,4
3581,705,2025-02-22 15:57:36,Web,Consultar precios,Atención al Cliente,4,False,Finalizada,False,4
3582,753,2025-12-29 13:25:01,WhatsApp,Solicitar información,Atención Comercial,6,False,Finalizada,True,5
3583,405,2025-02-21 18:53:16,WhatsApp,Cancelar servicio,Soporte,4,True,Finalizada,False,2
3584,1581,2025-08-10 18:44:50,Web,Soporte técnico,Ventas,14,False,Abandonada,False,2
3585,1566,2025-08-14 18:57:50,Web,Seguimiento,Soporte,6,False,Finalizada,False,4
3586,564,2025-08-27 00:23:43,WhatsApp,Reclamo,Atención Comercial,9,True,Finalizada,True,2
3587,1487,2025-02-19 12:46:01,WhatsApp,Seguimiento,Atención Comercial,5,False,Finalizada,False,4
3588,1951,2025-06-11 10:30:28,Facebook,Reclamo,Postventa,9,False,Finalizada,False,4
3589,1344,2025-03-18 13:05:29,WhatsApp,Cancelar servicio,Ventas,3,False,Abandonada,False,1
3590,1290,2025-02-02 03:01:37,Facebook,Agendar servicio,Atención al Cliente,6,False,Abandonada,False,1
3591,294,2025-04-29 04:31:19,Instagram,Soporte técnico,Atención Comercial,18,True,Finalizada,False,3
3592,774,2025-03-09 13:04:33,Web,Seguimiento,Ventas,7,False,Finalizada,False,3
3593,662,2025-07-13 20:26:25,Web,Agendar servicio,Ventas,5,False,Finalizada,True,5
3594,1839,2025-04-08 20:46:27,WhatsApp,Agendar servicio,Atención al Cliente,6,False,Finalizada,False,4
3595,749,2025-02-17 12:51:35,WhatsApp,Soporte técnico,Postventa,18,True,Finalizada,True,1
3596,663,2025-04-08 05:21:27,WhatsApp,Solicitar información,Postventa,5,False,Abandonada,False,1
3597,1964,2025-02-28 09:02:04,WhatsApp,Soporte técnico,Soporte,17,True,Finalizada,True,1
3598,879,2025-11-27 11:48:34,Web,Agendar servicio,Postventa,8,False,Finalizada,False,4
3599,829,2025-11-02 02:55:23,Facebook,Reclamo,Ventas,14,False,Finalizada,False,5
3600,1600,2025-10-31 13:54:34,WhatsApp,Soporte técnico,Atención Comercial,18,True,Finalizada,True,3
3601,975,2025-05-05 01:52:22,WhatsApp,Seguimiento,Soporte,5,False,Finalizada,False,4
3602,11,2025-04-01 20:00:53,Instagram,Solicitar información,Soporte,5,False,Finalizada,True,5
3603,907,2025-01-19 20:11:19,Instagram,Solicitar información,Soporte,4,False,Finalizada,False,4
3604,671,2025-09-22 19:07:25,WhatsApp,Agendar servicio,Soporte,5,False,Finalizada,False,4
3605,1764,2025-05-29 12:38:37,Instagram,Cancelar servicio,Postventa,2,False,Finalizada,True,5
3606,28,2025-04-28 20:26:53,Facebook,Solicitar información,Soporte,6,False,Finalizada,False,3
3607,378,2025-11-24 20:21:43,Web,Agendar servicio,Soporte,5,False,Finalizada,False,3
3608,417,2025-01-16 19:30:26,Web,Reclamo,Ventas,13,False,Abandonada,False,1
3609,793,2025-07-01 20:34:00,WhatsApp,Solicitar información,Atención al Cliente,6,False,Finalizada,True,5
3610,1482,2025-04-18 01:46:38,Telegram,Solicitar información,Atención al Cliente,5,False,Finalizada,False,4
3611,503,2025-09-26 10:34:53,WhatsApp,Consultar precios,Atención al Cliente,3,False,Finalizada,True,5
3612,329,2025-08-30 20:36:39,Web,Soporte técnico,Soporte,18,True,Finalizada,True,2
3613,408,2025-10-24 20:14:18,WhatsApp,Soporte técnico,Postventa,14,True,Finalizada,False,2
3614,266,2025-12-24 10:47:38,WhatsApp,Solicitar información,Atención al Cliente,6,False,Abandonada,False,1
3615,234,2025-08-23 20:39:23,Web,Reclamo,Soporte,13,False,Finalizada,False,4
3616,620,2025-05-31 12:15:39,WhatsApp,Soporte técnico,Ventas,15,False,Abandonada,False,2
3617,1762,2025-09-16 19:46:50,Telegram,Solicitar información,Postventa,6,False,Finalizada,False,4
3618,167,2025-03-30 16:21:46,Instagram,Seguimiento,Atención Comercial,7,True,Finalizada,False,2
3619,105,2025-03-05 05:57:59,WhatsApp,Solicitar información,Soporte,4,False,Finalizada,False,3
3620,1971,2025-06-26 13:38:26,Web,Cancelar servicio,Soporte,2,True,Finalizada,True,2
3621,1679,2025-10-17 20:30:25,Web,Cancelar servicio,Ventas,3,False,Abandonada,False,1
3622,1445,2025-03-22 18:58:03,Facebook,Solicitar información,Atención al Cliente,5,False,Finalizada,False,5
3623,1004,2025-06-12 09:12:21,Instagram,Agendar servicio,Atención Comercial,7,False,Finalizada,False,4
3624,175,2025-02-11 13:52:48,WhatsApp,Consultar precios,Atención Comercial,3,False,Abandonada,False,2
3625,807,2025-09-16 13:34:59,Web,Soporte técnico,Soporte,16,False,Finalizada,False,4
3626,211,2025-05-10 20:09:38,WhatsApp,Agendar servicio,Soporte,5,False,Finalizada,False,3
3627,473,2025-07-29 05:39:01,Facebook,Cancelar servicio,Postventa,3,False,Abandonada,False,1
3628,733,2025-12-26 13:27:43,Web,Seguimiento,Atención al Cliente,5,False,Finalizada,False,5
3629,303,2025-04-02 19:08:35,Facebook,Soporte técnico,Atención Comercial,15,False,Finalizada,False,4
3630,1306,2025-07-25 05:37:20,Web,Cancelar servicio,Soporte,2,False,Finalizada,True,5
3631,747,2025-02-26 19:53:35,WhatsApp,Solicitar información,Ventas,4,False,Finalizada,True,5
3632,951,2025-11-05 19:36:41,WhatsApp,Solicitar información,Postventa,4,True,Finalizada,False,2
3633,984,2025-09-25 18:26:00,Instagram,Reclamo,Soporte,14,False,Finalizada,False,3
3634,569,2025-09-01 19:38:46,Web,Agendar servicio,Ventas,8,False,Finalizada,False,3
3635,1935,2025-06-07 17:34:27,Web,Solicitar información,Ventas,6,False,Finalizada,True,4
3636,952,2025-07-20 01:06:59,Telegram,Soporte técnico,Postventa,17,False,Finalizada,False,4
3637,1177,2025-07-22 20:30:31,WhatsApp,Soporte técnico,Soporte,13,False,Finalizada,True,4
3638,1929,2025-03-19 12:33:06,Web,Cancelar servicio,Soporte,4,True,Finalizada,True,2
3639,1870,2025-03-22 20:50:48,Web,Solicitar información,Ventas,5,True,Finalizada,False,2
3640,1106,2025-01-31 19:13:15,Telegram,Seguimiento,Soporte,6,False,Finalizada,False,4
3641,869,2025-01-31 13:37:35,Facebook,Consultar precios,Atención al Cliente,3,True,Abandonada,False,1
3642,418,2025-10-29 20:50:29,Facebook,Cancelar servicio,Soporte,4,False,Finalizada,True,5
3643,1174,2025-10-27 12:04:14,Telegram,Seguimiento,Postventa,6,False,Abandonada,False,1
3644,767,2025-02-22 12:00:06,Telegram,Solicitar información,Soporte,6,False,Finalizada,False,5
3645,1681,2025-02-06 12:11:13,WhatsApp,Cancelar servicio,Atención al Cliente,4,False,Finalizada,True,5
3646,538,2025-07-23 20:42:08,Web,Solicitar información,Soporte,4,True,Finalizada,False,2
3647,496,2025-06-04 17:19:50,WhatsApp,Soporte técnico,Ventas,17,False,Finalizada,False,3
3648,897,2025-01-31 15:24:20,Web,Agendar servicio,Soporte,5,False,Finalizada,False,3
3649,1394,2025-12-15 15:18:29,Web,Agendar servicio,Ventas,7,False,Abandonada,False,2
3650,1424,2025-01-30 19:14:56,Web,Cancelar servicio,Atención Comercial,2,False,Finalizada,True,5
3651,1859,2025-03-25 13:52:17,Telegram,Soporte técnico,Soporte,15,True,Finalizada,False,1
3652,1787,2025-11-03 02:23:56,Instagram,Consultar precios,Soporte,5,False,Finalizada,False,3
3653,1191,2025-05-04 19:03:49,WhatsApp,Consultar precios,Postventa,3,False,Finalizada,False,3
3654,256,2025-07-09 18:34:45,WhatsApp,Soporte técnico,Ventas,11,False,Abandonada,False,1
3655,1776,2025-02-05 08:37:27,Instagram,Seguimiento,Soporte,6,False,Finalizada,True,4
3656,259,2025-01-25 04:28:25,WhatsApp,Reclamo,Atención al Cliente,9,False,Finalizada,True,4
3657,1034,2025-02-23 13:54:05,WhatsApp,Seguimiento,Postventa,5,False,Finalizada,False,3
3658,419,2025-05-19 09:29:17,WhatsApp,Soporte técnico,Atención al Cliente,10,True,Finalizada,True,2
3659,837,2025-12-31 13:10:05,WhatsApp,Reclamo,Atención Comercial,8,False,Finalizada,True,5
3660,748,2025-02-03 13:47:20,Web,Consultar precios,Atención Comercial,5,False,Finalizada,False,3
3661,1317,2025-07-22 19:59:01,WhatsApp,Solicitar información,Atención Comercial,6,False,Abandonada,False,1
3662,914,2025-07-27 15:38:20,WhatsApp,Agendar servicio,Soporte,7,False,Finalizada,False,3
3663,1939,2025-07-30 13:37:44,WhatsApp,Solicitar información,Soporte,6,False,Abandonada,False,1
3664,305,2025-12-19 18:37:02,WhatsApp,Solicitar información,Ventas,6,False,Finalizada,False,5
3665,128,2025-10-19 01:14:50,Web,Soporte técnico,Soporte,11,False,Finalizada,False,3
3666,753,2025-12-22 20:34:38,Web,Agendar servicio,Atención al Cliente,6,False,Finalizada,False,3
3667,1994,2025-10-04 10:53:10,WhatsApp,Cancelar servicio,Atención Comercial,3,False,Finalizada,True,5
3668,653,2025-03-06 15:51:46,Instagram,Cancelar servicio,Atención al Cliente,3,False,Finalizada,False,5
3669,349,2025-07-06 19:34:04,WhatsApp,Seguimiento,Ventas,6,True,Finalizada,True,1
3670,1385,2025-09-19 20:52:03,WhatsApp,Solicitar información,Soporte,4,False,Finalizada,False,3
3671,1820,2025-10-22 13:30:38,Web,Agendar servicio,Ventas,8,True,Finalizada,True,1
3672,1700,2025-09-14 13:31:18,Web,Cancelar servicio,Atención Comercial,4,False,Finalizada,False,5
3673,873,2025-09-16 12:54:55,WhatsApp,Agendar servicio,Ventas,8,False,Finalizada,False,4
3674,752,2025-07-02 09:40:54,WhatsApp,Solicitar información,Ventas,4,False,Abandonada,False,1
3675,1516,2025-04-29 15:39:10,WhatsApp,Soporte técnico,Soporte,13,False,Finalizada,False,3
3676,1313,2025-01-16 02:46:50,WhatsApp,Agendar servicio,Soporte,7,False,Finalizada,True,5
3677,1085,2025-04-04 09:12:37,WhatsApp,Agendar servicio,Soporte,5,False,Finalizada,True,4
3678,1962,2025-01-19 18:36:57,Web,Soporte técnico,Ventas,13,False,Finalizada,True,5
3679,1705,2025-11-21 12:57:37,WhatsApp,Reclamo,Atención Comercial,13,False,Finalizada,False,5
3680,257,2025-10-16 19:27:49,Facebook,Solicitar información,Soporte,6,False,Finalizada,True,5
3681,1264,2025-01-21 20:30:17,WhatsApp,Seguimiento,Soporte,4,False,Finalizada,False,4
3682,1590,2025-05-03 19:02:23,WhatsApp,Soporte técnico,Atención Comercial,16,True,Finalizada,True,3
3683,372,2025-11-10 13:41:57,WhatsApp,Consultar precios,Postventa,5,False,Finalizada,True,4
3684,919,2025-03-12 20:21:18,WhatsApp,Cancelar servicio,Ventas,4,False,Finalizada,True,5
3685,351,2025-06-11 13:27:42,Web,Reclamo,Atención al Cliente,8,False,Finalizada,True,4
3686,828,2025-01-16 13:50:59,WhatsApp,Reclamo,Postventa,8,True,Finalizada,False,2
3687,1232,2025-04-19 17:19:33,Instagram,Agendar servicio,Ventas,8,True,Finalizada,True,1
3688,1463,2025-10-01 12:47:49,WhatsApp,Seguimiento,Postventa,5,False,Finalizada,False,4
3689,489,2025-01-11 18:35:57,Facebook,Seguimiento,Soporte,6,True,Finalizada,False,1
3690,748,2025-04-25 20:42:28,Instagram,Reclamo,Postventa,14,False,Abandonada,False,2
3691,1487,2025-03-02 20:12:00,WhatsApp,Reclamo,Atención Comercial,15,False,Finalizada,True,5
3692,32,2025-07-26 16:16:54,WhatsApp,Reclamo,Postventa,14,False,Finalizada,True,4
3693,1036,2025-03-12 00:04:28,WhatsApp,Reclamo,Postventa,15,False,Abandonada,False,2
3694,29,2025-08-07 19:41:12,Web,Seguimiento,Atención Comercial,4,False,Finalizada,False,3
3695,1665,2025-12-22 20:46:53,Web,Agendar servicio,Ventas,5,False,Finalizada,False,3
3696,481,2025-08-13 02:01:51,Web,Cancelar servicio,Atención al Cliente,3,False,Finalizada,False,4
3697,614,2025-10-29 04:06:19,WhatsApp,Consultar precios,Postventa,5,False,Finalizada,False,3
3698,1492,2025-11-11 02:40:24,Instagram,Soporte técnico,Atención al Cliente,15,False,Finalizada,False,4
3699,1919,2025-12-03 11:51:22,Facebook,Consultar precios,Soporte,4,False,Finalizada,False,4
3700,938,2025-01-20 19:19:47,WhatsApp,Cancelar servicio,Soporte,3,False,Finalizada,True,5
3701,355,2025-04-03 18:33:17,Telegram,Solicitar información,Atención Comercial,6,True,Finalizada,False,2
3702,833,2025-07-13 19:53:36,Web,Reclamo,Postventa,8,False,Finalizada,True,5
3703,1318,2025-03-01 10:53:16,Web,Cancelar servicio,Atención al Cliente,2,False,Finalizada,False,4
3704,498,2025-03-02 20:21:10,Instagram,Solicitar información,Atención al Cliente,5,False,Finalizada,False,3
3705,1032,2025-09-18 20:16:52,WhatsApp,Consultar precios,Ventas,3,False,Finalizada,True,5
3706,66,2025-12-07 19:00:08,WhatsApp,Consultar precios,Soporte,3,False,Finalizada,False,4
3707,292,2025-01-29 12:25:03,WhatsApp,Consultar precios,Atención Comercial,5,False,Finalizada,True,5
3708,1177,2025-07-02 09:07:29,WhatsApp,Seguimiento,Ventas,6,False,Finalizada,True,5
3709,599,2025-04-08 19:09:43,Web,Solicitar información,Ventas,4,False,Finalizada,False,4
3710,544,2025-02-08 18:04:11,WhatsApp,Agendar servicio,Atención Comercial,5,False,Finalizada,False,4
3711,125,2025-05-22 08:06:31,Web,Soporte técnico,Soporte,15,True,Finalizada,True,2
3712,1621,2025-10-25 18:25:53,WhatsApp,Reclamo,Atención Comercial,11,False,Finalizada,False,4
3713,937,2025-06-27 09:08:57,WhatsApp,Cancelar servicio,Postventa,3,False,Finalizada,True,5
3714,57,2025-01-02 19:07:32,Web,Reclamo,Soporte,9,False,Abandonada,False,1
3715,1342,2025-12-29 12:50:54,WhatsApp,Consultar precios,Postventa,3,False,Finalizada,True,5
3716,1328,2025-08-23 20:11:43,WhatsApp,Agendar servicio,Atención al Cliente,7,False,Finalizada,True,5
3717,299,2025-10-01 16:45:58,WhatsApp,Soporte técnico,Atención Comercial,12,True,Finalizada,True,3
3718,753,2025-11-19 16:31:04,Web,Solicitar información,Ventas,5,False,Finalizada,True,5
3719,41,2025-04-24 13:21:04,Web,Solicitar información,Atención Comercial,5,False,Finalizada,False,5
3720,1368,2025-08-31 11:35:15,Telegram,Cancelar servicio,Postventa,4,False,Finalizada,False,3
3721,780,2025-09-07 13:31:48,Telegram,Seguimiento,Soporte,4,False,Finalizada,True,4
3722,1630,2025-07-26 09:26:37,Instagram,Soporte técnico,Postventa,17,False,Finalizada,False,4
3723,1563,2025-10-28 18:41:18,Facebook,Reclamo,Postventa,8,True,Finalizada,True,3
3724,578,2025-10-01 12:15:31,WhatsApp,Soporte técnico,Postventa,10,False,Finalizada,False,4
3725,1787,2025-02-28 18:24:51,Web,Agendar servicio,Atención Comercial,7,False,Finalizada,False,5
3726,1145,2025-05-22 16:54:59,WhatsApp,Reclamo,Postventa,14,False,Finalizada,True,4
3727,837,2025-02-24 20:09:18,WhatsApp,Soporte técnico,Postventa,12,False,Finalizada,True,5
3728,1741,2025-04-11 18:50:22,Web,Reclamo,Ventas,14,False,Finalizada,True,5
3729,1982,2025-07-30 18:30:37,WhatsApp,Seguimiento,Ventas,4,False,Abandonada,False,1
3730,1794,2025-01-22 19:27:02,WhatsApp,Seguimiento,Postventa,6,False,Finalizada,False,4
3731,1363,2025-06-16 08:12:54,WhatsApp,Solicitar información,Atención Comercial,6,False,Abandonada,False,1
3732,159,2025-01-13 20:12:34,WhatsApp,Solicitar información,Postventa,4,False,Finalizada,True,5
3733,1637,2025-12-20 12:29:56,Facebook,Consultar precios,Ventas,4,False,Finalizada,False,4
3734,1472,2025-11-09 19:24:20,WhatsApp,Solicitar información,Atención Comercial,5,False,Finalizada,False,4
3735,1183,2025-06-29 03:01:48,WhatsApp,Consultar precios,Atención al Cliente,3,False,Finalizada,False,3
3736,753,2025-12-20 18:14:46,Instagram,Seguimiento,Atención al Cliente,5,False,Finalizada,True,4
3737,1025,2025-04-22 12:06:08,Web,Seguimiento,Atención al Cliente,4,False,Finalizada,False,5
3738,1699,2025-10-30 12:06:39,Web,Solicitar información,Soporte,6,False,Finalizada,True,5
3739,1909,2025-11-11 12:51:32,WhatsApp,Cancelar servicio,Postventa,2,False,Finalizada,True,5
3740,1547,2025-12-12 12:09:51,Web,Reclamo,Atención al Cliente,12,False,Finalizada,True,5
3741,1607,2025-05-19 13:11:41,WhatsApp,Agendar servicio,Ventas,5,False,Finalizada,False,4
3742,1782,2025-04-09 13:27:10,Telegram,Soporte técnico,Atención al Cliente,14,True,Finalizada,False,2
3743,1520,2025-09-11 08:29:12,WhatsApp,Soporte técnico,Atención al Cliente,16,False,Finalizada,False,5
3744,1032,2025-07-26 09:34:17,Web,Solicitar información,Atención al Cliente,4,False,Finalizada,False,3
3745,1958,2025-07-29 20:37:35,WhatsApp,Solicitar información,Ventas,6,False,Finalizada,False,4
3746,530,2025-05-06 11:22:12,Web,Soporte técnico,Atención Comercial,13,False,Finalizada,False,3
3747,1805,2025-09-15 19:48:27,WhatsApp,Reclamo,Ventas,13,True,Finalizada,True,3
3748,1177,2025-09-23 18:51:01,Facebook,Cancelar servicio,Atención Comercial,4,False,Finalizada,True,5
3749,286,2025-10-12 20:58:05,Facebook,Consultar precios,Atención Comercial,5,False,Finalizada,False,4
3750,1759,2025-04-23 12:13:12,Facebook,Solicitar información,Postventa,6,False,Finalizada,False,4
3751,1775,2025-03-03 12:28:23,Web,Solicitar información,Postventa,5,True,Abandonada,False,2
3752,291,2025-07-31 13:57:35,WhatsApp,Consultar precios,Ventas,3,False,Finalizada,True,4
3753,1515,2025-02-19 20:59:57,Web,Soporte técnico,Postventa,10,True,Finalizada,False,3
3754,1913,2025-04-12 13:47:46,Web,Consultar precios,Atención al Cliente,3,False,Finalizada,False,3
3755,994,2025-01-31 19:36:12,Facebook,Consultar precios,Ventas,4,False,Finalizada,False,4
3756,15,2025-10-15 18:41:12,Web,Agendar servicio,Atención Comercial,7,False,Finalizada,True,5
3757,767,2025-07-16 13:00:02,Instagram,Solicitar información,Soporte,5,False,Finalizada,False,5
3758,1829,2025-08-16 09:58:57,WhatsApp,Solicitar información,Ventas,6,False,Finalizada,True,4
3759,57,2025-07-29 20:55:21,WhatsApp,Consultar precios,Atención Comercial,3,False,Finalizada,True,4
3760,625,2025-10-17 13:47:11,Web,Agendar servicio,Atención al Cliente,6,False,Abandonada,False,2
3761,397,2025-05-12 19:57:35,Web,Solicitar información,Atención Comercial,4,False,Finalizada,False,5
3762,1103,2025-05-03 19:52:14,Instagram,Seguimiento,Atención al Cliente,5,False,Finalizada,True,4
3763,314,2025-05-25 13:43:00,Web,Reclamo,Atención al Cliente,13,False,Finalizada,True,5
3764,947,2025-10-06 16:17:03,Facebook,Reclamo,Ventas,10,False,Finalizada,False,5
3765,109,2025-11-08 18:56:41,Web,Cancelar servicio,Atención al Cliente,3,False,Finalizada,False,5
3766,1468,2025-01-29 17:02:47,WhatsApp,Reclamo,Ventas,15,False,Finalizada,False,4
3767,1220,2025-09-21 12:31:58,Instagram,Solicitar información,Ventas,4,False,Finalizada,False,5
3768,751,2025-03-11 20:12:42,Web,Seguimiento,Ventas,7,False,Finalizada,False,5
3769,1562,2025-06-29 12:37:15,Facebook,Solicitar información,Postventa,4,True,Finalizada,False,2
3770,1615,2025-07-22 13:35:40,WhatsApp,Reclamo,Atención al Cliente,14,True,Finalizada,True,3
3771,273,2025-12-07 20:22:03,WhatsApp,Agendar servicio,Postventa,6,False,Abandonada,False,2
3772,1094,2025-11-26 03:08:45,Web,Cancelar servicio,Ventas,3,False,Finalizada,True,5
3773,448,2025-04-28 16:49:05,WhatsApp,Solicitar información,Atención al Cliente,4,False,Finalizada,True,4
3774,1577,2025-03-17 18:24:44,WhatsApp,Solicitar información,Atención Comercial,4,False,Finalizada,False,3
3775,508,2025-04-11 13:29:56,Web,Solicitar información,Atención al Cliente,4,False,Finalizada,False,4
3776,1742,2025-05-08 12:24:30,Instagram,Cancelar servicio,Atención al Cliente,3,False,Abandonada,False,2
3777,474,2025-04-21 16:09:39,WhatsApp,Agendar servicio,Postventa,5,False,Abandonada,False,1
3778,596,2025-11-13 15:16:06,Instagram,Soporte técnico,Soporte,14,False,Finalizada,False,4
3779,329,2025-06-03 18:11:51,WhatsApp,Consultar precios,Soporte,3,False,Abandonada,False,2
3780,102,2025-08-22 18:42:11,WhatsApp,Consultar precios,Atención al Cliente,4,False,Finalizada,True,4
3781,843,2025-08-28 18:45:38,WhatsApp,Reclamo,Atención al Cliente,10,False,Finalizada,True,4
3782,209,2025-09-28 16:11:56,WhatsApp,Soporte técnico,Atención Comercial,13,False,Finalizada,True,5
3783,1128,2025-11-22 09:59:08,WhatsApp,Seguimiento,Soporte,6,False,Finalizada,True,5
3784,1353,2025-06-26 20:46:46,Web,Soporte técnico,Atención al Cliente,11,False,Finalizada,True,5
3785,1639,2025-09-22 13:04:13,WhatsApp,Cancelar servicio,Ventas,2,False,Finalizada,True,5
3786,1684,2025-11-23 13:56:54,Facebook,Soporte técnico,Atención al Cliente,11,False,Finalizada,False,4
3787,1150,2025-04-11 05:26:30,Web,Reclamo,Soporte,9,False,Finalizada,True,5
3788,1819,2025-12-22 13:24:46,WhatsApp,Consultar precios,Ventas,3,False,Abandonada,False,2
3789,1617,2025-02-13 20:44:40,Facebook,Agendar servicio,Atención Comercial,6,False,Finalizada,False,4
3790,609,2025-05-13 11:38:50,WhatsApp,Soporte técnico,Postventa,18,False,Finalizada,False,4
3791,1103,2025-07-26 18:51:19,WhatsApp,Soporte técnico,Soporte,12,True,Finalizada,False,2
3792,1599,2025-07-24 18:32:08,Web,Soporte técnico,Soporte,12,False,Finalizada,True,5
3793,86,2025-08-20 20:39:09,Facebook,Solicitar información,Atención al Cliente,4,False,Abandonada,False,1
3794,1723,2025-05-15 11:59:18,Web,Agendar servicio,Ventas,8,False,Finalizada,True,5
3795,325,2025-11-09 19:22:31,Facebook,Agendar servicio,Atención al Cliente,5,True,Finalizada,False,2
3796,1539,2025-08-07 03:33:42,Instagram,Cancelar servicio,Atención Comercial,2,False,Finalizada,False,3
3797,729,2025-03-26 12:42:47,WhatsApp,Reclamo,Atención Comercial,9,False,Finalizada,False,4
3798,1251,2025-05-04 19:19:14,Web,Solicitar información,Postventa,4,False,Finalizada,True,5
3799,648,2025-01-02 03:05:27,Web,Consultar precios,Atención al Cliente,4,False,Finalizada,False,3
3800,1225,2025-09-26 18:12:05,Facebook,Seguimiento,Atención Comercial,6,False,Finalizada,False,4
3801,1461,2025-06-17 12:27:57,Instagram,Cancelar servicio,Soporte,3,False,Finalizada,True,5
3802,1191,2025-04-18 20:39:13,Facebook,Consultar precios,Atención Comercial,5,False,Finalizada,True,5
3803,406,2025-03-30 09:01:30,Web,Solicitar información,Atención al Cliente,5,False,Finalizada,False,4
3804,227,2025-11-28 18:07:08,Facebook,Agendar servicio,Ventas,8,False,Finalizada,False,3
3805,1081,2025-09-20 13:38:56,Facebook,Cancelar servicio,Atención al Cliente,3,False,Finalizada,True,5
3806,989,2025-08-02 13:41:03,WhatsApp,Solicitar información,Atención Comercial,5,False,Finalizada,False,4
3807,479,2025-06-15 03:38:25,WhatsApp,Soporte técnico,Ventas,17,False,Finalizada,True,4
3808,1171,2025-01-10 01:22:35,WhatsApp,Agendar servicio,Ventas,5,False,Finalizada,False,4
3809,756,2025-02-24 20:31:27,Web,Solicitar información,Soporte,5,False,Finalizada,True,4
3810,885,2025-01-20 13:52:55,Instagram,Agendar servicio,Atención Comercial,8,True,Finalizada,True,2
3811,1571,2025-02-17 17:16:44,Web,Agendar servicio,Postventa,6,False,Finalizada,False,4
3812,185,2025-09-04 18:19:52,WhatsApp,Reclamo,Atención Comercial,11,True,Finalizada,True,3
3813,1532,2025-06-05 13:40:34,WhatsApp,Seguimiento,Postventa,5,False,Abandonada,False,2
3814,496,2025-12-02 18:03:50,Web,Reclamo,Postventa,12,True,Finalizada,True,2
3815,1709,2025-06-09 19:00:22,WhatsApp,Cancelar servicio,Atención al Cliente,4,False,Finalizada,False,3
3816,1759,2025-04-17 18:01:50,Facebook,Cancelar servicio,Ventas,3,False,Finalizada,False,5
3817,463,2025-11-24 13:39:41,Instagram,Cancelar servicio,Ventas,3,False,Finalizada,False,3
3818,1005,2025-02-24 18:21:34,Telegram,Soporte técnico,Postventa,12,True,Finalizada,False,2
3819,924,2025-03-24 12:37:18,Facebook,Reclamo,Postventa,15,True,Finalizada,True,2
3820,923,2025-08-18 13:59:56,WhatsApp,Consultar precios,Postventa,3,False,Finalizada,False,3
3821,1775,2025-05-16 19:08:07,Web,Agendar servicio,Ventas,8,False,Finalizada,False,4
3822,1618,2025-07-24 18:07:05,WhatsApp,Solicitar información,Ventas,6,False,Finalizada,False,3
3823,1806,2025-04-17 11:55:13,WhatsApp,Consultar precios,Atención al Cliente,3,False,Finalizada,True,4
3824,282,2025-10-12 12:21:39,WhatsApp,Reclamo,Atención Comercial,14,False,Finalizada,False,4
3825,1575,2025-07-10 19:26:35,Telegram,Cancelar servicio,Ventas,3,False,Abandonada,False,1
3826,1124,2025-12-27 20:20:56,WhatsApp,Reclamo,Atención Comercial,8,False,Abandonada,False,1
3827,27,2025-08-05 18:01:22,Instagram,Soporte técnico,Atención Comercial,18,False,Finalizada,False,3
3828,1883,2025-08-14 12:33:38,WhatsApp,Cancelar servicio,Atención al Cliente,2,False,Finalizada,False,5
3829,275,2025-07-16 18:04:10,Instagram,Agendar servicio,Ventas,8,False,Finalizada,False,3
3830,1290,2025-05-14 16:18:25,Facebook,Cancelar servicio,Postventa,2,False,Finalizada,False,4
3831,702,2025-10-03 15:50:45,Web,Reclamo,Atención al Cliente,12,False,Abandonada,False,1
3832,505,2025-04-19 19:12:08,WhatsApp,Seguimiento,Soporte,6,False,Finalizada,True,5
3833,868,2025-04-24 13:33:15,WhatsApp,Soporte técnico,Soporte,10,False,Finalizada,True,5
3834,882,2025-12-15 18:26:34,WhatsApp,Agendar servicio,Atención al Cliente,7,False,Finalizada,False,4
3835,109,2025-04-11 13:44:31,Web,Seguimiento,Atención Comercial,6,False,Finalizada,False,3
3836,1636,2025-06-12 10:30:29,Facebook,Agendar servicio,Soporte,5,False,Finalizada,False,4
3837,1305,2025-11-03 13:06:04,Web,Solicitar información,Atención al Cliente,6,False,Finalizada,False,4
3838,1041,2025-08-09 18:25:28,Facebook,Reclamo,Atención Comercial,13,False,Finalizada,False,3
3839,767,2025-03-11 13:34:55,Web,Agendar servicio,Soporte,6,False,Finalizada,False,5
3840,160,2025-09-27 12:56:12,Telegram,Solicitar información,Postventa,5,False,Finalizada,False,4
3841,162,2025-12-18 13:09:39,Web,Reclamo,Atención Comercial,9,False,Finalizada,False,4
3842,1094,2025-05-17 19:33:36,Web,Consultar precios,Atención al Cliente,5,False,Finalizada,True,4
3843,1990,2025-01-12 20:39:09,Web,Consultar precios,Atención al Cliente,4,False,Finalizada,False,3
3844,1877,2025-03-15 19:53:49,WhatsApp,Cancelar servicio,Postventa,2,False,Finalizada,False,4
3845,31,2025-07-05 17:39:31,WhatsApp,Solicitar información,Ventas,5,False,Finalizada,False,5
3846,970,2025-08-19 05:18:39,Facebook,Soporte técnico,Soporte,17,False,Abandonada,False,2
3847,488,2025-10-15 20:39:31,Instagram,Soporte técnico,Ventas,11,False,Finalizada,False,3
3848,1243,2025-08-19 18:28:11,Web,Agendar servicio,Atención Comercial,7,False,Abandonada,False,1
3849,995,2025-05-11 17:53:17,Web,Agendar servicio,Postventa,7,False,Finalizada,True,4
3850,1721,2025-05-19 12:57:46,Instagram,Cancelar servicio,Atención al Cliente,2,True,Finalizada,True,1
3851,941,2025-11-30 19:36:39,Web,Solicitar información,Postventa,5,False,Finalizada,False,5
3852,1161,2025-07-30 15:02:05,Facebook,Seguimiento,Soporte,6,False,Finalizada,False,3
3853,7,2025-07-19 05:21:00,Instagram,Seguimiento,Atención al Cliente,7,False,Abandonada,False,2
3854,422,2025-09-25 18:23:02,Web,Cancelar servicio,Ventas,3,False,Finalizada,False,3
3855,1620,2025-09-25 19:14:05,Telegram,Soporte técnico,Postventa,15,True,Finalizada,False,1
3856,1527,2025-12-30 13:41:08,Facebook,Consultar precios,Soporte,4,False,Finalizada,False,4
3857,259,2025-04-08 18:34:16,WhatsApp,Reclamo,Soporte,9,True,Abandonada,False,1
3858,1529,2025-05-19 13:19:46,WhatsApp,Agendar servicio,Soporte,8,False,Finalizada,False,3
3859,1565,2025-11-18 12:38:34,Web,Soporte técnico,Soporte,16,False,Abandonada,False,2
3860,1518,2025-04-11 18:36:21,Web,Cancelar servicio,Atención Comercial,4,False,Finalizada,False,5
3861,1893,2025-02-18 15:22:51,Facebook,Seguimiento,Postventa,7,False,Finalizada,True,5
3862,1742,2025-09-14 02:17:37,WhatsApp,Solicitar información,Atención Comercial,4,False,Abandonada,False,1
3863,1723,2025-06-04 19:51:41,Web,Agendar servicio,Atención al Cliente,5,False,Finalizada,True,4
3864,1585,2025-05-01 15:22:06,Facebook,Solicitar información,Atención Comercial,5,False,Finalizada,False,3
3865,551,2025-03-13 18:59:43,Web,Solicitar información,Postventa,4,False,Finalizada,True,5
3866,1743,2025-09-13 13:33:30,WhatsApp,Cancelar servicio,Postventa,4,False,Finalizada,False,4
3867,1084,2025-09-01 18:52:15,Facebook,Cancelar servicio,Ventas,2,False,Finalizada,False,5
3868,1964,2025-02-23 20:04:44,WhatsApp,Consultar precios,Atención al Cliente,5,False,Finalizada,False,3
3869,185,2025-01-06 15:45:26,Facebook,Consultar precios,Soporte,4,False,Finalizada,False,5
3870,1715,2025-07-30 16:51:41,Instagram,Soporte técnico,Postventa,17,False,Abandonada,False,2
3871,1944,2025-05-01 08:44:13,WhatsApp,Cancelar servicio,Ventas,3,False,Finalizada,False,5
3872,1397,2025-11-09 00:02:19,WhatsApp,Solicitar información,Soporte,5,False,Finalizada,True,4
3873,1388,2025-04-29 12:28:20,Web,Solicitar información,Soporte,5,False,Abandonada,False,1
3874,919,2025-11-11 11:02:10,Web,Solicitar información,Atención Comercial,4,False,Abandonada,False,1
3875,552,2025-06-10 03:13:31,WhatsApp,Solicitar información,Atención al Cliente,4,False,Finalizada,False,3
3876,1445,2025-11-08 12:07:12,Facebook,Seguimiento,Postventa,4,False,Abandonada,False,1
3877,1525,2025-05-03 12:13:14,WhatsApp,Solicitar información,Postventa,6,False,Finalizada,True,5
3878,694,2025-07-28 18:25:17,WhatsApp,Cancelar servicio,Atención Comercial,3,False,Abandonada,False,1
3879,71,2025-07-13 20:51:02,WhatsApp,Consultar precios,Soporte,5,False,Abandonada,False,1
3880,261,2025-11-14 19:18:43,WhatsApp,Consultar precios,Soporte,4,False,Finalizada,False,5
3881,35,2025-10-27 12:57:55,Web,Reclamo,Atención Comercial,12,False,Finalizada,False,4
3882,1378,2025-12-25 13:01:26,Facebook,Consultar precios,Ventas,3,False,Finalizada,False,5
3883,1218,2025-02-16 04:27:49,Instagram,Agendar servicio,Atención Comercial,7,True,Finalizada,False,1
3884,1096,2025-07-08 20:49:14,Facebook,Reclamo,Atención Comercial,15,True,Finalizada,False,2
3885,1314,2025-06-17 12:56:36,WhatsApp,Reclamo,Atención al Cliente,8,False,Finalizada,True,4
3886,1675,2025-12-06 12:58:33,Telegram,Soporte técnico,Atención al Cliente,15,False,Finalizada,False,3
3887,1875,2025-08-01 18:59:26,WhatsApp,Seguimiento,Postventa,4,False,Finalizada,False,5
3888,406,2025-03-26 19:15:52,Instagram,Consultar precios,Ventas,5,False,Finalizada,False,4
3889,1259,2025-08-16 08:36:31,WhatsApp,Solicitar información,Soporte,5,False,Finalizada,True,5
3890,1264,2025-08-22 16:34:00,WhatsApp,Reclamo,Atención Comercial,15,True,Abandonada,False,1
3891,411,2025-02-23 15:31:33,WhatsApp,Soporte técnico,Atención al Cliente,13,False,Finalizada,True,4
3892,831,2025-11-16 20:11:15,Facebook,Reclamo,Postventa,12,False,Finalizada,True,5
3893,683,2025-02-01 19:53:46,WhatsApp,Reclamo,Soporte,15,False,Finalizada,False,4
3894,1601,2025-05-16 18:58:57,WhatsApp,Soporte técnico,Ventas,18,True,Abandonada,False,1
3895,1483,2025-06-18 18:55:47,Facebook,Solicitar información,Atención al Cliente,5,False,Finalizada,False,4
3896,6,2025-02-26 19:21:46,WhatsApp,Reclamo,Atención Comercial,13,False,Finalizada,False,4
3897,948,2025-05-09 12:16:54,WhatsApp,Solicitar información,Atención al Cliente,4,False,Finalizada,True,5
3898,1163,2025-11-08 20:42:36,Web,Solicitar información,Atención al Cliente,5,False,Finalizada,True,5
3899,1682,2025-04-27 20:54:47,Telegram,Seguimiento,Soporte,6,True,Finalizada,True,1
3900,574,2025-05-05 05:42:12,Web,Seguimiento,Postventa,5,False,Finalizada,False,3
3901,1758,2025-08-11 18:22:37,WhatsApp,Seguimiento,Postventa,7,False,Finalizada,False,3
3902,1354,2025-10-04 04:28:15,WhatsApp,Agendar servicio,Ventas,6,False,Abandonada,False,1
3903,1637,2025-12-19 08:41:34,WhatsApp,Cancelar servicio,Postventa,3,True,Finalizada,True,2
3904,92,2025-09-21 18:15:03,Web,Reclamo,Ventas,11,False,Finalizada,False,4
3905,66,2025-03-10 12:20:41,Web,Seguimiento,Atención al Cliente,4,False,Finalizada,False,3
3906,1027,2025-08-26 20:01:33,Instagram,Soporte técnico,Ventas,16,False,Finalizada,False,4
3907,1450,2025-11-07 20:14:43,Web,Seguimiento,Postventa,7,False,Finalizada,False,5
3908,1800,2025-10-06 19:08:27,WhatsApp,Seguimiento,Atención Comercial,5,True,Finalizada,True,2
3909,252,2025-06-27 12:02:32,WhatsApp,Consultar precios,Ventas,4,False,Finalizada,True,4
3910,699,2025-12-27 19:24:20,Instagram,Solicitar información,Atención al Cliente,6,False,Abandonada,False,1
3911,72,2025-07-18 13:59:30,Facebook,Agendar servicio,Ventas,8,False,Finalizada,True,5
3912,448,2025-12-29 18:03:13,Telegram,Agendar servicio,Postventa,5,False,Finalizada,False,4
3913,520,2025-09-15 20:22:42,WhatsApp,Consultar precios,Ventas,5,False,Finalizada,True,4
3914,1134,2025-06-10 02:49:04,WhatsApp,Solicitar información,Soporte,5,False,Abandonada,False,1
3915,699,2025-05-23 12:58:20,Web,Consultar precios,Atención al Cliente,3,False,Finalizada,False,4
3916,1846,2025-05-06 18:06:31,Telegram,Reclamo,Atención al Cliente,12,True,Finalizada,True,1
3917,1409,2025-10-31 15:18:13,Web,Consultar precios,Soporte,5,False,Finalizada,True,5
3918,385,2025-05-27 20:24:13,Web,Consultar precios,Atención al Cliente,5,True,Finalizada,False,2
3919,752,2025-05-08 18:42:35,Telegram,Cancelar servicio,Soporte,4,False,Finalizada,True,5
3920,695,2025-01-10 12:19:28,Facebook,Consultar precios,Atención Comercial,5,False,Finalizada,True,5
3921,800,2025-03-30 18:51:36,Web,Seguimiento,Ventas,5,True,Finalizada,True,3
3922,1131,2025-03-29 04:17:19,WhatsApp,Soporte técnico,Atención al Cliente,10,False,Finalizada,True,5
3923,1651,2025-10-10 12:27:08,Telegram,Seguimiento,Atención Comercial,4,False,Abandonada,False,2
3924,1116,2025-12-30 12:32:26,WhatsApp,Agendar servicio,Atención al Cliente,8,False,Finalizada,True,4
3925,1423,2025-06-21 12:19:15,WhatsApp,Reclamo,Ventas,10,False,Finalizada,True,4
3926,227,2025-12-13 12:39:06,Telegram,Cancelar servicio,Soporte,4,False,Finalizada,False,3
3927,547,2025-11-15 11:21:48,Instagram,Agendar servicio,Soporte,6,False,Finalizada,True,5
3928,1542,2025-04-20 10:56:19,Web,Cancelar servicio,Ventas,3,False,Finalizada,True,5
3929,1502,2025-01-27 13:33:03,Web,Solicitar información,Soporte,6,False,Finalizada,True,5
3930,1828,2025-10-22 12:34:33,Facebook,Seguimiento,Ventas,7,False,Finalizada,True,5
3931,1230,2025-04-19 19:08:25,WhatsApp,Soporte técnico,Atención Comercial,11,False,Finalizada,True,4
3932,1825,2025-08-31 19:29:28,Instagram,Solicitar información,Soporte,4,False,Finalizada,False,4
3933,1144,2025-10-22 13:22:02,Facebook,Reclamo,Atención al Cliente,15,False,Finalizada,False,4
3934,1452,2025-04-13 19:28:35,WhatsApp,Consultar precios,Atención al Cliente,4,False,Finalizada,True,5
3935,1843,2025-04-18 09:42:20,WhatsApp,Cancelar servicio,Ventas,4,False,Finalizada,False,3
3936,286,2025-11-30 19:32:22,WhatsApp,Agendar servicio,Atención al Cliente,5,False,Finalizada,False,4
3937,1542,2025-07-01 20:24:37,WhatsApp,Reclamo,Soporte,15,True,Finalizada,False,2
3938,130,2025-06-19 15:10:47,WhatsApp,Agendar servicio,Atención Comercial,5,False,Finalizada,False,3
3939,369,2025-07-05 19:39:08,Facebook,Seguimiento,Atención Comercial,5,False,Finalizada,True,4
3940,1613,2025-09-07 00:00:47,WhatsApp,Solicitar información,Postventa,5,False,Finalizada,False,4
3941,869,2025-05-03 15:22:08,WhatsApp,Solicitar información,Atención Comercial,4,False,Abandonada,False,2
3942,1476,2025-11-17 18:56:08,WhatsApp,Consultar precios,Atención al Cliente,3,False,Finalizada,True,4
3943,156,2025-01-31 19:20:27,Web,Solicitar información,Soporte,5,False,Finalizada,False,3
3944,1282,2025-05-04 19:45:07,Telegram,Agendar servicio,Soporte,7,False,Finalizada,False,5
3945,1975,2025-11-28 15:57:45,Instagram,Consultar precios,Ventas,4,False,Finalizada,False,4
3946,516,2025-10-09 17:57:10,Instagram,Agendar servicio,Atención al Cliente,8,False,Finalizada,True,5
3947,413,2025-12-22 00:35:30,Instagram,Solicitar información,Atención al Cliente,6,False,Finalizada,False,3
3948,1617,2025-05-29 18:27:10,Web,Cancelar servicio,Atención al Cliente,2,False,Finalizada,False,4
3949,1686,2025-09-30 19:51:44,Instagram,Seguimiento,Atención al Cliente,5,False,Finalizada,False,4
3950,1933,2025-05-18 04:07:19,Facebook,Consultar precios,Soporte,5,False,Finalizada,True,5
3951,1363,2025-07-07 18:09:01,WhatsApp,Cancelar servicio,Ventas,3,False,Abandonada,False,1
3952,714,2025-11-02 05:56:09,WhatsApp,Agendar servicio,Atención al Cliente,6,False,Abandonada,False,1
3953,1320,2025-08-21 20:50:27,Web,Soporte técnico,Atención Comercial,15,False,Finalizada,True,5
3954,1863,2025-04-17 19:29:46,Telegram,Soporte técnico,Soporte,10,True,Finalizada,False,3
3955,1240,2025-05-29 18:23:01,Facebook,Cancelar servicio,Atención al Cliente,3,False,Finalizada,True,4
3956,1152,2025-08-05 10:45:10,Telegram,Agendar servicio,Postventa,6,False,Finalizada,False,3
3957,955,2025-10-10 04:47:48,Web,Consultar precios,Ventas,4,False,Finalizada,True,5
3958,821,2025-09-29 20:09:01,WhatsApp,Soporte técnico,Atención al Cliente,14,False,Finalizada,True,5
3959,188,2025-05-12 13:49:41,Instagram,Soporte técnico,Soporte,11,False,Finalizada,False,4
3960,534,2025-10-15 09:40:23,Telegram,Soporte técnico,Soporte,12,False,Abandonada,False,2
3961,990,2025-05-26 11:35:07,WhatsApp,Cancelar servicio,Atención al Cliente,4,False,Finalizada,True,5
3962,1966,2025-01-18 20:18:09,WhatsApp,Soporte técnico,Atención Comercial,15,False,Abandonada,False,2
3963,406,2025-03-06 18:32:23,Telegram,Soporte técnico,Postventa,16,False,Finalizada,False,3
3964,1444,2025-07-09 01:22:52,Web,Seguimiento,Soporte,6,False,Abandonada,False,2
3965,788,2025-07-10 19:15:36,Facebook,Consultar precios,Atención Comercial,4,False,Abandonada,False,1
3966,1351,2025-09-14 03:12:54,WhatsApp,Cancelar servicio,Ventas,4,False,Finalizada,False,3
3967,1839,2025-08-20 08:54:07,Web,Agendar servicio,Soporte,8,False,Finalizada,True,5
3968,895,2025-02-06 09:53:49,WhatsApp,Reclamo,Atención Comercial,13,False,Abandonada,False,2
3969,1739,2025-08-16 19:10:36,Instagram,Reclamo,Atención al Cliente,8,False,Finalizada,False,3
3970,1414,2025-09-24 13:04:50,WhatsApp,Reclamo,Postventa,10,False,Finalizada,True,5
3971,1426,2025-05-07 08:46:22,WhatsApp,Cancelar servicio,Soporte,3,False,Finalizada,True,5
3972,177,2025-09-24 18:10:30,Facebook,Agendar servicio,Soporte,8,False,Finalizada,False,4
3973,1511,2025-11-19 12:39:16,Web,Solicitar información,Atención al Cliente,4,False,Finalizada,True,5
3974,1712,2025-05-13 19:40:54,WhatsApp,Cancelar servicio,Atención Comercial,2,False,Abandonada,False,1
3975,1065,2025-03-27 18:27:01,WhatsApp,Consultar precios,Postventa,3,False,Finalizada,True,5
3976,1209,2025-10-07 08:32:10,Facebook,Cancelar servicio,Atención Comercial,3,False,Finalizada,False,3
3977,668,2025-10-29 08:13:51,Web,Agendar servicio,Atención al Cliente,6,False,Finalizada,False,4
3978,1922,2025-08-28 09:58:29,WhatsApp,Soporte técnico,Postventa,18,False,Finalizada,True,5
3979,781,2025-06-19 18:41:11,Telegram,Consultar precios,Ventas,4,False,Finalizada,False,5
3980,915,2025-05-15 13:04:05,WhatsApp,Reclamo,Atención Comercial,15,False,Abandonada,False,2
3981,344,2025-11-17 18:50:04,Web,Reclamo,Ventas,11,False,Finalizada,False,4
3982,1578,2025-06-27 11:25:14,Web,Consultar precios,Soporte,3,False,Abandonada,False,1
3983,155,2025-11-19 12:11:43,WhatsApp,Agendar servicio,Postventa,5,False,Finalizada,True,5
3984,1000,2025-09-07 15:16:54,WhatsApp,Solicitar información,Atención Comercial,4,False,Finalizada,True,5
3985,672,2025-12-27 20:49:20,Telegram,Cancelar servicio,Atención al Cliente,2,True,Finalizada,False,2
3986,634,2025-08-18 10:54:01,Web,Agendar servicio,Ventas,5,False,Finalizada,False,3
3987,1059,2025-04-17 18:37:00,Facebook,Seguimiento,Atención Comercial,7,False,Abandonada,False,1
3988,1704,2025-12-25 20:49:46,WhatsApp,Agendar servicio,Atención al Cliente,8,False,Finalizada,False,4
3989,756,2025-10-27 12:05:35,Instagram,Soporte técnico,Postventa,13,False,Finalizada,False,4
3990,77,2025-01-09 13:00:13,WhatsApp,Reclamo,Ventas,10,False,Abandonada,False,1
3991,1285,2025-01-14 13:55:03,Web,Cancelar servicio,Postventa,2,False,Abandonada,False,2
3992,274,2025-04-29 19:35:58,WhatsApp,Cancelar servicio,Soporte,4,False,Finalizada,True,5
3993,1542,2025-06-16 15:51:04,WhatsApp,Cancelar servicio,Ventas,2,False,Abandonada,False,1
3994,1759,2025-07-29 08:00:34,Web,Agendar servicio,Soporte,8,True,Finalizada,False,3
3995,1980,2025-03-07 10:36:09,Web,Reclamo,Atención Comercial,8,False,Finalizada,False,3
3996,675,2025-11-27 20:17:55,Web,Consultar precios,Atención al Cliente,5,False,Finalizada,False,5
3997,725,2025-12-15 20:07:56,WhatsApp,Seguimiento,Soporte,6,False,Finalizada,False,5
3998,591,2025-09-02 15:25:30,WhatsApp,Solicitar información,Atención al Cliente,5,False,Finalizada,True,4
3999,1786,2025-07-28 18:53:12,Facebook,Soporte técnico,Ventas,10,False,Finalizada,True,4
4000,1196,2025-05-06 13:06:25,WhatsApp,Reclamo,Soporte,12,False,Finalizada,True,5
4001,252,2025-01-21 13:27:27,Facebook,Solicitar información,Postventa,5,True,Finalizada,False,3
4002,1952,2025-06-03 19:08:12,Facebook,Soporte técnico,Postventa,15,False,Finalizada,False,4
4003,522,2025-06-10 18:30:39,Facebook,Seguimiento,Atención Comercial,6,False,Finalizada,False,4
4004,1012,2025-11-11 12:26:30,WhatsApp,Soporte técnico,Soporte,17,True,Finalizada,True,3
4005,198,2025-03-05 12:52:35,WhatsApp,Solicitar información,Atención al Cliente,5,False,Finalizada,True,5
4006,1887,2025-07-09 02:21:22,WhatsApp,Agendar servicio,Soporte,8,False,Finalizada,True,5
4007,1705,2025-08-03 13:05:08,Web,Agendar servicio,Ventas,8,False,Finalizada,True,5
4008,1149,2025-07-01 18:09:17,Facebook,Soporte técnico,Ventas,17,True,Finalizada,False,2
4009,1462,2025-09-03 18:16:05,Facebook,Reclamo,Atención Comercial,13,True,Finalizada,False,2
4010,944,2025-01-27 20:51:49,Facebook,Agendar servicio,Atención al Cliente,5,False,Abandonada,False,2
4011,317,2025-11-12 13:00:50,WhatsApp,Seguimiento,Postventa,7,False,Abandonada,False,1
4012,700,2025-11-12 12:52:48,Web,Reclamo,Atención Comercial,10,False,Finalizada,False,3
4013,1039,2025-10-29 13:21:07,WhatsApp,Seguimiento,Soporte,5,False,Finalizada,False,5
4014,1706,2025-06-10 13:54:58,WhatsApp,Cancelar servicio,Postventa,4,False,Finalizada,True,5
4015,668,2025-01-30 20:44:02,WhatsApp,Consultar precios,Ventas,5,False,Finalizada,True,5
4016,827,2025-03-09 19:34:55,WhatsApp,Agendar servicio,Soporte,7,False,Finalizada,False,3
4017,1141,2025-06-18 18:02:57,WhatsApp,Agendar servicio,Atención al Cliente,6,False,Finalizada,True,5
4018,242,2025-08-17 12:37:52,Instagram,Solicitar información,Soporte,4,False,Finalizada,False,3
4019,807,2025-09-29 13:43:26,Web,Consultar precios,Ventas,3,False,Finalizada,False,4
4020,1763,2025-09-24 19:14:55,Web,Agendar servicio,Atención al Cliente,6,False,Finalizada,True,5
4021,1931,2025-09-03 13:20:23,WhatsApp,Reclamo,Soporte,12,False,Finalizada,True,5
4022,1136,2025-07-11 13:59:50,WhatsApp,Agendar servicio,Postventa,7,False,Finalizada,True,5
4023,1114,2025-06-29 20:14:36,WhatsApp,Solicitar información,Ventas,6,False,Finalizada,False,3
4024,1252,2025-02-01 18:27:13,WhatsApp,Seguimiento,Soporte,4,True,Finalizada,True,2
4025,1706,2025-06-04 02:34:28,Facebook,Agendar servicio,Postventa,7,True,Abandonada,False,1
4026,1159,2025-11-05 13:07:57,WhatsApp,Consultar precios,Postventa,3,False,Finalizada,False,5
4027,1328,2025-06-18 20:46:16,WhatsApp,Soporte técnico,Ventas,11,True,Finalizada,True,2
4028,725,2025-12-10 12:53:41,Instagram,Cancelar servicio,Atención Comercial,4,False,Finalizada,False,4
4029,1076,2025-10-12 16:01:29,Facebook,Soporte técnico,Atención al Cliente,18,False,Finalizada,False,4
4030,1004,2025-05-20 10:08:02,Instagram,Consultar precios,Postventa,3,False,Abandonada,False,1
4031,1,2025-05-11 18:48:52,Web,Soporte técnico,Postventa,11,True,Finalizada,True,1
4032,1973,2025-10-10 18:03:15,Web,Solicitar información,Ventas,4,False,Abandonada,False,2
4033,839,2025-09-22 20:11:13,WhatsApp,Reclamo,Atención al Cliente,9,True,Finalizada,False,1
4034,1729,2025-01-02 18:57:40,WhatsApp,Seguimiento,Atención al Cliente,7,True,Finalizada,False,2
4035,1860,2025-01-18 19:53:29,WhatsApp,Soporte técnico,Soporte,10,True,Finalizada,True,2
4036,176,2025-11-05 19:04:44,WhatsApp,Solicitar información,Atención al Cliente,4,False,Finalizada,True,4
4037,1395,2025-06-07 18:29:04,Instagram,Agendar servicio,Postventa,8,False,Finalizada,True,5
4038,419,2025-07-27 18:15:33,Web,Consultar precios,Postventa,4,False,Finalizada,False,4
4039,1594,2025-11-27 13:46:20,WhatsApp,Cancelar servicio,Atención Comercial,2,False,Finalizada,False,4
4040,1364,2025-03-26 20:51:45,Web,Soporte técnico,Ventas,14,True,Finalizada,True,2
4041,858,2025-09-04 16:14:06,Facebook,Solicitar información,Soporte,4,False,Finalizada,True,5
4042,1446,2025-10-01 11:20:51,WhatsApp,Consultar precios,Atención Comercial,3,False,Finalizada,False,4
4043,1857,2025-09-15 05:39:58,Web,Cancelar servicio,Atención al Cliente,2,False,Abandonada,False,2
4044,477,2025-05-18 18:46:47,Instagram,Reclamo,Atención Comercial,15,False,Finalizada,False,4
4045,1292,2025-06-20 19:24:41,Web,Solicitar información,Postventa,4,False,Finalizada,True,5
4046,359,2025-02-25 20:29:57,WhatsApp,Reclamo,Soporte,14,False,Finalizada,False,3
4047,1165,2025-11-14 12:27:59,WhatsApp,Seguimiento,Atención al Cliente,7,False,Finalizada,False,3
4048,1245,2025-09-18 18:55:14,WhatsApp,Soporte técnico,Ventas,17,False,Finalizada,False,3
4049,1329,2025-11-30 09:47:28,Web,Cancelar servicio,Soporte,2,False,Finalizada,False,5
4050,1417,2025-10-09 18:53:07,Instagram,Agendar servicio,Atención Comercial,5,False,Finalizada,False,3
4051,1254,2025-08-04 13:55:32,Web,Consultar precios,Atención Comercial,5,False,Finalizada,True,4
4052,1083,2025-06-27 20:02:16,Instagram,Soporte técnico,Postventa,17,True,Finalizada,False,3
4053,1559,2025-08-18 15:51:49,WhatsApp,Consultar precios,Atención al Cliente,5,False,Finalizada,False,3
4054,757,2025-08-13 17:50:32,Facebook,Agendar servicio,Atención Comercial,5,False,Abandonada,False,1
4055,662,2025-08-20 20:17:04,WhatsApp,Cancelar servicio,Ventas,3,False,Finalizada,True,4
4056,354,2025-11-18 13:58:08,Facebook,Consultar precios,Atención Comercial,5,False,Finalizada,False,3
4057,1711,2025-09-15 12:39:28,Web,Agendar servicio,Postventa,8,False,Finalizada,True,5
4058,761,2025-09-08 09:58:50,WhatsApp,Solicitar información,Atención al Cliente,5,False,Finalizada,False,3
4059,313,2025-03-11 18:30:44,Facebook,Agendar servicio,Soporte,5,False,Finalizada,False,5
4060,160,2025-08-24 18:26:19,Web,Soporte técnico,Ventas,11,False,Finalizada,True,5
4061,243,2025-01-27 08:55:19,Web,Consultar precios,Atención al Cliente,3,False,Finalizada,False,4
4062,773,2025-07-16 18:57:09,WhatsApp,Agendar servicio,Postventa,5,False,Finalizada,False,5
4063,37,2025-09-16 09:58:09,WhatsApp,Reclamo,Ventas,14,False,Finalizada,True,4
4064,1747,2025-08-01 08:53:21,WhatsApp,Reclamo,Postventa,13,True,Finalizada,True,1
4065,1790,2025-10-29 20:11:39,Instagram,Cancelar servicio,Postventa,4,False,Finalizada,False,4
4066,717,2025-05-02 08:47:26,WhatsApp,Solicitar información,Postventa,4,True,Finalizada,True,2
4067,278,2025-05-29 03:44:57,WhatsApp,Solicitar información,Soporte,5,False,Finalizada,True,4
4068,915,2025-01-01 13:18:18,WhatsApp,Consultar precios,Soporte,4,False,Finalizada,False,3
4069,109,2025-01-16 09:31:33,WhatsApp,Consultar precios,Postventa,5,False,Finalizada,False,4
4070,1435,2025-11-11 12:20:45,Facebook,Cancelar servicio,Postventa,3,False,Finalizada,False,5
4071,853,2025-12-30 13:51:18,Telegram,Agendar servicio,Ventas,8,False,Finalizada,False,5
4072,1290,2025-08-13 18:34:13,Web,Cancelar servicio,Soporte,2,False,Abandonada,False,1
4073,43,2025-08-22 20:46:18,WhatsApp,Cancelar servicio,Postventa,3,False,Finalizada,True,4
4074,672,2025-07-10 17:40:12,Facebook,Soporte técnico,Ventas,14,False,Finalizada,True,4
4075,24,2025-05-22 13:53:29,Instagram,Seguimiento,Postventa,4,False,Finalizada,True,5
4076,365,2025-04-23 15:17:41,Web,Solicitar información,Postventa,6,False,Finalizada,False,4
4077,669,2025-12-14 20:15:37,Web,Consultar precios,Soporte,3,False,Finalizada,True,5
4078,1321,2025-01-01 19:35:12,Facebook,Cancelar servicio,Atención Comercial,3,False,Finalizada,False,4
4079,1035,2025-03-05 05:41:44,Telegram,Soporte técnico,Postventa,15,True,Abandonada,False,2
4080,537,2025-07-16 19:26:18,Telegram,Agendar servicio,Atención al Cliente,7,False,Finalizada,False,3
4081,689,2025-12-15 20:05:33,WhatsApp,Agendar servicio,Ventas,5,True,Finalizada,True,2
4082,1558,2025-07-22 18:05:13,WhatsApp,Soporte técnico,Ventas,18,False,Finalizada,False,4
4083,1032,2025-06-24 18:18:43,WhatsApp,Agendar servicio,Soporte,8,False,Finalizada,False,3
4084,228,2025-07-28 13:13:23,Web,Agendar servicio,Postventa,7,False,Finalizada,False,4
4085,539,2025-07-15 18:28:57,Facebook,Solicitar información,Atención Comercial,6,False,Finalizada,True,5
4086,57,2025-11-07 17:03:12,WhatsApp,Seguimiento,Atención Comercial,6,False,Finalizada,True,5
4087,1055,2025-08-18 17:07:43,Facebook,Soporte técnico,Atención al Cliente,10,False,Finalizada,False,3
4088,173,2025-09-20 19:42:22,Facebook,Seguimiento,Ventas,4,False,Finalizada,False,4
4089,1987,2025-04-26 13:05:53,WhatsApp,Agendar servicio,Soporte,8,False,Finalizada,True,5
4090,1925,2025-01-03 05:19:30,WhatsApp,Cancelar servicio,Soporte,2,False,Abandonada,False,1
4091,808,2025-12-13 19:14:27,Facebook,Soporte técnico,Ventas,12,False,Finalizada,False,3
4092,1700,2025-04-11 20:44:35,Web,Agendar servicio,Atención al Cliente,7,False,Finalizada,False,4
4093,1653,2025-08-08 16:53:29,Web,Solicitar información,Atención Comercial,4,False,Abandonada,False,1
4094,1408,2025-06-16 20:16:24,WhatsApp,Reclamo,Postventa,10,True,Finalizada,True,3
4095,83,2025-02-07 13:19:06,Web,Reclamo,Soporte,10,False,Finalizada,True,5
4096,651,2025-03-12 09:29:03,Facebook,Seguimiento,Atención al Cliente,4,False,Finalizada,True,5
4097,165,2025-03-04 17:48:26,Telegram,Soporte técnico,Postventa,15,True,Finalizada,False,2
4098,646,2025-10-25 20:23:39,Instagram,Reclamo,Ventas,9,True,Finalizada,False,2
4099,197,2025-04-16 10:28:41,WhatsApp,Consultar precios,Atención al Cliente,5,False,Abandonada,False,2
4100,107,2025-05-19 20:17:32,Facebook,Agendar servicio,Postventa,6,True,Finalizada,False,1
4101,759,2025-12-08 09:26:34,Instagram,Consultar precios,Atención Comercial,3,False,Finalizada,True,5
4102,1946,2025-05-03 20:16:55,Telegram,Soporte técnico,Atención Comercial,18,True,Finalizada,False,2
4103,1528,2025-10-03 00:48:06,WhatsApp,Consultar precios,Atención Comercial,4,False,Finalizada,False,4
4104,28,2025-06-02 16:10:38,WhatsApp,Consultar precios,Ventas,3,False,Finalizada,True,5
4105,967,2025-04-03 20:25:02,WhatsApp,Agendar servicio,Ventas,7,False,Abandonada,False,1
4106,1483,2025-06-11 18:38:43,WhatsApp,Reclamo,Ventas,15,False,Finalizada,True,5
4107,393,2025-03-21 16:29:28,WhatsApp,Soporte técnico,Atención al Cliente,11,False,Abandonada,False,1
4108,182,2025-05-03 05:32:06,Facebook,Seguimiento,Soporte,4,False,Finalizada,True,5
4109,34,2025-12-12 16:24:21,WhatsApp,Consultar precios,Soporte,4,False,Finalizada,True,5
4110,1060,2025-12-08 00:11:59,Instagram,Seguimiento,Postventa,7,True,Finalizada,False,2
4111,1864,2025-12-14 04:30:12,Web,Seguimiento,Atención Comercial,6,True,Finalizada,True,2
4112,701,2025-03-23 18:26:21,WhatsApp,Seguimiento,Soporte,5,True,Finalizada,True,1
4113,869,2025-03-24 12:58:34,Web,Agendar servicio,Soporte,5,False,Finalizada,False,3
4114,516,2025-02-22 20:17:50,WhatsApp,Seguimiento,Soporte,6,True,Finalizada,True,2
4115,402,2025-01-22 05:46:16,Web,Consultar precios,Ventas,5,False,Abandonada,False,1
4116,1204,2025-04-02 11:13:43,WhatsApp,Solicitar información,Ventas,6,False,Finalizada,True,5
4117,1504,2025-04-27 19:43:17,Telegram,Soporte técnico,Postventa,17,False,Finalizada,True,5
4118,1824,2025-09-04 18:03:02,Telegram,Agendar servicio,Postventa,6,False,Finalizada,False,4
4119,784,2025-08-08 12:26:49,Facebook,Soporte técnico,Soporte,18,True,Finalizada,True,1
4120,169,2025-08-05 18:43:33,Facebook,Solicitar información,Atención Comercial,5,False,Finalizada,False,4
4121,145,2025-08-02 18:28:36,Web,Soporte técnico,Postventa,11,False,Finalizada,True,5
4122,1507,2025-10-20 00:03:14,WhatsApp,Soporte técnico,Atención al Cliente,10,True,Finalizada,True,3
4123,1710,2025-06-03 12:44:14,Web,Cancelar servicio,Atención al Cliente,3,False,Finalizada,False,4
4124,1280,2025-06-11 09:53:34,WhatsApp,Soporte técnico,Soporte,16,False,Finalizada,False,3
4125,810,2025-07-27 18:19:38,Web,Reclamo,Atención Comercial,10,False,Finalizada,False,3
4126,344,2025-10-21 20:21:48,Web,Cancelar servicio,Soporte,3,False,Abandonada,False,1
4127,1436,2025-03-26 08:07:15,Web,Reclamo,Ventas,10,False,Abandonada,False,2
4128,1246,2025-03-26 18:45:39,WhatsApp,Cancelar servicio,Atención al Cliente,3,True,Finalizada,False,2
4129,1007,2025-11-28 12:58:26,WhatsApp,Reclamo,Atención Comercial,13,False,Finalizada,False,3
4130,974,2025-06-15 20:06:16,WhatsApp,Agendar servicio,Atención Comercial,8,False,Abandonada,False,1
4131,450,2025-01-19 12:30:18,Instagram,Soporte técnico,Postventa,12,False,Abandonada,False,1
4132,676,2025-08-24 19:24:01,WhatsApp,Agendar servicio,Ventas,8,False,Finalizada,True,4
4133,1213,2025-08-17 12:20:51,WhatsApp,Soporte técnico,Ventas,17,False,Finalizada,False,3
4134,587,2025-05-29 10:00:59,WhatsApp,Agendar servicio,Postventa,8,False,Abandonada,False,1
4135,1649,2025-08-07 18:59:13,Facebook,Soporte técnico,Ventas,15,False,Finalizada,False,3
4136,1722,2025-09-01 19:52:40,Telegram,Consultar precios,Atención Comercial,3,False,Finalizada,True,5
4137,1564,2025-05-04 13:58:55,WhatsApp,Soporte técnico,Atención Comercial,11,False,Finalizada,True,5
4138,24,2025-08-31 13:54:54,Web,Cancelar servicio,Atención Comercial,2,False,Finalizada,True,5
4139,1083,2025-02-06 17:19:59,Web,Cancelar servicio,Atención Comercial,2,True,Finalizada,False,2
4140,1229,2025-01-31 16:14:04,WhatsApp,Cancelar servicio,Soporte,3,False,Finalizada,True,5
4141,446,2025-12-28 18:34:12,WhatsApp,Soporte técnico,Postventa,18,True,Finalizada,True,2
4142,1262,2025-07-15 00:56:09,WhatsApp,Soporte técnico,Atención Comercial,14,True,Finalizada,False,2
4143,1207,2025-02-16 12:41:48,Facebook,Reclamo,Ventas,8,True,Finalizada,False,2
4144,1256,2025-05-25 18:25:37,Instagram,Consultar precios,Atención al Cliente,4,True,Finalizada,False,3
4145,1469,2025-04-16 04:50:53,WhatsApp,Soporte técnico,Atención al Cliente,14,False,Finalizada,False,3
4146,416,2025-06-04 12:05:01,Telegram,Solicitar información,Ventas,5,False,Finalizada,False,4
4147,1859,2025-04-03 03:02:19,Facebook,Reclamo,Atención Comercial,10,False,Finalizada,False,3
4148,1542,2025-04-25 00:30:05,Web,Reclamo,Ventas,13,False,Finalizada,False,3
4149,1020,2025-10-12 20:31:30,WhatsApp,Soporte técnico,Atención al Cliente,10,False,Finalizada,False,3
4150,1619,2025-01-03 20:56:20,Web,Agendar servicio,Soporte,6,False,Finalizada,False,3
4151,756,2025-03-04 19:28:01,Facebook,Seguimiento,Ventas,6,False,Finalizada,True,5
4152,791,2025-12-18 19:24:56,WhatsApp,Solicitar información,Soporte,5,False,Finalizada,True,5
4153,1397,2025-10-01 13:29:15,Web,Agendar servicio,Atención Comercial,7,False,Abandonada,False,1
4154,928,2025-07-23 19:44:20,WhatsApp,Cancelar servicio,Atención al Cliente,4,False,Finalizada,False,5
4155,1460,2025-03-10 13:21:08,WhatsApp,Agendar servicio,Postventa,7,False,Finalizada,True,5
4156,1538,2025-03-15 20:04:54,Facebook,Reclamo,Ventas,12,False,Finalizada,True,5
4157,1475,2025-07-24 19:36:57,WhatsApp,Reclamo,Postventa,15,False,Abandonada,False,1
4158,691,2025-01-13 19:12:23,Web,Consultar precios,Atención Comercial,3,False,Abandonada,False,1
4159,1888,2025-01-20 10:43:02,Instagram,Soporte técnico,Soporte,11,False,Abandonada,False,1
4160,717,2025-07-31 01:59:43,WhatsApp,Soporte técnico,Postventa,12,False,Finalizada,True,5
4161,1439,2025-11-19 12:29:13,WhatsApp,Agendar servicio,Postventa,8,False,Finalizada,False,4
4162,203,2025-01-24 20:04:36,Facebook,Consultar precios,Atención Comercial,3,False,Abandonada,False,1
4163,1798,2025-02-04 03:28:54,Instagram,Solicitar información,Ventas,5,False,Finalizada,False,4
4164,929,2025-08-09 13:42:49,Facebook,Soporte técnico,Atención al Cliente,15,False,Finalizada,False,3
4165,802,2025-04-22 08:46:06,Facebook,Agendar servicio,Ventas,7,False,Finalizada,True,5
4166,1771,2025-06-08 12:51:28,Facebook,Seguimiento,Atención al Cliente,5,False,Finalizada,True,5
4167,1448,2025-07-15 01:07:02,WhatsApp,Agendar servicio,Atención al Cliente,7,False,Abandonada,False,1
4168,560,2025-04-05 12:05:17,Web,Seguimiento,Atención Comercial,4,False,Finalizada,False,4
4169,1281,2025-09-18 13:03:11,Facebook,Solicitar información,Atención Comercial,5,False,Finalizada,False,3
4170,518,2025-11-14 19:41:30,Web,Consultar precios,Postventa,4,False,Finalizada,False,4
4171,116,2025-11-16 18:00:22,WhatsApp,Cancelar servicio,Ventas,4,False,Finalizada,True,4
4172,1123,2025-01-06 12:09:10,Facebook,Soporte técnico,Atención Comercial,13,False,Finalizada,False,4
4173,1497,2025-07-23 20:36:57,WhatsApp,Agendar servicio,Atención al Cliente,6,False,Finalizada,True,5
4174,1457,2025-08-31 18:30:29,Web,Agendar servicio,Soporte,8,False,Finalizada,False,4
4175,407,2025-09-18 09:43:53,WhatsApp,Soporte técnico,Soporte,12,False,Finalizada,False,5
4176,1785,2025-02-06 20:59:12,WhatsApp,Cancelar servicio,Ventas,4,True,Finalizada,False,2
4177,118,2025-01-09 12:37:44,Facebook,Cancelar servicio,Ventas,3,False,Finalizada,False,4
4178,496,2025-05-08 18:42:25,Facebook,Cancelar servicio,Atención al Cliente,4,False,Finalizada,False,5
4179,1583,2025-12-03 15:13:28,Web,Seguimiento,Atención Comercial,7,True,Finalizada,True,2
4180,137,2025-06-05 19:27:45,Web,Consultar precios,Atención al Cliente,5,False,Finalizada,True,5
4181,1334,2025-11-30 09:00:13,Facebook,Seguimiento,Soporte,4,False,Finalizada,True,5
4182,1387,2025-12-11 13:26:49,WhatsApp,Consultar precios,Soporte,5,False,Finalizada,True,5
4183,490,2025-08-14 17:29:55,Facebook,Seguimiento,Atención al Cliente,4,False,Finalizada,False,4
4184,231,2025-05-16 19:42:49,Facebook,Agendar servicio,Postventa,5,False,Finalizada,False,4
4185,2000,2025-07-24 17:30:21,WhatsApp,Seguimiento,Postventa,7,False,Finalizada,True,5
4186,1225,2025-12-19 20:29:35,Web,Cancelar servicio,Atención al Cliente,3,False,Finalizada,False,4
4187,244,2025-09-13 00:11:46,WhatsApp,Consultar precios,Atención Comercial,4,False,Finalizada,True,4
4188,1039,2025-08-15 16:16:02,WhatsApp,Solicitar información,Soporte,4,False,Finalizada,False,5
4189,963,2025-06-06 16:38:49,WhatsApp,Reclamo,Soporte,14,False,Finalizada,False,3
4190,1177,2025-01-05 19:10:53,Facebook,Reclamo,Soporte,13,False,Finalizada,False,4
4191,138,2025-02-12 18:54:57,WhatsApp,Seguimiento,Atención Comercial,7,False,Finalizada,True,5
4192,370,2025-04-21 10:23:33,WhatsApp,Consultar precios,Postventa,4,False,Abandonada,False,1
4193,807,2025-01-31 18:12:20,WhatsApp,Agendar servicio,Postventa,8,False,Finalizada,True,5
4194,417,2025-05-17 08:51:41,Web,Consultar precios,Postventa,3,False,Finalizada,False,3
4195,1739,2025-11-05 11:43:03,Instagram,Soporte técnico,Ventas,15,False,Abandonada,False,1
4196,691,2025-08-10 16:44:10,WhatsApp,Consultar precios,Ventas,5,False,Finalizada,True,5
4197,583,2025-01-29 20:08:51,Facebook,Cancelar servicio,Atención al Cliente,4,False,Finalizada,False,4
4198,1305,2025-02-24 08:50:15,Telegram,Soporte técnico,Ventas,16,False,Finalizada,False,3
4199,809,2025-08-16 09:45:07,Facebook,Cancelar servicio,Soporte,3,False,Finalizada,False,3
4200,62,2025-03-24 19:54:11,WhatsApp,Solicitar información,Postventa,6,False,Finalizada,True,5
4201,1542,2025-06-12 18:29:10,Web,Solicitar información,Postventa,6,False,Abandonada,False,1
4202,1972,2025-10-19 20:38:44,Facebook,Cancelar servicio,Atención al Cliente,4,False,Finalizada,False,3
4203,122,2025-06-09 12:37:06,WhatsApp,Seguimiento,Atención Comercial,4,True,Finalizada,False,1
4204,1494,2025-08-04 18:15:55,Instagram,Solicitar información,Postventa,6,False,Finalizada,False,4
4205,270,2025-07-25 18:29:51,WhatsApp,Consultar precios,Postventa,4,False,Finalizada,True,5
4206,690,2025-10-22 12:04:46,WhatsApp,Reclamo,Atención Comercial,8,False,Finalizada,True,5
4207,1582,2025-12-18 19:33:26,WhatsApp,Seguimiento,Ventas,5,False,Finalizada,False,4
4208,1930,2025-03-17 18:38:35,WhatsApp,Consultar precios,Soporte,4,False,Finalizada,False,4
4209,675,2025-04-19 20:01:52,WhatsApp,Seguimiento,Atención al Cliente,4,False,Abandonada,False,2
4210,1557,2025-05-09 05:15:18,WhatsApp,Cancelar servicio,Atención Comercial,2,False,Finalizada,False,3
4211,56,2025-04-03 19:36:43,Web,Seguimiento,Atención Comercial,5,True,Finalizada,False,2
4212,455,2025-09-10 13:51:11,Instagram,Soporte técnico,Atención Comercial,10,True,Finalizada,False,3
4213,128,2025-10-10 12:53:32,Instagram,Cancelar servicio,Soporte,2,False,Finalizada,False,5
4214,710,2025-01-28 18:41:02,WhatsApp,Solicitar información,Postventa,4,False,Finalizada,False,4
4215,114,2025-07-12 20:22:01,Facebook,Agendar servicio,Soporte,6,False,Finalizada,False,5
4216,699,2025-11-22 18:38:51,Telegram,Soporte técnico,Ventas,10,False,Abandonada,False,1
4217,1534,2025-09-13 20:20:07,WhatsApp,Seguimiento,Atención al Cliente,4,False,Finalizada,True,5
4218,1340,2025-04-15 19:13:37,Instagram,Agendar servicio,Atención Comercial,8,False,Abandonada,False,1
4219,1358,2025-05-08 12:16:50,WhatsApp,Reclamo,Atención al Cliente,12,False,Abandonada,False,1
4220,1219,2025-10-19 13:27:55,Web,Cancelar servicio,Postventa,3,False,Finalizada,True,5
4221,981,2025-07-20 10:46:36,Facebook,Soporte técnico,Atención al Cliente,11,False,Finalizada,False,4
4222,1835,2025-10-28 19:00:59,WhatsApp,Reclamo,Ventas,11,False,Finalizada,True,4
4223,1641,2025-06-02 20:28:08,WhatsApp,Solicitar información,Postventa,5,False,Finalizada,False,5
4224,1446,2025-11-28 20:48:09,Instagram,Seguimiento,Atención al Cliente,5,False,Abandonada,False,2
4225,832,2025-12-17 12:28:20,Instagram,Seguimiento,Atención al Cliente,4,True,Finalizada,False,1
4226,1059,2025-11-01 18:34:26,WhatsApp,Consultar precios,Atención al Cliente,3,False,Finalizada,False,4
4227,1054,2025-01-12 12:08:42,WhatsApp,Soporte técnico,Ventas,13,True,Finalizada,False,2
4228,1876,2025-08-20 20:05:48,Telegram,Soporte técnico,Soporte,11,False,Finalizada,False,5
4229,357,2025-11-13 12:33:47,Web,Cancelar servicio,Atención Comercial,4,False,Finalizada,False,4
4230,1557,2025-03-04 20:10:10,WhatsApp,Seguimiento,Atención Comercial,6,True,Finalizada,True,2
4231,332,2025-11-18 20:14:57,Web,Seguimiento,Atención al Cliente,5,False,Finalizada,False,4
4232,1364,2025-07-17 18:30:40,WhatsApp,Agendar servicio,Atención al Cliente,6,False,Finalizada,True,5
4233,1457,2025-12-26 12:57:00,Facebook,Agendar servicio,Postventa,6,False,Abandonada,False,1
4234,1346,2025-07-06 18:00:27,WhatsApp,Seguimiento,Postventa,4,False,Finalizada,True,5
4235,676,2025-05-02 12:21:53,Web,Soporte técnico,Atención al Cliente,13,True,Finalizada,True,3
4236,184,2025-09-07 12:29:42,Instagram,Reclamo,Atención Comercial,12,False,Abandonada,False,1
4237,903,2025-10-28 18:05:22,WhatsApp,Consultar precios,Soporte,4,False,Finalizada,True,4
4238,1615,2025-03-19 05:02:35,WhatsApp,Agendar servicio,Postventa,6,False,Finalizada,True,5
4239,316,2025-04-26 19:15:59,WhatsApp,Agendar servicio,Postventa,6,False,Finalizada,True,5
4240,909,2025-01-07 20:03:01,Web,Soporte técnico,Atención Comercial,10,False,Finalizada,True,5
4241,1810,2025-10-04 12:18:09,Instagram,Soporte técnico,Postventa,12,False,Finalizada,False,4
4242,167,2025-01-28 04:09:39,WhatsApp,Cancelar servicio,Atención Comercial,4,False,Finalizada,True,5
4243,1026,2025-01-04 18:02:52,WhatsApp,Solicitar información,Atención Comercial,6,True,Finalizada,True,3
4244,939,2025-05-01 13:32:01,WhatsApp,Consultar precios,Postventa,5,False,Abandonada,False,1
4245,350,2025-12-10 19:45:09,Instagram,Soporte técnico,Soporte,17,False,Finalizada,False,3
4246,1639,2025-04-28 08:37:09,WhatsApp,Agendar servicio,Atención al Cliente,7,False,Finalizada,True,4
4247,970,2025-10-12 03:31:45,Instagram,Soporte técnico,Atención Comercial,17,False,Finalizada,False,3
4248,987,2025-07-01 20:13:09,Web,Seguimiento,Postventa,7,False,Finalizada,True,5
4249,366,2025-06-26 18:18:13,Telegram,Agendar servicio,Atención al Cliente,6,False,Abandonada,False,1
4250,1553,2025-08-24 18:36:47,WhatsApp,Consultar precios,Atención al Cliente,5,False,Finalizada,True,5
4251,1359,2025-10-12 12:08:00,Web,Soporte técnico,Soporte,16,True,Finalizada,True,1
4252,469,2025-02-26 03:44:55,WhatsApp,Agendar servicio,Ventas,6,False,Finalizada,True,5
4253,153,2025-07-08 12:35:56,WhatsApp,Cancelar servicio,Atención Comercial,3,True,Finalizada,True,1
4254,1331,2025-11-16 02:35:15,Telegram,Solicitar información,Atención al Cliente,6,False,Finalizada,False,5
4255,469,2025-08-03 20:33:38,WhatsApp,Agendar servicio,Atención Comercial,8,False,Finalizada,False,5
4256,1013,2025-03-01 13:12:40,WhatsApp,Agendar servicio,Soporte,7,False,Finalizada,False,3
4257,1806,2025-10-20 18:40:29,Facebook,Reclamo,Ventas,9,True,Finalizada,False,1
4258,557,2025-04-03 19:24:56,Instagram,Agendar servicio,Ventas,7,False,Finalizada,True,4
4259,1709,2025-01-30 19:48:19,WhatsApp,Agendar servicio,Postventa,6,False,Finalizada,True,4
4260,1417,2025-10-18 08:59:50,Telegram,Agendar servicio,Ventas,5,False,Finalizada,False,4
4261,167,2025-02-09 13:37:55,WhatsApp,Solicitar información,Soporte,6,False,Finalizada,False,4
4262,1245,2025-09-17 20:52:03,WhatsApp,Cancelar servicio,Soporte,2,False,Finalizada,True,5
4263,562,2025-02-16 12:20:45,Web,Soporte técnico,Atención al Cliente,16,True,Finalizada,True,3
4264,459,2025-12-04 13:34:12,Web,Solicitar información,Atención Comercial,6,False,Finalizada,False,4
4265,549,2025-09-07 13:42:01,Facebook,Solicitar información,Postventa,5,False,Finalizada,True,5
4266,187,2025-09-28 13:03:31,WhatsApp,Reclamo,Ventas,8,False,Finalizada,False,3
4267,1364,2025-05-10 11:38:38,Facebook,Agendar servicio,Postventa,5,False,Finalizada,True,5
4268,256,2025-11-10 19:38:03,WhatsApp,Soporte técnico,Ventas,16,True,Finalizada,False,3
4269,1547,2025-01-11 15:54:03,WhatsApp,Cancelar servicio,Atención Comercial,3,False,Finalizada,False,3
4270,1901,2025-03-16 03:44:00,WhatsApp,Seguimiento,Postventa,7,False,Finalizada,True,5
4271,1617,2025-01-19 16:42:00,Instagram,Solicitar información,Postventa,6,False,Finalizada,True,5
4272,1005,2025-08-15 19:19:43,WhatsApp,Solicitar información,Postventa,4,False,Abandonada,False,1
4273,170,2025-01-12 16:03:12,Web,Seguimiento,Ventas,6,False,Finalizada,True,5
4274,945,2025-02-15 19:19:53,Telegram,Cancelar servicio,Postventa,2,False,Finalizada,False,4
4275,47,2025-03-29 05:26:39,WhatsApp,Cancelar servicio,Soporte,2,False,Abandonada,False,1
4276,88,2025-05-19 19:35:08,Facebook,Soporte técnico,Atención Comercial,16,False,Finalizada,False,5
4277,1065,2025-10-20 13:51:30,WhatsApp,Solicitar información,Ventas,5,False,Finalizada,True,5
4278,8,2025-06-03 09:44:24,Web,Seguimiento,Ventas,4,False,Finalizada,False,5
4279,1039,2025-10-02 13:32:17,Facebook,Reclamo,Atención Comercial,14,False,Finalizada,True,5
4280,1355,2025-12-25 17:57:12,Web,Consultar precios,Soporte,5,False,Finalizada,True,4
4281,805,2025-01-05 18:31:52,Web,Solicitar información,Ventas,4,False,Finalizada,False,4
4282,1559,2025-11-04 10:58:35,WhatsApp,Consultar precios,Atención al Cliente,3,False,Abandonada,False,2
4283,285,2025-05-11 08:30:05,Facebook,Seguimiento,Soporte,5,True,Finalizada,True,2
4284,795,2025-03-24 18:27:02,WhatsApp,Agendar servicio,Postventa,7,False,Finalizada,True,5
4285,1341,2025-01-09 19:12:03,WhatsApp,Cancelar servicio,Ventas,4,False,Abandonada,False,1
4286,1768,2025-07-20 18:37:18,Web,Cancelar servicio,Postventa,4,False,Abandonada,False,1
4287,248,2025-10-12 19:26:34,Facebook,Reclamo,Atención al Cliente,11,False,Finalizada,False,4
4288,1761,2025-04-29 12:36:51,Web,Cancelar servicio,Atención al Cliente,3,False,Finalizada,False,3
4289,940,2025-06-04 12:56:18,Web,Agendar servicio,Atención al Cliente,7,False,Finalizada,False,4
4290,84,2025-09-19 20:40:37,Facebook,Reclamo,Atención Comercial,14,True,Finalizada,False,2
4291,1367,2025-02-09 00:05:32,Web,Agendar servicio,Postventa,8,False,Finalizada,True,5
4292,1613,2025-04-20 20:31:16,Instagram,Soporte técnico,Ventas,15,False,Finalizada,False,3
4293,1193,2025-03-17 20:36:40,Instagram,Reclamo,Postventa,8,True,Finalizada,True,2
4294,1938,2025-06-22 18:04:55,Instagram,Solicitar información,Atención Comercial,5,False,Finalizada,False,4
4295,467,2025-11-16 04:48:59,Facebook,Cancelar servicio,Atención Comercial,2,False,Finalizada,True,5
4296,331,2025-08-16 12:29:03,WhatsApp,Seguimiento,Soporte,4,False,Finalizada,False,4
4297,10,2025-02-01 00:25:04,WhatsApp,Soporte técnico,Postventa,14,False,Finalizada,False,5
4298,818,2025-12-14 05:53:18,WhatsApp,Consultar precios,Postventa,3,False,Finalizada,True,4
4299,334,2025-04-26 20:15:04,WhatsApp,Seguimiento,Postventa,4,True,Finalizada,True,2
4300,1543,2025-05-08 12:27:40,Facebook,Consultar precios,Postventa,4,False,Abandonada,False,1
4301,167,2025-10-10 12:34:19,Web,Consultar precios,Ventas,4,False,Abandonada,False,1
4302,703,2025-08-30 12:40:03,WhatsApp,Soporte técnico,Postventa,10,True,Finalizada,True,1
4303,1593,2025-05-03 08:59:38,WhatsApp,Seguimiento,Atención al Cliente,7,False,Finalizada,False,4
4304,1557,2025-10-28 13:04:12,WhatsApp,Solicitar información,Ventas,6,False,Finalizada,False,3
4305,154,2025-12-09 12:44:17,WhatsApp,Reclamo,Atención al Cliente,15,False,Abandonada,False,1
4306,1564,2025-04-04 12:31:14,Web,Seguimiento,Atención al Cliente,7,False,Finalizada,True,5
4307,231,2025-11-23 19:38:41,WhatsApp,Soporte técnico,Atención Comercial,10,True,Abandonada,False,2
4308,469,2025-02-08 12:41:27,WhatsApp,Seguimiento,Ventas,6,False,Finalizada,False,3
4309,1090,2025-08-10 12:15:16,WhatsApp,Soporte técnico,Soporte,16,False,Finalizada,True,5
4310,783,2025-10-16 12:18:22,Web,Reclamo,Postventa,12,True,Finalizada,False,2
4311,636,2025-04-16 08:19:03,Instagram,Cancelar servicio,Postventa,2,False,Finalizada,False,3
4312,183,2025-02-26 18:53:52,WhatsApp,Soporte técnico,Atención Comercial,17,False,Finalizada,True,5
4313,679,2025-05-07 19:00:22,WhatsApp,Soporte técnico,Atención Comercial,17,True,Finalizada,False,3
4314,253,2025-03-14 12:02:50,WhatsApp,Seguimiento,Ventas,6,True,Finalizada,True,2
4315,1499,2025-01-23 20:19:17,Instagram,Cancelar servicio,Atención Comercial,4,False,Finalizada,False,4
4316,1694,2025-05-04 13:42:33,WhatsApp,Reclamo,Atención Comercial,12,False,Finalizada,True,5
4317,519,2025-10-11 12:23:55,WhatsApp,Solicitar información,Postventa,4,False,Finalizada,True,5
4318,641,2025-10-07 19:47:35,Web,Soporte técnico,Ventas,14,False,Abandonada,False,1
4319,1373,2025-11-05 19:14:45,WhatsApp,Solicitar información,Ventas,5,False,Finalizada,False,4
4320,1987,2025-10-16 15:52:46,Facebook,Solicitar información,Atención Comercial,4,False,Finalizada,False,4
4321,1697,2025-04-27 20:16:24,Facebook,Solicitar información,Atención al Cliente,5,False,Finalizada,False,4
4322,1989,2025-02-27 10:07:55,WhatsApp,Consultar precios,Atención al Cliente,4,False,Finalizada,True,4
4323,1900,2025-05-15 00:08:16,Web,Cancelar servicio,Postventa,2,False,Abandonada,False,1
4324,1309,2025-02-05 13:11:28,Web,Soporte técnico,Atención al Cliente,10,False,Finalizada,False,3
4325,1355,2025-09-17 18:35:06,Facebook,Solicitar información,Soporte,5,False,Abandonada,False,1
4326,335,2025-05-13 20:33:11,Facebook,Cancelar servicio,Atención Comercial,2,False,Finalizada,False,4
4327,1297,2025-05-10 20:49:02,WhatsApp,Agendar servicio,Soporte,6,False,Abandonada,False,2
4328,1031,2025-12-08 19:08:27,WhatsApp,Consultar precios,Atención Comercial,3,False,Finalizada,False,5
4329,1656,2025-12-12 12:34:58,Telegram,Solicitar información,Atención Comercial,4,True,Abandonada,False,1
4330,751,2025-02-21 02:13:09,Facebook,Solicitar información,Ventas,4,False,Abandonada,False,1
4331,433,2025-11-22 18:38:26,WhatsApp,Reclamo,Atención Comercial,10,False,Finalizada,True,4
4332,1011,2025-07-19 12:26:47,Web,Cancelar servicio,Postventa,2,False,Finalizada,True,5
4333,178,2025-10-28 12:10:37,Facebook,Cancelar servicio,Atención al Cliente,2,False,Finalizada,True,5
4334,389,2025-12-03 13:55:52,Instagram,Soporte técnico,Ventas,13,True,Abandonada,False,1
4335,1992,2025-06-11 18:40:57,WhatsApp,Consultar precios,Ventas,4,False,Finalizada,True,5
4336,364,2025-01-18 19:40:54,Web,Consultar precios,Atención Comercial,4,False,Finalizada,True,4
4337,1106,2025-12-19 08:10:22,Telegram,Consultar precios,Atención al Cliente,3,False,Finalizada,False,3
4338,879,2025-05-06 19:20:37,WhatsApp,Soporte técnico,Soporte,10,False,Finalizada,True,5
4339,664,2025-05-08 15:52:16,WhatsApp,Consultar precios,Soporte,4,False,Abandonada,False,1
4340,1308,2025-12-02 19:53:19,WhatsApp,Consultar precios,Soporte,3,False,Finalizada,False,3
4341,1343,2025-05-20 20:43:00,WhatsApp,Soporte técnico,Postventa,14,True,Finalizada,False,2
4342,1245,2025-09-19 18:55:59,Telegram,Cancelar servicio,Ventas,4,False,Finalizada,False,4
4343,945,2025-09-30 13:37:19,Facebook,Solicitar información,Atención Comercial,6,False,Finalizada,False,4
4344,72,2025-10-14 13:42:10,WhatsApp,Seguimiento,Soporte,5,False,Finalizada,True,5
4345,654,2025-08-05 19:08:52,WhatsApp,Reclamo,Atención al Cliente,10,False,Finalizada,False,5
4346,1878,2025-01-30 13:36:14,Telegram,Agendar servicio,Ventas,7,False,Finalizada,False,5
4347,1391,2025-12-05 19:24:03,Facebook,Solicitar información,Soporte,6,False,Finalizada,True,5
4348,1855,2025-03-17 19:09:43,Facebook,Soporte técnico,Ventas,13,False,Finalizada,False,3
4349,1395,2025-09-24 20:36:43,WhatsApp,Seguimiento,Postventa,6,False,Finalizada,False,3
4350,640,2025-03-09 18:32:52,WhatsApp,Cancelar servicio,Atención al Cliente,3,False,Abandonada,False,1
4351,706,2025-01-15 19:17:39,WhatsApp,Solicitar información,Ventas,5,False,Finalizada,True,5
4352,1678,2025-02-20 20:32:41,WhatsApp,Reclamo,Soporte,12,False,Finalizada,True,5
4353,10,2025-05-10 20:31:27,WhatsApp,Reclamo,Postventa,15,False,Finalizada,True,4
4354,1910,2025-02-07 18:22:55,WhatsApp,Reclamo,Ventas,14,False,Finalizada,True,4
4355,181,2025-07-09 15:08:07,WhatsApp,Cancelar servicio,Postventa,2,False,Finalizada,False,3
4356,936,2025-05-23 20:32:18,WhatsApp,Agendar servicio,Ventas,7,False,Finalizada,False,3
4357,1804,2025-08-03 12:28:50,WhatsApp,Consultar precios,Soporte,5,False,Finalizada,True,4
4358,1979,2025-05-27 03:17:36,WhatsApp,Soporte técnico,Postventa,16,False,Abandonada,False,2
4359,15,2025-07-02 18:59:18,WhatsApp,Cancelar servicio,Atención al Cliente,3,False,Finalizada,False,5
4360,602,2025-12-30 18:25:17,WhatsApp,Cancelar servicio,Atención al Cliente,2,False,Finalizada,False,4
4361,1640,2025-01-10 08:23:34,WhatsApp,Soporte técnico,Atención al Cliente,12,False,Finalizada,True,5
4362,925,2025-03-24 15:51:20,Instagram,Reclamo,Atención Comercial,14,False,Abandonada,False,1
4363,1131,2025-11-21 12:15:52,Facebook,Seguimiento,Soporte,4,False,Finalizada,False,3
4364,237,2025-04-16 19:21:11,Telegram,Solicitar información,Soporte,6,False,Finalizada,False,5
4365,838,2025-07-01 04:30:13,Telegram,Soporte técnico,Atención al Cliente,16,False,Finalizada,False,5
4366,1148,2025-04-05 20:57:09,WhatsApp,Consultar precios,Postventa,5,False,Finalizada,False,4
4367,1702,2025-07-25 18:49:18,WhatsApp,Consultar precios,Postventa,5,False,Finalizada,True,4
4368,473,2025-03-25 09:15:07,Web,Consultar precios,Atención al Cliente,5,False,Finalizada,False,3
4369,1818,2025-05-15 18:54:46,Web,Seguimiento,Soporte,6,False,Abandonada,False,1
4370,819,2025-03-09 05:44:10,WhatsApp,Consultar precios,Postventa,3,False,Finalizada,True,5
4371,242,2025-07-05 18:43:06,Instagram,Soporte técnico,Soporte,17,False,Finalizada,False,3
4372,1438,2025-07-04 19:51:09,WhatsApp,Consultar precios,Postventa,5,False,Finalizada,False,3
4373,843,2025-03-22 08:47:47,Telegram,Reclamo,Ventas,8,False,Finalizada,True,5
4374,1673,2025-12-03 18:17:14,Web,Solicitar información,Atención al Cliente,5,False,Abandonada,False,2
4375,329,2025-03-02 13:27:47,WhatsApp,Seguimiento,Soporte,7,False,Finalizada,False,3
4376,936,2025-04-28 11:35:45,Instagram,Agendar servicio,Soporte,5,False,Abandonada,False,2
4377,348,2025-12-05 20:48:47,Facebook,Soporte técnico,Soporte,16,False,Finalizada,True,5
4378,1665,2025-10-25 01:47:50,WhatsApp,Agendar servicio,Postventa,5,False,Finalizada,False,4
4379,1829,2025-11-14 19:01:51,WhatsApp,Seguimiento,Atención Comercial,6,False,Finalizada,False,4
4380,164,2025-11-02 12:43:19,WhatsApp,Consultar precios,Postventa,5,False,Abandonada,False,1
4381,563,2025-10-27 18:29:54,Web,Cancelar servicio,Atención al Cliente,2,False,Finalizada,False,3
4382,1012,2025-05-08 04:28:58,WhatsApp,Solicitar información,Postventa,5,False,Abandonada,False,2
4383,193,2025-08-06 17:55:03,Web,Cancelar servicio,Soporte,4,False,Finalizada,True,5
4384,41,2025-05-18 08:16:13,WhatsApp,Reclamo,Soporte,11,True,Finalizada,False,2
4385,1151,2025-04-15 09:04:46,WhatsApp,Solicitar información,Ventas,4,False,Finalizada,False,5
4386,42,2025-12-31 19:30:57,WhatsApp,Consultar precios,Postventa,4,False,Finalizada,False,5
4387,1538,2025-12-15 13:41:11,Web,Reclamo,Postventa,13,False,Finalizada,True,4
4388,743,2025-02-26 20:54:15,Web,Consultar precios,Atención al Cliente,4,False,Finalizada,True,4
4389,33,2025-08-23 18:28:52,Facebook,Solicitar información,Ventas,5,False,Finalizada,True,5
4390,1933,2025-08-16 10:19:14,WhatsApp,Cancelar servicio,Postventa,3,False,Finalizada,True,5
4391,1141,2025-01-17 18:52:06,WhatsApp,Solicitar información,Postventa,5,False,Finalizada,True,4
4392,329,2025-12-20 13:03:35,Web,Reclamo,Soporte,13,False,Abandonada,False,1
4393,762,2025-09-24 12:37:13,Web,Seguimiento,Soporte,4,False,Finalizada,False,3
4394,1916,2025-10-24 13:29:48,WhatsApp,Soporte técnico,Atención Comercial,18,True,Finalizada,False,1
4395,1854,2025-06-26 17:18:47,Instagram,Seguimiento,Ventas,5,False,Finalizada,False,4
4396,706,2025-04-14 19:32:00,Web,Cancelar servicio,Atención al Cliente,2,False,Finalizada,True,5
4397,538,2025-01-05 19:55:57,WhatsApp,Solicitar información,Postventa,6,False,Abandonada,False,1
4398,1894,2025-06-10 11:25:16,WhatsApp,Soporte técnico,Postventa,11,False,Finalizada,True,4
4399,190,2025-04-15 19:13:14,Instagram,Seguimiento,Atención al Cliente,5,False,Finalizada,True,5
4400,1372,2025-07-03 18:55:27,WhatsApp,Agendar servicio,Ventas,5,False,Finalizada,True,5
4401,1961,2025-05-01 19:19:13,WhatsApp,Solicitar información,Atención Comercial,4,False,Finalizada,True,5
4402,25,2025-02-04 00:56:18,Facebook,Soporte técnico,Atención Comercial,10,False,Finalizada,False,4
4403,476,2025-04-21 12:49:12,WhatsApp,Cancelar servicio,Ventas,4,False,Finalizada,True,5
4404,1036,2025-08-25 19:21:33,Instagram,Consultar precios,Postventa,5,False,Finalizada,True,5
4405,586,2025-01-04 03:13:13,WhatsApp,Solicitar información,Soporte,4,False,Abandonada,False,1
4406,1078,2025-06-30 20:17:14,WhatsApp,Cancelar servicio,Atención al Cliente,2,False,Finalizada,False,3
4407,1972,2025-01-12 20:07:54,Facebook,Cancelar servicio,Soporte,3,False,Finalizada,False,3
4408,69,2025-12-24 19:22:19,WhatsApp,Cancelar servicio,Ventas,4,False,Finalizada,True,4
4409,360,2025-10-16 00:57:10,Facebook,Reclamo,Postventa,8,True,Finalizada,True,2
4410,1454,2025-01-20 01:06:28,Telegram,Cancelar servicio,Atención al Cliente,2,False,Finalizada,True,5
4411,1029,2025-08-02 20:37:49,Facebook,Agendar servicio,Soporte,7,False,Abandonada,False,1
4412,623,2025-02-08 11:23:53,Facebook,Reclamo,Postventa,12,False,Finalizada,False,3
4413,60,2025-06-05 18:52:39,Telegram,Consultar precios,Soporte,5,False,Finalizada,True,5
4414,43,2025-10-28 12:05:26,Web,Seguimiento,Postventa,4,False,Finalizada,True,5
4415,1404,2025-06-02 04:59:00,WhatsApp,Cancelar servicio,Postventa,4,False,Abandonada,False,2
4416,507,2025-03-22 20:34:34,WhatsApp,Cancelar servicio,Postventa,2,False,Finalizada,False,5
4417,1958,2025-11-22 11:57:49,Instagram,Reclamo,Ventas,10,False,Finalizada,False,3
4418,554,2025-05-17 12:36:47,Web,Soporte técnico,Postventa,18,True,Finalizada,True,2
4419,159,2025-11-07 09:17:24,Facebook,Consultar precios,Ventas,3,False,Finalizada,False,3
4420,1709,2025-09-30 10:55:07,WhatsApp,Soporte técnico,Soporte,11,False,Finalizada,True,5
4421,1775,2025-04-15 12:40:15,Facebook,Consultar precios,Atención al Cliente,4,False,Finalizada,False,4
4422,1003,2025-03-18 09:21:50,Telegram,Soporte técnico,Postventa,15,False,Finalizada,False,3
4423,156,2025-11-13 20:05:03,Instagram,Cancelar servicio,Ventas,2,False,Finalizada,False,4
4424,889,2025-03-05 20:44:07,Web,Cancelar servicio,Atención al Cliente,4,True,Finalizada,True,1
4425,73,2025-05-10 03:50:18,Facebook,Agendar servicio,Atención al Cliente,5,False,Finalizada,False,3
4426,465,2025-08-23 03:25:16,Facebook,Soporte técnico,Soporte,14,True,Finalizada,True,3
4427,157,2025-09-01 08:09:07,Web,Agendar servicio,Atención al Cliente,7,False,Abandonada,False,1
4428,930,2025-08-17 17:49:03,WhatsApp,Reclamo,Atención Comercial,13,False,Finalizada,False,3
4429,1977,2025-06-24 10:07:21,Telegram,Solicitar información,Atención Comercial,6,False,Finalizada,True,5
4430,522,2025-09-01 19:05:08,Web,Seguimiento,Postventa,7,False,Finalizada,True,5
4431,1327,2025-06-15 18:48:56,Web,Agendar servicio,Soporte,7,False,Abandonada,False,2
4432,1462,2025-02-16 13:39:56,WhatsApp,Reclamo,Atención al Cliente,10,False,Finalizada,False,4
4433,1796,2025-03-19 09:56:58,Facebook,Reclamo,Atención al Cliente,9,False,Finalizada,True,5
4434,603,2025-05-03 20:22:14,WhatsApp,Consultar precios,Atención Comercial,5,False,Finalizada,False,3
4435,1904,2025-09-14 05:00:52,Facebook,Soporte técnico,Ventas,11,False,Finalizada,False,3
4436,1531,2025-02-15 17:59:54,Instagram,Agendar servicio,Atención Comercial,8,False,Abandonada,False,1
4437,1087,2025-06-20 20:50:17,Facebook,Agendar servicio,Postventa,8,False,Finalizada,False,4
4438,1862,2025-02-25 20:51:27,WhatsApp,Cancelar servicio,Atención Comercial,2,False,Finalizada,True,5
4439,339,2025-07-08 12:53:56,Facebook,Solicitar información,Ventas,4,False,Abandonada,False,1
4440,1012,2025-08-27 12:55:18,WhatsApp,Cancelar servicio,Postventa,2,False,Abandonada,False,2
4441,1452,2025-01-10 19:06:59,Web,Cancelar servicio,Soporte,4,False,Finalizada,False,4
4442,1491,2025-06-13 15:45:39,Web,Reclamo,Ventas,9,False,Finalizada,True,4
4443,62,2025-10-13 04:24:58,Instagram,Soporte técnico,Atención al Cliente,10,False,Abandonada,False,1
4444,485,2025-02-14 12:18:39,WhatsApp,Consultar precios,Soporte,4,False,Abandonada,False,1
4445,7,2025-01-29 12:10:39,WhatsApp,Seguimiento,Soporte,7,False,Abandonada,False,2
4446,1930,2025-11-10 02:02:06,WhatsApp,Soporte técnico,Soporte,10,False,Abandonada,False,1
4447,1299,2025-03-16 13:08:38,Instagram,Soporte técnico,Postventa,12,True,Finalizada,False,1
4448,1975,2025-11-29 13:39:20,Telegram,Cancelar servicio,Postventa,4,False,Abandonada,False,1
4449,667,2025-07-01 13:20:36,Telegram,Solicitar información,Soporte,5,False,Finalizada,True,4
4450,1170,2025-08-22 17:29:41,WhatsApp,Solicitar información,Soporte,5,False,Finalizada,False,4
4451,21,2025-05-20 19:21:39,WhatsApp,Soporte técnico,Postventa,11,False,Finalizada,True,5
4452,1834,2025-01-23 13:00:15,WhatsApp,Reclamo,Atención al Cliente,14,False,Finalizada,True,4
4453,643,2025-10-29 20:15:02,Telegram,Soporte técnico,Atención Comercial,11,False,Finalizada,False,4
4454,725,2025-05-15 18:49:04,Instagram,Solicitar información,Atención Comercial,5,False,Abandonada,False,2
4455,1396,2025-05-24 19:13:35,WhatsApp,Consultar precios,Atención Comercial,3,False,Abandonada,False,1
4456,1796,2025-02-23 13:45:54,Telegram,Solicitar información,Atención al Cliente,4,False,Abandonada,False,1
4457,926,2025-12-28 02:37:23,WhatsApp,Solicitar información,Atención Comercial,5,False,Finalizada,True,5
4458,1608,2025-05-28 18:18:17,Facebook,Reclamo,Atención al Cliente,9,False,Finalizada,False,3
4459,1654,2025-09-09 19:21:14,WhatsApp,Reclamo,Soporte,13,False,Finalizada,False,4
4460,461,2025-06-22 12:15:50,Facebook,Reclamo,Postventa,8,True,Finalizada,False,1
4461,282,2025-08-01 20:18:57,Facebook,Consultar precios,Atención al Cliente,5,False,Finalizada,True,4
4462,455,2025-09-15 08:09:16,WhatsApp,Agendar servicio,Ventas,7,False,Abandonada,False,1
4463,1550,2025-09-01 16:07:08,WhatsApp,Cancelar servicio,Atención Comercial,3,False,Abandonada,False,2
4464,472,2025-05-10 09:02:45,WhatsApp,Cancelar servicio,Ventas,4,False,Finalizada,True,5
4465,642,2025-03-26 08:40:03,Facebook,Soporte técnico,Ventas,13,False,Finalizada,False,4
4466,1716,2025-08-30 13:50:35,Telegram,Reclamo,Soporte,13,False,Finalizada,False,5
4467,1016,2025-02-07 15:41:22,Web,Seguimiento,Ventas,7,False,Finalizada,False,4
4468,1911,2025-09-15 20:20:03,WhatsApp,Solicitar información,Atención Comercial,6,False,Abandonada,False,1
4469,600,2025-01-07 11:28:38,WhatsApp,Soporte técnico,Postventa,11,True,Finalizada,False,2
4470,1159,2025-11-15 19:02:56,WhatsApp,Soporte técnico,Ventas,17,True,Finalizada,True,2
4471,1444,2025-01-22 19:42:43,WhatsApp,Solicitar información,Soporte,6,False,Abandonada,False,1
4472,547,2025-01-16 20:57:35,WhatsApp,Agendar servicio,Soporte,6,False,Finalizada,True,4
4473,1631,2025-03-01 13:34:53,Web,Consultar precios,Postventa,3,False,Abandonada,False,1
4474,1175,2025-06-08 18:17:22,Web,Cancelar servicio,Soporte,2,False,Abandonada,False,2
4475,1708,2025-12-30 16:07:29,WhatsApp,Consultar precios,Soporte,3,False,Finalizada,False,4
4476,224,2025-10-17 00:05:50,Web,Soporte técnico,Ventas,17,False,Finalizada,True,5
4477,1173,2025-11-12 18:39:22,WhatsApp,Solicitar información,Atención Comercial,5,False,Finalizada,True,5
4478,1587,2025-07-07 20:34:36,WhatsApp,Soporte técnico,Postventa,15,False,Finalizada,True,4
4479,216,2025-11-15 16:20:37,WhatsApp,Reclamo,Soporte,10,False,Finalizada,False,4
4480,548,2025-08-28 16:35:44,WhatsApp,Consultar precios,Atención al Cliente,3,False,Finalizada,True,5
4481,700,2025-07-24 19:54:22,Instagram,Cancelar servicio,Atención Comercial,4,False,Abandonada,False,1
4482,1632,2025-09-17 19:43:19,Instagram,Soporte técnico,Atención al Cliente,13,False,Finalizada,False,3
4483,1335,2025-06-09 19:39:45,WhatsApp,Cancelar servicio,Atención al Cliente,2,False,Finalizada,True,5
4484,21,2025-02-08 12:15:47,Telegram,Solicitar información,Postventa,5,False,Abandonada,False,2
4485,259,2025-01-29 10:29:02,Web,Seguimiento,Ventas,4,False,Finalizada,True,5
4486,1258,2025-05-12 20:09:28,WhatsApp,Reclamo,Soporte,12,False,Finalizada,True,5
4487,1770,2025-10-10 12:02:35,WhatsApp,Seguimiento,Atención Comercial,7,False,Abandonada,False,2
4488,908,2025-04-03 20:05:59,WhatsApp,Cancelar servicio,Atención al Cliente,4,False,Finalizada,False,5
4489,1846,2025-02-07 02:35:13,Facebook,Soporte técnico,Atención al Cliente,15,False,Finalizada,True,4
4490,1878,2025-06-30 20:11:52,Facebook,Solicitar información,Ventas,5,False,Abandonada,False,1
4491,669,2025-12-15 16:24:17,WhatsApp,Agendar servicio,Ventas,8,False,Finalizada,False,4
4492,858,2025-01-13 13:14:05,Telegram,Soporte técnico,Ventas,12,True,Finalizada,True,3
4493,843,2025-08-30 13:39:26,Web,Cancelar servicio,Atención Comercial,2,False,Finalizada,False,5
4494,299,2025-06-21 09:35:04,Web,Agendar servicio,Postventa,8,False,Finalizada,True,4
4495,1525,2025-03-11 13:44:39,WhatsApp,Cancelar servicio,Postventa,2,True,Finalizada,True,3
4496,1565,2025-05-05 13:08:24,WhatsApp,Solicitar información,Atención al Cliente,5,False,Finalizada,True,5
4497,1333,2025-08-15 20:31:43,WhatsApp,Reclamo,Postventa,15,False,Abandonada,False,1
4498,1264,2025-08-05 19:05:19,Instagram,Consultar precios,Atención al Cliente,3,False,Abandonada,False,2
4499,570,2025-07-03 20:23:15,Facebook,Consultar precios,Atención al Cliente,4,False,Finalizada,True,4
4500,1873,2025-10-10 12:12:04,WhatsApp,Reclamo,Ventas,11,True,Finalizada,False,1
4501,1338,2025-03-31 18:58:29,WhatsApp,Solicitar información,Atención Comercial,4,False,Finalizada,False,5
4502,874,2025-08-25 13:14:29,WhatsApp,Seguimiento,Ventas,4,False,Finalizada,True,5
4503,723,2025-10-27 20:12:38,Instagram,Seguimiento,Postventa,4,False,Finalizada,False,5
4504,146,2025-06-26 18:45:25,WhatsApp,Soporte técnico,Atención Comercial,11,True,Abandonada,False,2
4505,805,2025-02-05 18:14:11,Facebook,Reclamo,Atención al Cliente,14,False,Finalizada,False,5
4506,1693,2025-04-27 18:28:14,WhatsApp,Solicitar información,Atención al Cliente,6,False,Finalizada,True,5
4507,1564,2025-01-12 15:22:02,Telegram,Consultar precios,Atención Comercial,5,False,Abandonada,False,2
4508,566,2025-10-27 12:43:02,Facebook,Reclamo,Ventas,8,False,Finalizada,False,4
4509,53,2025-04-27 03:12:21,WhatsApp,Consultar precios,Postventa,3,False,Finalizada,True,4
4510,1994,2025-06-13 12:28:19,Instagram,Soporte técnico,Atención Comercial,14,False,Abandonada,False,1
4511,1147,2025-11-11 18:07:38,Facebook,Agendar servicio,Postventa,5,False,Finalizada,False,3
4512,662,2025-04-30 19:25:44,WhatsApp,Cancelar servicio,Soporte,3,False,Abandonada,False,2
4513,108,2025-12-06 12:42:54,WhatsApp,Soporte técnico,Atención Comercial,18,False,Finalizada,False,4
4514,1293,2025-04-05 12:56:23,WhatsApp,Solicitar información,Postventa,6,False,Finalizada,True,4
4515,105,2025-06-11 18:43:54,WhatsApp,Solicitar información,Soporte,6,False,Abandonada,False,1
4516,1033,2025-06-22 18:04:59,WhatsApp,Consultar precios,Postventa,5,True,Finalizada,False,1
4517,1034,2025-05-18 15:05:57,Web,Seguimiento,Atención Comercial,6,False,Finalizada,False,3
4518,550,2025-03-19 00:25:35,Web,Solicitar información,Atención Comercial,4,False,Finalizada,False,4
4519,1259,2025-08-13 09:20:47,WhatsApp,Seguimiento,Atención Comercial,5,False,Finalizada,True,4
4520,741,2025-01-03 09:15:21,Web,Soporte técnico,Postventa,12,True,Finalizada,True,2
4521,1739,2025-04-08 18:13:35,Web,Consultar precios,Atención Comercial,4,False,Abandonada,False,2
4522,1638,2025-12-02 12:34:55,Instagram,Agendar servicio,Atención al Cliente,5,False,Finalizada,False,5
4523,1305,2025-03-29 09:55:49,Web,Seguimiento,Atención Comercial,6,False,Finalizada,False,4
4524,1098,2025-05-10 18:39:04,Web,Consultar precios,Ventas,5,False,Finalizada,True,5
4525,135,2025-08-31 13:58:35,WhatsApp,Reclamo,Atención Comercial,11,False,Finalizada,True,5
4526,1979,2025-07-25 09:17:54,WhatsApp,Solicitar información,Ventas,5,False,Finalizada,True,4
4527,49,2025-09-25 18:35:53,Instagram,Solicitar información,Ventas,4,False,Finalizada,False,5
4528,1430,2025-03-08 12:39:42,Telegram,Agendar servicio,Postventa,8,False,Abandonada,False,1
4529,1013,2025-07-07 12:39:04,Web,Seguimiento,Postventa,5,False,Finalizada,True,5
4530,707,2025-05-02 12:39:54,WhatsApp,Agendar servicio,Ventas,7,False,Finalizada,True,5
4531,417,2025-12-26 13:31:30,WhatsApp,Seguimiento,Ventas,4,False,Finalizada,False,3
4532,1137,2025-01-11 20:58:43,Facebook,Reclamo,Atención Comercial,11,False,Finalizada,True,5
4533,1504,2025-07-20 12:05:54,WhatsApp,Agendar servicio,Atención Comercial,8,False,Finalizada,True,4
4534,1623,2025-11-14 01:48:22,Facebook,Cancelar servicio,Ventas,4,False,Abandonada,False,1
4535,904,2025-06-11 13:22:19,Web,Agendar servicio,Atención al Cliente,6,False,Finalizada,False,4
4536,1975,2025-03-30 09:50:01,Web,Consultar precios,Postventa,4,False,Finalizada,False,4
4537,7,2025-07-19 10:10:40,Telegram,Agendar servicio,Soporte,6,False,Finalizada,True,5
4538,329,2025-08-16 18:11:55,Facebook,Agendar servicio,Ventas,6,False,Finalizada,False,3
4539,1820,2025-02-18 12:31:56,Web,Soporte técnico,Atención Comercial,12,False,Finalizada,False,3
4540,168,2025-09-01 12:05:48,WhatsApp,Agendar servicio,Atención Comercial,8,False,Finalizada,True,4
4541,1075,2025-08-30 12:05:27,Web,Consultar precios,Atención al Cliente,3,False,Finalizada,False,3
4542,987,2025-11-19 15:08:45,WhatsApp,Seguimiento,Postventa,6,True,Finalizada,False,2
4543,642,2025-11-01 20:41:28,Instagram,Seguimiento,Ventas,5,False,Finalizada,False,4
4544,219,2025-12-26 19:54:46,Instagram,Reclamo,Ventas,9,True,Abandonada,False,1
4545,704,2025-04-06 20:17:37,Telegram,Consultar precios,Ventas,3,False,Finalizada,True,5
4546,334,2025-11-08 11:41:23,Telegram,Soporte técnico,Atención al Cliente,12,True,Finalizada,False,1
4547,1670,2025-08-26 19:49:24,Web,Agendar servicio,Atención al Cliente,5,False,Finalizada,False,4
4548,1590,2025-01-20 01:41:38,Web,Soporte técnico,Ventas,13,True,Finalizada,True,3
4549,1977,2025-10-14 10:28:49,Web,Consultar precios,Ventas,4,False,Finalizada,True,5
4550,131,2025-12-08 12:09:50,Facebook,Soporte técnico,Ventas,13,False,Finalizada,False,4
4551,681,2025-07-09 17:25:19,WhatsApp,Agendar servicio,Atención al Cliente,8,False,Finalizada,True,5
4552,811,2025-10-14 13:58:55,Web,Agendar servicio,Atención al Cliente,7,False,Finalizada,False,5
4553,153,2025-05-17 02:22:44,WhatsApp,Cancelar servicio,Soporte,4,False,Finalizada,True,5
4554,1185,2025-08-19 18:48:39,Web,Agendar servicio,Soporte,6,False,Finalizada,True,5
4555,1305,2025-05-23 12:06:18,Facebook,Reclamo,Atención Comercial,8,False,Finalizada,False,5
4556,1644,2025-12-14 13:37:35,Instagram,Reclamo,Atención al Cliente,12,False,Finalizada,True,5
4557,1957,2025-09-21 05:00:40,WhatsApp,Seguimiento,Soporte,7,False,Abandonada,False,1
4558,767,2025-06-05 02:10:12,WhatsApp,Solicitar información,Ventas,5,False,Abandonada,False,2
4559,469,2025-06-28 18:08:10,Web,Cancelar servicio,Ventas,4,False,Finalizada,True,5
4560,416,2025-09-12 12:00:10,Web,Consultar precios,Soporte,3,False,Finalizada,True,5
4561,1401,2025-05-08 00:57:54,Instagram,Soporte técnico,Ventas,18,True,Finalizada,False,1
4562,799,2025-08-13 17:25:49,WhatsApp,Solicitar información,Atención al Cliente,4,False,Abandonada,False,1
4563,773,2025-07-09 16:38:29,WhatsApp,Solicitar información,Atención Comercial,6,False,Finalizada,True,5
4564,856,2025-07-16 15:03:40,WhatsApp,Consultar precios,Postventa,4,False,Finalizada,True,5
4565,1190,2025-02-20 19:29:48,Instagram,Solicitar información,Atención Comercial,6,False,Finalizada,False,4
4566,1405,2025-10-10 20:55:35,Telegram,Seguimiento,Postventa,4,False,Finalizada,False,4
4567,339,2025-08-28 19:08:38,Instagram,Seguimiento,Ventas,5,False,Finalizada,True,5
4568,1628,2025-10-25 19:45:39,WhatsApp,Cancelar servicio,Postventa,3,False,Finalizada,False,3
4569,63,2025-08-16 12:37:23,WhatsApp,Agendar servicio,Postventa,6,False,Finalizada,True,5
4570,1400,2025-09-27 18:37:52,Telegram,Soporte técnico,Postventa,15,False,Finalizada,False,4
4571,1919,2025-09-25 18:56:45,Facebook,Seguimiento,Soporte,5,False,Finalizada,False,5
4572,1054,2025-11-15 09:19:01,WhatsApp,Agendar servicio,Atención al Cliente,7,False,Finalizada,True,5
4573,1283,2025-11-10 17:26:00,Instagram,Agendar servicio,Atención Comercial,5,False,Abandonada,False,1
4574,1619,2025-07-23 13:10:45,WhatsApp,Consultar precios,Postventa,5,False,Finalizada,False,5
4575,1565,2025-12-26 09:44:22,Web,Solicitar información,Soporte,4,False,Abandonada,False,2
4576,126,2025-07-04 12:46:35,Instagram,Solicitar información,Atención Comercial,4,False,Finalizada,False,4
4577,1228,2025-11-18 18:01:39,Web,Cancelar servicio,Soporte,4,False,Finalizada,False,4
4578,41,2025-03-05 12:43:54,Web,Consultar precios,Ventas,4,False,Finalizada,True,4
4579,1722,2025-11-29 12:19:44,WhatsApp,Consultar precios,Atención al Cliente,5,False,Finalizada,True,5
4580,972,2025-06-17 12:41:53,Facebook,Reclamo,Soporte,9,True,Abandonada,False,1
4581,764,2025-03-02 03:10:11,Web,Agendar servicio,Soporte,6,False,Abandonada,False,1
4582,1855,2025-10-05 19:25:02,WhatsApp,Reclamo,Atención Comercial,14,False,Finalizada,False,5
4583,620,2025-09-10 09:13:08,WhatsApp,Consultar precios,Atención Comercial,5,False,Finalizada,False,5
4584,1018,2025-02-15 20:33:13,WhatsApp,Seguimiento,Atención Comercial,4,False,Abandonada,False,1
4585,1043,2025-02-13 13:09:33,WhatsApp,Reclamo,Soporte,8,False,Abandonada,False,2
4586,1576,2025-01-29 11:21:49,WhatsApp,Seguimiento,Postventa,4,False,Finalizada,False,4
4587,372,2025-01-22 20:51:52,WhatsApp,Solicitar información,Atención al Cliente,6,False,Finalizada,True,5
4588,1388,2025-02-01 16:20:22,Web,Soporte técnico,Atención al Cliente,12,False,Finalizada,False,4
4589,1597,2025-06-05 20:09:03,WhatsApp,Cancelar servicio,Atención Comercial,3,False,Finalizada,False,4
4590,710,2025-12-15 10:43:54,Web,Reclamo,Atención al Cliente,9,True,Abandonada,False,1
4591,851,2025-09-22 16:27:34,Web,Cancelar servicio,Atención Comercial,4,False,Finalizada,False,4
4592,1587,2025-02-05 18:06:19,Web,Reclamo,Postventa,12,False,Finalizada,False,4
4593,300,2025-12-09 04:36:49,WhatsApp,Seguimiento,Postventa,7,False,Finalizada,False,4
4594,1089,2025-02-13 02:51:25,Facebook,Soporte técnico,Postventa,10,False,Finalizada,False,4
4595,1650,2025-07-26 08:57:59,WhatsApp,Seguimiento,Atención Comercial,7,False,Abandonada,False,2
4596,252,2025-02-17 18:14:14,Web,Reclamo,Atención Comercial,11,False,Finalizada,False,3
4597,1457,2025-03-01 19:18:39,WhatsApp,Cancelar servicio,Ventas,2,False,Abandonada,False,1
4598,1856,2025-12-29 18:24:38,Web,Cancelar servicio,Postventa,3,False,Finalizada,False,5
4599,1400,2025-06-10 18:58:27,WhatsApp,Consultar precios,Atención al Cliente,3,False,Abandonada,False,1
4600,818,2025-12-20 20:44:41,WhatsApp,Cancelar servicio,Postventa,2,False,Finalizada,True,5
4601,997,2025-10-05 18:33:14,WhatsApp,Seguimiento,Atención Comercial,4,False,Finalizada,True,4
4602,627,2025-04-01 13:06:59,Web,Agendar servicio,Atención Comercial,8,False,Finalizada,False,3
4603,345,2025-04-10 02:47:51,Facebook,Seguimiento,Atención Comercial,4,False,Finalizada,False,5
4604,1867,2025-04-26 02:55:00,WhatsApp,Cancelar servicio,Soporte,3,False,Finalizada,False,3
4605,482,2025-11-02 15:24:01,WhatsApp,Soporte técnico,Ventas,10,False,Finalizada,False,3
4606,484,2025-05-06 20:30:20,WhatsApp,Soporte técnico,Soporte,11,False,Finalizada,False,4
4607,212,2025-09-30 12:28:40,Instagram,Reclamo,Ventas,8,True,Finalizada,False,2
4608,156,2025-05-08 09:49:44,WhatsApp,Soporte técnico,Soporte,17,False,Finalizada,False,4
4609,836,2025-02-02 19:10:27,Web,Agendar servicio,Atención al Cliente,8,False,Finalizada,True,5
4610,1855,2025-01-12 11:26:09,WhatsApp,Agendar servicio,Atención al Cliente,8,False,Finalizada,True,4
4611,1446,2025-08-30 19:22:39,WhatsApp,Solicitar información,Atención Comercial,4,False,Finalizada,False,4
4612,294,2025-02-14 12:40:07,WhatsApp,Soporte técnico,Postventa,17,False,Finalizada,True,5
4613,1025,2025-05-27 09:50:33,Web,Agendar servicio,Atención Comercial,7,False,Finalizada,True,5
4614,457,2025-01-31 11:25:07,Web,Consultar precios,Soporte,5,False,Finalizada,True,5
4615,437,2025-07-14 20:01:40,Web,Reclamo,Ventas,13,True,Finalizada,False,2
4616,1907,2025-08-25 04:38:58,Facebook,Seguimiento,Postventa,6,False,Abandonada,False,2
4617,1584,2025-12-06 20:24:12,WhatsApp,Cancelar servicio,Soporte,4,False,Finalizada,True,4
4618,1928,2025-11-05 19:26:54,Web,Soporte técnico,Atención al Cliente,13,False,Finalizada,False,5
4619,1071,2025-11-13 19:39:36,WhatsApp,Consultar precios,Postventa,5,False,Abandonada,False,2
4620,1952,2025-09-07 19:21:51,WhatsApp,Seguimiento,Postventa,5,False,Finalizada,True,4
4621,1950,2025-04-08 12:11:41,Instagram,Seguimiento,Soporte,7,False,Finalizada,False,5
4622,1035,2025-04-03 11:07:46,WhatsApp,Reclamo,Soporte,10,False,Abandonada,False,1
4623,1460,2025-11-19 16:09:08,Instagram,Agendar servicio,Atención Comercial,7,True,Abandonada,False,1
4624,1257,2025-05-27 11:28:34,WhatsApp,Solicitar información,Soporte,4,False,Finalizada,False,3
4625,970,2025-10-25 12:13:37,Instagram,Cancelar servicio,Soporte,2,False,Finalizada,False,3
4626,240,2025-02-23 19:05:36,WhatsApp,Agendar servicio,Atención Comercial,5,False,Finalizada,True,5
4627,1147,2025-07-06 12:10:24,WhatsApp,Solicitar información,Ventas,5,False,Finalizada,False,4
4628,519,2025-12-11 19:05:29,Web,Cancelar servicio,Atención Comercial,3,False,Finalizada,True,5
4629,136,2025-08-29 15:58:19,WhatsApp,Soporte técnico,Ventas,15,False,Finalizada,True,5
4630,751,2025-08-26 12:20:19,Web,Seguimiento,Soporte,6,False,Abandonada,False,1
4631,1225,2025-01-24 08:49:59,Facebook,Consultar precios,Soporte,5,False,Finalizada,True,5
4632,1647,2025-10-05 20:02:20,Web,Solicitar información,Atención al Cliente,5,False,Finalizada,True,4
4633,863,2025-11-05 13:41:03,WhatsApp,Seguimiento,Postventa,7,False,Finalizada,True,5
4634,1369,2025-09-06 19:55:18,WhatsApp,Seguimiento,Atención Comercial,4,False,Abandonada,False,1
4635,1732,2025-03-07 18:04:24,Facebook,Reclamo,Atención Comercial,10,False,Finalizada,False,4
4636,943,2025-10-19 20:03:03,WhatsApp,Soporte técnico,Soporte,10,False,Abandonada,False,1
4637,1159,2025-07-26 11:10:35,Instagram,Soporte técnico,Soporte,10,False,Finalizada,True,5
4638,1211,2025-04-24 10:44:52,WhatsApp,Consultar precios,Soporte,5,False,Abandonada,False,1
4639,42,2025-03-21 17:57:21,Web,Reclamo,Atención al Cliente,12,False,Finalizada,False,4
4640,1913,2025-04-01 12:07:16,Web,Cancelar servicio,Atención al Cliente,4,False,Finalizada,False,4
4641,1001,2025-02-23 12:27:53,Web,Seguimiento,Atención Comercial,6,True,Abandonada,False,2
4642,1121,2025-12-12 02:34:05,WhatsApp,Seguimiento,Soporte,7,False,Finalizada,True,5
4643,1814,2025-01-03 20:11:09,Instagram,Soporte técnico,Postventa,16,False,Finalizada,True,5
4644,689,2025-06-24 19:59:58,Web,Agendar servicio,Ventas,8,False,Abandonada,False,2
4645,1878,2025-09-07 20:47:08,Web,Soporte técnico,Atención Comercial,14,True,Finalizada,False,1
4646,1265,2025-02-10 19:29:12,Telegram,Agendar servicio,Postventa,6,False,Finalizada,True,5
4647,190,2025-07-09 13:47:18,Web,Reclamo,Ventas,8,True,Finalizada,False,2
4648,1938,2025-05-11 18:27:35,Web,Solicitar información,Atención Comercial,6,False,Abandonada,False,1
4649,157,2025-10-14 20:45:23,Web,Agendar servicio,Atención Comercial,5,False,Finalizada,True,5
4650,1264,2025-05-06 19:08:08,Instagram,Consultar precios,Atención Comercial,3,False,Finalizada,False,4
4651,678,2025-02-25 20:59:20,WhatsApp,Seguimiento,Atención al Cliente,7,False,Finalizada,True,5
4652,1983,2025-09-15 17:38:13,Web,Cancelar servicio,Soporte,2,False,Finalizada,True,5
4653,1301,2025-07-28 04:42:20,WhatsApp,Reclamo,Soporte,8,False,Finalizada,False,5
4654,1676,2025-03-04 13:14:32,WhatsApp,Reclamo,Soporte,9,False,Finalizada,False,4
4655,617,2025-03-31 02:26:12,Facebook,Solicitar información,Soporte,6,False,Finalizada,False,3
4656,1737,2025-11-15 20:15:31,Instagram,Reclamo,Postventa,13,True,Finalizada,False,2
4657,145,2025-12-04 13:59:18,Facebook,Agendar servicio,Atención al Cliente,5,False,Finalizada,True,5
4658,812,2025-10-17 20:32:40,Facebook,Soporte técnico,Ventas,17,False,Finalizada,False,4
4659,404,2025-01-19 20:32:42,Facebook,Consultar precios,Postventa,3,False,Finalizada,False,4
4660,233,2025-11-09 09:47:40,Web,Cancelar servicio,Atención al Cliente,3,True,Finalizada,False,1
4661,1487,2025-04-04 12:27:31,WhatsApp,Solicitar información,Atención Comercial,6,True,Finalizada,True,1
4662,1818,2025-02-04 09:21:15,Web,Consultar precios,Atención Comercial,4,False,Finalizada,False,3
4663,1781,2025-03-19 19:41:57,Web,Soporte técnico,Postventa,11,True,Abandonada,False,1
4664,1691,2025-07-20 18:49:28,WhatsApp,Seguimiento,Postventa,7,False,Finalizada,False,3
4665,1277,2025-09-14 13:03:36,Instagram,Solicitar información,Ventas,4,False,Finalizada,False,3
4666,450,2025-09-16 18:43:51,Facebook,Agendar servicio,Atención Comercial,5,False,Finalizada,False,3
4667,1563,2025-03-18 16:26:36,Facebook,Seguimiento,Ventas,7,False,Finalizada,True,4
4668,120,2025-10-26 19:07:45,Web,Cancelar servicio,Postventa,4,False,Abandonada,False,1
4669,635,2025-05-17 18:40:22,Telegram,Soporte técnico,Ventas,11,False,Finalizada,False,4
4670,1349,2025-07-11 18:08:45,WhatsApp,Agendar servicio,Ventas,8,False,Finalizada,True,5
4671,1803,2025-09-27 04:21:27,Instagram,Consultar precios,Ventas,5,False,Abandonada,False,1
4672,1532,2025-04-11 18:17:36,Web,Solicitar información,Ventas,4,False,Abandonada,False,1
4673,671,2025-08-29 12:11:12,WhatsApp,Cancelar servicio,Ventas,2,True,Finalizada,False,2
4674,426,2025-04-20 16:28:42,WhatsApp,Seguimiento,Ventas,4,False,Finalizada,True,5
4675,279,2025-02-11 12:03:04,Web,Reclamo,Postventa,10,True,Finalizada,True,2
4676,189,2025-07-08 18:00:48,WhatsApp,Reclamo,Ventas,10,False,Finalizada,False,4
4677,1659,2025-05-08 00:37:32,Facebook,Cancelar servicio,Ventas,4,True,Finalizada,True,2
4678,1007,2025-06-04 13:58:13,Facebook,Consultar precios,Postventa,5,False,Finalizada,True,5
4679,1003,2025-01-05 12:24:08,Facebook,Soporte técnico,Postventa,18,False,Finalizada,False,4
4680,1172,2025-12-03 20:55:58,Instagram,Agendar servicio,Soporte,6,False,Finalizada,False,4
4681,1211,2025-01-28 18:43:26,WhatsApp,Seguimiento,Postventa,7,False,Finalizada,True,4
4682,1506,2025-04-13 12:39:38,WhatsApp,Consultar precios,Ventas,3,False,Abandonada,False,2
4683,1100,2025-08-08 20:44:30,WhatsApp,Reclamo,Atención al Cliente,8,False,Finalizada,False,4
4684,1717,2025-11-14 08:50:40,WhatsApp,Reclamo,Soporte,13,True,Finalizada,False,2
4685,1906,2025-09-22 19:49:43,WhatsApp,Soporte técnico,Postventa,16,True,Abandonada,False,2
4686,1769,2025-05-06 18:21:43,Facebook,Soporte técnico,Atención al Cliente,16,False,Finalizada,True,5
4687,1677,2025-04-17 19:59:35,Telegram,Reclamo,Soporte,15,False,Finalizada,False,4
4688,32,2025-05-17 19:22:13,WhatsApp,Reclamo,Postventa,13,False,Finalizada,False,3
4689,681,2025-05-07 09:14:59,WhatsApp,Consultar precios,Soporte,3,False,Finalizada,True,5
4690,128,2025-07-21 12:10:17,Web,Seguimiento,Atención Comercial,5,False,Finalizada,False,4
4691,1416,2025-08-08 19:43:54,WhatsApp,Reclamo,Atención al Cliente,8,False,Finalizada,True,4
4692,377,2025-06-21 19:36:31,Web,Soporte técnico,Atención al Cliente,14,False,Abandonada,False,1
4693,598,2025-04-15 13:11:35,Web,Solicitar información,Atención al Cliente,5,False,Finalizada,True,4
4694,11,2025-10-18 20:13:50,Telegram,Reclamo,Atención al Cliente,13,True,Finalizada,True,2
4695,1118,2025-01-08 11:54:44,WhatsApp,Agendar servicio,Atención al Cliente,7,False,Finalizada,False,3
4696,1552,2025-07-06 20:39:01,Web,Agendar servicio,Atención Comercial,6,False,Abandonada,False,1
4697,1620,2025-11-15 19:52:54,Telegram,Seguimiento,Soporte,7,True,Finalizada,False,3
4698,90,2025-01-22 13:05:17,WhatsApp,Seguimiento,Soporte,5,False,Finalizada,False,4
4699,1108,2025-12-26 08:37:05,Web,Solicitar información,Atención Comercial,4,False,Finalizada,True,5
4700,1066,2025-10-15 18:30:17,WhatsApp,Consultar precios,Postventa,5,False,Finalizada,False,4
4701,248,2025-04-06 13:35:20,Facebook,Soporte técnico,Atención al Cliente,17,False,Finalizada,False,3
4702,90,2025-04-14 11:49:34,Instagram,Solicitar información,Ventas,5,False,Finalizada,False,3
4703,1746,2025-09-08 13:17:37,Web,Reclamo,Atención al Cliente,9,False,Abandonada,False,1
4704,1079,2025-11-16 18:30:58,Facebook,Consultar precios,Soporte,5,False,Finalizada,True,4
4705,147,2025-10-16 20:05:23,Web,Soporte técnico,Atención Comercial,14,False,Abandonada,False,1
4706,1018,2025-10-11 10:26:00,WhatsApp,Reclamo,Postventa,13,True,Finalizada,False,3
4707,1899,2025-09-10 19:13:33,WhatsApp,Consultar precios,Soporte,5,False,Abandonada,False,2
4708,102,2025-02-02 13:42:11,Instagram,Seguimiento,Atención Comercial,6,False,Abandonada,False,1
4709,1158,2025-10-01 19:40:38,Web,Reclamo,Soporte,10,True,Finalizada,True,2
4710,1214,2025-08-01 03:27:08,Facebook,Soporte técnico,Postventa,12,False,Abandonada,False,2
4711,1269,2025-08-17 18:10:31,Web,Seguimiento,Atención al Cliente,4,False,Finalizada,False,5
4712,581,2025-05-06 12:30:45,WhatsApp,Reclamo,Soporte,13,False,Finalizada,True,5
4713,855,2025-11-17 20:58:37,Telegram,Soporte técnico,Atención al Cliente,15,False,Finalizada,False,5
4714,1789,2025-10-16 01:01:09,WhatsApp,Cancelar servicio,Postventa,3,False,Finalizada,True,5
4715,775,2025-06-26 20:16:14,Web,Consultar precios,Ventas,4,False,Finalizada,True,5
4716,1120,2025-09-11 17:52:24,Web,Seguimiento,Atención al Cliente,7,False,Finalizada,False,4
4717,1798,2025-08-20 12:59:08,Web,Consultar precios,Ventas,3,False,Finalizada,False,4
4718,1554,2025-03-17 20:56:35,Facebook,Seguimiento,Atención al Cliente,7,False,Finalizada,False,4
4719,1879,2025-02-05 13:57:42,WhatsApp,Reclamo,Atención al Cliente,13,False,Finalizada,False,4
4720,831,2025-03-25 20:15:21,Web,Reclamo,Postventa,9,False,Finalizada,True,5
4721,1391,2025-05-26 18:43:11,WhatsApp,Solicitar información,Ventas,4,False,Finalizada,True,5
4722,458,2025-01-08 18:34:41,Facebook,Seguimiento,Postventa,5,False,Finalizada,False,4
4723,71,2025-03-20 20:21:49,Web,Agendar servicio,Atención Comercial,5,False,Abandonada,False,2
4724,1431,2025-10-19 16:49:14,WhatsApp,Soporte técnico,Postventa,13,False,Finalizada,False,4
4725,393,2025-05-27 19:59:09,Web,Agendar servicio,Soporte,7,False,Finalizada,True,5
4726,1105,2025-12-02 20:46:29,WhatsApp,Solicitar información,Atención Comercial,4,False,Finalizada,True,5
4727,1385,2025-04-20 18:56:51,Facebook,Agendar servicio,Atención Comercial,8,False,Finalizada,True,5
4728,266,2025-11-27 13:20:30,Web,Reclamo,Postventa,15,False,Finalizada,False,3
4729,619,2025-04-06 17:22:34,WhatsApp,Solicitar información,Postventa,6,False,Finalizada,False,4
4730,1512,2025-10-17 19:04:16,Instagram,Solicitar información,Soporte,6,True,Finalizada,False,2
4731,1527,2025-02-06 00:26:32,WhatsApp,Solicitar información,Soporte,6,False,Finalizada,False,3
4732,1239,2025-10-20 19:34:27,Instagram,Consultar precios,Postventa,4,False,Finalizada,True,5
4733,1804,2025-03-19 16:13:02,WhatsApp,Reclamo,Soporte,14,False,Finalizada,True,4
4734,899,2025-06-23 12:05:55,Facebook,Solicitar información,Atención Comercial,5,False,Finalizada,False,4
4735,751,2025-08-03 19:18:24,Web,Seguimiento,Atención al Cliente,7,False,Finalizada,False,3
4736,1541,2025-03-10 20:41:00,WhatsApp,Agendar servicio,Atención Comercial,6,False,Finalizada,True,4
4737,594,2025-06-12 01:39:11,WhatsApp,Solicitar información,Postventa,6,False,Finalizada,True,5
4738,1073,2025-12-09 13:31:39,WhatsApp,Solicitar información,Ventas,6,False,Finalizada,True,5
4739,1802,2025-05-12 13:53:03,Web,Agendar servicio,Soporte,7,False,Finalizada,True,4
4740,1210,2025-04-11 20:55:57,Web,Seguimiento,Atención Comercial,4,True,Abandonada,False,1
4741,417,2025-12-20 13:05:48,WhatsApp,Consultar precios,Postventa,5,False,Finalizada,True,5
4742,1861,2025-10-01 13:05:05,Web,Consultar precios,Atención al Cliente,5,False,Finalizada,True,5
4743,278,2025-07-18 19:14:08,Web,Consultar precios,Atención Comercial,3,False,Finalizada,False,4
4744,947,2025-03-24 13:04:38,WhatsApp,Soporte técnico,Postventa,10,True,Finalizada,True,2
4745,843,2025-10-16 02:53:49,WhatsApp,Agendar servicio,Ventas,8,False,Finalizada,True,5
4746,407,2025-11-26 18:55:47,Web,Solicitar información,Ventas,4,False,Finalizada,True,4
4747,1860,2025-06-20 19:42:52,Web,Reclamo,Atención al Cliente,10,False,Finalizada,True,5
4748,403,2025-09-27 19:05:28,WhatsApp,Agendar servicio,Soporte,8,False,Finalizada,False,5
4749,1902,2025-03-06 19:27:48,WhatsApp,Solicitar información,Atención al Cliente,5,False,Finalizada,False,4
4750,639,2025-02-14 19:20:34,WhatsApp,Cancelar servicio,Soporte,2,False,Finalizada,False,3
4751,1389,2025-02-16 18:48:33,Facebook,Solicitar información,Ventas,6,False,Finalizada,True,5
4752,1079,2025-04-02 19:01:25,Facebook,Soporte técnico,Atención Comercial,11,False,Abandonada,False,1
4753,65,2025-08-04 13:15:09,Telegram,Reclamo,Atención al Cliente,11,False,Finalizada,True,5
4754,359,2025-11-25 16:05:36,Instagram,Seguimiento,Atención al Cliente,7,False,Finalizada,False,3
4755,664,2025-07-06 19:19:13,WhatsApp,Agendar servicio,Atención Comercial,7,False,Finalizada,False,3
4756,863,2025-09-22 12:33:46,Instagram,Agendar servicio,Atención al Cliente,6,False,Abandonada,False,2
4757,241,2025-05-15 18:48:36,WhatsApp,Seguimiento,Soporte,7,False,Abandonada,False,1
4758,1228,2025-10-17 12:15:21,WhatsApp,Soporte técnico,Atención Comercial,12,False,Finalizada,False,4
4759,1169,2025-04-09 18:51:23,Web,Seguimiento,Atención Comercial,6,False,Finalizada,True,5
4760,1405,2025-01-01 18:41:28,Web,Seguimiento,Atención al Cliente,4,False,Finalizada,True,5
4761,808,2025-06-18 01:41:11,Facebook,Reclamo,Soporte,14,False,Finalizada,False,5
4762,938,2025-06-09 13:29:08,Instagram,Seguimiento,Postventa,7,False,Finalizada,True,5
4763,1888,2025-08-11 18:10:47,WhatsApp,Soporte técnico,Ventas,15,True,Finalizada,False,2
4764,1187,2025-01-06 00:40:04,WhatsApp,Soporte técnico,Postventa,18,False,Abandonada,False,1
4765,23,2025-10-06 15:24:07,WhatsApp,Reclamo,Ventas,13,False,Finalizada,True,5
4766,1618,2025-06-16 13:41:37,WhatsApp,Agendar servicio,Soporte,5,False,Finalizada,False,4
4767,1957,2025-10-30 20:27:39,Web,Cancelar servicio,Ventas,3,False,Abandonada,False,1
4768,1893,2025-01-10 01:58:29,WhatsApp,Soporte técnico,Atención Comercial,12,False,Finalizada,True,5
4769,104,2025-11-04 17:04:12,WhatsApp,Agendar servicio,Soporte,5,False,Finalizada,True,4
4770,1852,2025-02-01 12:44:21,WhatsApp,Solicitar información,Postventa,4,False,Finalizada,False,4
4771,1334,2025-05-11 03:55:50,WhatsApp,Reclamo,Ventas,8,False,Finalizada,True,4
4772,564,2025-11-07 18:33:24,WhatsApp,Reclamo,Postventa,9,False,Finalizada,True,5
4773,1656,2025-07-05 18:41:57,Facebook,Cancelar servicio,Soporte,4,False,Finalizada,True,5
4774,1772,2025-01-30 18:30:16,Web,Agendar servicio,Atención Comercial,7,False,Finalizada,False,3
4775,1021,2025-03-05 12:17:43,WhatsApp,Consultar precios,Atención al Cliente,3,False,Abandonada,False,1
4776,843,2025-04-24 18:17:47,WhatsApp,Solicitar información,Ventas,5,False,Finalizada,True,5
4777,1955,2025-11-22 16:19:45,Web,Seguimiento,Ventas,6,False,Finalizada,False,4
4778,879,2025-07-12 20:29:19,WhatsApp,Soporte técnico,Soporte,13,True,Finalizada,False,2
4779,146,2025-10-20 19:32:15,WhatsApp,Agendar servicio,Atención Comercial,8,False,Finalizada,False,3
4780,926,2025-09-04 20:52:45,Facebook,Cancelar servicio,Soporte,2,True,Finalizada,True,1
4781,526,2025-08-26 17:05:24,Web,Solicitar información,Atención Comercial,4,False,Finalizada,False,4
4782,1503,2025-05-16 05:03:50,Web,Seguimiento,Postventa,7,False,Finalizada,False,3
4783,302,2025-03-18 12:14:02,Facebook,Consultar precios,Postventa,3,False,Finalizada,False,5
4784,1226,2025-11-30 18:31:58,WhatsApp,Seguimiento,Soporte,5,True,Finalizada,False,1
4785,1325,2025-05-20 04:32:49,WhatsApp,Consultar precios,Ventas,4,False,Finalizada,False,3
4786,1410,2025-08-25 19:20:52,Web,Soporte técnico,Soporte,12,False,Finalizada,False,3
4787,1401,2025-11-19 19:18:27,WhatsApp,Solicitar información,Atención Comercial,6,False,Finalizada,False,4
4788,1079,2025-04-30 11:31:06,Instagram,Seguimiento,Ventas,6,False,Finalizada,True,5
4789,1003,2025-12-30 18:33:51,Web,Reclamo,Postventa,12,False,Finalizada,True,5
4790,1784,2025-03-21 20:51:05,WhatsApp,Cancelar servicio,Ventas,2,True,Abandonada,False,1
4791,363,2025-10-18 18:09:51,WhatsApp,Solicitar información,Atención Comercial,6,False,Finalizada,False,4
4792,506,2025-06-16 17:40:04,WhatsApp,Soporte técnico,Atención Comercial,11,False,Finalizada,False,3
4793,904,2025-04-23 18:14:03,WhatsApp,Soporte técnico,Atención al Cliente,18,False,Finalizada,False,5
4794,675,2025-03-08 15:27:16,Telegram,Solicitar información,Atención Comercial,5,False,Finalizada,False,4
4795,794,2025-03-19 20:50:56,Facebook,Cancelar servicio,Soporte,4,False,Finalizada,False,3
4796,1820,2025-01-16 20:00:13,Web,Consultar precios,Atención Comercial,5,False,Finalizada,False,4
4797,1802,2025-07-16 18:24:06,Web,Cancelar servicio,Postventa,2,False,Abandonada,False,1
4798,1447,2025-12-17 17:21:49,WhatsApp,Soporte técnico,Atención Comercial,12,True,Finalizada,True,1
4799,825,2025-12-18 13:10:36,Telegram,Reclamo,Ventas,15,True,Finalizada,False,1
4800,1348,2025-08-28 20:56:35,Facebook,Consultar precios,Soporte,5,False,Finalizada,True,4
4801,172,2025-09-20 13:54:54,Web,Cancelar servicio,Ventas,4,False,Finalizada,True,5
4802,1396,2025-01-22 19:10:08,Facebook,Agendar servicio,Soporte,8,False,Finalizada,True,5
4803,1833,2025-06-19 18:29:01,Web,Solicitar información,Atención Comercial,4,False,Abandonada,False,1
4804,1307,2025-05-29 20:12:12,Web,Solicitar información,Postventa,5,False,Finalizada,False,3
4805,1695,2025-11-24 13:10:46,Web,Cancelar servicio,Atención al Cliente,2,False,Finalizada,True,5
4806,1777,2025-09-25 19:26:39,Web,Reclamo,Ventas,15,False,Finalizada,True,5
4807,199,2025-09-30 09:18:55,Instagram,Reclamo,Atención al Cliente,8,False,Finalizada,False,3
4808,1719,2025-05-24 18:00:19,Web,Consultar precios,Ventas,3,False,Finalizada,True,5
4809,1635,2025-06-08 19:03:29,Web,Soporte técnico,Postventa,10,False,Finalizada,False,4
4810,23,2025-12-04 17:02:38,Instagram,Solicitar información,Atención Comercial,4,False,Finalizada,True,5
4811,438,2025-07-05 08:04:07,WhatsApp,Cancelar servicio,Postventa,4,False,Finalizada,True,5
4812,954,2025-04-14 11:27:01,Web,Seguimiento,Soporte,6,False,Finalizada,True,5
4813,339,2025-12-03 17:27:18,Instagram,Consultar precios,Atención Comercial,4,False,Abandonada,False,1
4814,235,2025-01-18 09:25:40,Instagram,Consultar precios,Atención Comercial,5,False,Finalizada,True,5
4815,1506,2025-08-20 20:08:59,Instagram,Reclamo,Ventas,14,False,Finalizada,False,4
4816,1578,2025-04-22 13:24:57,Web,Consultar precios,Atención Comercial,3,False,Finalizada,False,3
4817,684,2025-03-21 16:26:27,Facebook,Soporte técnico,Postventa,10,False,Finalizada,True,5
4818,174,2025-10-23 19:28:55,Web,Seguimiento,Atención al Cliente,4,False,Finalizada,True,5
4819,1948,2025-08-05 11:21:08,Instagram,Solicitar información,Atención Comercial,5,False,Finalizada,False,5
4820,1880,2025-06-21 20:13:10,WhatsApp,Agendar servicio,Atención Comercial,5,False,Finalizada,False,4
4821,1927,2025-08-31 20:21:49,Web,Agendar servicio,Ventas,6,False,Finalizada,True,4
4822,1211,2025-05-06 04:18:36,WhatsApp,Reclamo,Ventas,11,True,Finalizada,True,2
4823,1012,2025-06-03 18:38:19,WhatsApp,Agendar servicio,Postventa,8,False,Abandonada,False,2
4824,888,2025-01-26 18:13:29,Instagram,Consultar precios,Postventa,5,False,Finalizada,False,5
4825,1248,2025-05-24 20:20:41,WhatsApp,Soporte técnico,Atención al Cliente,14,False,Finalizada,False,3
4826,1871,2025-11-09 18:03:43,Telegram,Reclamo,Atención al Cliente,12,False,Finalizada,False,3
4827,1675,2025-04-29 20:48:42,Instagram,Seguimiento,Postventa,6,False,Finalizada,False,5
4828,1558,2025-10-15 20:31:27,WhatsApp,Soporte técnico,Soporte,13,False,Finalizada,False,5
4829,643,2025-02-26 12:16:20,WhatsApp,Cancelar servicio,Soporte,3,False,Abandonada,False,1
4830,456,2025-03-31 20:10:02,Facebook,Cancelar servicio,Atención al Cliente,2,False,Finalizada,True,4
4831,439,2025-06-29 19:16:13,WhatsApp,Solicitar información,Ventas,6,False,Finalizada,True,4
4832,1144,2025-10-22 12:46:48,Facebook,Seguimiento,Atención Comercial,5,False,Finalizada,True,5
4833,977,2025-10-18 19:40:26,WhatsApp,Agendar servicio,Atención al Cliente,7,False,Finalizada,True,5
4834,298,2025-12-18 17:22:04,Facebook,Agendar servicio,Ventas,5,False,Finalizada,False,5
4835,197,2025-09-06 20:41:11,Instagram,Consultar precios,Atención al Cliente,4,False,Finalizada,False,4
4836,1193,2025-01-07 13:35:33,Facebook,Soporte técnico,Atención al Cliente,13,True,Finalizada,True,2
4837,1538,2025-11-13 20:23:55,Telegram,Reclamo,Soporte,14,False,Finalizada,False,4
4838,1949,2025-09-30 18:53:52,WhatsApp,Solicitar información,Ventas,5,False,Finalizada,True,5
4839,936,2025-10-17 13:54:33,Web,Cancelar servicio,Atención Comercial,3,False,Abandonada,False,2
4840,1532,2025-04-01 18:57:39,Web,Soporte técnico,Atención Comercial,16,False,Abandonada,False,2
4841,944,2025-10-06 13:37:41,Facebook,Reclamo,Atención al Cliente,15,False,Finalizada,False,4
4842,752,2025-01-06 19:13:45,WhatsApp,Solicitar información,Atención al Cliente,6,False,Finalizada,True,5
4843,637,2025-12-10 12:33:14,Instagram,Soporte técnico,Postventa,10,True,Finalizada,True,2
4844,232,2025-09-03 11:32:01,Web,Soporte técnico,Atención al Cliente,16,False,Finalizada,True,5
4845,1518,2025-08-08 12:47:05,Instagram,Reclamo,Atención Comercial,11,False,Finalizada,False,3
4846,1783,2025-05-21 16:11:32,Instagram,Agendar servicio,Ventas,7,False,Finalizada,True,5
4847,51,2025-03-02 12:21:45,WhatsApp,Consultar precios,Soporte,4,False,Finalizada,False,3
4848,1095,2025-02-14 18:50:32,Web,Consultar precios,Atención al Cliente,4,False,Finalizada,False,3
4849,83,2025-06-12 12:31:56,WhatsApp,Reclamo,Ventas,13,False,Finalizada,True,5
4850,1539,2025-10-01 13:46:46,WhatsApp,Consultar precios,Soporte,5,True,Finalizada,True,3
4851,302,2025-03-27 19:53:19,WhatsApp,Soporte técnico,Postventa,15,False,Finalizada,True,5
4852,716,2025-04-19 18:59:58,WhatsApp,Consultar precios,Atención al Cliente,4,False,Abandonada,False,2
4853,1932,2025-10-04 18:50:59,WhatsApp,Seguimiento,Atención Comercial,5,False,Finalizada,True,5
4854,1257,2025-01-31 19:46:49,Instagram,Solicitar información,Postventa,4,False,Abandonada,False,2
4855,189,2025-11-24 18:27:34,Web,Cancelar servicio,Soporte,2,False,Finalizada,False,4
4856,1644,2025-12-12 15:32:42,Web,Soporte técnico,Soporte,17,False,Finalizada,False,4
4857,359,2025-01-16 18:20:18,Instagram,Cancelar servicio,Postventa,4,False,Finalizada,False,5
4858,416,2025-08-03 10:10:02,WhatsApp,Reclamo,Soporte,11,False,Finalizada,False,5
4859,1947,2025-07-20 18:32:43,Web,Soporte técnico,Atención al Cliente,12,True,Finalizada,True,2
4860,474,2025-09-20 03:59:09,Facebook,Cancelar servicio,Postventa,2,False,Finalizada,True,5
4861,210,2025-08-19 18:06:07,Web,Seguimiento,Ventas,7,False,Finalizada,True,5
4862,1222,2025-02-08 03:39:54,Web,Solicitar información,Ventas,5,False,Finalizada,False,3
4863,423,2025-08-27 13:43:41,Web,Soporte técnico,Soporte,11,False,Finalizada,True,5
4864,819,2025-02-14 00:08:37,Facebook,Seguimiento,Atención Comercial,6,False,Finalizada,False,4
4865,1723,2025-03-11 10:28:36,WhatsApp,Consultar precios,Atención al Cliente,4,False,Finalizada,False,3
4866,1233,2025-03-06 10:15:07,Web,Soporte técnico,Postventa,12,False,Finalizada,True,5
4867,373,2025-05-14 00:12:12,WhatsApp,Cancelar servicio,Soporte,4,False,Abandonada,False,2
4868,567,2025-10-08 18:17:57,WhatsApp,Consultar precios,Soporte,3,False,Finalizada,True,4
4869,1036,2025-07-24 13:17:43,Facebook,Soporte técnico,Ventas,12,True,Finalizada,True,2
4870,1537,2025-06-13 12:07:34,WhatsApp,Cancelar servicio,Postventa,2,False,Finalizada,False,3
4871,352,2025-05-10 20:42:14,Instagram,Soporte técnico,Atención Comercial,11,False,Finalizada,False,3
4872,127,2025-09-23 11:37:08,Facebook,Cancelar servicio,Postventa,2,False,Finalizada,False,4
4873,925,2025-08-13 13:27:50,WhatsApp,Seguimiento,Atención al Cliente,6,True,Finalizada,False,2
4874,1419,2025-07-09 18:14:56,Facebook,Consultar precios,Postventa,5,False,Finalizada,False,3
4875,1142,2025-11-13 15:25:14,WhatsApp,Solicitar información,Atención Comercial,6,False,Finalizada,True,4
4876,630,2025-06-04 12:51:51,WhatsApp,Solicitar información,Soporte,5,False,Finalizada,False,3
4877,923,2025-05-31 20:19:44,Instagram,Solicitar información,Ventas,5,False,Abandonada,False,2
4878,1883,2025-05-31 09:27:07,Instagram,Soporte técnico,Soporte,16,False,Finalizada,False,4
4879,461,2025-12-19 20:07:41,Instagram,Soporte técnico,Atención al Cliente,12,False,Finalizada,False,4
4880,227,2025-11-07 19:18:15,WhatsApp,Reclamo,Atención Comercial,10,False,Finalizada,False,3
4881,1557,2025-01-14 19:05:15,Facebook,Reclamo,Soporte,8,False,Finalizada,False,3
4882,1350,2025-12-16 08:58:48,Facebook,Agendar servicio,Atención al Cliente,5,False,Finalizada,True,5
4883,297,2025-10-05 18:12:59,Instagram,Seguimiento,Soporte,4,False,Finalizada,True,5
4884,548,2025-09-02 15:26:42,Instagram,Cancelar servicio,Postventa,3,False,Finalizada,False,4
4885,1497,2025-10-26 01:33:25,Facebook,Reclamo,Ventas,13,True,Finalizada,True,2
4886,1590,2025-05-22 11:43:00,Instagram,Consultar precios,Soporte,3,False,Finalizada,True,5
4887,664,2025-02-25 08:50:46,WhatsApp,Reclamo,Atención al Cliente,15,False,Abandonada,False,1
4888,1189,2025-06-29 12:37:03,Instagram,Soporte técnico,Ventas,17,False,Finalizada,False,4
4889,1660,2025-01-13 12:31:20,WhatsApp,Consultar precios,Postventa,4,False,Abandonada,False,1
4890,304,2025-10-26 20:45:12,Instagram,Soporte técnico,Postventa,18,True,Finalizada,False,2
4891,1455,2025-05-25 19:46:50,WhatsApp,Seguimiento,Postventa,6,False,Finalizada,False,3
4892,1319,2025-12-07 18:01:45,WhatsApp,Solicitar información,Ventas,5,False,Finalizada,False,4
4893,111,2025-12-13 15:31:45,Facebook,Cancelar servicio,Atención al Cliente,3,False,Abandonada,False,2
4894,909,2025-03-02 13:21:35,Facebook,Consultar precios,Soporte,3,False,Abandonada,False,2
4895,525,2025-12-24 17:20:24,Web,Soporte técnico,Atención Comercial,16,True,Finalizada,True,1
4896,1752,2025-12-06 15:44:33,Facebook,Agendar servicio,Ventas,7,False,Abandonada,False,1
4897,1720,2025-11-14 18:22:11,Facebook,Soporte técnico,Soporte,10,True,Finalizada,False,2
4898,1496,2025-11-29 20:30:28,Telegram,Cancelar servicio,Soporte,4,False,Finalizada,True,5
4899,1338,2025-08-08 12:18:50,WhatsApp,Agendar servicio,Atención Comercial,6,False,Finalizada,False,5
4900,202,2025-06-21 09:45:27,WhatsApp,Seguimiento,Soporte,7,False,Finalizada,False,3
4901,534,2025-11-17 00:22:01,Telegram,Solicitar información,Soporte,4,False,Abandonada,False,2
4902,1537,2025-11-06 18:14:32,Web,Seguimiento,Atención al Cliente,5,False,Abandonada,False,2
4903,189,2025-02-10 18:25:15,Web,Agendar servicio,Ventas,6,False,Finalizada,False,4
4904,1181,2025-08-30 13:22:16,WhatsApp,Consultar precios,Soporte,5,False,Finalizada,True,5
4905,1181,2025-04-12 19:40:03,WhatsApp,Reclamo,Ventas,15,True,Finalizada,False,3
4906,395,2025-02-18 04:37:44,Instagram,Seguimiento,Soporte,5,False,Finalizada,False,5
4907,1103,2025-12-24 19:10:41,WhatsApp,Cancelar servicio,Atención al Cliente,4,False,Finalizada,False,4
4908,746,2025-05-02 08:49:13,WhatsApp,Solicitar información,Postventa,6,False,Finalizada,False,4
4909,1133,2025-07-19 20:37:18,Web,Cancelar servicio,Atención al Cliente,3,False,Finalizada,True,5
4910,1175,2025-09-15 18:28:37,WhatsApp,Soporte técnico,Atención al Cliente,12,False,Finalizada,True,4
4911,1302,2025-12-10 12:47:52,Instagram,Reclamo,Atención Comercial,13,False,Finalizada,True,4
4912,827,2025-07-27 19:22:03,WhatsApp,Agendar servicio,Atención al Cliente,8,False,Finalizada,True,4
4913,216,2025-09-30 12:53:07,WhatsApp,Agendar servicio,Atención al Cliente,6,False,Finalizada,False,4
4914,1030,2025-10-09 00:13:23,Instagram,Reclamo,Postventa,13,True,Finalizada,False,1
4915,1832,2025-02-05 17:11:19,Web,Reclamo,Atención al Cliente,13,True,Finalizada,True,2
4916,28,2025-10-11 18:44:09,Web,Agendar servicio,Ventas,7,False,Finalizada,False,3
4917,1736,2025-12-08 08:38:20,Facebook,Reclamo,Ventas,10,False,Abandonada,False,1
4918,1632,2025-04-19 15:29:15,Facebook,Agendar servicio,Atención al Cliente,5,False,Finalizada,False,5
4919,1802,2025-09-14 10:23:39,Instagram,Soporte técnico,Postventa,13,False,Finalizada,False,4
4920,890,2025-02-09 01:29:36,Instagram,Agendar servicio,Ventas,6,False,Finalizada,False,4
4921,1141,2025-07-06 10:31:02,WhatsApp,Agendar servicio,Ventas,5,False,Finalizada,True,5
4922,11,2025-03-31 19:49:54,Web,Seguimiento,Atención Comercial,7,False,Finalizada,True,5
4923,790,2025-06-04 13:26:10,WhatsApp,Agendar servicio,Atención al Cliente,8,False,Finalizada,False,3
4924,1970,2025-10-31 20:33:34,Web,Solicitar información,Atención Comercial,5,False,Finalizada,True,5
4925,533,2025-06-03 19:34:50,WhatsApp,Soporte técnico,Soporte,11,False,Finalizada,False,5
4926,658,2025-05-05 13:08:16,Web,Seguimiento,Soporte,7,False,Finalizada,True,5
4927,425,2025-07-31 13:32:39,Web,Consultar precios,Soporte,3,False,Finalizada,True,5
4928,448,2025-05-25 19:14:59,Web,Reclamo,Ventas,14,False,Finalizada,True,4
4929,1260,2025-01-16 09:13:38,Web,Seguimiento,Atención Comercial,4,False,Finalizada,True,5
4930,1794,2025-07-07 19:32:52,Facebook,Reclamo,Ventas,14,True,Finalizada,True,3
4931,495,2025-08-31 20:39:03,Facebook,Consultar precios,Atención al Cliente,3,False,Finalizada,False,4
4932,1250,2025-04-30 18:17:28,Web,Cancelar servicio,Ventas,4,False,Finalizada,True,4
4933,1931,2025-08-08 13:54:44,WhatsApp,Cancelar servicio,Postventa,3,True,Finalizada,False,3
4934,1402,2025-10-17 17:00:04,WhatsApp,Reclamo,Atención Comercial,12,True,Abandonada,False,1
4935,1154,2025-05-01 18:00:01,Facebook,Consultar precios,Postventa,4,False,Abandonada,False,2
4936,377,2025-06-11 12:36:54,WhatsApp,Solicitar información,Ventas,6,True,Finalizada,False,2
4937,1345,2025-06-13 12:07:42,WhatsApp,Cancelar servicio,Atención Comercial,4,False,Finalizada,True,5
4938,1422,2025-08-07 19:49:34,WhatsApp,Soporte técnico,Atención Comercial,14,False,Abandonada,False,2
4939,1523,2025-03-04 20:32:44,Facebook,Reclamo,Atención Comercial,9,False,Finalizada,False,3
4940,1700,2025-07-24 12:16:42,Instagram,Consultar precios,Soporte,3,False,Finalizada,False,3
4941,1977,2025-04-04 03:38:23,Instagram,Seguimiento,Atención al Cliente,4,False,Abandonada,False,2
4942,1669,2025-10-29 12:04:25,WhatsApp,Solicitar información,Soporte,5,False,Finalizada,False,4
4943,577,2025-01-08 08:00:26,WhatsApp,Reclamo,Postventa,9,False,Finalizada,True,5
4944,983,2025-10-20 13:11:52,WhatsApp,Soporte técnico,Atención al Cliente,14,True,Abandonada,False,2
4945,342,2025-11-04 12:52:47,Facebook,Soporte técnico,Atención Comercial,16,False,Finalizada,False,3
4946,387,2025-08-15 11:10:30,Web,Soporte técnico,Soporte,14,True,Abandonada,False,1
4947,67,2025-12-18 20:34:14,WhatsApp,Consultar precios,Ventas,3,False,Finalizada,True,5
4948,694,2025-07-01 18:57:21,WhatsApp,Cancelar servicio,Atención Comercial,3,False,Abandonada,False,2
4949,1082,2025-09-20 15:47:54,WhatsApp,Soporte técnico,Ventas,15,False,Finalizada,False,4
4950,643,2025-01-28 18:14:16,Instagram,Cancelar servicio,Soporte,4,True,Abandonada,False,1
4951,217,2025-08-19 12:30:39,WhatsApp,Soporte técnico,Ventas,17,False,Abandonada,False,1
4952,772,2025-01-08 19:03:59,WhatsApp,Cancelar servicio,Ventas,3,False,Finalizada,False,3
4953,559,2025-06-27 12:28:56,WhatsApp,Solicitar información,Ventas,4,False,Finalizada,False,4
4954,1525,2025-10-03 19:17:23,WhatsApp,Solicitar información,Postventa,4,False,Finalizada,True,5
4955,1232,2025-08-26 16:50:28,Facebook,Soporte técnico,Postventa,17,False,Finalizada,True,5
4956,1906,2025-07-23 20:59:10,WhatsApp,Seguimiento,Atención Comercial,5,False,Finalizada,True,5
4957,14,2025-04-30 13:27:29,WhatsApp,Soporte técnico,Atención Comercial,16,False,Finalizada,False,3
4958,1311,2025-02-09 20:57:36,Web,Consultar precios,Ventas,5,False,Finalizada,False,4
4959,304,2025-05-25 16:37:15,Facebook,Cancelar servicio,Soporte,3,False,Abandonada,False,2
4960,1594,2025-12-04 17:00:24,WhatsApp,Agendar servicio,Soporte,6,False,Finalizada,False,5
4961,1686,2025-08-22 13:47:12,Instagram,Agendar servicio,Atención al Cliente,8,False,Abandonada,False,1
4962,914,2025-12-02 05:58:07,Telegram,Agendar servicio,Ventas,6,False,Finalizada,False,5
4963,1864,2025-01-25 12:10:07,WhatsApp,Soporte técnico,Postventa,17,False,Finalizada,True,5
4964,795,2025-08-02 04:49:50,WhatsApp,Cancelar servicio,Ventas,2,True,Abandonada,False,1
4965,1947,2025-02-05 05:07:35,Instagram,Soporte técnico,Postventa,12,False,Finalizada,False,3
4966,376,2025-09-25 12:47:21,Telegram,Reclamo,Postventa,10,False,Finalizada,False,5
4967,436,2025-06-19 12:05:12,Facebook,Cancelar servicio,Ventas,3,False,Finalizada,True,4
4968,1697,2025-11-11 10:22:47,WhatsApp,Agendar servicio,Atención Comercial,7,False,Finalizada,False,3
4969,405,2025-07-05 20:21:09,Web,Solicitar información,Postventa,6,False,Abandonada,False,2
4970,1110,2025-12-16 02:01:53,WhatsApp,Reclamo,Atención al Cliente,9,True,Finalizada,False,1
4971,1822,2025-03-12 19:37:15,Instagram,Consultar precios,Soporte,4,False,Finalizada,True,4
4972,1377,2025-04-02 12:14:59,WhatsApp,Soporte técnico,Soporte,10,False,Finalizada,True,5
4973,1118,2025-05-27 13:47:49,WhatsApp,Soporte técnico,Atención al Cliente,10,True,Finalizada,False,3
4974,347,2025-11-21 12:11:23,WhatsApp,Soporte técnico,Ventas,15,False,Finalizada,False,4
4975,1799,2025-05-24 13:16:30,Facebook,Solicitar información,Soporte,4,False,Finalizada,True,5
4976,1910,2025-08-30 09:42:07,Web,Soporte técnico,Soporte,18,False,Finalizada,False,4
4977,458,2025-08-31 18:20:24,Web,Reclamo,Atención Comercial,12,False,Finalizada,True,5
4978,271,2025-07-27 19:03:01,Web,Consultar precios,Atención al Cliente,5,False,Finalizada,True,5
4979,1289,2025-09-03 13:50:19,WhatsApp,Consultar precios,Ventas,4,False,Finalizada,True,5
4980,958,2025-08-11 11:29:30,Web,Soporte técnico,Atención al Cliente,17,False,Finalizada,True,5
4981,1653,2025-08-22 19:00:52,WhatsApp,Solicitar información,Ventas,6,False,Abandonada,False,1
4982,496,2025-06-24 20:11:21,WhatsApp,Solicitar información,Postventa,5,False,Finalizada,False,3
4983,1896,2025-06-20 19:47:42,Instagram,Solicitar información,Postventa,5,False,Finalizada,False,4
4984,1668,2025-04-10 02:50:28,WhatsApp,Consultar precios,Atención al Cliente,5,False,Abandonada,False,2
4985,1477,2025-04-22 04:19:35,Instagram,Agendar servicio,Atención al Cliente,7,False,Finalizada,True,4
4986,1311,2025-06-12 12:22:00,WhatsApp,Soporte técnico,Atención Comercial,17,False,Finalizada,False,5
4987,275,2025-01-17 18:49:41,WhatsApp,Soporte técnico,Ventas,11,False,Finalizada,False,4
4988,1062,2025-03-07 01:17:42,Facebook,Seguimiento,Atención al Cliente,7,True,Finalizada,False,2
4989,160,2025-02-09 13:32:09,Web,Consultar precios,Atención Comercial,4,False,Finalizada,False,4
4990,1898,2025-08-20 12:30:22,WhatsApp,Consultar precios,Soporte,4,False,Finalizada,True,5
4991,183,2025-10-08 19:43:30,WhatsApp,Soporte técnico,Atención Comercial,15,False,Finalizada,False,5
4992,352,2025-08-27 10:26:04,WhatsApp,Soporte técnico,Postventa,15,False,Abandonada,False,2
4993,1949,2025-12-01 15:20:39,Instagram,Reclamo,Ventas,15,False,Finalizada,False,4
4994,201,2025-11-25 18:28:38,Facebook,Agendar servicio,Postventa,6,False,Finalizada,False,4
4995,411,2025-12-09 18:40:45,Web,Seguimiento,Atención al Cliente,7,False,Finalizada,False,4
4996,82,2025-04-10 19:22:33,WhatsApp,Soporte técnico,Atención al Cliente,15,True,Finalizada,False,3
4997,421,2025-10-07 12:55:06,Facebook,Cancelar servicio,Postventa,2,False,Finalizada,True,5
4998,930,2025-10-13 18:17:11,Instagram,Reclamo,Atención Comercial,13,False,Finalizada,False,4
4999,121,2025-08-04 02:19:44,WhatsApp,Cancelar servicio,Atención al Cliente,4,False,Finalizada,False,3
5000,1743,2025-08-02 01:56:19,Facebook,Consultar precios,Postventa,4,False,Finalizada,False,4
5001,652,2025-12-03 20:09:12,WhatsApp,Seguimiento,Atención al Cliente,5,False,Finalizada,False,3
5002,1405,2025-07-14 13:04:55,WhatsApp,Solicitar información,Postventa,6,False,Finalizada,True,5
5003,1932,2025-12-13 12:21:54,Facebook,Solicitar información,Postventa,4,False,Finalizada,False,4
5004,32,2025-02-08 08:31:31,Facebook,Reclamo,Atención Comercial,14,False,Finalizada,False,4
5005,1392,2025-02-26 18:19:16,Web,Cancelar servicio,Ventas,4,False,Finalizada,False,3
5006,1974,2025-08-27 20:24:03,Telegram,Consultar precios,Atención al Cliente,5,False,Finalizada,False,4
5007,702,2025-09-08 03:28:30,WhatsApp,Agendar servicio,Atención Comercial,8,False,Abandonada,False,2
5008,560,2025-11-26 19:35:41,WhatsApp,Solicitar información,Ventas,4,False,Abandonada,False,1
5009,1478,2025-12-12 20:55:18,WhatsApp,Soporte técnico,Soporte,14,False,Abandonada,False,1
5010,980,2025-04-30 13:19:29,Web,Agendar servicio,Atención Comercial,6,False,Abandonada,False,1
5011,921,2025-07-15 20:49:34,Web,Agendar servicio,Atención al Cliente,7,False,Abandonada,False,1
5012,1389,2025-08-04 13:14:07,Web,Consultar precios,Postventa,3,False,Finalizada,False,3
5013,294,2025-03-14 12:08:37,Telegram,Seguimiento,Ventas,5,True,Abandonada,False,2
5014,83,2025-10-16 13:29:11,Web,Solicitar información,Atención al Cliente,5,False,Finalizada,True,5
5015,657,2025-05-17 01:49:17,Web,Agendar servicio,Soporte,7,False,Finalizada,False,3
5016,1028,2025-12-04 13:21:14,WhatsApp,Soporte técnico,Soporte,15,False,Finalizada,False,4
5017,594,2025-10-13 01:44:20,Web,Agendar servicio,Atención al Cliente,7,True,Finalizada,False,2
5018,160,2025-03-17 12:40:09,WhatsApp,Solicitar información,Atención Comercial,4,False,Finalizada,True,4
5019,1629,2025-11-02 20:02:23,WhatsApp,Agendar servicio,Soporte,8,False,Finalizada,False,3
5020,1270,2025-01-24 20:48:52,Facebook,Agendar servicio,Ventas,8,False,Finalizada,False,4
5021,526,2025-02-23 18:52:01,WhatsApp,Consultar precios,Atención Comercial,4,False,Finalizada,False,4
5022,1529,2025-08-11 09:57:43,Web,Agendar servicio,Ventas,8,False,Finalizada,False,3
5023,1798,2025-06-20 18:23:55,Instagram,Solicitar información,Ventas,5,False,Finalizada,False,3
5024,1796,2025-12-06 08:57:37,WhatsApp,Consultar precios,Atención Comercial,4,False,Finalizada,False,3
5025,338,2025-08-25 18:29:32,Web,Cancelar servicio,Soporte,2,False,Finalizada,False,4
5026,1331,2025-03-03 18:04:09,WhatsApp,Reclamo,Soporte,8,False,Finalizada,False,3
5027,87,2025-04-03 12:51:47,Instagram,Consultar precios,Atención al Cliente,3,False,Finalizada,False,4
5028,617,2025-07-03 12:34:10,Facebook,Cancelar servicio,Atención Comercial,2,False,Finalizada,False,4
5029,1070,2025-07-12 00:04:05,Web,Solicitar información,Atención al Cliente,4,False,Abandonada,False,1
5030,438,2025-04-17 19:59:25,Facebook,Solicitar información,Soporte,6,False,Finalizada,True,5
5031,307,2025-09-09 19:38:30,WhatsApp,Reclamo,Atención Comercial,11,False,Finalizada,True,4
5032,933,2025-10-14 18:04:28,Facebook,Cancelar servicio,Ventas,3,False,Finalizada,False,4
5033,172,2025-12-20 20:07:27,Web,Reclamo,Ventas,14,False,Finalizada,True,5
5034,1218,2025-08-04 19:49:17,WhatsApp,Reclamo,Soporte,11,False,Finalizada,True,5
5035,829,2025-01-10 08:48:45,Web,Seguimiento,Postventa,4,False,Finalizada,False,3
5036,1471,2025-12-13 13:53:27,Telegram,Reclamo,Atención al Cliente,12,False,Finalizada,False,4
5037,422,2025-07-20 09:56:37,WhatsApp,Consultar precios,Ventas,3,False,Finalizada,False,3
5038,220,2025-03-10 13:44:51,WhatsApp,Seguimiento,Soporte,4,False,Finalizada,True,5
5039,750,2025-11-23 20:04:48,WhatsApp,Agendar servicio,Ventas,7,False,Finalizada,True,5
5040,1344,2025-10-16 13:35:52,Instagram,Cancelar servicio,Atención Comercial,2,False,Finalizada,True,5
5041,1021,2025-11-20 17:00:50,Web,Cancelar servicio,Atención al Cliente,4,False,Finalizada,True,5
5042,1313,2025-02-16 12:20:29,WhatsApp,Consultar precios,Ventas,5,False,Finalizada,False,5
5043,582,2025-04-20 12:07:29,WhatsApp,Cancelar servicio,Postventa,2,False,Finalizada,True,5
5044,992,2025-01-13 20:49:10,WhatsApp,Agendar servicio,Soporte,5,False,Finalizada,False,3
5045,1047,2025-04-29 12:38:19,WhatsApp,Seguimiento,Soporte,5,False,Finalizada,False,3
5046,523,2025-10-11 13:19:24,Facebook,Soporte técnico,Postventa,10,True,Finalizada,True,2
5047,1678,2025-06-02 20:02:24,WhatsApp,Reclamo,Ventas,11,False,Finalizada,False,4
5048,1719,2025-11-03 16:03:27,WhatsApp,Solicitar información,Ventas,4,False,Finalizada,True,5
5049,1773,2025-08-13 10:50:13,WhatsApp,Reclamo,Atención Comercial,15,False,Finalizada,False,4
5050,1825,2025-07-25 18:00:07,Web,Agendar servicio,Atención al Cliente,7,False,Finalizada,True,5
5051,1732,2025-08-15 19:18:22,WhatsApp,Soporte técnico,Atención al Cliente,14,True,Finalizada,True,3
5052,960,2025-06-03 13:19:23,WhatsApp,Agendar servicio,Ventas,8,False,Finalizada,False,5
5053,1389,2025-07-10 18:19:46,WhatsApp,Solicitar información,Atención Comercial,4,False,Abandonada,False,1
5054,1401,2025-03-07 19:03:37,WhatsApp,Agendar servicio,Soporte,6,True,Finalizada,False,2
5055,758,2025-02-15 20:17:08,Web,Solicitar información,Atención al Cliente,5,False,Finalizada,False,3
5056,10,2025-11-22 20:10:11,Web,Seguimiento,Ventas,5,False,Abandonada,False,1
5057,1621,2025-06-19 12:57:28,WhatsApp,Solicitar información,Postventa,6,False,Finalizada,False,4
5058,19,2025-07-04 13:50:30,WhatsApp,Soporte técnico,Postventa,13,False,Abandonada,False,2
5059,450,2025-01-25 19:12:08,WhatsApp,Agendar servicio,Atención al Cliente,8,False,Finalizada,True,4
5060,681,2025-09-17 13:14:34,Instagram,Solicitar información,Postventa,4,False,Finalizada,True,5
5061,1211,2025-04-07 18:49:13,WhatsApp,Solicitar información,Atención Comercial,6,False,Finalizada,True,5
5062,117,2025-08-04 13:07:27,Facebook,Solicitar información,Atención al Cliente,6,False,Finalizada,False,3
5063,878,2025-09-27 15:16:49,WhatsApp,Consultar precios,Atención al Cliente,4,False,Abandonada,False,1
5064,1448,2025-01-14 17:32:07,Web,Agendar servicio,Postventa,6,False,Finalizada,False,4
5065,335,2025-10-04 19:04:03,Web,Cancelar servicio,Ventas,3,False,Finalizada,True,5
5066,179,2025-10-10 11:39:51,Facebook,Reclamo,Ventas,10,True,Finalizada,False,2
5067,1530,2025-09-19 12:33:49,WhatsApp,Consultar precios,Soporte,5,False,Finalizada,True,5
5068,845,2025-11-16 20:53:44,Telegram,Solicitar información,Postventa,4,False,Finalizada,False,4
5069,1798,2025-08-21 19:48:37,Facebook,Consultar precios,Atención Comercial,3,False,Finalizada,False,3
5070,1790,2025-12-10 17:25:30,WhatsApp,Cancelar servicio,Atención Comercial,3,False,Finalizada,False,5
5071,911,2025-04-05 18:00:35,Facebook,Agendar servicio,Atención Comercial,5,False,Finalizada,True,5
5072,1111,2025-10-25 19:57:58,WhatsApp,Consultar precios,Atención Comercial,3,False,Finalizada,True,5
5073,1441,2025-01-28 10:03:01,Telegram,Consultar precios,Atención Comercial,4,False,Finalizada,True,5
5074,1264,2025-11-23 09:36:15,WhatsApp,Reclamo,Ventas,14,True,Finalizada,False,2
5075,431,2025-10-07 19:53:15,WhatsApp,Soporte técnico,Postventa,11,False,Finalizada,False,3
5076,395,2025-07-04 17:57:11,Instagram,Seguimiento,Atención al Cliente,7,False,Abandonada,False,2
5077,84,2025-08-22 10:40:57,WhatsApp,Cancelar servicio,Atención al Cliente,2,False,Abandonada,False,2
5078,1838,2025-02-04 15:34:17,Facebook,Solicitar información,Ventas,4,False,Finalizada,True,5
5079,1712,2025-08-27 19:44:11,Web,Soporte técnico,Atención al Cliente,17,False,Finalizada,True,4
5080,960,2025-06-01 19:35:15,WhatsApp,Soporte técnico,Soporte,18,False,Finalizada,False,4
5081,459,2025-07-23 20:27:36,Facebook,Consultar precios,Ventas,3,False,Finalizada,False,3
5082,1261,2025-07-04 13:48:17,Facebook,Seguimiento,Atención al Cliente,6,False,Finalizada,False,4
5083,638,2025-01-20 19:22:41,Web,Seguimiento,Atención Comercial,7,False,Finalizada,False,5
5084,1378,2025-06-05 20:19:31,WhatsApp,Consultar precios,Ventas,4,False,Finalizada,True,4
5085,209,2025-02-28 15:49:39,Telegram,Cancelar servicio,Atención al Cliente,3,False,Finalizada,False,5
5086,1793,2025-06-13 20:52:37,WhatsApp,Consultar precios,Soporte,3,False,Finalizada,True,5
5087,1279,2025-10-24 15:58:29,WhatsApp,Consultar precios,Atención Comercial,5,False,Finalizada,True,5
5088,490,2025-11-20 03:02:36,Instagram,Consultar precios,Atención al Cliente,4,False,Finalizada,True,4
5089,1657,2025-06-01 09:25:41,Facebook,Solicitar información,Atención al Cliente,6,False,Finalizada,False,4
5090,757,2025-11-22 18:12:36,WhatsApp,Solicitar información,Atención Comercial,6,False,Finalizada,False,4
5091,217,2025-12-09 04:44:06,WhatsApp,Cancelar servicio,Atención al Cliente,4,False,Finalizada,True,5
5092,1592,2025-08-04 11:06:11,WhatsApp,Cancelar servicio,Soporte,4,False,Finalizada,False,4
5093,1181,2025-10-20 13:58:36,WhatsApp,Seguimiento,Atención al Cliente,4,False,Finalizada,True,5
5094,1681,2025-04-19 17:14:45,Web,Solicitar información,Postventa,4,False,Abandonada,False,1
5095,95,2025-12-01 18:58:59,WhatsApp,Reclamo,Soporte,8,False,Finalizada,True,5
5096,1270,2025-10-12 01:58:30,Instagram,Agendar servicio,Ventas,5,False,Abandonada,False,1
5097,1657,2025-05-14 20:51:49,WhatsApp,Soporte técnico,Postventa,17,True,Abandonada,False,1
5098,1712,2025-02-19 20:09:31,WhatsApp,Soporte técnico,Atención al Cliente,11,False,Finalizada,True,5
5099,544,2025-01-03 18:49:02,Telegram,Agendar servicio,Soporte,5,False,Finalizada,False,3
5100,1142,2025-06-14 15:01:55,Instagram,Agendar servicio,Postventa,5,False,Abandonada,False,1
5101,749,2025-09-25 12:07:21,Instagram,Soporte técnico,Ventas,17,True,Finalizada,False,1
5102,1862,2025-02-02 02:57:07,Facebook,Seguimiento,Ventas,7,False,Finalizada,True,5
5103,987,2025-04-02 13:37:47,Facebook,Cancelar servicio,Soporte,3,False,Finalizada,True,5
5104,383,2025-03-02 13:15:13,WhatsApp,Seguimiento,Ventas,5,True,Finalizada,True,3
5105,1921,2025-11-02 15:20:39,WhatsApp,Soporte técnico,Soporte,16,True,Finalizada,False,2
5106,62,2025-08-03 18:22:37,Facebook,Solicitar información,Atención al Cliente,5,False,Finalizada,False,3
5107,1889,2025-10-28 02:22:03,Web,Seguimiento,Atención al Cliente,4,False,Finalizada,False,4
5108,39,2025-12-09 20:38:21,Web,Soporte técnico,Ventas,11,True,Finalizada,False,3
5109,1156,2025-02-14 13:38:11,WhatsApp,Consultar precios,Atención Comercial,4,False,Finalizada,False,4
5110,1188,2025-06-24 18:37:11,Web,Solicitar información,Soporte,6,False,Finalizada,False,4
5111,1573,2025-07-31 18:54:08,Telegram,Seguimiento,Atención Comercial,5,False,Finalizada,True,5
5112,467,2025-09-30 18:52:59,WhatsApp,Solicitar información,Soporte,6,False,Finalizada,True,5
5113,1709,2025-04-08 18:14:31,Web,Solicitar información,Postventa,6,False,Finalizada,False,3
5114,201,2025-07-31 12:38:53,Web,Consultar precios,Postventa,5,False,Finalizada,True,5
5115,239,2025-02-17 08:57:43,WhatsApp,Consultar precios,Atención al Cliente,5,False,Finalizada,False,4
5116,648,2025-01-16 18:00:20,WhatsApp,Seguimiento,Atención Comercial,4,False,Finalizada,True,5
5117,926,2025-09-08 18:43:31,WhatsApp,Cancelar servicio,Atención Comercial,4,False,Finalizada,True,4
5118,1217,2025-07-18 20:02:09,WhatsApp,Reclamo,Ventas,14,False,Finalizada,True,4
5119,1892,2025-02-09 17:01:44,WhatsApp,Soporte técnico,Atención Comercial,13,False,Finalizada,True,5
5120,869,2025-01-16 20:32:16,WhatsApp,Cancelar servicio,Atención al Cliente,2,False,Finalizada,False,3
5121,138,2025-10-26 20:36:41,WhatsApp,Solicitar información,Soporte,4,False,Finalizada,True,5
5122,1299,2025-02-21 02:35:09,WhatsApp,Seguimiento,Atención al Cliente,6,False,Finalizada,True,5
5123,637,2025-01-24 19:55:55,WhatsApp,Cancelar servicio,Postventa,2,False,Abandonada,False,1
5124,575,2025-11-22 18:09:58,WhatsApp,Seguimiento,Atención al Cliente,7,False,Finalizada,False,4
5125,1100,2025-06-27 12:47:38,WhatsApp,Reclamo,Atención Comercial,13,False,Abandonada,False,2
5126,1985,2025-09-18 08:49:06,Instagram,Solicitar información,Atención Comercial,4,False,Finalizada,False,4
5127,1697,2025-11-24 12:43:50,WhatsApp,Seguimiento,Ventas,6,False,Finalizada,False,4
5128,1523,2025-11-17 13:09:42,WhatsApp,Solicitar información,Ventas,5,False,Finalizada,True,5
5129,718,2025-04-11 19:17:00,WhatsApp,Solicitar información,Ventas,5,False,Abandonada,False,1
5130,1775,2025-01-26 20:14:22,Facebook,Consultar precios,Soporte,5,False,Finalizada,False,3
5131,1391,2025-05-28 12:12:15,WhatsApp,Consultar precios,Atención Comercial,4,False,Abandonada,False,1
5132,1803,2025-03-27 12:55:01,Facebook,Soporte técnico,Ventas,12,True,Abandonada,False,2
5133,1953,2025-01-02 19:00:47,WhatsApp,Cancelar servicio,Postventa,4,False,Finalizada,True,5
5134,570,2025-04-24 19:30:19,Web,Reclamo,Atención Comercial,14,False,Abandonada,False,1
5135,1584,2025-01-25 19:47:26,Web,Agendar servicio,Soporte,8,False,Finalizada,True,5
5136,907,2025-11-14 18:58:27,Instagram,Cancelar servicio,Postventa,4,False,Finalizada,False,3
5137,1835,2025-02-21 18:47:38,Facebook,Cancelar servicio,Atención Comercial,3,False,Abandonada,False,1
5138,39,2025-09-09 12:53:38,WhatsApp,Soporte técnico,Atención Comercial,17,False,Abandonada,False,1
5139,1254,2025-02-01 19:24:55,Telegram,Solicitar información,Ventas,5,False,Finalizada,False,3
5140,662,2025-01-02 18:46:12,WhatsApp,Seguimiento,Atención Comercial,6,False,Finalizada,True,5
5141,1279,2025-05-05 15:28:33,Facebook,Seguimiento,Postventa,4,False,Finalizada,True,5
5142,1571,2025-01-08 08:35:57,WhatsApp,Cancelar servicio,Atención al Cliente,4,False,Finalizada,True,5
5143,1457,2025-01-23 11:49:16,Facebook,Seguimiento,Atención al Cliente,7,False,Finalizada,False,5
5144,1599,2025-06-23 01:23:11,WhatsApp,Reclamo,Atención al Cliente,15,False,Finalizada,True,5
5145,507,2025-11-02 20:19:20,Instagram,Soporte técnico,Atención Comercial,11,False,Finalizada,False,5
5146,776,2025-07-10 09:56:16,Instagram,Seguimiento,Ventas,5,False,Finalizada,False,5
5147,361,2025-08-17 12:57:49,WhatsApp,Reclamo,Ventas,10,False,Finalizada,False,3
5148,1568,2025-01-09 20:42:23,WhatsApp,Agendar servicio,Atención al Cliente,5,False,Finalizada,True,5
5149,437,2025-08-10 20:32:30,Web,Cancelar servicio,Soporte,4,False,Finalizada,False,4
5150,374,2025-03-25 05:29:19,WhatsApp,Solicitar información,Postventa,5,False,Abandonada,False,1
5151,928,2025-04-06 18:34:01,Facebook,Seguimiento,Postventa,6,False,Finalizada,False,3
5152,663,2025-10-02 20:42:42,Facebook,Reclamo,Postventa,15,False,Finalizada,False,4
5153,636,2025-09-19 18:02:38,Facebook,Reclamo,Postventa,15,False,Finalizada,False,4
5154,337,2025-10-22 19:36:11,Facebook,Seguimiento,Atención al Cliente,6,True,Abandonada,False,2
5155,999,2025-02-21 13:22:51,Facebook,Seguimiento,Atención al Cliente,7,False,Finalizada,False,3
5156,1136,2025-11-13 18:15:33,WhatsApp,Soporte técnico,Soporte,15,True,Finalizada,False,3
5157,143,2025-09-24 08:56:36,Telegram,Cancelar servicio,Atención al Cliente,2,False,Finalizada,False,3
5158,615,2025-03-26 01:22:44,Instagram,Seguimiento,Soporte,6,False,Finalizada,False,4
5159,1357,2025-10-14 18:47:55,Telegram,Seguimiento,Atención al Cliente,6,False,Finalizada,False,3
5160,1165,2025-12-10 19:57:13,WhatsApp,Solicitar información,Soporte,6,False,Finalizada,True,4
5161,1320,2025-04-10 13:38:13,WhatsApp,Seguimiento,Atención Comercial,4,False,Finalizada,True,5
5162,1960,2025-04-10 20:25:39,Web,Solicitar información,Soporte,4,False,Finalizada,False,4
5163,742,2025-01-03 18:56:48,Instagram,Cancelar servicio,Soporte,3,False,Finalizada,False,4
5164,1895,2025-06-06 16:13:36,Web,Agendar servicio,Atención al Cliente,5,False,Finalizada,False,4
5165,1084,2025-12-06 17:47:38,Telegram,Seguimiento,Soporte,5,False,Finalizada,False,4
5166,1895,2025-05-26 19:05:04,Facebook,Seguimiento,Postventa,6,False,Finalizada,False,4
5167,371,2025-03-20 20:21:27,Facebook,Solicitar información,Soporte,5,False,Abandonada,False,1
5168,1472,2025-03-10 20:26:06,WhatsApp,Cancelar servicio,Atención Comercial,4,False,Finalizada,False,3
5169,1433,2025-02-14 18:03:12,WhatsApp,Seguimiento,Soporte,7,False,Finalizada,False,4
5170,558,2025-07-24 11:36:38,WhatsApp,Soporte técnico,Atención Comercial,11,False,Abandonada,False,1
5171,1091,2025-02-19 12:22:44,Facebook,Soporte técnico,Postventa,12,False,Abandonada,False,1
5172,6,2025-09-24 13:27:57,Web,Seguimiento,Atención al Cliente,4,False,Finalizada,True,5
5173,1755,2025-05-02 19:05:02,Facebook,Agendar servicio,Postventa,7,False,Finalizada,False,4
5174,1847,2025-01-30 09:37:15,WhatsApp,Solicitar información,Ventas,6,False,Finalizada,False,4
5175,424,2025-03-09 13:27:52,Facebook,Cancelar servicio,Ventas,3,False,Finalizada,True,5
5176,1949,2025-11-10 16:53:20,Facebook,Consultar precios,Postventa,3,False,Finalizada,False,5
5177,1436,2025-10-01 17:23:02,WhatsApp,Agendar servicio,Atención Comercial,8,False,Finalizada,False,3
5178,875,2025-03-19 13:21:02,WhatsApp,Solicitar información,Postventa,4,False,Finalizada,False,5
5179,1761,2025-10-13 17:21:19,Web,Reclamo,Ventas,11,False,Abandonada,False,1
5180,1413,2025-07-17 11:32:43,Facebook,Soporte técnico,Ventas,15,False,Finalizada,False,4
5181,503,2025-12-08 12:17:10,Facebook,Soporte técnico,Atención Comercial,14,True,Finalizada,False,2
5182,339,2025-08-21 03:52:37,Facebook,Consultar precios,Soporte,5,False,Abandonada,False,2
5183,986,2025-06-13 11:27:43,WhatsApp,Cancelar servicio,Atención al Cliente,2,False,Finalizada,True,5
5184,556,2025-04-08 18:23:37,WhatsApp,Seguimiento,Soporte,4,False,Finalizada,True,4
5185,863,2025-10-12 19:57:24,Web,Seguimiento,Ventas,6,False,Finalizada,True,5
5186,380,2025-07-07 10:35:14,Web,Soporte técnico,Atención al Cliente,11,False,Finalizada,False,3
5187,1600,2025-12-30 04:34:18,WhatsApp,Seguimiento,Soporte,6,False,Finalizada,False,3
5188,1041,2025-06-11 19:53:55,Instagram,Soporte técnico,Atención al Cliente,16,False,Finalizada,False,4
5189,842,2025-09-06 20:55:18,Instagram,Solicitar información,Ventas,6,False,Finalizada,True,5
5190,567,2025-10-24 20:33:15,Telegram,Reclamo,Ventas,9,False,Finalizada,False,5
5191,1213,2025-09-24 19:44:52,Web,Solicitar información,Atención Comercial,4,False,Abandonada,False,2
5192,656,2025-09-16 18:43:28,WhatsApp,Soporte técnico,Atención al Cliente,12,False,Finalizada,False,3
5193,1372,2025-07-23 12:13:37,Web,Solicitar información,Atención al Cliente,5,False,Finalizada,True,4
5194,1409,2025-10-10 12:48:04,WhatsApp,Agendar servicio,Ventas,6,False,Finalizada,False,3
5195,689,2025-05-20 11:24:59,Telegram,Reclamo,Postventa,9,False,Finalizada,False,4
5196,1647,2025-04-08 12:15:32,WhatsApp,Solicitar información,Atención al Cliente,4,False,Finalizada,True,5
5197,1489,2025-03-24 20:05:25,WhatsApp,Solicitar información,Atención Comercial,4,False,Abandonada,False,1
5198,1229,2025-06-16 16:23:09,Facebook,Soporte técnico,Postventa,10,False,Abandonada,False,2
5199,1107,2025-01-20 19:52:50,WhatsApp,Reclamo,Postventa,10,False,Finalizada,True,5
5200,877,2025-01-20 18:42:59,WhatsApp,Cancelar servicio,Soporte,4,False,Finalizada,True,5
5201,943,2025-10-24 01:18:41,Telegram,Cancelar servicio,Soporte,4,False,Finalizada,True,5
5202,1652,2025-06-03 09:09:49,Facebook,Solicitar información,Soporte,5,False,Abandonada,False,1
5203,1169,2025-08-10 18:01:43,Facebook,Cancelar servicio,Atención Comercial,2,False,Finalizada,True,5
5204,1387,2025-09-23 13:55:52,Facebook,Cancelar servicio,Ventas,4,False,Finalizada,False,5
5205,995,2025-03-08 13:06:45,WhatsApp,Agendar servicio,Atención al Cliente,6,False,Finalizada,True,5
5206,265,2025-07-15 13:29:02,Instagram,Soporte técnico,Soporte,11,False,Abandonada,False,1
5207,1164,2025-11-18 19:28:24,WhatsApp,Consultar precios,Atención al Cliente,4,False,Finalizada,False,5
5208,1040,2025-03-01 18:36:12,Telegram,Seguimiento,Atención Comercial,6,False,Finalizada,True,5
5209,1848,2025-12-15 09:11:18,WhatsApp,Solicitar información,Ventas,4,False,Finalizada,True,4
5210,1271,2025-02-28 13:17:34,WhatsApp,Consultar precios,Ventas,5,False,Finalizada,True,4
5211,346,2025-03-03 20:43:29,Facebook,Consultar precios,Postventa,4,False,Finalizada,True,4
5212,1755,2025-02-12 12:34:31,Facebook,Soporte técnico,Atención Comercial,10,True,Finalizada,True,3
5213,857,2025-10-06 18:28:16,Instagram,Cancelar servicio,Ventas,3,False,Finalizada,False,4
5214,1119,2025-09-07 13:25:56,Web,Solicitar información,Postventa,6,False,Abandonada,False,2
5215,1559,2025-04-11 04:50:34,Facebook,Consultar precios,Soporte,3,True,Finalizada,False,1
5216,1422,2025-09-02 08:31:13,WhatsApp,Agendar servicio,Soporte,8,False,Finalizada,False,4
5217,271,2025-10-12 12:19:43,WhatsApp,Reclamo,Atención Comercial,11,False,Finalizada,False,3
5218,1295,2025-08-19 17:15:53,Web,Seguimiento,Atención al Cliente,6,False,Finalizada,True,4
5219,830,2025-03-28 13:23:40,WhatsApp,Solicitar información,Ventas,6,False,Finalizada,True,4
5220,1168,2025-09-16 20:08:43,Web,Consultar precios,Postventa,4,False,Abandonada,False,2
5221,1571,2025-05-31 12:24:31,Web,Agendar servicio,Ventas,5,False,Abandonada,False,2
5222,1752,2025-12-14 18:47:49,Web,Consultar precios,Atención al Cliente,3,False,Finalizada,False,5
5223,599,2025-03-31 18:00:50,WhatsApp,Agendar servicio,Soporte,6,False,Abandonada,False,2
5224,473,2025-04-06 09:47:10,WhatsApp,Seguimiento,Atención al Cliente,4,False,Abandonada,False,1
5225,1313,2025-05-19 20:42:58,WhatsApp,Consultar precios,Soporte,4,False,Abandonada,False,1
5226,1897,2025-12-06 15:15:25,WhatsApp,Soporte técnico,Atención al Cliente,16,False,Finalizada,False,3
5227,290,2025-04-02 20:45:51,WhatsApp,Reclamo,Ventas,8,False,Abandonada,False,1
5228,797,2025-12-30 18:36:13,WhatsApp,Seguimiento,Postventa,5,True,Finalizada,False,2
5229,1314,2025-02-06 17:40:54,WhatsApp,Consultar precios,Atención Comercial,5,False,Finalizada,False,5
5230,1293,2025-05-31 18:20:51,WhatsApp,Seguimiento,Atención al Cliente,5,False,Finalizada,False,5
5231,1558,2025-08-23 02:47:16,WhatsApp,Agendar servicio,Postventa,6,False,Finalizada,False,3
5232,422,2025-12-15 19:42:27,Instagram,Soporte técnico,Postventa,10,False,Finalizada,False,3
5233,1138,2025-06-14 17:35:57,WhatsApp,Agendar servicio,Soporte,8,False,Finalizada,True,5
5234,776,2025-11-12 13:28:07,Facebook,Reclamo,Postventa,14,False,Finalizada,False,3
5235,1863,2025-08-29 12:31:49,WhatsApp,Consultar precios,Soporte,4,False,Finalizada,False,3
5236,306,2025-05-24 19:07:38,WhatsApp,Cancelar servicio,Postventa,4,False,Finalizada,False,5
5237,1487,2025-07-19 18:38:54,WhatsApp,Cancelar servicio,Atención al Cliente,3,False,Abandonada,False,1
5238,823,2025-01-08 12:32:23,Facebook,Agendar servicio,Postventa,7,False,Finalizada,False,4
5239,315,2025-06-27 20:53:10,Instagram,Agendar servicio,Postventa,5,False,Finalizada,True,5
5240,262,2025-08-10 16:31:45,WhatsApp,Soporte técnico,Ventas,13,False,Abandonada,False,1
5241,1357,2025-06-20 08:27:24,Web,Solicitar información,Ventas,4,False,Finalizada,False,4
5242,1718,2025-05-11 20:24:23,Facebook,Agendar servicio,Soporte,6,False,Finalizada,True,4
5243,1360,2025-04-08 13:57:01,Web,Solicitar información,Atención al Cliente,6,False,Finalizada,False,3
5244,505,2025-11-03 12:59:17,Instagram,Soporte técnico,Atención al Cliente,16,True,Abandonada,False,2
5245,917,2025-12-22 10:15:39,WhatsApp,Soporte técnico,Soporte,17,False,Finalizada,True,5
5246,1143,2025-04-25 02:04:38,Web,Soporte técnico,Soporte,10,True,Finalizada,True,3
5247,1025,2025-05-30 13:22:37,WhatsApp,Agendar servicio,Soporte,8,False,Finalizada,False,5
5248,1148,2025-07-15 20:09:46,WhatsApp,Solicitar información,Atención Comercial,5,False,Finalizada,True,5
5249,1344,2025-09-26 10:06:44,WhatsApp,Seguimiento,Soporte,5,False,Finalizada,True,4
5250,1975,2025-01-11 04:53:23,Facebook,Solicitar información,Atención al Cliente,5,False,Finalizada,True,5
5251,878,2025-03-14 15:44:54,WhatsApp,Agendar servicio,Atención al Cliente,7,False,Finalizada,False,4
5252,769,2025-12-05 19:47:09,WhatsApp,Solicitar información,Postventa,5,False,Finalizada,True,4
5253,718,2025-08-11 19:09:16,Facebook,Consultar precios,Soporte,4,False,Finalizada,False,3
5254,1160,2025-09-03 13:14:39,WhatsApp,Consultar precios,Ventas,4,False,Finalizada,True,5
5255,1100,2025-01-29 19:14:41,Facebook,Soporte técnico,Atención al Cliente,11,True,Finalizada,False,2
5256,647,2025-12-15 19:06:55,Web,Agendar servicio,Atención al Cliente,5,False,Abandonada,False,2
5257,1150,2025-07-10 20:31:44,Instagram,Soporte técnico,Ventas,16,False,Finalizada,False,3
5258,1842,2025-07-24 09:35:30,WhatsApp,Soporte técnico,Atención Comercial,15,False,Finalizada,True,5
5259,466,2025-08-21 12:02:42,WhatsApp,Soporte técnico,Atención Comercial,14,True,Finalizada,True,2
5260,1365,2025-03-11 18:21:35,WhatsApp,Solicitar información,Postventa,5,False,Abandonada,False,1
5261,1213,2025-08-24 05:52:41,WhatsApp,Seguimiento,Atención Comercial,4,False,Finalizada,False,5
5262,1168,2025-07-07 20:44:02,Facebook,Seguimiento,Ventas,6,False,Finalizada,False,4
5263,52,2025-03-13 13:02:02,Facebook,Reclamo,Atención al Cliente,12,False,Finalizada,True,4
5264,686,2025-06-20 20:55:30,WhatsApp,Reclamo,Soporte,12,True,Abandonada,False,1
5265,1305,2025-02-12 20:27:47,WhatsApp,Agendar servicio,Soporte,7,False,Finalizada,False,4
5266,672,2025-12-17 19:12:06,Web,Soporte técnico,Postventa,16,False,Finalizada,False,3
5267,400,2025-12-23 13:34:32,WhatsApp,Consultar precios,Atención al Cliente,3,False,Finalizada,True,4
5268,178,2025-04-09 13:52:10,Facebook,Cancelar servicio,Ventas,4,False,Finalizada,True,4
5269,1695,2025-02-05 11:20:39,WhatsApp,Seguimiento,Atención Comercial,6,False,Abandonada,False,1
5270,1481,2025-04-04 08:56:49,WhatsApp,Reclamo,Soporte,12,False,Finalizada,True,5
5271,1780,2025-09-08 13:18:55,WhatsApp,Reclamo,Atención Comercial,8,False,Abandonada,False,1
5272,1540,2025-09-08 13:29:56,Facebook,Solicitar información,Soporte,4,False,Finalizada,True,5
5273,1203,2025-11-23 20:52:30,Web,Reclamo,Soporte,8,False,Finalizada,False,4
5274,1849,2025-12-25 19:16:16,WhatsApp,Solicitar información,Atención Comercial,4,False,Finalizada,True,5
5275,1884,2025-02-20 13:33:56,Instagram,Consultar precios,Postventa,3,False,Abandonada,False,2
5276,1546,2025-11-30 13:37:36,WhatsApp,Soporte técnico,Postventa,11,False,Abandonada,False,1
5277,861,2025-06-10 05:24:12,WhatsApp,Soporte técnico,Ventas,16,False,Finalizada,True,5
5278,1511,2025-05-31 17:08:51,WhatsApp,Reclamo,Ventas,15,False,Finalizada,True,5
5279,1338,2025-02-09 18:57:25,Telegram,Cancelar servicio,Atención al Cliente,4,False,Finalizada,True,5
5280,1576,2025-02-26 12:51:22,Instagram,Solicitar información,Soporte,6,False,Finalizada,False,4
5281,664,2025-05-25 19:53:08,WhatsApp,Solicitar información,Atención Comercial,4,False,Finalizada,True,4
5282,51,2025-06-09 13:23:44,Telegram,Consultar precios,Postventa,5,False,Finalizada,False,5
5283,39,2025-06-24 13:38:48,WhatsApp,Reclamo,Atención al Cliente,15,False,Finalizada,True,5
5284,670,2025-09-04 18:06:10,Telegram,Solicitar información,Postventa,5,False,Finalizada,False,4
5285,1599,2025-05-24 18:51:48,WhatsApp,Reclamo,Ventas,9,False,Finalizada,True,5
5286,1724,2025-06-01 18:37:37,WhatsApp,Consultar precios,Ventas,3,True,Finalizada,False,3
5287,822,2025-03-11 04:23:32,Facebook,Cancelar servicio,Soporte,4,False,Finalizada,False,4
5288,1738,2025-10-16 19:03:33,WhatsApp,Soporte técnico,Postventa,12,False,Finalizada,True,5
5289,495,2025-05-23 13:26:49,WhatsApp,Soporte técnico,Soporte,12,True,Abandonada,False,2
5290,1836,2025-07-04 19:49:52,Web,Reclamo,Postventa,15,False,Finalizada,False,4
5291,1849,2025-02-01 05:10:41,WhatsApp,Seguimiento,Soporte,6,False,Finalizada,True,5
5292,1512,2025-11-17 02:53:45,WhatsApp,Consultar precios,Ventas,5,False,Abandonada,False,1
5293,749,2025-10-31 04:45:32,Telegram,Seguimiento,Ventas,6,False,Finalizada,False,5
5294,1794,2025-02-02 12:47:29,WhatsApp,Agendar servicio,Soporte,8,True,Abandonada,False,2
5295,1829,2025-02-20 13:42:16,WhatsApp,Cancelar servicio,Ventas,2,False,Finalizada,True,4
5296,458,2025-07-03 19:07:51,Facebook,Cancelar servicio,Postventa,4,False,Finalizada,False,4
5297,1299,2025-04-16 03:57:52,WhatsApp,Solicitar información,Ventas,6,False,Abandonada,False,2
5298,148,2025-01-25 13:50:03,WhatsApp,Seguimiento,Soporte,7,False,Finalizada,False,4
5299,1299,2025-05-19 09:36:46,Facebook,Solicitar información,Ventas,5,False,Finalizada,True,4
5300,91,2025-03-03 18:33:49,WhatsApp,Consultar precios,Atención Comercial,4,False,Finalizada,False,3
5301,574,2025-01-26 12:03:56,Instagram,Agendar servicio,Atención Comercial,6,False,Finalizada,False,3
5302,1491,2025-01-12 18:39:43,WhatsApp,Reclamo,Ventas,10,False,Finalizada,True,5
5303,1420,2025-09-11 20:33:04,Telegram,Cancelar servicio,Ventas,2,False,Finalizada,False,3
5304,1579,2025-07-26 19:31:41,Telegram,Agendar servicio,Ventas,5,False,Finalizada,False,4
5305,1487,2025-07-28 18:10:20,WhatsApp,Soporte técnico,Soporte,17,False,Finalizada,True,4
5306,1332,2025-12-24 13:53:06,WhatsApp,Solicitar información,Atención Comercial,5,False,Finalizada,True,5
5307,733,2025-12-01 02:01:02,Instagram,Consultar precios,Atención al Cliente,5,False,Finalizada,False,5
5308,20,2025-08-21 12:38:28,Facebook,Reclamo,Atención Comercial,10,False,Finalizada,True,5
5309,1453,2025-03-21 20:14:23,WhatsApp,Consultar precios,Ventas,3,False,Finalizada,False,4
5310,197,2025-04-29 12:20:06,Facebook,Agendar servicio,Atención al Cliente,5,False,Finalizada,True,5
5311,968,2025-11-18 19:59:47,WhatsApp,Cancelar servicio,Atención al Cliente,3,True,Finalizada,False,2
5312,1417,2025-01-29 13:59:39,WhatsApp,Reclamo,Soporte,9,False,Finalizada,True,5
5313,231,2025-03-09 18:34:25,Web,Solicitar información,Atención Comercial,4,False,Finalizada,False,3
5314,1250,2025-08-09 08:32:22,WhatsApp,Soporte técnico,Postventa,12,False,Finalizada,False,4
5315,1343,2025-08-27 13:29:45,Facebook,Solicitar información,Postventa,4,False,Finalizada,False,5
5316,1488,2025-08-29 02:12:55,Web,Reclamo,Ventas,14,False,Finalizada,True,5
5317,1526,2025-07-19 19:21:22,Telegram,Seguimiento,Postventa,7,False,Finalizada,True,5
5318,1557,2025-08-02 19:43:00,WhatsApp,Consultar precios,Atención al Cliente,5,False,Abandonada,False,1
5319,266,2025-09-11 13:07:05,Facebook,Reclamo,Ventas,8,False,Finalizada,False,3
5320,1737,2025-06-15 17:11:51,Instagram,Cancelar servicio,Atención al Cliente,3,True,Finalizada,False,2
5321,1422,2025-09-22 13:54:21,Facebook,Solicitar información,Atención Comercial,5,False,Abandonada,False,1
5322,266,2025-06-11 18:18:08,WhatsApp,Agendar servicio,Ventas,6,False,Abandonada,False,2
5323,1479,2025-12-29 02:14:01,Facebook,Reclamo,Postventa,8,False,Finalizada,False,3
5324,917,2025-02-26 17:10:27,WhatsApp,Seguimiento,Ventas,6,False,Finalizada,True,5
5325,1776,2025-11-03 12:43:13,WhatsApp,Cancelar servicio,Ventas,3,True,Abandonada,False,1
5326,225,2025-04-02 13:59:08,WhatsApp,Agendar servicio,Atención Comercial,8,False,Abandonada,False,1
5327,1493,2025-12-27 13:46:36,Web,Cancelar servicio,Soporte,3,False,Abandonada,False,1
5328,61,2025-01-16 17:20:09,WhatsApp,Cancelar servicio,Ventas,3,False,Finalizada,True,4
5329,1766,2025-05-01 18:49:53,Web,Cancelar servicio,Soporte,3,False,Abandonada,False,2
5330,1004,2025-12-13 08:01:05,Facebook,Consultar precios,Soporte,3,False,Finalizada,True,5
5331,941,2025-09-25 13:37:45,Instagram,Consultar precios,Atención al Cliente,5,False,Finalizada,False,4
5332,375,2025-06-15 15:36:46,WhatsApp,Agendar servicio,Soporte,7,False,Abandonada,False,1
5333,1971,2025-02-09 18:17:38,Facebook,Solicitar información,Ventas,6,False,Finalizada,False,5
5334,1269,2025-04-05 13:14:53,WhatsApp,Reclamo,Atención al Cliente,13,False,Finalizada,False,5
5335,457,2025-05-16 20:42:30,Instagram,Reclamo,Atención al Cliente,15,True,Finalizada,True,3
5336,1635,2025-05-21 12:02:07,Web,Soporte técnico,Soporte,14,False,Finalizada,False,4
5337,463,2025-02-16 19:06:42,WhatsApp,Solicitar información,Atención al Cliente,4,False,Abandonada,False,2
5338,1285,2025-05-27 04:38:41,Web,Cancelar servicio,Atención Comercial,4,False,Abandonada,False,1
5339,638,2025-11-28 12:24:11,WhatsApp,Seguimiento,Postventa,7,False,Finalizada,True,5
5340,1497,2025-10-02 18:25:40,Web,Soporte técnico,Atención Comercial,12,False,Abandonada,False,1
5341,385,2025-04-16 19:54:58,Web,Seguimiento,Atención Comercial,5,False,Finalizada,False,3
5342,1382,2025-06-12 18:45:12,WhatsApp,Solicitar información,Ventas,6,False,Finalizada,False,3
5343,758,2025-10-24 18:35:39,Web,Consultar precios,Atención Comercial,3,False,Finalizada,False,4
5344,356,2025-06-11 19:15:53,Telegram,Agendar servicio,Soporte,5,False,Finalizada,True,5
5345,670,2025-09-12 12:08:48,Web,Seguimiento,Ventas,5,False,Finalizada,False,3
5346,1144,2025-04-18 20:29:13,Web,Soporte técnico,Postventa,16,False,Finalizada,False,5
5347,684,2025-03-05 20:14:27,Web,Agendar servicio,Atención Comercial,6,False,Abandonada,False,1
5348,427,2025-08-04 20:38:48,Telegram,Reclamo,Atención al Cliente,10,False,Finalizada,False,4
5349,1893,2025-10-12 09:14:33,Web,Reclamo,Ventas,9,False,Finalizada,True,5
5350,422,2025-03-28 20:00:59,WhatsApp,Soporte técnico,Postventa,12,False,Abandonada,False,2
5351,1489,2025-04-26 12:42:45,WhatsApp,Cancelar servicio,Postventa,4,False,Finalizada,True,5
5352,1550,2025-08-24 13:43:06,Web,Reclamo,Atención Comercial,8,False,Abandonada,False,1
5353,1935,2025-06-01 13:21:38,WhatsApp,Reclamo,Postventa,9,False,Finalizada,False,4
5354,8,2025-07-24 16:15:18,Facebook,Reclamo,Soporte,9,False,Finalizada,True,5
5355,1776,2025-08-07 20:51:16,WhatsApp,Reclamo,Ventas,15,True,Finalizada,True,2
5356,545,2025-04-07 17:34:25,Web,Cancelar servicio,Atención al Cliente,2,False,Finalizada,True,5
5357,1374,2025-10-19 18:51:25,Instagram,Soporte técnico,Atención Comercial,17,False,Abandonada,False,1
5358,1716,2025-10-02 04:16:58,WhatsApp,Reclamo,Ventas,10,False,Finalizada,False,3
5359,1848,2025-03-27 01:26:23,WhatsApp,Consultar precios,Ventas,5,False,Finalizada,False,3
5360,1040,2025-04-20 19:32:05,Telegram,Solicitar información,Ventas,5,True,Finalizada,False,3
5361,272,2025-03-01 13:57:54,Instagram,Agendar servicio,Soporte,7,False,Finalizada,False,5
5362,1349,2025-10-06 12:52:58,Instagram,Reclamo,Soporte,15,False,Finalizada,False,3
5363,180,2025-11-11 12:04:08,WhatsApp,Cancelar servicio,Postventa,3,False,Finalizada,True,5
5364,43,2025-12-22 18:48:41,WhatsApp,Cancelar servicio,Atención Comercial,2,False,Finalizada,False,3
5365,1324,2025-10-17 19:41:02,Web,Cancelar servicio,Atención al Cliente,2,False,Abandonada,False,2
5366,203,2025-08-03 11:22:15,Web,Seguimiento,Ventas,6,False,Finalizada,False,3
5367,1278,2025-07-02 18:22:13,Facebook,Seguimiento,Ventas,5,False,Finalizada,True,5
5368,1975,2025-12-15 18:05:48,WhatsApp,Solicitar información,Atención Comercial,4,False,Finalizada,True,5
5369,38,2025-04-05 19:37:02,Facebook,Seguimiento,Atención al Cliente,6,False,Finalizada,False,5
5370,343,2025-07-06 19:37:46,WhatsApp,Soporte técnico,Atención Comercial,10,True,Finalizada,False,1
5371,1246,2025-01-03 13:09:25,Web,Consultar precios,Postventa,5,True,Finalizada,False,1
5372,372,2025-03-18 13:12:02,WhatsApp,Soporte técnico,Soporte,13,True,Finalizada,False,2
5373,159,2025-12-25 13:01:04,WhatsApp,Seguimiento,Soporte,6,False,Finalizada,True,5
5374,1795,2025-01-29 13:09:28,Web,Reclamo,Postventa,13,False,Finalizada,False,3
5375,1277,2025-11-10 18:12:50,Web,Agendar servicio,Atención al Cliente,7,False,Abandonada,False,1
5376,1328,2025-02-24 08:35:20,Facebook,Reclamo,Ventas,15,False,Finalizada,False,4
5377,1650,2025-07-18 20:27:18,Facebook,Cancelar servicio,Atención Comercial,3,False,Finalizada,True,5
5378,1653,2025-12-18 18:42:06,Instagram,Reclamo,Soporte,12,False,Finalizada,False,4
5379,526,2025-11-17 16:44:13,Facebook,Cancelar servicio,Postventa,4,False,Finalizada,False,3
5380,641,2025-02-07 03:50:06,Web,Soporte técnico,Soporte,10,False,Abandonada,False,1
5381,872,2025-11-12 18:48:22,WhatsApp,Seguimiento,Soporte,5,False,Finalizada,True,4
5382,1492,2025-11-26 20:25:34,WhatsApp,Seguimiento,Atención Comercial,5,False,Finalizada,False,3
5383,8,2025-12-07 18:41:24,Facebook,Seguimiento,Ventas,7,False,Finalizada,True,5
5384,1495,2025-06-02 18:20:27,Facebook,Consultar precios,Atención Comercial,5,False,Finalizada,True,4
5385,339,2025-08-21 20:32:17,WhatsApp,Soporte técnico,Soporte,13,False,Finalizada,False,3
5386,1159,2025-12-25 12:49:10,WhatsApp,Consultar precios,Atención al Cliente,4,False,Finalizada,False,3
5387,672,2025-12-21 03:51:48,Web,Consultar precios,Atención Comercial,5,False,Abandonada,False,1
5388,822,2025-07-06 09:13:42,WhatsApp,Soporte técnico,Postventa,18,True,Finalizada,True,2
5389,1602,2025-07-20 01:42:44,Web,Cancelar servicio,Atención Comercial,2,False,Finalizada,True,5
5390,1857,2025-01-28 19:48:29,WhatsApp,Cancelar servicio,Atención Comercial,2,False,Finalizada,True,5
5391,259,2025-04-10 19:36:35,WhatsApp,Cancelar servicio,Ventas,4,False,Finalizada,True,5
5392,1727,2025-03-19 20:48:31,Facebook,Consultar precios,Ventas,4,False,Finalizada,True,5
5393,262,2025-05-03 18:56:42,WhatsApp,Agendar servicio,Ventas,7,False,Abandonada,False,1
5394,1294,2025-08-28 18:24:25,Web,Reclamo,Postventa,12,True,Abandonada,False,2
5395,1904,2025-07-02 12:49:59,Facebook,Cancelar servicio,Atención al Cliente,2,False,Abandonada,False,2
5396,511,2025-12-14 19:13:51,Web,Solicitar información,Postventa,5,False,Finalizada,True,5
5397,628,2025-09-27 12:38:44,WhatsApp,Solicitar información,Ventas,6,False,Finalizada,False,4
5398,1717,2025-04-10 18:47:01,WhatsApp,Consultar precios,Soporte,4,False,Finalizada,True,5
5399,161,2025-06-05 20:33:24,Web,Soporte técnico,Soporte,17,False,Finalizada,False,3
5400,1579,2025-11-22 19:52:15,Facebook,Cancelar servicio,Postventa,4,False,Finalizada,False,3
5401,1475,2025-01-19 19:38:47,WhatsApp,Soporte técnico,Atención al Cliente,12,True,Finalizada,False,2
5402,774,2025-09-11 12:25:55,Instagram,Cancelar servicio,Atención al Cliente,4,False,Finalizada,True,5
5403,817,2025-06-10 13:26:21,Instagram,Reclamo,Atención al Cliente,10,False,Finalizada,False,3
5404,1293,2025-02-18 09:41:18,Web,Agendar servicio,Atención Comercial,6,False,Finalizada,True,4
5405,1507,2025-03-12 09:43:51,WhatsApp,Solicitar información,Atención al Cliente,4,False,Finalizada,True,4
5406,1425,2025-08-24 18:14:52,Web,Agendar servicio,Soporte,5,False,Finalizada,False,4
5407,1766,2025-10-17 12:38:13,WhatsApp,Cancelar servicio,Soporte,3,False,Finalizada,False,5
5408,1902,2025-10-09 20:05:23,Web,Cancelar servicio,Ventas,3,False,Finalizada,False,4
5409,476,2025-03-19 20:38:20,WhatsApp,Consultar precios,Atención al Cliente,5,False,Abandonada,False,1
5410,1044,2025-08-19 15:45:12,Telegram,Agendar servicio,Postventa,8,True,Finalizada,False,2
5411,830,2025-05-03 10:37:10,Telegram,Solicitar información,Atención al Cliente,4,False,Finalizada,False,4
5412,439,2025-02-24 19:28:43,Facebook,Agendar servicio,Ventas,8,True,Abandonada,False,1
5413,651,2025-02-14 13:46:09,Facebook,Seguimiento,Atención al Cliente,4,False,Finalizada,True,4
5414,1764,2025-07-19 10:29:37,WhatsApp,Reclamo,Atención al Cliente,15,False,Finalizada,True,5
5415,471,2025-01-30 11:32:15,WhatsApp,Solicitar información,Ventas,6,False,Finalizada,True,4
5416,1500,2025-08-30 19:38:27,WhatsApp,Agendar servicio,Atención al Cliente,5,False,Finalizada,True,4
5417,1577,2025-10-17 12:43:10,WhatsApp,Cancelar servicio,Atención Comercial,2,True,Finalizada,False,3
5418,1190,2025-02-27 00:49:41,WhatsApp,Agendar servicio,Ventas,5,True,Finalizada,False,3
5419,1734,2025-01-21 20:19:29,WhatsApp,Soporte técnico,Soporte,15,False,Finalizada,True,5
5420,819,2025-01-14 19:09:11,WhatsApp,Soporte técnico,Postventa,17,True,Finalizada,True,3
5421,1874,2025-06-26 18:48:40,Web,Cancelar servicio,Postventa,3,False,Finalizada,True,5
5422,246,2025-10-22 20:41:43,Facebook,Seguimiento,Atención al Cliente,5,False,Finalizada,True,5
5423,910,2025-07-25 20:29:29,Instagram,Agendar servicio,Soporte,5,False,Abandonada,False,1
5424,1475,2025-10-08 10:20:25,Facebook,Cancelar servicio,Ventas,4,False,Finalizada,False,3
5425,207,2025-05-14 20:41:25,WhatsApp,Agendar servicio,Soporte,6,True,Finalizada,True,2
5426,791,2025-11-12 18:32:10,Web,Cancelar servicio,Soporte,3,False,Finalizada,True,5
5427,1753,2025-11-13 04:43:57,Facebook,Reclamo,Atención Comercial,10,False,Finalizada,False,4
5428,1249,2025-08-21 18:05:55,Web,Consultar precios,Ventas,4,False,Finalizada,False,4
5429,1794,2025-01-09 20:02:39,WhatsApp,Consultar precios,Postventa,4,True,Finalizada,True,1
5430,1911,2025-04-02 20:44:16,Web,Seguimiento,Atención Comercial,4,False,Abandonada,False,2
5431,947,2025-01-22 03:24:37,Web,Solicitar información,Soporte,5,False,Finalizada,False,4
5432,504,2025-09-30 20:13:20,WhatsApp,Solicitar información,Postventa,4,False,Finalizada,True,5
5433,1369,2025-07-01 10:14:03,Web,Soporte técnico,Atención al Cliente,13,False,Finalizada,True,5
5434,582,2025-01-28 20:54:34,Facebook,Reclamo,Ventas,12,True,Finalizada,False,2
5435,1082,2025-12-22 15:35:19,Facebook,Agendar servicio,Postventa,6,True,Finalizada,True,1
5436,1138,2025-11-02 04:47:18,WhatsApp,Agendar servicio,Ventas,5,False,Finalizada,True,5
5437,441,2025-10-17 12:54:19,Instagram,Consultar precios,Atención Comercial,3,False,Finalizada,False,4
5438,269,2025-01-12 19:53:33,Web,Consultar precios,Soporte,4,False,Abandonada,False,1
5439,1233,2025-07-07 12:55:40,WhatsApp,Cancelar servicio,Postventa,3,False,Finalizada,True,4
5440,1570,2025-08-06 13:39:33,Facebook,Seguimiento,Postventa,5,False,Finalizada,True,5
5441,977,2025-11-01 05:23:53,Web,Agendar servicio,Ventas,7,False,Finalizada,False,3
5442,194,2025-01-06 01:32:54,WhatsApp,Agendar servicio,Atención al Cliente,8,False,Abandonada,False,1
5443,523,2025-09-04 13:25:30,Telegram,Cancelar servicio,Soporte,4,False,Abandonada,False,1
5444,299,2025-02-23 02:28:58,WhatsApp,Seguimiento,Postventa,6,False,Finalizada,True,5
5445,1181,2025-09-09 17:19:32,Facebook,Cancelar servicio,Soporte,3,False,Finalizada,False,4
5446,835,2025-05-22 18:00:22,WhatsApp,Reclamo,Atención Comercial,12,False,Finalizada,False,3
5447,1151,2025-06-04 20:55:55,Facebook,Consultar precios,Atención al Cliente,5,False,Finalizada,False,4
5448,488,2025-04-17 19:56:57,Web,Seguimiento,Postventa,4,False,Finalizada,False,3
5449,1261,2025-10-20 20:39:16,Web,Consultar precios,Soporte,3,False,Finalizada,False,3
5450,1549,2025-01-28 18:12:33,WhatsApp,Reclamo,Atención al Cliente,14,False,Finalizada,True,5
5451,1862,2025-11-08 08:55:08,Instagram,Solicitar información,Ventas,4,False,Finalizada,True,5
5452,1673,2025-01-24 20:50:14,Web,Reclamo,Atención al Cliente,14,False,Finalizada,False,3
5453,1355,2025-08-31 09:30:18,WhatsApp,Agendar servicio,Postventa,6,False,Finalizada,True,4
5454,736,2025-07-31 15:33:13,Facebook,Seguimiento,Ventas,4,False,Finalizada,False,3
5455,1946,2025-11-24 12:51:50,WhatsApp,Cancelar servicio,Atención al Cliente,2,True,Finalizada,True,2
5456,1333,2025-01-24 18:34:35,Web,Soporte técnico,Atención Comercial,14,False,Finalizada,True,5
5457,1975,2025-08-12 13:47:30,WhatsApp,Soporte técnico,Postventa,16,False,Finalizada,False,3
5458,1178,2025-10-22 20:57:36,Web,Soporte técnico,Ventas,11,False,Finalizada,True,4
5459,97,2025-07-01 15:17:10,WhatsApp,Agendar servicio,Soporte,7,False,Finalizada,False,5
5460,297,2025-03-30 18:03:41,Facebook,Seguimiento,Soporte,4,False,Finalizada,True,4
5461,940,2025-04-15 12:27:57,Facebook,Solicitar información,Atención al Cliente,4,False,Finalizada,False,3
5462,54,2025-10-26 19:23:11,WhatsApp,Reclamo,Postventa,8,False,Finalizada,True,5
5463,938,2025-11-15 18:23:40,Web,Reclamo,Postventa,11,False,Abandonada,False,1
5464,1763,2025-12-26 18:06:11,Facebook,Seguimiento,Soporte,7,False,Finalizada,False,5
5465,801,2025-04-09 12:46:21,WhatsApp,Agendar servicio,Atención al Cliente,7,False,Finalizada,False,4
5466,1055,2025-06-25 19:44:43,Instagram,Seguimiento,Atención Comercial,7,False,Finalizada,False,5
5467,264,2025-09-20 19:37:20,WhatsApp,Solicitar información,Atención al Cliente,5,False,Finalizada,True,5
5468,904,2025-06-20 18:27:08,WhatsApp,Seguimiento,Atención Comercial,5,False,Finalizada,False,3
5469,1639,2025-07-23 09:48:28,Web,Solicitar información,Atención al Cliente,6,False,Abandonada,False,1
5470,1009,2025-11-11 12:54:23,WhatsApp,Soporte técnico,Soporte,17,False,Finalizada,False,4
5471,659,2025-03-17 10:34:41,WhatsApp,Seguimiento,Postventa,6,False,Abandonada,False,1
5472,401,2025-04-30 19:28:56,WhatsApp,Seguimiento,Atención al Cliente,5,False,Finalizada,False,3
5473,762,2025-07-08 19:16:02,Telegram,Cancelar servicio,Ventas,4,False,Finalizada,False,4
5474,1147,2025-02-04 18:05:54,WhatsApp,Cancelar servicio,Soporte,4,False,Finalizada,False,3
5475,246,2025-03-29 19:07:20,WhatsApp,Consultar precios,Soporte,5,False,Finalizada,True,4
5476,1701,2025-04-14 19:46:40,WhatsApp,Solicitar información,Atención Comercial,5,False,Abandonada,False,2
5477,612,2025-03-09 08:39:19,Facebook,Consultar precios,Ventas,5,False,Finalizada,False,3
5478,1976,2025-09-26 12:47:00,WhatsApp,Seguimiento,Atención al Cliente,5,False,Abandonada,False,1
5479,525,2025-07-26 04:42:38,Instagram,Soporte técnico,Atención Comercial,18,True,Finalizada,False,2
5480,1447,2025-11-06 05:16:16,WhatsApp,Consultar precios,Ventas,4,False,Finalizada,True,5
5481,526,2025-08-13 15:00:41,Facebook,Seguimiento,Postventa,4,False,Abandonada,False,1
5482,1944,2025-01-13 18:21:39,Instagram,Consultar precios,Ventas,5,False,Finalizada,False,4
5483,1627,2025-04-28 18:20:56,Instagram,Soporte técnico,Postventa,16,False,Finalizada,False,4
5484,727,2025-05-05 18:57:03,WhatsApp,Agendar servicio,Postventa,6,False,Finalizada,False,4
5485,1638,2025-02-16 01:16:34,WhatsApp,Seguimiento,Atención Comercial,7,False,Finalizada,True,4
5486,461,2025-07-05 18:57:48,Web,Cancelar servicio,Soporte,2,False,Finalizada,False,3
5487,137,2025-07-24 15:42:42,WhatsApp,Cancelar servicio,Soporte,2,False,Finalizada,False,3
5488,41,2025-04-19 13:47:10,Web,Agendar servicio,Atención al Cliente,5,False,Finalizada,True,5
5489,1310,2025-01-30 20:37:53,Web,Reclamo,Postventa,8,False,Abandonada,False,1
5490,784,2025-12-22 12:19:28,WhatsApp,Soporte técnico,Atención al Cliente,10,False,Finalizada,False,3
5491,934,2025-10-28 20:27:31,Web,Seguimiento,Postventa,5,False,Finalizada,True,5
5492,1867,2025-08-14 19:16:16,Web,Consultar precios,Soporte,3,False,Finalizada,False,4
5493,421,2025-07-28 20:25:35,WhatsApp,Soporte técnico,Ventas,12,False,Finalizada,False,3
5494,1521,2025-08-11 13:42:44,Web,Reclamo,Ventas,11,False,Abandonada,False,2
5495,1940,2025-04-22 20:55:57,Facebook,Agendar servicio,Atención al Cliente,7,False,Finalizada,False,3
5496,669,2025-12-05 18:24:42,WhatsApp,Reclamo,Postventa,9,True,Finalizada,True,3
5497,530,2025-05-03 18:41:47,WhatsApp,Reclamo,Postventa,12,False,Finalizada,True,5
5498,358,2025-06-23 19:21:03,Instagram,Soporte técnico,Ventas,13,False,Finalizada,True,5
5499,359,2025-12-26 10:07:05,Facebook,Soporte técnico,Ventas,10,True,Abandonada,False,2
5500,304,2025-05-29 19:51:17,WhatsApp,Seguimiento,Soporte,5,False,Finalizada,True,5
5501,1686,2025-10-18 20:32:25,Facebook,Soporte técnico,Soporte,18,True,Finalizada,True,1
5502,735,2025-04-25 13:39:19,Instagram,Reclamo,Ventas,9,True,Finalizada,False,2
5503,919,2025-05-17 11:18:27,Instagram,Consultar precios,Ventas,5,False,Finalizada,True,5
5504,1416,2025-01-26 11:53:59,WhatsApp,Cancelar servicio,Soporte,3,False,Finalizada,False,4
5505,935,2025-05-12 20:15:47,Web,Solicitar información,Soporte,5,False,Finalizada,False,3
5506,945,2025-08-18 12:54:36,WhatsApp,Cancelar servicio,Ventas,4,False,Finalizada,False,3
5507,628,2025-09-22 12:14:00,Facebook,Agendar servicio,Ventas,6,False,Finalizada,False,3
5508,997,2025-02-03 13:54:59,Web,Reclamo,Atención al Cliente,13,True,Abandonada,False,1
5509,1207,2025-02-24 20:44:42,WhatsApp,Soporte técnico,Atención al Cliente,18,True,Finalizada,False,2
5510,1971,2025-08-25 20:54:25,Web,Consultar precios,Atención al Cliente,3,False,Finalizada,False,3
5511,735,2025-06-29 00:00:09,WhatsApp,Soporte técnico,Postventa,18,True,Finalizada,False,3
5512,1181,2025-08-01 20:01:25,Telegram,Consultar precios,Ventas,5,False,Finalizada,False,4
5513,1427,2025-10-05 19:03:04,WhatsApp,Seguimiento,Postventa,5,False,Finalizada,False,5
5514,1478,2025-08-31 18:53:50,WhatsApp,Solicitar información,Soporte,5,False,Finalizada,False,3
5515,1028,2025-03-21 13:19:29,WhatsApp,Agendar servicio,Soporte,8,False,Finalizada,False,4
5516,575,2025-04-28 03:46:16,WhatsApp,Seguimiento,Soporte,7,False,Finalizada,True,5
5517,742,2025-05-06 19:26:53,WhatsApp,Agendar servicio,Postventa,6,False,Abandonada,False,2
5518,495,2025-10-29 20:26:27,Web,Solicitar información,Atención Comercial,4,False,Finalizada,False,3
5519,537,2025-04-07 04:07:21,Web,Agendar servicio,Ventas,7,False,Finalizada,False,4
5520,722,2025-10-09 19:13:22,WhatsApp,Seguimiento,Postventa,6,False,Finalizada,True,5
5521,1138,2025-05-15 18:54:22,Web,Cancelar servicio,Soporte,3,False,Finalizada,False,3
5522,1368,2025-04-26 09:26:29,WhatsApp,Solicitar información,Ventas,5,False,Finalizada,True,4
5523,1870,2025-02-06 08:26:46,Instagram,Seguimiento,Ventas,5,True,Finalizada,False,3
5524,1024,2025-01-04 15:49:45,WhatsApp,Cancelar servicio,Soporte,4,False,Finalizada,True,5
5525,1014,2025-06-17 12:12:17,WhatsApp,Cancelar servicio,Ventas,3,False,Finalizada,False,3
5526,1304,2025-11-08 18:45:31,WhatsApp,Seguimiento,Soporte,5,False,Finalizada,True,5
5527,1306,2025-02-11 00:13:11,Web,Solicitar información,Soporte,4,False,Finalizada,False,3
5528,1234,2025-05-29 13:35:01,Web,Reclamo,Atención Comercial,10,False,Abandonada,False,2
5529,1592,2025-04-07 13:28:26,Web,Solicitar información,Soporte,5,False,Finalizada,True,5
5530,304,2025-10-30 09:36:52,Web,Cancelar servicio,Atención Comercial,3,False,Finalizada,False,4
5531,1607,2025-09-16 13:57:51,WhatsApp,Consultar precios,Atención al Cliente,3,False,Finalizada,True,5
5532,62,2025-04-23 10:52:13,WhatsApp,Solicitar información,Soporte,5,False,Finalizada,True,4
5533,1139,2025-10-11 11:05:53,WhatsApp,Reclamo,Atención Comercial,12,False,Finalizada,False,3
5534,103,2025-10-04 18:53:18,Instagram,Cancelar servicio,Soporte,4,False,Finalizada,False,4
5535,260,2025-02-06 18:50:37,Telegram,Solicitar información,Ventas,5,False,Finalizada,False,3
5536,1087,2025-08-11 20:47:46,WhatsApp,Agendar servicio,Ventas,5,False,Abandonada,False,1
5537,1413,2025-06-05 15:36:09,Web,Soporte técnico,Ventas,13,True,Abandonada,False,1
5538,1794,2025-06-12 09:37:45,WhatsApp,Consultar precios,Soporte,3,False,Finalizada,False,5
5539,1835,2025-12-20 16:30:40,WhatsApp,Consultar precios,Atención al Cliente,4,False,Finalizada,False,3
5540,1581,2025-08-02 20:41:56,WhatsApp,Soporte técnico,Atención al Cliente,11,False,Finalizada,True,5
5541,676,2025-11-23 13:16:35,Facebook,Consultar precios,Soporte,4,False,Finalizada,False,3
5542,1014,2025-02-07 13:43:10,WhatsApp,Soporte técnico,Postventa,18,True,Finalizada,True,1
5543,789,2025-09-16 12:29:31,WhatsApp,Solicitar información,Atención Comercial,6,False,Finalizada,False,5
5544,1641,2025-01-09 10:46:02,Web,Reclamo,Ventas,12,False,Finalizada,False,3
5545,1779,2025-04-15 19:42:05,Web,Soporte técnico,Ventas,16,False,Finalizada,False,4
5546,1260,2025-08-03 13:12:15,WhatsApp,Consultar precios,Soporte,5,False,Finalizada,False,4
5547,682,2025-10-19 19:56:04,WhatsApp,Cancelar servicio,Atención Comercial,3,False,Abandonada,False,1
5548,1628,2025-09-16 20:18:10,Telegram,Cancelar servicio,Ventas,4,False,Finalizada,False,3
5549,1009,2025-08-29 18:32:25,WhatsApp,Consultar precios,Atención al Cliente,3,False,Abandonada,False,1
5550,767,2025-04-16 19:14:34,Web,Reclamo,Atención Comercial,9,False,Finalizada,False,5
5551,1850,2025-01-27 13:33:53,WhatsApp,Reclamo,Atención al Cliente,11,False,Finalizada,False,4
5552,923,2025-04-06 19:23:53,Telegram,Solicitar información,Ventas,6,False,Finalizada,False,4
5553,1874,2025-07-18 20:30:10,WhatsApp,Consultar precios,Soporte,4,False,Abandonada,False,1
5554,1485,2025-12-11 19:33:35,Facebook,Cancelar servicio,Postventa,4,False,Finalizada,True,4
5555,152,2025-10-10 03:31:09,WhatsApp,Cancelar servicio,Atención al Cliente,4,False,Abandonada,False,2
5556,1391,2025-06-23 15:18:13,WhatsApp,Agendar servicio,Soporte,6,False,Finalizada,True,4
5557,1418,2025-09-10 18:11:30,WhatsApp,Solicitar información,Postventa,6,False,Finalizada,False,4
5558,747,2025-07-28 13:46:16,Facebook,Consultar precios,Soporte,3,False,Abandonada,False,2
5559,1129,2025-05-28 12:14:38,Web,Reclamo,Postventa,10,False,Finalizada,False,4
5560,1515,2025-08-11 13:13:18,WhatsApp,Agendar servicio,Atención Comercial,5,False,Finalizada,False,4
5561,839,2025-03-25 18:04:41,Facebook,Solicitar información,Atención Comercial,5,False,Finalizada,False,5
5562,1355,2025-08-16 18:40:50,WhatsApp,Soporte técnico,Atención Comercial,18,False,Finalizada,True,5
5563,6,2025-03-01 13:15:26,Facebook,Seguimiento,Atención Comercial,7,False,Finalizada,True,5
5564,1606,2025-08-09 19:50:23,WhatsApp,Solicitar información,Ventas,4,False,Finalizada,True,5
5565,532,2025-01-15 20:50:00,WhatsApp,Seguimiento,Atención al Cliente,7,False,Finalizada,True,4
5566,894,2025-10-13 17:27:46,WhatsApp,Soporte técnico,Postventa,18,False,Finalizada,False,4
5567,629,2025-11-09 03:44:33,Telegram,Agendar servicio,Atención Comercial,7,False,Finalizada,True,5
5568,1004,2025-09-25 12:06:50,WhatsApp,Soporte técnico,Ventas,14,False,Abandonada,False,1
5569,424,2025-10-09 15:36:18,Telegram,Cancelar servicio,Ventas,2,False,Abandonada,False,1
5570,788,2025-04-12 20:56:50,Instagram,Seguimiento,Soporte,5,False,Finalizada,False,4
5571,890,2025-08-04 18:24:48,WhatsApp,Seguimiento,Atención Comercial,5,False,Finalizada,True,4
5572,1257,2025-10-03 12:07:33,Web,Solicitar información,Postventa,5,False,Abandonada,False,1
5573,657,2025-03-30 13:11:18,WhatsApp,Soporte técnico,Atención al Cliente,18,False,Finalizada,True,5
5574,68,2025-02-06 09:56:51,WhatsApp,Seguimiento,Soporte,4,False,Finalizada,True,4
5575,594,2025-01-28 18:53:21,Facebook,Cancelar servicio,Atención Comercial,2,False,Finalizada,False,3
5576,485,2025-06-18 19:00:00,Web,Cancelar servicio,Soporte,4,False,Finalizada,False,3
5577,1895,2025-11-23 20:12:09,Web,Agendar servicio,Postventa,6,False,Finalizada,False,3
5578,1616,2025-12-25 08:53:55,WhatsApp,Soporte técnico,Soporte,16,False,Finalizada,True,4
5579,514,2025-08-17 20:29:55,WhatsApp,Consultar precios,Soporte,5,False,Abandonada,False,1
5580,1157,2025-08-04 19:02:08,WhatsApp,Solicitar información,Ventas,6,False,Abandonada,False,2
5581,1600,2025-03-30 12:05:25,WhatsApp,Seguimiento,Soporte,6,True,Abandonada,False,1
5582,176,2025-06-27 13:54:21,Web,Reclamo,Ventas,12,True,Abandonada,False,2
5583,1756,2025-01-11 12:16:49,Telegram,Reclamo,Ventas,9,False,Finalizada,False,3
5584,1463,2025-07-21 18:39:34,Facebook,Seguimiento,Atención Comercial,5,False,Finalizada,False,5
5585,1532,2025-07-08 04:20:00,Web,Solicitar información,Atención al Cliente,6,False,Finalizada,False,5
5586,982,2025-07-21 19:22:24,WhatsApp,Agendar servicio,Soporte,7,False,Finalizada,True,5
5587,814,2025-04-07 19:40:40,WhatsApp,Solicitar información,Ventas,6,False,Finalizada,False,4
5588,1351,2025-08-29 08:30:49,Telegram,Solicitar información,Atención al Cliente,6,False,Finalizada,False,5
5589,1102,2025-02-14 09:44:39,Web,Soporte técnico,Postventa,15,True,Finalizada,True,2
5590,394,2025-10-27 12:20:52,WhatsApp,Solicitar información,Atención al Cliente,4,False,Finalizada,True,5
5591,858,2025-10-03 09:03:07,Web,Solicitar información,Postventa,5,False,Finalizada,True,4
5592,630,2025-09-26 12:34:43,WhatsApp,Cancelar servicio,Ventas,4,False,Finalizada,False,5
5593,759,2025-02-27 13:08:17,Facebook,Reclamo,Soporte,11,False,Finalizada,False,3
5594,1317,2025-10-02 11:44:45,Web,Reclamo,Ventas,12,True,Finalizada,False,1
5595,1250,2025-03-20 19:03:50,Facebook,Agendar servicio,Atención Comercial,8,False,Finalizada,True,5
5596,1588,2025-08-09 12:18:01,Facebook,Cancelar servicio,Atención Comercial,3,False,Abandonada,False,1
5597,117,2025-09-25 18:34:45,WhatsApp,Reclamo,Atención Comercial,9,True,Finalizada,True,2
5598,817,2025-05-21 12:27:15,WhatsApp,Agendar servicio,Postventa,8,False,Abandonada,False,1
5599,836,2025-11-11 13:52:11,Facebook,Consultar precios,Atención Comercial,4,False,Abandonada,False,1
5600,378,2025-11-21 19:46:47,Facebook,Reclamo,Atención Comercial,14,False,Finalizada,False,3
5601,243,2025-01-23 13:56:43,Facebook,Solicitar información,Soporte,6,False,Finalizada,False,4
5602,1062,2025-11-11 18:52:58,WhatsApp,Agendar servicio,Atención al Cliente,6,False,Abandonada,False,2
5603,1421,2025-01-19 19:22:54,Web,Consultar precios,Postventa,5,False,Finalizada,False,4
5604,1258,2025-11-12 13:54:13,WhatsApp,Agendar servicio,Ventas,7,False,Abandonada,False,1
5605,879,2025-12-09 12:11:11,Instagram,Agendar servicio,Postventa,8,True,Abandonada,False,1
5606,803,2025-04-12 18:15:20,WhatsApp,Seguimiento,Soporte,4,False,Abandonada,False,1
5607,393,2025-03-06 18:32:55,Facebook,Solicitar información,Postventa,4,False,Abandonada,False,1
5608,602,2025-03-05 03:48:00,Web,Agendar servicio,Postventa,6,False,Finalizada,False,5
5609,1706,2025-09-17 02:10:37,Web,Consultar precios,Postventa,5,False,Finalizada,False,4
5610,638,2025-12-03 18:23:14,WhatsApp,Solicitar información,Soporte,4,False,Finalizada,True,5
5611,1651,2025-02-23 19:52:06,Web,Cancelar servicio,Soporte,4,False,Finalizada,False,4
5612,47,2025-12-18 00:57:08,WhatsApp,Agendar servicio,Ventas,8,False,Finalizada,False,4
5613,1525,2025-07-19 01:24:10,Instagram,Reclamo,Soporte,15,False,Abandonada,False,1
5614,176,2025-03-07 12:00:55,Instagram,Solicitar información,Atención Comercial,4,False,Finalizada,False,4
5615,1815,2025-06-26 11:14:29,Web,Solicitar información,Postventa,6,False,Abandonada,False,1
5616,1422,2025-04-11 13:32:46,Instagram,Cancelar servicio,Atención Comercial,2,True,Finalizada,False,3
5617,435,2025-12-01 04:04:14,Web,Reclamo,Postventa,9,True,Finalizada,False,2
5618,736,2025-11-09 19:09:13,Telegram,Seguimiento,Atención Comercial,7,False,Finalizada,False,3
5619,379,2025-09-30 12:40:54,WhatsApp,Soporte técnico,Atención al Cliente,12,False,Abandonada,False,2
5620,463,2025-03-13 18:17:56,WhatsApp,Reclamo,Ventas,13,False,Finalizada,False,3
5621,1981,2025-11-23 16:03:42,Web,Cancelar servicio,Soporte,3,False,Finalizada,False,5
5622,973,2025-06-27 19:38:17,Instagram,Soporte técnico,Atención al Cliente,18,False,Finalizada,False,4
5623,124,2025-06-02 19:33:52,WhatsApp,Solicitar información,Atención Comercial,4,False,Finalizada,True,4
5624,753,2025-12-31 12:06:29,Telegram,Reclamo,Soporte,13,True,Finalizada,False,2
5625,261,2025-01-12 20:22:12,Web,Reclamo,Ventas,11,False,Abandonada,False,2
5626,504,2025-10-30 19:51:52,Web,Consultar precios,Atención Comercial,5,False,Abandonada,False,1
5627,1321,2025-01-27 13:57:08,WhatsApp,Cancelar servicio,Postventa,2,False,Finalizada,True,5
5628,998,2025-10-29 16:12:35,WhatsApp,Cancelar servicio,Postventa,2,False,Abandonada,False,1
5629,225,2025-03-04 20:33:14,Web,Soporte técnico,Atención al Cliente,11,True,Abandonada,False,2
5630,143,2025-07-15 12:07:37,Web,Cancelar servicio,Postventa,3,False,Abandonada,False,1
5631,1728,2025-10-01 10:26:11,WhatsApp,Cancelar servicio,Soporte,4,False,Finalizada,False,3
5632,1761,2025-12-05 18:44:10,Web,Solicitar información,Postventa,5,False,Finalizada,False,4
5633,1157,2025-04-05 12:12:00,WhatsApp,Agendar servicio,Atención Comercial,5,False,Finalizada,True,4
5634,431,2025-08-09 20:45:31,WhatsApp,Consultar precios,Soporte,4,False,Finalizada,True,5
5635,632,2025-05-01 12:04:25,WhatsApp,Reclamo,Postventa,15,True,Abandonada,False,2
5636,711,2025-05-23 18:55:57,WhatsApp,Cancelar servicio,Atención Comercial,3,False,Finalizada,True,4
5637,1212,2025-11-24 20:53:23,Facebook,Consultar precios,Soporte,4,False,Finalizada,True,5
5638,932,2025-06-09 01:08:26,Facebook,Agendar servicio,Postventa,6,False,Finalizada,False,4
5639,1235,2025-08-07 12:31:28,Facebook,Seguimiento,Atención al Cliente,4,False,Finalizada,False,3
5640,1262,2025-01-07 17:14:46,WhatsApp,Consultar precios,Atención al Cliente,5,False,Finalizada,False,4
5641,1239,2025-03-12 19:07:58,Telegram,Seguimiento,Soporte,6,False,Finalizada,False,3
5642,1838,2025-10-06 20:20:04,Facebook,Seguimiento,Atención al Cliente,7,False,Abandonada,False,1
5643,1412,2025-05-09 12:29:11,WhatsApp,Agendar servicio,Atención al Cliente,6,False,Finalizada,False,5
5644,12,2025-03-30 13:54:31,WhatsApp,Soporte técnico,Soporte,15,False,Finalizada,True,5
5645,1713,2025-08-06 04:07:10,WhatsApp,Cancelar servicio,Atención Comercial,4,False,Finalizada,True,5
5646,464,2025-09-18 19:53:28,WhatsApp,Cancelar servicio,Atención Comercial,2,False,Finalizada,False,3
5647,405,2025-09-10 20:57:40,Instagram,Cancelar servicio,Soporte,4,False,Finalizada,True,5
5648,833,2025-03-15 19:43:07,WhatsApp,Agendar servicio,Ventas,6,False,Finalizada,True,5
5649,1111,2025-08-20 18:32:06,WhatsApp,Soporte técnico,Postventa,12,False,Finalizada,True,4
5650,1051,2025-08-23 13:29:11,Instagram,Reclamo,Ventas,15,False,Finalizada,False,4
5651,1199,2025-01-03 13:38:06,Instagram,Solicitar información,Atención Comercial,4,False,Finalizada,False,3
5652,1708,2025-06-03 18:26:01,WhatsApp,Seguimiento,Postventa,6,False,Finalizada,False,5
5653,1900,2025-11-15 12:36:23,WhatsApp,Agendar servicio,Atención al Cliente,8,False,Finalizada,True,5
5654,251,2025-07-21 13:47:41,Web,Reclamo,Atención al Cliente,8,False,Finalizada,True,5
5655,1693,2025-10-05 13:11:34,Web,Reclamo,Atención Comercial,14,False,Finalizada,True,5
5656,166,2025-04-26 13:09:03,WhatsApp,Seguimiento,Soporte,6,True,Finalizada,False,3
5657,1849,2025-08-29 12:17:19,Web,Cancelar servicio,Atención al Cliente,4,False,Abandonada,False,1
5658,196,2025-07-16 12:18:57,WhatsApp,Agendar servicio,Atención Comercial,7,False,Finalizada,True,5
5659,153,2025-10-23 12:05:46,Facebook,Soporte técnico,Ventas,13,False,Finalizada,True,5
5660,1855,2025-01-14 02:52:34,Facebook,Consultar precios,Postventa,3,False,Finalizada,False,4
5661,15,2025-12-12 15:41:27,WhatsApp,Seguimiento,Atención Comercial,7,False,Abandonada,False,1
5662,230,2025-09-16 13:56:56,WhatsApp,Reclamo,Atención Comercial,8,False,Finalizada,True,5
5663,243,2025-07-03 13:21:35,Instagram,Seguimiento,Ventas,7,False,Finalizada,False,3
5664,920,2025-03-26 20:05:57,Instagram,Seguimiento,Ventas,4,False,Abandonada,False,2
5665,1432,2025-04-10 13:07:14,WhatsApp,Seguimiento,Atención al Cliente,4,True,Finalizada,True,1
5666,1131,2025-12-31 20:00:23,Web,Solicitar información,Soporte,5,False,Abandonada,False,1
5667,784,2025-10-09 20:33:46,Web,Solicitar información,Postventa,4,False,Abandonada,False,1
5668,1332,2025-03-09 15:08:37,WhatsApp,Consultar precios,Atención al Cliente,3,False,Finalizada,False,4
5669,294,2025-03-11 01:52:57,WhatsApp,Soporte técnico,Soporte,14,False,Abandonada,False,1
5670,1858,2025-01-07 13:35:45,WhatsApp,Reclamo,Postventa,11,False,Finalizada,True,5
5671,520,2025-01-26 20:52:12,Web,Soporte técnico,Atención al Cliente,15,True,Abandonada,False,1
5672,838,2025-04-26 05:18:24,Web,Cancelar servicio,Atención Comercial,4,False,Finalizada,True,4
5673,1158,2025-08-08 12:27:19,Instagram,Agendar servicio,Ventas,5,False,Finalizada,False,3
5674,23,2025-05-19 19:52:05,WhatsApp,Seguimiento,Ventas,6,True,Abandonada,False,2
5675,816,2025-02-05 08:14:56,Instagram,Soporte técnico,Ventas,17,True,Finalizada,False,3
5676,1626,2025-09-28 08:52:46,Instagram,Consultar precios,Postventa,4,False,Finalizada,False,5
5677,717,2025-12-13 18:34:47,WhatsApp,Cancelar servicio,Ventas,2,False,Finalizada,False,3
5678,1941,2025-10-27 05:05:55,WhatsApp,Solicitar información,Ventas,4,False,Finalizada,True,5
5679,858,2025-11-08 13:24:11,Instagram,Soporte técnico,Atención al Cliente,13,False,Finalizada,False,3
5680,1724,2025-07-25 18:51:29,Web,Reclamo,Atención al Cliente,13,False,Abandonada,False,1
5681,425,2025-02-27 18:25:40,WhatsApp,Solicitar información,Atención Comercial,6,False,Finalizada,True,5
5682,1780,2025-07-01 13:38:28,WhatsApp,Soporte técnico,Soporte,18,False,Finalizada,True,5
5683,1470,2025-06-18 04:21:36,WhatsApp,Reclamo,Atención Comercial,13,True,Abandonada,False,1
5684,657,2025-08-11 04:29:19,Facebook,Seguimiento,Postventa,7,False,Abandonada,False,1
5685,363,2025-08-27 12:10:00,Web,Agendar servicio,Ventas,8,False,Finalizada,False,5
5686,751,2025-01-21 10:05:13,WhatsApp,Reclamo,Atención Comercial,12,False,Finalizada,False,5
5687,455,2025-09-01 20:32:19,Web,Agendar servicio,Atención Comercial,8,False,Abandonada,False,2
5688,1721,2025-11-01 20:31:54,Web,Solicitar información,Atención Comercial,4,False,Abandonada,False,1
5689,1849,2025-09-03 04:01:43,Web,Reclamo,Atención al Cliente,8,False,Finalizada,True,5
5690,776,2025-09-22 20:05:17,Instagram,Cancelar servicio,Atención al Cliente,3,False,Finalizada,False,4
5691,17,2025-05-27 10:43:04,Web,Reclamo,Ventas,14,False,Finalizada,True,4
5692,754,2025-05-24 20:42:43,Web,Solicitar información,Soporte,5,False,Finalizada,False,3
5693,701,2025-11-01 19:41:00,WhatsApp,Consultar precios,Atención Comercial,3,False,Finalizada,False,5
5694,1914,2025-03-15 19:42:25,Web,Agendar servicio,Soporte,7,False,Finalizada,False,3
5695,1215,2025-05-16 20:58:43,Facebook,Cancelar servicio,Atención al Cliente,4,False,Finalizada,False,4
5696,1699,2025-02-06 18:23:36,WhatsApp,Solicitar información,Ventas,5,False,Finalizada,True,4
5697,1363,2025-12-02 03:33:17,WhatsApp,Consultar precios,Postventa,5,False,Abandonada,False,1
5698,1176,2025-05-11 20:49:42,Facebook,Solicitar información,Atención Comercial,4,False,Finalizada,False,3
5699,1596,2025-02-17 12:05:20,Facebook,Soporte técnico,Ventas,11,True,Finalizada,True,1
5700,757,2025-09-20 16:14:15,WhatsApp,Reclamo,Postventa,10,False,Finalizada,False,5
5701,469,2025-03-26 18:27:31,WhatsApp,Agendar servicio,Atención al Cliente,6,True,Abandonada,False,1
5702,457,2025-01-18 20:43:26,Facebook,Reclamo,Postventa,8,False,Finalizada,True,4
5703,487,2025-08-07 08:43:54,Web,Reclamo,Atención Comercial,9,False,Abandonada,False,1
5704,1732,2025-02-07 18:54:52,WhatsApp,Agendar servicio,Atención Comercial,6,False,Finalizada,False,4
5705,1788,2025-09-11 13:32:45,Web,Consultar precios,Soporte,4,False,Finalizada,False,5
5706,132,2025-10-24 04:41:53,WhatsApp,Seguimiento,Postventa,7,False,Finalizada,False,3
5707,1758,2025-10-17 00:38:20,WhatsApp,Consultar precios,Atención Comercial,4,False,Abandonada,False,1
5708,1384,2025-03-25 20:25:03,Web,Agendar servicio,Soporte,8,False,Finalizada,True,5
5709,1522,2025-09-22 05:03:20,Instagram,Consultar precios,Atención al Cliente,3,False,Finalizada,False,5
5710,302,2025-08-08 13:07:33,Web,Seguimiento,Atención al Cliente,6,True,Finalizada,True,2
5711,1591,2025-03-16 03:48:56,WhatsApp,Cancelar servicio,Soporte,3,False,Finalizada,False,4
5712,1553,2025-05-24 01:44:51,Web,Consultar precios,Soporte,4,False,Finalizada,True,5
5713,283,2025-09-24 19:09:52,Web,Cancelar servicio,Ventas,3,False,Finalizada,False,3
5714,552,2025-12-25 18:13:56,Web,Agendar servicio,Atención Comercial,5,False,Finalizada,False,5
5715,235,2025-08-06 13:50:52,Instagram,Seguimiento,Postventa,5,False,Finalizada,True,5
5716,958,2025-10-02 20:28:18,Facebook,Soporte técnico,Postventa,16,False,Finalizada,False,5
5717,1617,2025-07-10 13:22:20,WhatsApp,Soporte técnico,Atención Comercial,14,True,Finalizada,False,2
5718,1942,2025-12-13 13:24:37,Web,Solicitar información,Postventa,6,False,Abandonada,False,2
5719,1471,2025-03-04 11:27:51,Facebook,Soporte técnico,Atención Comercial,15,True,Finalizada,False,1
5720,378,2025-02-23 12:00:51,Instagram,Seguimiento,Atención Comercial,5,False,Abandonada,False,1
5721,1059,2025-03-21 18:58:14,WhatsApp,Agendar servicio,Atención Comercial,8,False,Finalizada,True,5
5722,1169,2025-12-15 19:04:28,WhatsApp,Reclamo,Atención Comercial,8,False,Finalizada,True,5
5723,116,2025-07-23 18:18:13,WhatsApp,Seguimiento,Atención al Cliente,4,False,Finalizada,True,5
5724,1800,2025-11-10 19:44:43,WhatsApp,Reclamo,Postventa,8,True,Finalizada,False,2
5725,1970,2025-04-23 10:29:39,Facebook,Consultar precios,Atención al Cliente,3,False,Finalizada,False,5
5726,1435,2025-12-26 12:54:13,Instagram,Cancelar servicio,Postventa,2,False,Finalizada,False,3
5727,469,2025-02-24 18:31:32,Facebook,Solicitar información,Soporte,5,False,Finalizada,False,3
5728,624,2025-10-04 05:23:21,Facebook,Seguimiento,Ventas,7,False,Finalizada,False,4
5729,444,2025-06-23 19:27:34,WhatsApp,Consultar precios,Postventa,3,False,Finalizada,True,5
5730,649,2025-02-08 13:36:09,WhatsApp,Solicitar información,Soporte,6,False,Finalizada,True,5
5731,1673,2025-01-24 15:37:37,WhatsApp,Agendar servicio,Atención al Cliente,7,False,Finalizada,False,4
5732,1122,2025-12-07 18:47:08,Facebook,Agendar servicio,Atención al Cliente,8,False,Finalizada,True,5
5733,30,2025-07-18 00:17:41,WhatsApp,Cancelar servicio,Soporte,2,False,Finalizada,True,5
5734,312,2025-12-17 10:40:11,WhatsApp,Reclamo,Soporte,9,True,Finalizada,False,1
5735,1241,2025-06-19 10:30:55,Facebook,Seguimiento,Atención Comercial,5,False,Abandonada,False,1
5736,1501,2025-02-16 13:16:30,WhatsApp,Reclamo,Postventa,10,False,Finalizada,True,5
5737,559,2025-05-08 20:25:37,Facebook,Consultar precios,Atención Comercial,3,False,Finalizada,True,5
5738,356,2025-01-03 12:36:42,WhatsApp,Soporte técnico,Ventas,13,False,Finalizada,True,5
5739,1253,2025-06-17 20:17:00,Web,Agendar servicio,Atención al Cliente,5,False,Abandonada,False,2
5740,385,2025-10-08 19:39:52,Instagram,Consultar precios,Atención al Cliente,5,False,Finalizada,False,3
5741,103,2025-01-22 19:12:26,WhatsApp,Reclamo,Atención al Cliente,14,False,Abandonada,False,1
5742,187,2025-02-19 19:16:41,Web,Soporte técnico,Ventas,10,False,Finalizada,False,5
5743,1304,2025-11-02 12:48:55,Web,Agendar servicio,Ventas,8,False,Finalizada,False,4
5744,1112,2025-04-22 13:13:40,WhatsApp,Consultar precios,Atención al Cliente,5,False,Finalizada,False,5
5745,1273,2025-05-26 10:50:39,Web,Soporte técnico,Soporte,15,False,Finalizada,False,3
5746,567,2025-05-30 03:22:54,Web,Cancelar servicio,Atención Comercial,2,False,Finalizada,False,3
5747,424,2025-12-11 17:50:10,Instagram,Soporte técnico,Postventa,17,True,Finalizada,True,3
5748,280,2025-12-29 19:38:35,Facebook,Reclamo,Atención al Cliente,9,False,Finalizada,False,3
5749,263,2025-09-13 13:14:14,Facebook,Consultar precios,Atención Comercial,5,False,Finalizada,False,4
5750,1153,2025-12-28 11:50:00,WhatsApp,Soporte técnico,Soporte,18,True,Abandonada,False,1
5751,1927,2025-05-02 18:31:45,Facebook,Agendar servicio,Atención al Cliente,6,False,Finalizada,False,4
5752,54,2025-10-22 02:23:17,Facebook,Cancelar servicio,Atención Comercial,3,False,Finalizada,False,3
5753,382,2025-04-05 12:01:17,Web,Agendar servicio,Postventa,5,False,Finalizada,True,5
5754,1876,2025-02-03 15:24:39,Web,Soporte técnico,Postventa,14,False,Finalizada,True,5
5755,1034,2025-10-05 13:46:17,Instagram,Soporte técnico,Ventas,12,False,Finalizada,False,5
5756,1086,2025-04-20 20:43:04,Instagram,Reclamo,Atención al Cliente,15,False,Finalizada,False,3
5757,1015,2025-09-03 12:47:33,WhatsApp,Cancelar servicio,Soporte,2,False,Finalizada,False,5
5758,1291,2025-07-16 00:07:40,WhatsApp,Agendar servicio,Soporte,5,False,Finalizada,True,4
5759,781,2025-02-27 18:17:43,Telegram,Seguimiento,Postventa,4,False,Finalizada,False,4
5760,1329,2025-06-03 16:59:43,WhatsApp,Agendar servicio,Atención Comercial,5,False,Finalizada,False,3
5761,451,2025-05-14 09:49:01,Facebook,Cancelar servicio,Atención al Cliente,4,True,Finalizada,False,2
5762,602,2025-08-01 19:50:09,WhatsApp,Consultar precios,Atención Comercial,4,False,Finalizada,True,5
5763,661,2025-09-08 12:01:42,Web,Solicitar información,Ventas,6,False,Abandonada,False,2
5764,148,2025-02-25 11:41:02,Web,Agendar servicio,Atención Comercial,6,False,Finalizada,False,3
5765,145,2025-07-05 02:00:22,Facebook,Cancelar servicio,Postventa,2,False,Finalizada,True,5
5766,1833,2025-12-03 12:31:45,WhatsApp,Seguimiento,Soporte,7,False,Finalizada,False,4
5767,766,2025-11-05 20:24:59,Facebook,Agendar servicio,Ventas,5,False,Finalizada,True,4
5768,1543,2025-09-26 13:24:57,Web,Consultar precios,Ventas,3,False,Finalizada,False,3
5769,1668,2025-02-13 19:38:37,Instagram,Solicitar información,Atención Comercial,4,False,Finalizada,True,5
5770,1578,2025-04-10 18:49:49,WhatsApp,Agendar servicio,Atención al Cliente,6,False,Finalizada,True,4
5771,1616,2025-07-08 20:05:33,Telegram,Solicitar información,Atención Comercial,6,False,Abandonada,False,1
5772,1124,2025-07-26 13:52:17,Web,Cancelar servicio,Atención al Cliente,4,False,Finalizada,False,3
5773,645,2025-10-10 18:45:36,Web,Soporte técnico,Ventas,13,False,Finalizada,False,3
5774,564,2025-10-06 03:53:43,Facebook,Cancelar servicio,Atención al Cliente,2,True,Finalizada,True,2
5775,998,2025-12-03 17:39:05,Web,Cancelar servicio,Postventa,3,True,Finalizada,False,3
5776,568,2025-09-27 12:07:11,WhatsApp,Reclamo,Ventas,8,False,Finalizada,False,5
5777,1042,2025-01-03 18:04:41,Facebook,Cancelar servicio,Atención al Cliente,3,False,Finalizada,True,5
5778,432,2025-12-30 19:33:51,WhatsApp,Soporte técnico,Postventa,14,True,Abandonada,False,2
5779,613,2025-03-04 12:16:57,Instagram,Seguimiento,Ventas,7,False,Abandonada,False,1
5780,1731,2025-01-15 19:59:14,Web,Seguimiento,Atención Comercial,5,False,Finalizada,True,5
5781,1486,2025-06-01 18:37:00,WhatsApp,Agendar servicio,Atención al Cliente,5,False,Finalizada,True,5
5782,1071,2025-02-14 00:30:32,WhatsApp,Cancelar servicio,Ventas,4,False,Finalizada,False,5
5783,301,2025-09-11 12:14:50,Web,Consultar precios,Atención Comercial,5,False,Finalizada,False,4
5784,440,2025-01-17 08:55:25,Facebook,Solicitar información,Soporte,5,False,Finalizada,False,3
5785,1721,2025-11-04 12:03:12,Telegram,Cancelar servicio,Atención Comercial,4,False,Abandonada,False,1
5786,744,2025-03-09 13:38:29,Facebook,Soporte técnico,Atención al Cliente,16,False,Finalizada,True,5
5787,1726,2025-04-20 20:57:14,Web,Reclamo,Atención Comercial,14,True,Abandonada,False,2
5788,1991,2025-07-24 19:32:15,Instagram,Soporte técnico,Soporte,13,False,Finalizada,True,5
5789,1897,2025-10-29 18:12:47,Web,Soporte técnico,Atención al Cliente,11,True,Finalizada,False,2
5790,996,2025-03-07 03:16:43,Facebook,Soporte técnico,Ventas,14,True,Finalizada,False,3
5791,1378,2025-09-11 18:52:49,Web,Consultar precios,Soporte,4,False,Abandonada,False,2
5792,681,2025-10-31 08:10:54,Web,Seguimiento,Atención al Cliente,7,False,Abandonada,False,2
5793,675,2025-11-01 18:49:47,WhatsApp,Seguimiento,Ventas,7,False,Finalizada,True,5
5794,88,2025-05-08 20:36:39,Web,Cancelar servicio,Ventas,2,False,Abandonada,False,1
5795,504,2025-07-26 13:23:14,Instagram,Cancelar servicio,Soporte,4,True,Finalizada,False,2
5796,1977,2025-06-23 12:59:04,Telegram,Cancelar servicio,Soporte,3,False,Finalizada,True,5
5797,1769,2025-07-23 20:12:11,Telegram,Cancelar servicio,Postventa,4,False,Finalizada,True,5
5798,559,2025-08-15 12:01:07,Telegram,Consultar precios,Soporte,3,False,Abandonada,False,2
5799,955,2025-04-04 13:58:38,Web,Seguimiento,Soporte,7,False,Finalizada,True,5
5800,1295,2025-05-12 18:14:57,WhatsApp,Soporte técnico,Postventa,11,False,Finalizada,True,4
5801,314,2025-12-18 12:37:29,WhatsApp,Reclamo,Postventa,15,False,Finalizada,True,5
5802,949,2025-05-27 18:06:52,WhatsApp,Cancelar servicio,Soporte,3,False,Finalizada,True,4
5803,1015,2025-05-05 20:40:45,Web,Consultar precios,Atención Comercial,3,False,Finalizada,True,5
5804,541,2025-04-22 13:12:50,Telegram,Reclamo,Ventas,12,False,Finalizada,False,3
5805,1346,2025-06-04 13:58:31,Web,Consultar precios,Atención al Cliente,3,False,Finalizada,True,5
5806,1526,2025-05-17 12:23:22,WhatsApp,Solicitar información,Atención al Cliente,5,False,Finalizada,True,5
5807,1799,2025-03-01 19:07:00,WhatsApp,Consultar precios,Postventa,5,False,Abandonada,False,2
5808,395,2025-05-20 03:38:17,Facebook,Soporte técnico,Atención al Cliente,13,True,Finalizada,False,2
5809,822,2025-05-07 13:12:37,Instagram,Agendar servicio,Atención al Cliente,5,False,Finalizada,False,4
5810,1869,2025-09-09 18:21:54,Instagram,Solicitar información,Atención Comercial,5,False,Finalizada,False,5
5811,1927,2025-09-17 12:35:54,WhatsApp,Solicitar información,Soporte,5,False,Finalizada,False,4
5812,1655,2025-05-18 20:09:25,WhatsApp,Consultar precios,Ventas,4,False,Finalizada,True,5
5813,1789,2025-01-04 20:33:16,Facebook,Seguimiento,Atención al Cliente,7,False,Abandonada,False,1
5814,1460,2025-05-05 12:31:19,Web,Soporte técnico,Atención al Cliente,17,False,Abandonada,False,2
5815,1843,2025-04-19 12:22:28,Web,Consultar precios,Atención al Cliente,3,False,Finalizada,True,5
5816,1681,2025-11-30 20:15:50,Web,Solicitar información,Postventa,5,False,Finalizada,True,5
5817,499,2025-01-16 10:32:58,Web,Cancelar servicio,Postventa,4,False,Finalizada,False,4
5818,960,2025-10-25 18:21:36,Instagram,Seguimiento,Atención al Cliente,6,False,Abandonada,False,1
5819,997,2025-12-29 20:10:02,WhatsApp,Soporte técnico,Ventas,12,False,Finalizada,False,4
5820,455,2025-02-19 19:43:05,WhatsApp,Soporte técnico,Postventa,15,False,Finalizada,False,5
5821,165,2025-11-11 02:54:38,Facebook,Soporte técnico,Ventas,12,False,Abandonada,False,1
5822,156,2025-06-20 17:44:33,Web,Consultar precios,Ventas,3,False,Abandonada,False,1
5823,1487,2025-07-14 18:27:39,WhatsApp,Soporte técnico,Atención al Cliente,14,False,Finalizada,True,5
5824,344,2025-04-24 09:25:42,Web,Seguimiento,Atención Comercial,5,False,Finalizada,True,5
5825,1896,2025-05-11 17:25:58,Facebook,Cancelar servicio,Soporte,2,False,Finalizada,False,3
5826,1924,2025-08-18 13:03:09,WhatsApp,Seguimiento,Atención Comercial,6,False,Abandonada,False,2
5827,1704,2025-12-14 18:41:15,Web,Cancelar servicio,Atención Comercial,2,False,Abandonada,False,1
5828,702,2025-10-21 13:51:34,Facebook,Solicitar información,Ventas,4,False,Finalizada,False,4
5829,1444,2025-08-21 18:47:03,Web,Cancelar servicio,Postventa,3,False,Finalizada,False,3
5830,1798,2025-08-25 12:05:04,WhatsApp,Solicitar información,Atención Comercial,4,True,Abandonada,False,1
5831,57,2025-06-01 19:56:15,WhatsApp,Cancelar servicio,Atención al Cliente,4,False,Finalizada,False,5
5832,530,2025-10-04 11:25:33,Telegram,Consultar precios,Atención al Cliente,4,False,Finalizada,False,3
5833,460,2025-01-19 13:56:24,Web,Solicitar información,Ventas,6,False,Finalizada,False,3
5834,1927,2025-03-03 05:31:56,WhatsApp,Cancelar servicio,Ventas,4,False,Abandonada,False,1
5835,227,2025-07-03 19:45:43,WhatsApp,Agendar servicio,Soporte,6,False,Finalizada,False,4
5836,1525,2025-06-10 19:11:55,WhatsApp,Cancelar servicio,Atención al Cliente,2,False,Abandonada,False,1
5837,1338,2025-05-17 19:43:04,WhatsApp,Solicitar información,Atención Comercial,5,False,Finalizada,False,3
5838,458,2025-12-25 10:16:41,WhatsApp,Agendar servicio,Ventas,7,False,Finalizada,False,5
5839,1177,2025-02-27 13:56:43,Web,Seguimiento,Atención Comercial,4,False,Finalizada,True,4
5840,937,2025-03-09 20:24:52,WhatsApp,Consultar precios,Atención Comercial,3,False,Finalizada,False,5
5841,428,2025-04-14 13:52:43,WhatsApp,Seguimiento,Atención Comercial,5,False,Finalizada,False,3
5842,1954,2025-08-13 13:09:46,Facebook,Consultar precios,Soporte,4,False,Finalizada,True,5
5843,318,2025-05-04 13:37:58,WhatsApp,Soporte técnico,Atención Comercial,14,False,Abandonada,False,1
5844,1474,2025-08-24 12:27:06,Facebook,Consultar precios,Atención Comercial,4,False,Finalizada,False,5
5845,1060,2025-05-09 19:19:56,Telegram,Cancelar servicio,Atención al Cliente,3,True,Abandonada,False,2
5846,868,2025-11-21 08:21:17,WhatsApp,Seguimiento,Soporte,7,False,Finalizada,True,5
5847,241,2025-05-16 13:50:24,Facebook,Seguimiento,Soporte,5,False,Finalizada,True,5
5848,1084,2025-07-10 13:24:16,WhatsApp,Consultar precios,Ventas,3,False,Abandonada,False,1
5849,1277,2025-06-21 00:35:54,Telegram,Agendar servicio,Ventas,8,False,Finalizada,False,3
5850,1143,2025-04-05 01:56:36,Telegram,Consultar precios,Postventa,4,False,Finalizada,True,5
5851,1511,2025-01-15 08:35:41,WhatsApp,Consultar precios,Ventas,4,False,Abandonada,False,1
5852,675,2025-05-17 13:55:01,WhatsApp,Solicitar información,Atención al Cliente,5,False,Abandonada,False,1
5853,855,2025-03-17 12:30:49,Web,Soporte técnico,Atención Comercial,17,False,Finalizada,False,4
5854,1889,2025-03-13 18:02:18,Instagram,Solicitar información,Soporte,5,False,Finalizada,False,3
5855,275,2025-12-09 02:00:30,Web,Consultar precios,Ventas,5,False,Finalizada,False,4
5856,914,2025-03-15 08:30:22,Instagram,Consultar precios,Atención al Cliente,3,False,Abandonada,False,1
5857,1337,2025-06-19 05:05:07,WhatsApp,Reclamo,Atención Comercial,15,False,Finalizada,True,5
5858,1514,2025-08-25 18:42:56,Telegram,Consultar precios,Postventa,3,False,Finalizada,False,3
5859,263,2025-04-11 05:35:26,Web,Cancelar servicio,Atención Comercial,4,False,Finalizada,True,5
5860,1411,2025-07-25 12:35:14,Instagram,Seguimiento,Atención al Cliente,5,False,Finalizada,True,4
5861,968,2025-07-29 19:12:25,Web,Seguimiento,Atención al Cliente,5,False,Finalizada,False,4
5862,519,2025-05-07 18:24:49,WhatsApp,Cancelar servicio,Soporte,3,False,Finalizada,False,5
5863,116,2025-02-04 20:45:36,Web,Agendar servicio,Atención al Cliente,5,False,Finalizada,True,5
5864,1483,2025-05-15 01:37:20,Facebook,Cancelar servicio,Soporte,3,False,Finalizada,False,4
5865,1522,2025-08-03 11:39:01,Web,Cancelar servicio,Atención al Cliente,3,False,Abandonada,False,1
5866,1682,2025-10-13 11:27:18,WhatsApp,Reclamo,Atención Comercial,11,False,Finalizada,True,5
5867,1669,2025-01-17 12:51:04,Facebook,Seguimiento,Atención Comercial,5,False,Abandonada,False,1
5868,1058,2025-03-18 18:43:11,WhatsApp,Cancelar servicio,Ventas,3,False,Finalizada,True,5
5869,1218,2025-11-04 08:14:34,Web,Solicitar información,Atención al Cliente,5,False,Abandonada,False,2
5870,1626,2025-12-27 12:02:27,WhatsApp,Consultar precios,Ventas,4,False,Finalizada,False,4
5871,1259,2025-08-29 19:52:35,WhatsApp,Solicitar información,Postventa,5,False,Finalizada,True,5
5872,945,2025-10-18 15:01:17,Web,Reclamo,Soporte,8,False,Abandonada,False,1
5873,1007,2025-07-21 19:32:40,Web,Consultar precios,Atención Comercial,3,False,Abandonada,False,2
5874,29,2025-11-10 11:05:33,WhatsApp,Seguimiento,Postventa,7,False,Finalizada,True,4
5875,1538,2025-06-20 03:23:50,Web,Consultar precios,Ventas,3,False,Finalizada,True,5
5876,66,2025-09-13 12:52:17,Web,Soporte técnico,Atención Comercial,14,False,Finalizada,False,4
5877,1681,2025-08-10 19:02:15,Web,Cancelar servicio,Atención al Cliente,2,False,Finalizada,False,3
5878,132,2025-10-03 19:33:53,WhatsApp,Reclamo,Atención al Cliente,11,False,Finalizada,True,5
5879,1420,2025-01-07 20:41:17,Web,Reclamo,Atención al Cliente,9,False,Finalizada,False,5
5880,1573,2025-05-09 10:00:02,Instagram,Cancelar servicio,Atención al Cliente,3,False,Finalizada,True,5
5881,1342,2025-12-14 13:00:02,Facebook,Cancelar servicio,Ventas,3,False,Finalizada,False,4
5882,1430,2025-12-03 05:20:19,Instagram,Consultar precios,Soporte,4,False,Abandonada,False,1
5883,1845,2025-10-15 12:15:31,Web,Agendar servicio,Postventa,8,False,Finalizada,False,3
5884,624,2025-04-03 16:22:05,Instagram,Reclamo,Ventas,9,False,Finalizada,False,4
5885,1874,2025-10-07 01:33:34,Facebook,Solicitar información,Ventas,6,False,Finalizada,True,5
5886,1993,2025-02-11 13:48:19,Web,Cancelar servicio,Atención al Cliente,4,False,Finalizada,True,5
5887,634,2025-03-13 20:27:35,WhatsApp,Cancelar servicio,Atención Comercial,3,False,Finalizada,False,4
5888,822,2025-06-16 05:59:43,Telegram,Agendar servicio,Atención al Cliente,6,False,Abandonada,False,2
5889,1492,2025-07-04 12:09:13,WhatsApp,Soporte técnico,Soporte,10,False,Finalizada,True,5
5890,1428,2025-05-29 20:54:17,WhatsApp,Solicitar información,Postventa,5,False,Finalizada,True,5
5891,1718,2025-05-10 13:37:30,WhatsApp,Consultar precios,Soporte,4,False,Finalizada,True,5
5892,1699,2025-08-14 12:00:19,Web,Consultar precios,Atención al Cliente,4,False,Finalizada,False,3
5893,607,2025-10-17 20:43:03,Facebook,Agendar servicio,Atención Comercial,6,False,Finalizada,False,4
5894,1155,2025-09-22 20:59:45,Instagram,Reclamo,Atención al Cliente,9,False,Finalizada,True,5
5895,1140,2025-12-25 13:09:24,WhatsApp,Solicitar información,Postventa,6,False,Finalizada,False,4
5896,684,2025-02-16 20:34:44,WhatsApp,Consultar precios,Ventas,3,False,Finalizada,False,4
5897,779,2025-08-28 19:54:31,WhatsApp,Cancelar servicio,Postventa,3,False,Abandonada,False,1
5898,1325,2025-04-01 01:09:03,Facebook,Consultar precios,Postventa,3,False,Finalizada,False,5
5899,952,2025-03-05 12:35:56,Web,Reclamo,Atención al Cliente,11,False,Finalizada,False,3
5900,1840,2025-05-31 13:04:24,Facebook,Reclamo,Soporte,13,False,Finalizada,True,5
5901,878,2025-05-07 05:25:07,WhatsApp,Cancelar servicio,Soporte,3,False,Finalizada,False,4
5902,372,2025-09-28 18:06:20,WhatsApp,Solicitar información,Postventa,4,False,Finalizada,True,5
5903,1604,2025-02-24 20:07:09,WhatsApp,Seguimiento,Atención al Cliente,7,False,Finalizada,True,5
5904,1148,2025-03-20 20:04:46,WhatsApp,Reclamo,Postventa,10,False,Finalizada,True,5
5905,319,2025-09-02 12:59:35,WhatsApp,Agendar servicio,Atención al Cliente,8,False,Finalizada,True,5
5906,1715,2025-09-23 20:44:23,Web,Reclamo,Atención al Cliente,13,True,Finalizada,True,1
5907,704,2025-05-13 03:29:25,Facebook,Consultar precios,Ventas,3,False,Finalizada,False,3
5908,1155,2025-07-06 12:26:18,Facebook,Reclamo,Atención Comercial,12,False,Finalizada,False,5
5909,1087,2025-10-08 20:00:21,Web,Consultar precios,Ventas,5,False,Finalizada,False,3
5910,337,2025-04-25 18:50:24,WhatsApp,Solicitar información,Atención Comercial,4,False,Abandonada,False,2
5911,465,2025-10-27 18:42:49,WhatsApp,Seguimiento,Ventas,4,False,Abandonada,False,1
5912,1616,2025-04-21 20:12:26,Instagram,Seguimiento,Atención al Cliente,7,False,Finalizada,True,5
5913,1368,2025-01-24 11:09:55,WhatsApp,Consultar precios,Atención Comercial,5,False,Finalizada,True,5
5914,1587,2025-09-26 18:22:54,Web,Cancelar servicio,Postventa,3,False,Finalizada,True,5
5915,1172,2025-02-02 13:38:59,WhatsApp,Seguimiento,Ventas,4,True,Finalizada,False,1
5916,1583,2025-08-11 11:42:12,WhatsApp,Soporte técnico,Soporte,18,True,Finalizada,True,3
5917,857,2025-02-20 12:37:57,WhatsApp,Cancelar servicio,Postventa,2,False,Finalizada,False,4
5918,403,2025-03-27 09:49:22,WhatsApp,Seguimiento,Ventas,5,False,Finalizada,True,5
5919,660,2025-08-26 12:42:51,Facebook,Agendar servicio,Atención Comercial,7,False,Finalizada,False,4
5920,822,2025-04-02 18:17:38,Facebook,Cancelar servicio,Postventa,2,False,Finalizada,False,4
5921,1875,2025-11-26 12:52:10,Facebook,Solicitar información,Atención Comercial,4,False,Finalizada,False,4
5922,770,2025-03-19 20:38:15,Web,Cancelar servicio,Postventa,4,False,Abandonada,False,1
5923,900,2025-03-18 12:04:51,Facebook,Soporte técnico,Ventas,11,False,Finalizada,False,3
5924,1363,2025-04-16 12:18:43,Web,Soporte técnico,Ventas,11,False,Finalizada,True,5
5925,651,2025-08-29 09:58:55,Telegram,Soporte técnico,Atención al Cliente,15,False,Abandonada,False,2
5926,890,2025-08-17 02:39:58,Facebook,Solicitar información,Atención al Cliente,4,False,Finalizada,False,4
5927,1495,2025-11-01 08:11:23,WhatsApp,Reclamo,Postventa,9,False,Finalizada,False,4
5928,1601,2025-06-21 18:02:39,Telegram,Consultar precios,Soporte,5,False,Finalizada,True,5
5929,290,2025-05-09 12:41:48,Web,Seguimiento,Soporte,4,False,Finalizada,False,4
5930,779,2025-11-06 19:05:57,Web,Cancelar servicio,Soporte,2,False,Abandonada,False,1
5931,975,2025-12-06 13:32:41,Web,Consultar precios,Atención Comercial,3,False,Abandonada,False,1
5932,819,2025-05-28 13:29:57,Telegram,Agendar servicio,Atención Comercial,8,False,Finalizada,False,5
5933,1040,2025-08-19 13:51:13,Web,Solicitar información,Ventas,5,False,Finalizada,False,4
5934,1686,2025-06-30 18:43:38,Web,Consultar precios,Atención Comercial,3,False,Abandonada,False,2
5935,626,2025-05-23 09:35:54,WhatsApp,Cancelar servicio,Atención al Cliente,3,False,Abandonada,False,2
5936,1504,2025-01-20 19:51:35,Instagram,Soporte técnico,Ventas,11,True,Finalizada,True,1
5937,1138,2025-07-04 18:01:30,Facebook,Soporte técnico,Atención Comercial,12,False,Finalizada,False,3
5938,768,2025-02-10 12:55:12,WhatsApp,Cancelar servicio,Soporte,2,False,Finalizada,False,5
5939,1438,2025-12-14 13:06:15,WhatsApp,Cancelar servicio,Ventas,2,False,Abandonada,False,1
5940,367,2025-11-06 11:48:25,Web,Seguimiento,Soporte,4,False,Abandonada,False,2
5941,205,2025-01-20 13:35:58,WhatsApp,Consultar precios,Atención al Cliente,4,False,Finalizada,True,5
5942,1512,2025-08-31 11:24:35,Web,Reclamo,Soporte,15,True,Finalizada,True,2
5943,1551,2025-03-21 12:36:00,Web,Soporte técnico,Postventa,13,True,Finalizada,False,2
5944,803,2025-09-23 17:52:54,Instagram,Consultar precios,Soporte,4,False,Finalizada,False,3
5945,1767,2025-05-21 17:36:52,Instagram,Agendar servicio,Soporte,7,False,Finalizada,False,3
5946,1971,2025-10-26 20:02:32,Instagram,Consultar precios,Soporte,4,False,Abandonada,False,1
5947,410,2025-10-22 13:26:26,Web,Soporte técnico,Soporte,10,False,Finalizada,False,3
5948,1358,2025-05-06 19:32:23,Instagram,Reclamo,Soporte,12,False,Abandonada,False,2
5949,1551,2025-03-25 18:03:26,Web,Reclamo,Postventa,14,False,Finalizada,True,5
5950,1910,2025-06-16 12:58:34,Facebook,Agendar servicio,Atención Comercial,6,False,Abandonada,False,2
5951,1521,2025-09-15 10:54:10,Web,Soporte técnico,Atención al Cliente,16,False,Finalizada,True,5
5952,966,2025-02-08 20:36:42,Facebook,Agendar servicio,Soporte,8,False,Finalizada,True,4
5953,315,2025-06-06 20:31:54,Web,Solicitar información,Atención al Cliente,5,False,Finalizada,False,5
5954,1755,2025-09-06 20:34:29,WhatsApp,Seguimiento,Ventas,4,False,Finalizada,False,5
5955,960,2025-11-06 18:08:50,Web,Agendar servicio,Postventa,5,False,Finalizada,False,4
5956,1691,2025-03-27 13:45:04,WhatsApp,Reclamo,Postventa,9,True,Abandonada,False,1
5957,595,2025-03-27 18:51:30,WhatsApp,Consultar precios,Atención al Cliente,4,False,Finalizada,False,4
5958,1891,2025-11-27 12:21:36,WhatsApp,Seguimiento,Ventas,7,False,Finalizada,True,5
5959,261,2025-10-08 20:11:21,Web,Reclamo,Ventas,15,False,Abandonada,False,1
5960,1143,2025-02-16 10:26:20,WhatsApp,Solicitar información,Atención Comercial,5,False,Finalizada,True,5
5961,626,2025-08-06 03:01:16,Web,Seguimiento,Postventa,6,False,Finalizada,False,4
5962,126,2025-06-22 13:23:11,WhatsApp,Reclamo,Postventa,15,False,Finalizada,False,5
5963,499,2025-10-31 18:42:54,WhatsApp,Agendar servicio,Ventas,7,False,Finalizada,True,5
5964,266,2025-01-03 18:18:55,Facebook,Solicitar información,Atención Comercial,5,False,Abandonada,False,2
5965,564,2025-09-27 20:26:33,Facebook,Consultar precios,Soporte,4,False,Finalizada,False,4
5966,623,2025-07-22 18:55:40,Telegram,Seguimiento,Atención al Cliente,6,False,Abandonada,False,1
5967,777,2025-10-22 12:29:42,WhatsApp,Cancelar servicio,Ventas,2,False,Abandonada,False,1
5968,377,2025-11-07 13:29:40,Instagram,Reclamo,Soporte,8,False,Finalizada,True,4
5969,637,2025-04-12 00:43:45,Instagram,Agendar servicio,Soporte,5,False,Finalizada,True,5
5970,702,2025-05-10 10:00:00,Web,Consultar precios,Ventas,5,False,Finalizada,True,5
5971,560,2025-04-06 11:51:56,Facebook,Reclamo,Soporte,9,True,Abandonada,False,1
5972,1960,2025-05-14 18:44:22,Web,Solicitar información,Soporte,6,False,Finalizada,True,5
5973,1504,2025-02-22 03:00:22,WhatsApp,Solicitar información,Soporte,4,False,Finalizada,True,5
5974,1660,2025-06-15 19:22:51,Facebook,Consultar precios,Ventas,4,False,Abandonada,False,2
5975,566,2025-01-19 10:08:03,Web,Agendar servicio,Postventa,5,False,Finalizada,False,5
5976,1866,2025-03-03 18:27:57,WhatsApp,Solicitar información,Ventas,5,False,Finalizada,True,5
5977,221,2025-05-10 20:13:11,Web,Agendar servicio,Ventas,8,False,Abandonada,False,2
5978,1028,2025-12-09 15:53:06,WhatsApp,Agendar servicio,Atención Comercial,7,False,Finalizada,False,5
5979,1210,2025-05-20 19:41:48,Web,Reclamo,Atención Comercial,9,False,Abandonada,False,2
5980,376,2025-10-14 11:20:10,Web,Agendar servicio,Postventa,8,False,Abandonada,False,1
5981,1861,2025-09-17 18:06:32,WhatsApp,Solicitar información,Atención al Cliente,6,False,Abandonada,False,2
5982,327,2025-06-02 12:37:16,WhatsApp,Reclamo,Atención Comercial,11,False,Abandonada,False,1
5983,845,2025-04-18 20:51:10,Telegram,Consultar precios,Ventas,5,False,Finalizada,True,4
5984,1218,2025-07-16 13:00:16,Web,Cancelar servicio,Atención Comercial,4,False,Finalizada,False,5
5985,1540,2025-10-17 15:10:15,Instagram,Cancelar servicio,Soporte,3,False,Finalizada,True,5
5986,1344,2025-11-26 19:42:46,WhatsApp,Seguimiento,Atención al Cliente,5,False,Abandonada,False,1
5987,140,2025-01-01 19:09:56,Web,Soporte técnico,Soporte,18,False,Finalizada,False,3
5988,238,2025-03-21 19:48:09,Web,Agendar servicio,Atención al Cliente,7,False,Finalizada,False,3
5989,384,2025-03-19 20:44:19,Web,Agendar servicio,Postventa,6,False,Abandonada,False,2
5990,846,2025-05-08 18:28:57,Facebook,Seguimiento,Postventa,7,False,Abandonada,False,2
5991,4,2025-02-13 10:07:38,Facebook,Agendar servicio,Ventas,8,False,Abandonada,False,1
5992,149,2025-01-26 00:15:30,WhatsApp,Solicitar información,Atención al Cliente,5,False,Finalizada,True,5
5993,733,2025-05-09 20:39:17,WhatsApp,Solicitar información,Ventas,6,False,Finalizada,True,5
5994,928,2025-07-07 10:24:11,Web,Seguimiento,Soporte,7,False,Abandonada,False,2
5995,1528,2025-09-28 08:24:43,Web,Reclamo,Atención Comercial,14,False,Finalizada,True,4
5996,1176,2025-11-14 20:16:10,WhatsApp,Cancelar servicio,Atención Comercial,3,False,Finalizada,True,5
5997,1986,2025-12-31 13:44:12,Facebook,Consultar precios,Ventas,4,False,Finalizada,True,5
5998,1758,2025-03-05 15:22:31,Web,Solicitar información,Soporte,5,False,Finalizada,False,3
5999,790,2025-09-23 13:59:07,WhatsApp,Reclamo,Atención Comercial,9,False,Finalizada,True,4
6000,978,2025-02-23 20:08:25,WhatsApp,Consultar precios,Atención Comercial,4,False,Finalizada,True,5
6001,1026,2025-09-11 15:35:42,WhatsApp,Consultar precios,Postventa,3,False,Finalizada,True,4
6002,257,2025-08-03 12:34:05,Web,Soporte técnico,Postventa,12,True,Finalizada,False,2
6003,736,2025-11-11 18:08:37,WhatsApp,Cancelar servicio,Postventa,3,False,Finalizada,False,3
6004,669,2025-10-06 10:23:07,Web,Agendar servicio,Ventas,5,False,Abandonada,False,1
6005,374,2025-02-19 09:23:04,Facebook,Consultar precios,Atención al Cliente,4,False,Finalizada,False,3
6006,1503,2025-02-24 11:11:44,Facebook,Seguimiento,Atención al Cliente,7,False,Finalizada,False,4
6007,1648,2025-06-03 20:10:11,WhatsApp,Agendar servicio,Ventas,5,False,Abandonada,False,1
6008,1848,2025-08-15 19:22:49,Facebook,Agendar servicio,Ventas,7,False,Finalizada,False,5
6009,1168,2025-02-11 19:14:15,WhatsApp,Seguimiento,Ventas,5,False,Finalizada,False,3
6010,16,2025-12-28 18:08:44,WhatsApp,Solicitar información,Atención al Cliente,4,False,Finalizada,True,5
6011,1489,2025-04-27 18:58:21,Instagram,Reclamo,Atención Comercial,13,False,Finalizada,False,3
6012,254,2025-01-20 04:58:44,WhatsApp,Seguimiento,Postventa,4,False,Finalizada,False,4
6013,1924,2025-03-21 12:50:14,WhatsApp,Agendar servicio,Atención Comercial,8,True,Finalizada,True,3
6014,210,2025-03-05 20:27:30,WhatsApp,Seguimiento,Soporte,4,False,Finalizada,False,3
6015,1125,2025-07-29 19:10:48,Web,Cancelar servicio,Atención al Cliente,2,False,Finalizada,True,5
6016,213,2025-05-18 19:08:31,WhatsApp,Consultar precios,Atención Comercial,5,False,Abandonada,False,1
6017,374,2025-06-30 15:52:40,WhatsApp,Seguimiento,Atención al Cliente,7,False,Finalizada,True,5
6018,1924,2025-08-19 20:48:36,Facebook,Soporte técnico,Atención al Cliente,16,False,Finalizada,False,5
6019,762,2025-12-04 18:34:38,Web,Reclamo,Ventas,14,False,Finalizada,False,5
6020,1187,2025-12-22 18:53:13,WhatsApp,Solicitar información,Atención Comercial,6,True,Finalizada,False,2
6021,169,2025-05-25 19:15:39,Facebook,Reclamo,Atención al Cliente,14,False,Finalizada,False,4
6022,101,2025-09-11 13:50:46,Facebook,Cancelar servicio,Atención al Cliente,2,False,Finalizada,False,5
6023,1832,2025-12-04 17:43:24,Instagram,Soporte técnico,Soporte,14,False,Abandonada,False,1
6024,1094,2025-03-08 13:36:01,Instagram,Agendar servicio,Atención al Cliente,6,False,Finalizada,False,4
6025,341,2025-11-24 01:45:25,Facebook,Reclamo,Ventas,13,False,Finalizada,False,5
6026,691,2025-02-16 18:48:41,WhatsApp,Solicitar información,Postventa,4,False,Abandonada,False,1
6027,1116,2025-02-15 18:50:17,WhatsApp,Cancelar servicio,Atención Comercial,4,False,Finalizada,True,5
6028,1042,2025-06-03 19:01:58,Facebook,Consultar precios,Soporte,4,False,Finalizada,False,3
6029,1184,2025-04-21 12:50:40,Facebook,Agendar servicio,Atención Comercial,7,False,Finalizada,False,3
6030,1976,2025-07-25 16:47:32,WhatsApp,Reclamo,Atención Comercial,15,False,Finalizada,True,5
6031,612,2025-02-20 19:24:21,Facebook,Seguimiento,Postventa,7,False,Abandonada,False,1
6032,1017,2025-01-24 18:37:15,WhatsApp,Seguimiento,Soporte,7,False,Abandonada,False,1
6033,970,2025-04-08 04:04:56,Web,Seguimiento,Postventa,6,False,Finalizada,False,3
6034,1685,2025-12-27 20:37:31,WhatsApp,Consultar precios,Atención al Cliente,4,False,Finalizada,True,5
6035,1647,2025-10-19 13:28:55,Web,Seguimiento,Atención Comercial,5,True,Finalizada,False,3
6036,1074,2025-08-07 18:13:16,Facebook,Consultar precios,Soporte,4,False,Finalizada,True,5
6037,1950,2025-06-19 19:24:52,WhatsApp,Agendar servicio,Soporte,5,False,Finalizada,False,3
6038,1249,2025-10-20 12:26:00,WhatsApp,Consultar precios,Atención al Cliente,4,False,Abandonada,False,1
6039,1709,2025-12-29 15:06:33,Instagram,Cancelar servicio,Soporte,4,False,Finalizada,False,5
6040,1552,2025-06-20 16:14:35,WhatsApp,Solicitar información,Soporte,6,False,Finalizada,True,5
6041,1168,2025-05-18 13:42:18,WhatsApp,Solicitar información,Postventa,5,False,Finalizada,True,5
6042,865,2025-02-17 18:05:40,WhatsApp,Soporte técnico,Soporte,10,True,Abandonada,False,1
6043,1169,2025-11-19 19:03:30,WhatsApp,Reclamo,Atención Comercial,14,False,Finalizada,True,4
6044,424,2025-11-21 19:47:58,Web,Consultar precios,Soporte,5,False,Finalizada,True,5
6045,50,2025-03-13 18:59:24,WhatsApp,Agendar servicio,Atención al Cliente,5,False,Finalizada,False,3
6046,457,2025-01-02 20:36:15,WhatsApp,Consultar precios,Ventas,3,False,Abandonada,False,1
6047,98,2025-12-28 20:26:21,WhatsApp,Consultar precios,Soporte,3,False,Finalizada,False,5
6048,1279,2025-01-30 16:34:48,Instagram,Seguimiento,Atención al Cliente,6,False,Finalizada,True,5
6049,513,2025-01-31 12:02:32,WhatsApp,Reclamo,Atención Comercial,8,True,Abandonada,False,1
6050,1947,2025-01-14 13:23:32,WhatsApp,Consultar precios,Postventa,3,False,Finalizada,True,5
6051,915,2025-06-19 17:08:25,WhatsApp,Consultar precios,Soporte,5,False,Finalizada,False,4
6052,1781,2025-09-21 19:15:01,Web,Consultar precios,Ventas,5,False,Abandonada,False,1
6053,987,2025-01-13 19:23:38,Web,Reclamo,Postventa,14,False,Abandonada,False,1
6054,1849,2025-12-07 20:52:53,WhatsApp,Solicitar información,Atención al Cliente,5,False,Finalizada,False,3
6055,1735,2025-05-14 18:35:24,WhatsApp,Soporte técnico,Postventa,15,True,Finalizada,True,3
6056,1671,2025-08-08 13:20:21,WhatsApp,Solicitar información,Ventas,6,False,Finalizada,False,3
6057,1088,2025-04-02 19:58:25,WhatsApp,Agendar servicio,Atención Comercial,8,False,Finalizada,False,4
6058,1756,2025-06-09 12:25:46,Web,Soporte técnico,Atención Comercial,14,True,Finalizada,False,1
6059,1322,2025-05-01 17:15:51,WhatsApp,Seguimiento,Soporte,4,False,Finalizada,True,5
6060,1748,2025-01-12 12:40:48,Web,Seguimiento,Postventa,6,False,Finalizada,True,5
6061,1793,2025-03-07 20:37:40,Web,Seguimiento,Atención Comercial,6,False,Abandonada,False,1
6062,1791,2025-06-16 03:48:39,Web,Soporte técnico,Ventas,11,False,Finalizada,True,5
6063,433,2025-10-20 13:27:38,Web,Reclamo,Atención al Cliente,14,True,Abandonada,False,1
6064,1789,2025-06-07 20:44:30,WhatsApp,Reclamo,Atención al Cliente,8,False,Finalizada,False,4
6065,727,2025-03-20 13:30:37,Web,Solicitar información,Soporte,5,False,Finalizada,False,4
6066,743,2025-09-29 18:06:53,WhatsApp,Soporte técnico,Postventa,14,False,Finalizada,False,5
6067,743,2025-06-30 00:43:36,Web,Consultar precios,Atención Comercial,5,True,Finalizada,False,1
6068,671,2025-01-21 18:28:15,WhatsApp,Agendar servicio,Soporte,7,False,Finalizada,True,5
6069,1247,2025-05-06 18:42:56,WhatsApp,Agendar servicio,Atención Comercial,8,False,Finalizada,True,5
6070,457,2025-09-09 19:13:19,WhatsApp,Soporte técnico,Ventas,16,True,Finalizada,True,1
6071,303,2025-09-09 13:40:00,Facebook,Solicitar información,Soporte,5,False,Abandonada,False,1
6072,1535,2025-04-21 18:47:56,WhatsApp,Seguimiento,Ventas,6,False,Finalizada,False,3
6073,735,2025-11-03 12:47:45,Web,Agendar servicio,Postventa,7,True,Finalizada,False,2
6074,40,2025-02-19 13:11:22,Facebook,Soporte técnico,Atención al Cliente,18,True,Finalizada,True,2
6075,315,2025-10-24 20:38:43,WhatsApp,Solicitar información,Ventas,5,False,Finalizada,False,4
6076,81,2025-06-08 02:01:27,WhatsApp,Solicitar información,Soporte,5,False,Finalizada,False,4
6077,1246,2025-05-04 19:47:36,WhatsApp,Cancelar servicio,Postventa,2,False,Abandonada,False,1
6078,1241,2025-12-16 19:48:33,Facebook,Seguimiento,Atención al Cliente,6,False,Finalizada,False,4
6079,1087,2025-03-28 18:24:21,Facebook,Agendar servicio,Ventas,7,False,Finalizada,True,4
6080,1990,2025-01-19 19:22:57,Instagram,Cancelar servicio,Soporte,4,False,Finalizada,False,3
6081,601,2025-01-08 12:40:51,Web,Seguimiento,Atención al Cliente,5,False,Finalizada,True,4
6082,1527,2025-06-16 13:05:51,WhatsApp,Seguimiento,Atención al Cliente,5,False,Finalizada,False,4
6083,418,2025-04-04 04:39:28,Telegram,Consultar precios,Atención al Cliente,5,False,Finalizada,False,4
6084,1192,2025-09-29 10:54:45,WhatsApp,Reclamo,Atención Comercial,10,False,Finalizada,False,3
6085,1023,2025-04-08 19:32:32,Facebook,Consultar precios,Soporte,5,False,Abandonada,False,2
6086,1745,2025-12-09 19:24:36,WhatsApp,Reclamo,Postventa,11,True,Finalizada,False,2
6087,934,2025-06-30 19:59:51,WhatsApp,Reclamo,Atención al Cliente,15,True,Finalizada,True,2
6088,726,2025-08-21 09:39:46,Web,Seguimiento,Atención al Cliente,4,False,Finalizada,False,3
6089,1736,2025-07-15 18:41:22,WhatsApp,Seguimiento,Ventas,7,False,Finalizada,False,3
6090,1287,2025-04-26 19:40:24,Instagram,Consultar precios,Postventa,3,False,Finalizada,False,3
6091,1650,2025-08-03 13:50:41,Web,Agendar servicio,Postventa,8,False,Finalizada,False,3
6092,1710,2025-04-08 18:19:26,Web,Agendar servicio,Atención al Cliente,6,False,Finalizada,True,5
6093,914,2025-05-15 16:01:57,Facebook,Agendar servicio,Ventas,7,False,Finalizada,False,4
6094,360,2025-01-21 13:41:05,WhatsApp,Agendar servicio,Atención al Cliente,6,False,Abandonada,False,1
6095,1259,2025-07-25 16:50:26,Web,Seguimiento,Soporte,7,False,Finalizada,False,5
6096,1313,2025-09-01 18:58:27,Web,Consultar precios,Ventas,3,False,Abandonada,False,1
6097,1279,2025-03-16 17:32:35,WhatsApp,Cancelar servicio,Atención Comercial,3,False,Finalizada,True,5
6098,1892,2025-08-29 11:44:40,WhatsApp,Reclamo,Soporte,10,False,Finalizada,True,4
6099,56,2025-01-24 19:55:43,Web,Reclamo,Atención al Cliente,13,False,Finalizada,True,4
6100,42,2025-10-11 18:22:09,Web,Seguimiento,Ventas,5,False,Finalizada,False,4
6101,318,2025-06-21 19:36:03,WhatsApp,Reclamo,Soporte,9,False,Finalizada,True,4
6102,1378,2025-10-01 04:06:50,Web,Consultar precios,Atención al Cliente,5,False,Finalizada,False,3
6103,501,2025-05-04 11:34:37,WhatsApp,Consultar precios,Postventa,3,False,Abandonada,False,2
6104,444,2025-02-06 13:45:03,WhatsApp,Agendar servicio,Atención Comercial,7,False,Finalizada,True,5
6105,1140,2025-03-10 19:54:37,WhatsApp,Seguimiento,Atención al Cliente,4,False,Finalizada,False,3
6106,15,2025-11-19 19:01:42,Web,Soporte técnico,Soporte,10,False,Finalizada,True,5
6107,64,2025-05-07 16:52:42,Facebook,Consultar precios,Ventas,4,False,Finalizada,False,5
6108,1561,2025-03-20 18:54:26,WhatsApp,Cancelar servicio,Ventas,3,False,Abandonada,False,2
6109,1734,2025-07-06 12:30:57,Web,Agendar servicio,Ventas,6,False,Finalizada,False,4
6110,326,2025-05-01 15:14:35,Instagram,Solicitar información,Atención al Cliente,5,False,Finalizada,False,5
6111,1397,2025-06-26 12:42:59,WhatsApp,Reclamo,Atención Comercial,9,False,Finalizada,True,5
6112,1271,2025-07-04 12:43:21,Web,Agendar servicio,Atención al Cliente,5,False,Abandonada,False,2
6113,952,2025-06-27 12:27:09,WhatsApp,Reclamo,Soporte,9,False,Finalizada,True,5
6114,1772,2025-10-23 20:50:44,Web,Seguimiento,Postventa,7,False,Abandonada,False,2
6115,384,2025-02-26 15:28:21,WhatsApp,Seguimiento,Soporte,6,False,Finalizada,True,5
6116,104,2025-02-26 19:26:14,WhatsApp,Soporte técnico,Soporte,13,True,Finalizada,False,2
6117,1815,2025-02-19 13:22:41,WhatsApp,Consultar precios,Atención al Cliente,4,False,Finalizada,True,5
6118,1006,2025-04-26 13:26:55,Web,Reclamo,Postventa,12,False,Finalizada,False,5
6119,1568,2025-06-24 03:03:42,Facebook,Solicitar información,Atención Comercial,6,False,Finalizada,True,5
6120,1559,2025-12-18 13:04:03,WhatsApp,Soporte técnico,Atención Comercial,18,True,Abandonada,False,1
6121,934,2025-09-10 03:39:07,Facebook,Reclamo,Ventas,13,True,Finalizada,True,2
6122,1566,2025-09-03 18:56:21,WhatsApp,Soporte técnico,Atención Comercial,17,False,Finalizada,False,4
6123,610,2025-05-26 12:09:30,Facebook,Soporte técnico,Atención al Cliente,15,False,Finalizada,False,4
6124,1954,2025-10-23 13:21:57,WhatsApp,Agendar servicio,Atención Comercial,8,False,Finalizada,False,3
6125,712,2025-09-06 18:36:57,WhatsApp,Soporte técnico,Atención al Cliente,17,False,Finalizada,True,5
6126,1048,2025-12-05 18:48:02,Web,Seguimiento,Ventas,4,False,Abandonada,False,2
6127,135,2025-11-04 13:37:30,WhatsApp,Cancelar servicio,Ventas,2,False,Finalizada,True,5
6128,108,2025-07-15 18:14:05,WhatsApp,Soporte técnico,Postventa,17,True,Finalizada,False,2
6129,142,2025-05-20 18:51:08,Telegram,Consultar precios,Soporte,3,False,Finalizada,False,5
6130,758,2025-06-14 19:00:52,WhatsApp,Soporte técnico,Atención Comercial,16,False,Finalizada,True,5
6131,1352,2025-12-23 09:04:57,WhatsApp,Seguimiento,Postventa,4,False,Abandonada,False,2
6132,654,2025-06-22 20:42:02,WhatsApp,Agendar servicio,Atención Comercial,7,False,Finalizada,False,4
6133,1286,2025-02-01 01:03:37,WhatsApp,Reclamo,Ventas,15,False,Abandonada,False,1
6134,229,2025-08-25 19:06:12,Instagram,Consultar precios,Atención Comercial,4,False,Finalizada,False,3
6135,574,2025-08-19 12:45:04,Instagram,Agendar servicio,Soporte,6,False,Finalizada,False,3
6136,1138,2025-10-15 15:44:38,Instagram,Solicitar información,Ventas,4,False,Finalizada,False,4
6137,1209,2025-12-14 08:46:52,Web,Soporte técnico,Postventa,14,False,Finalizada,True,5
6138,1581,2025-04-14 13:41:13,WhatsApp,Seguimiento,Ventas,4,False,Finalizada,False,4
6139,494,2025-11-13 11:27:13,Telegram,Solicitar información,Ventas,5,False,Abandonada,False,1
6140,1393,2025-05-17 18:45:38,WhatsApp,Cancelar servicio,Soporte,4,False,Finalizada,True,5
6141,1231,2025-01-05 04:27:58,WhatsApp,Soporte técnico,Atención al Cliente,12,True,Finalizada,False,3
6142,573,2025-05-03 19:30:20,Web,Reclamo,Atención al Cliente,8,True,Finalizada,False,1
6143,404,2025-08-20 13:19:07,Web,Seguimiento,Atención al Cliente,4,True,Finalizada,True,2
6144,1637,2025-09-14 13:46:40,Web,Cancelar servicio,Soporte,2,False,Finalizada,True,5
6145,732,2025-12-29 12:36:31,Facebook,Agendar servicio,Atención Comercial,6,True,Finalizada,False,2
6146,228,2025-03-22 10:29:32,WhatsApp,Agendar servicio,Atención Comercial,8,False,Abandonada,False,2
6147,462,2025-06-24 08:04:32,WhatsApp,Soporte técnico,Soporte,10,False,Finalizada,True,4
6148,1045,2025-04-25 18:13:43,WhatsApp,Agendar servicio,Ventas,7,False,Finalizada,False,3
6149,133,2025-02-28 09:58:25,Facebook,Agendar servicio,Ventas,8,False,Finalizada,False,4
6150,1522,2025-12-18 08:20:38,WhatsApp,Consultar precios,Postventa,3,False,Finalizada,True,4
6151,1802,2025-04-16 08:56:13,WhatsApp,Seguimiento,Atención Comercial,7,False,Abandonada,False,1
6152,516,2025-04-30 12:49:41,Web,Solicitar información,Soporte,6,False,Abandonada,False,2
6153,1620,2025-05-17 02:03:31,Web,Reclamo,Postventa,15,False,Finalizada,True,5
6154,1676,2025-10-16 20:40:01,Facebook,Seguimiento,Soporte,7,False,Finalizada,False,3
6155,1190,2025-03-28 15:45:56,Instagram,Solicitar información,Postventa,5,False,Finalizada,False,4
6156,1183,2025-04-14 13:20:14,WhatsApp,Reclamo,Atención al Cliente,9,False,Finalizada,False,4
6157,889,2025-04-26 20:40:03,Web,Consultar precios,Atención al Cliente,3,False,Abandonada,False,2
6158,1354,2025-12-18 17:05:08,WhatsApp,Reclamo,Atención al Cliente,15,False,Abandonada,False,2
6159,878,2025-03-31 13:07:22,WhatsApp,Solicitar información,Ventas,4,False,Finalizada,True,5
6160,27,2025-11-15 13:40:55,WhatsApp,Reclamo,Atención Comercial,14,False,Finalizada,True,4
6161,39,2025-11-03 17:31:20,WhatsApp,Consultar precios,Atención Comercial,3,False,Finalizada,False,3
6162,1934,2025-08-12 10:08:23,Instagram,Consultar precios,Ventas,4,False,Finalizada,True,5
6163,16,2025-12-17 20:44:46,Facebook,Reclamo,Atención al Cliente,11,False,Finalizada,False,5
6164,1351,2025-02-01 13:23:00,WhatsApp,Consultar precios,Atención Comercial,3,False,Finalizada,False,3
6165,675,2025-12-03 19:23:56,Telegram,Reclamo,Postventa,14,False,Finalizada,True,5
6166,1022,2025-07-13 12:06:53,Telegram,Agendar servicio,Atención Comercial,8,False,Finalizada,True,5
6167,1288,2025-12-31 18:42:11,WhatsApp,Agendar servicio,Atención al Cliente,8,False,Finalizada,False,3
6168,386,2025-11-24 13:41:38,Facebook,Soporte técnico,Soporte,15,False,Finalizada,False,4
6169,1264,2025-07-13 08:07:02,Facebook,Seguimiento,Postventa,4,False,Finalizada,False,4
6170,1152,2025-12-13 18:46:20,Instagram,Cancelar servicio,Soporte,4,False,Finalizada,False,5
6171,1913,2025-12-16 13:47:37,WhatsApp,Seguimiento,Soporte,7,False,Abandonada,False,1
6172,1466,2025-09-14 12:44:49,WhatsApp,Agendar servicio,Atención Comercial,7,False,Finalizada,True,4
6173,1037,2025-03-26 17:27:32,Web,Solicitar información,Soporte,5,False,Abandonada,False,1
6174,441,2025-06-08 13:07:47,Facebook,Soporte técnico,Postventa,13,False,Finalizada,True,5
6175,729,2025-04-28 19:56:26,Web,Agendar servicio,Postventa,6,False,Finalizada,False,4
6176,1875,2025-12-27 17:22:30,WhatsApp,Solicitar información,Ventas,5,False,Finalizada,True,5
6177,868,2025-08-08 12:12:14,WhatsApp,Seguimiento,Ventas,7,False,Finalizada,True,5
6178,1201,2025-10-03 01:30:14,WhatsApp,Reclamo,Atención al Cliente,14,False,Finalizada,False,5
6179,281,2025-03-16 11:22:28,Web,Seguimiento,Ventas,6,False,Finalizada,True,4
6180,1155,2025-10-18 03:08:49,WhatsApp,Solicitar información,Atención Comercial,4,False,Abandonada,False,1
6181,765,2025-11-11 20:49:40,WhatsApp,Solicitar información,Postventa,4,False,Abandonada,False,2
6182,256,2025-09-19 20:44:38,Web,Soporte técnico,Soporte,14,False,Abandonada,False,1
6183,1389,2025-11-23 12:29:34,Facebook,Seguimiento,Atención Comercial,4,True,Finalizada,False,3
6184,1640,2025-01-04 13:07:20,WhatsApp,Solicitar información,Soporte,5,False,Finalizada,True,5
6185,1673,2025-10-04 02:35:11,Instagram,Soporte técnico,Ventas,12,False,Finalizada,True,4
6186,908,2025-08-14 20:31:45,WhatsApp,Solicitar información,Postventa,5,False,Finalizada,False,5
6187,236,2025-05-07 18:02:17,WhatsApp,Agendar servicio,Postventa,6,False,Finalizada,False,3
6188,1222,2025-05-27 20:55:21,Telegram,Soporte técnico,Postventa,14,True,Finalizada,False,2
6189,293,2025-07-16 13:17:24,WhatsApp,Reclamo,Ventas,15,True,Finalizada,True,2
6190,1121,2025-10-09 15:49:19,WhatsApp,Consultar precios,Ventas,5,False,Abandonada,False,1
6191,597,2025-02-13 16:12:41,Facebook,Agendar servicio,Soporte,8,False,Finalizada,True,5
6192,1031,2025-06-04 13:19:58,Facebook,Consultar precios,Soporte,4,False,Finalizada,False,3
6193,1355,2025-12-29 10:41:50,WhatsApp,Agendar servicio,Postventa,5,False,Abandonada,False,1
6194,950,2025-10-19 20:11:04,Facebook,Agendar servicio,Postventa,8,False,Finalizada,False,3
6195,1545,2025-04-18 20:27:24,Telegram,Consultar precios,Postventa,3,False,Finalizada,False,4
6196,1002,2025-07-26 19:19:42,WhatsApp,Seguimiento,Ventas,7,False,Finalizada,False,4
6197,1257,2025-08-16 18:24:00,Facebook,Agendar servicio,Soporte,7,False,Finalizada,False,4
6198,1405,2025-11-03 18:10:52,WhatsApp,Solicitar información,Ventas,4,False,Finalizada,True,5
6199,1491,2025-03-11 20:16:05,WhatsApp,Consultar precios,Ventas,4,False,Finalizada,True,5
6200,1819,2025-04-13 18:47:59,WhatsApp,Solicitar información,Soporte,6,False,Finalizada,False,5
6201,1878,2025-06-10 13:50:13,WhatsApp,Cancelar servicio,Ventas,3,False,Finalizada,False,3
6202,83,2025-06-21 18:26:05,Web,Reclamo,Atención Comercial,13,False,Finalizada,False,4
6203,1445,2025-08-26 09:37:26,Web,Seguimiento,Postventa,4,False,Finalizada,False,4
6204,1818,2025-02-26 18:09:40,WhatsApp,Consultar precios,Soporte,5,False,Finalizada,False,5
6205,1011,2025-12-22 12:33:50,WhatsApp,Solicitar información,Atención al Cliente,5,False,Abandonada,False,1
6206,1319,2025-02-18 18:51:22,Facebook,Seguimiento,Soporte,7,False,Finalizada,False,5
6207,1724,2025-01-30 10:48:36,Telegram,Cancelar servicio,Soporte,2,False,Finalizada,True,4
6208,1893,2025-06-15 13:10:57,WhatsApp,Cancelar servicio,Atención Comercial,4,False,Finalizada,True,5
6209,843,2025-05-24 11:57:48,Facebook,Reclamo,Atención al Cliente,9,False,Finalizada,True,5
6210,1533,2025-01-19 15:14:08,Instagram,Agendar servicio,Soporte,8,False,Finalizada,False,4
6211,1887,2025-03-10 18:33:19,Web,Seguimiento,Atención Comercial,5,False,Finalizada,False,4
6212,1115,2025-02-03 12:38:39,WhatsApp,Seguimiento,Postventa,6,False,Abandonada,False,1
6213,664,2025-01-03 13:25:01,WhatsApp,Seguimiento,Atención al Cliente,4,False,Finalizada,True,5
6214,1348,2025-02-12 19:24:37,Web,Soporte técnico,Atención Comercial,11,True,Finalizada,False,3
6215,1809,2025-10-04 20:34:41,WhatsApp,Cancelar servicio,Ventas,2,False,Finalizada,False,4
6216,1560,2025-11-28 20:32:03,WhatsApp,Solicitar información,Atención al Cliente,5,False,Finalizada,False,4
6217,1130,2025-03-22 10:12:04,Facebook,Consultar precios,Soporte,4,False,Finalizada,True,5
6218,547,2025-02-11 12:16:11,WhatsApp,Cancelar servicio,Ventas,4,False,Finalizada,True,5
6219,854,2025-05-20 20:18:51,WhatsApp,Cancelar servicio,Soporte,2,False,Finalizada,True,5
6220,870,2025-09-11 19:38:04,Facebook,Reclamo,Atención Comercial,13,True,Finalizada,True,3
6221,277,2025-11-27 20:09:52,Web,Soporte técnico,Postventa,10,False,Abandonada,False,2
6222,1888,2025-11-17 19:29:50,WhatsApp,Soporte técnico,Postventa,11,False,Finalizada,False,4
6223,558,2025-02-10 19:44:00,Telegram,Cancelar servicio,Atención Comercial,2,False,Finalizada,False,4
6224,1573,2025-11-20 12:53:12,WhatsApp,Reclamo,Atención Comercial,9,False,Finalizada,False,3
6225,1066,2025-02-09 02:48:07,WhatsApp,Seguimiento,Atención al Cliente,7,True,Finalizada,True,1
6226,951,2025-06-09 17:33:56,Facebook,Cancelar servicio,Atención al Cliente,2,False,Finalizada,True,5
6227,418,2025-01-08 15:33:25,WhatsApp,Cancelar servicio,Atención Comercial,3,True,Finalizada,False,1
6228,302,2025-01-17 12:40:25,Facebook,Agendar servicio,Postventa,8,False,Abandonada,False,2
6229,509,2025-12-31 08:18:31,WhatsApp,Agendar servicio,Atención Comercial,6,False,Abandonada,False,1
6230,627,2025-04-24 18:22:55,WhatsApp,Reclamo,Ventas,15,False,Finalizada,True,4
6231,780,2025-05-18 15:02:08,Facebook,Solicitar información,Postventa,4,True,Finalizada,True,1
6232,387,2025-02-04 11:39:30,WhatsApp,Solicitar información,Postventa,4,False,Abandonada,False,1
6233,1204,2025-06-01 18:47:36,Facebook,Cancelar servicio,Postventa,4,False,Finalizada,False,3
6234,130,2025-11-11 20:30:36,Facebook,Solicitar información,Atención al Cliente,4,False,Finalizada,False,4
6235,844,2025-04-18 19:47:20,Telegram,Soporte técnico,Soporte,12,False,Finalizada,False,4
6236,927,2025-08-19 18:36:48,WhatsApp,Solicitar información,Ventas,4,False,Finalizada,False,3
6237,290,2025-09-15 20:59:38,WhatsApp,Solicitar información,Ventas,4,True,Finalizada,False,2
6238,616,2025-11-20 19:39:54,Facebook,Soporte técnico,Ventas,13,True,Finalizada,True,2
6239,1572,2025-05-11 12:48:37,WhatsApp,Reclamo,Ventas,11,False,Finalizada,False,4
6240,855,2025-03-19 18:11:10,WhatsApp,Agendar servicio,Soporte,5,False,Finalizada,True,5
6241,506,2025-07-06 19:41:24,WhatsApp,Solicitar información,Soporte,6,False,Abandonada,False,1
6242,217,2025-01-03 19:39:01,Facebook,Consultar precios,Atención al Cliente,4,False,Finalizada,True,5
6243,1409,2025-02-06 11:18:28,Instagram,Cancelar servicio,Atención Comercial,3,False,Finalizada,False,3
6244,431,2025-06-25 09:23:07,WhatsApp,Agendar servicio,Atención Comercial,7,False,Finalizada,False,3
6245,192,2025-09-12 16:11:56,Facebook,Reclamo,Soporte,9,True,Finalizada,True,3
6246,1547,2025-02-07 16:46:34,Web,Consultar precios,Postventa,4,False,Finalizada,True,5
6247,582,2025-06-06 13:14:01,Web,Soporte técnico,Ventas,12,False,Abandonada,False,2
6248,949,2025-04-24 13:34:49,Telegram,Reclamo,Postventa,11,True,Finalizada,False,1
6249,1839,2025-09-12 18:24:44,Facebook,Consultar precios,Atención Comercial,4,False,Finalizada,True,5
6250,636,2025-11-06 19:52:11,WhatsApp,Agendar servicio,Atención Comercial,8,False,Finalizada,True,4
6251,628,2025-01-15 20:18:39,WhatsApp,Agendar servicio,Soporte,8,False,Finalizada,True,5
6252,63,2025-05-29 13:03:13,Facebook,Cancelar servicio,Soporte,3,False,Finalizada,False,3
6253,1798,2025-02-28 20:05:10,Web,Agendar servicio,Atención Comercial,6,False,Finalizada,False,5
6254,790,2025-11-29 18:34:44,Web,Consultar precios,Soporte,3,False,Abandonada,False,2
6255,1098,2025-10-14 18:15:59,Web,Consultar precios,Atención al Cliente,4,False,Finalizada,True,5
6256,1896,2025-12-01 20:04:22,WhatsApp,Seguimiento,Postventa,7,False,Finalizada,False,3
6257,436,2025-07-14 18:29:04,Facebook,Solicitar información,Postventa,5,False,Finalizada,False,3
6258,1888,2025-09-27 12:39:23,WhatsApp,Consultar precios,Ventas,3,False,Finalizada,False,4
6259,1164,2025-06-19 13:35:17,WhatsApp,Agendar servicio,Soporte,5,False,Abandonada,False,1
6260,1834,2025-12-28 18:25:41,Instagram,Cancelar servicio,Soporte,2,False,Finalizada,False,3
6261,1295,2025-10-31 17:41:47,WhatsApp,Seguimiento,Atención Comercial,4,True,Finalizada,True,2
6262,953,2025-09-02 12:15:10,Facebook,Solicitar información,Soporte,6,False,Abandonada,False,1
6263,729,2025-08-17 12:10:00,WhatsApp,Cancelar servicio,Atención al Cliente,4,False,Abandonada,False,1
6264,647,2025-07-19 19:19:06,WhatsApp,Consultar precios,Atención Comercial,4,False,Finalizada,True,5
6265,1241,2025-08-14 09:36:07,WhatsApp,Solicitar información,Postventa,6,False,Finalizada,True,5
6266,440,2025-04-25 19:37:14,Instagram,Agendar servicio,Soporte,7,False,Finalizada,True,5
6267,1290,2025-03-11 18:48:35,WhatsApp,Cancelar servicio,Soporte,4,False,Finalizada,False,3
6268,1674,2025-01-10 13:06:55,Web,Soporte técnico,Atención Comercial,13,False,Finalizada,False,4
6269,419,2025-10-02 20:49:06,Facebook,Agendar servicio,Soporte,8,False,Finalizada,False,5
6270,895,2025-01-11 18:23:15,Facebook,Consultar precios,Atención Comercial,3,False,Finalizada,True,5
6271,748,2025-09-09 20:55:55,Facebook,Agendar servicio,Atención al Cliente,8,False,Finalizada,True,5
6272,1699,2025-06-10 12:05:29,Web,Agendar servicio,Atención al Cliente,5,False,Finalizada,True,5
6273,1771,2025-02-23 08:43:10,Facebook,Cancelar servicio,Ventas,3,True,Finalizada,False,1
6274,8,2025-01-10 12:08:09,Instagram,Seguimiento,Atención al Cliente,6,False,Finalizada,True,4
6275,1443,2025-03-01 11:38:08,WhatsApp,Seguimiento,Soporte,6,False,Finalizada,True,5
6276,1625,2025-01-16 18:23:56,Web,Agendar servicio,Atención Comercial,5,False,Finalizada,False,4
6277,497,2025-09-05 20:04:34,WhatsApp,Soporte técnico,Atención Comercial,16,False,Finalizada,False,4
6278,1925,2025-10-17 13:49:14,Telegram,Reclamo,Postventa,9,True,Finalizada,True,1
6279,440,2025-10-22 11:00:43,Facebook,Reclamo,Soporte,9,False,Finalizada,True,5
6280,138,2025-05-05 00:48:41,Web,Agendar servicio,Atención al Cliente,5,False,Finalizada,True,5
6281,1322,2025-04-20 17:32:37,WhatsApp,Consultar precios,Atención Comercial,3,False,Finalizada,True,5
6282,1652,2025-09-05 12:53:32,Web,Seguimiento,Ventas,4,False,Finalizada,True,5
6283,646,2025-10-29 09:26:16,Web,Seguimiento,Soporte,4,False,Finalizada,False,4
6284,50,2025-11-07 16:19:45,WhatsApp,Seguimiento,Atención Comercial,7,False,Finalizada,False,5
6285,1742,2025-01-19 13:07:14,WhatsApp,Solicitar información,Atención al Cliente,6,False,Finalizada,True,5
6286,1976,2025-12-30 13:15:25,Telegram,Reclamo,Atención al Cliente,15,True,Finalizada,False,1
6287,558,2025-11-13 00:46:21,Facebook,Reclamo,Atención Comercial,14,False,Finalizada,False,3
6288,429,2025-01-11 19:02:49,WhatsApp,Seguimiento,Atención Comercial,6,False,Finalizada,True,5
6289,1663,2025-02-02 20:08:00,WhatsApp,Solicitar información,Postventa,4,False,Finalizada,False,3
6290,800,2025-07-15 13:52:16,WhatsApp,Agendar servicio,Postventa,7,False,Abandonada,False,1
6291,209,2025-11-02 20:29:05,WhatsApp,Consultar precios,Ventas,4,False,Finalizada,False,3
6292,645,2025-02-15 20:46:48,Web,Seguimiento,Ventas,6,False,Finalizada,True,5
6293,29,2025-06-14 11:11:34,Web,Reclamo,Atención al Cliente,11,False,Finalizada,False,4
6294,1992,2025-07-27 12:56:45,Web,Cancelar servicio,Ventas,3,False,Finalizada,False,5
6295,1334,2025-10-21 10:07:29,WhatsApp,Cancelar servicio,Postventa,3,False,Abandonada,False,1
6296,1864,2025-03-09 08:30:56,WhatsApp,Agendar servicio,Postventa,6,False,Abandonada,False,1
6297,105,2025-05-20 18:27:06,Web,Consultar precios,Atención al Cliente,3,False,Finalizada,False,4
6298,1716,2025-01-25 20:34:08,WhatsApp,Cancelar servicio,Ventas,3,False,Finalizada,False,4
6299,525,2025-02-11 13:56:21,Web,Soporte técnico,Soporte,14,False,Abandonada,False,1
6300,715,2025-08-03 12:02:10,Web,Solicitar información,Ventas,4,False,Finalizada,True,5
6301,1325,2025-06-30 16:34:27,Instagram,Soporte técnico,Atención Comercial,18,True,Finalizada,False,3
6302,680,2025-06-10 13:27:28,WhatsApp,Reclamo,Postventa,14,False,Finalizada,False,3
6303,435,2025-10-03 19:47:20,WhatsApp,Seguimiento,Atención al Cliente,5,False,Finalizada,True,5
6304,1760,2025-12-20 10:29:32,Facebook,Cancelar servicio,Postventa,4,False,Finalizada,False,4
6305,122,2025-02-07 20:29:05,Instagram,Solicitar información,Postventa,4,False,Finalizada,False,4
6306,828,2025-04-24 20:34:41,Facebook,Soporte técnico,Atención Comercial,11,True,Finalizada,True,3
6307,790,2025-05-04 13:08:23,Web,Seguimiento,Postventa,5,False,Finalizada,False,4
6308,457,2025-11-26 18:33:33,Instagram,Seguimiento,Ventas,4,False,Abandonada,False,1
6309,1829,2025-07-30 18:21:11,Web,Solicitar información,Soporte,4,True,Finalizada,False,3
6310,477,2025-12-10 04:02:16,WhatsApp,Seguimiento,Ventas,7,False,Finalizada,False,5
6311,380,2025-07-22 05:47:24,Telegram,Consultar precios,Atención al Cliente,4,False,Finalizada,True,5
6312,1664,2025-01-13 12:40:01,Web,Reclamo,Atención Comercial,8,False,Finalizada,True,4
6313,293,2025-12-08 17:37:30,Facebook,Agendar servicio,Soporte,5,False,Finalizada,False,3
6314,1922,2025-11-11 18:53:23,Web,Reclamo,Atención al Cliente,13,False,Finalizada,False,3
6315,512,2025-06-21 20:44:11,WhatsApp,Consultar precios,Postventa,5,False,Abandonada,False,2
6316,773,2025-04-25 10:12:29,WhatsApp,Cancelar servicio,Atención Comercial,3,False,Finalizada,False,5
6317,1989,2025-04-03 10:48:58,WhatsApp,Seguimiento,Postventa,7,False,Finalizada,False,4
6318,1661,2025-09-06 20:49:52,WhatsApp,Solicitar información,Atención Comercial,6,False,Finalizada,True,5
6319,1262,2025-06-28 17:22:16,WhatsApp,Seguimiento,Atención al Cliente,7,False,Abandonada,False,1
6320,1104,2025-12-25 19:19:32,Facebook,Consultar precios,Atención al Cliente,3,False,Finalizada,False,4
6321,939,2025-03-08 13:14:03,Instagram,Agendar servicio,Atención Comercial,7,False,Finalizada,False,4
6322,1130,2025-05-22 15:11:32,WhatsApp,Consultar precios,Atención Comercial,4,False,Finalizada,True,5
6323,1506,2025-05-06 12:02:54,Facebook,Soporte técnico,Postventa,15,True,Finalizada,True,1
6324,1567,2025-07-07 18:41:18,Telegram,Seguimiento,Atención al Cliente,5,False,Finalizada,False,4
6325,1597,2025-04-19 18:23:19,Web,Seguimiento,Ventas,5,False,Finalizada,True,5
6326,1124,2025-12-07 09:38:56,WhatsApp,Cancelar servicio,Ventas,4,False,Finalizada,True,5
6327,946,2025-08-23 05:28:43,Facebook,Solicitar información,Ventas,4,False,Finalizada,True,4
6328,1035,2025-04-05 04:09:11,Telegram,Consultar precios,Atención Comercial,4,False,Finalizada,False,3
6329,1451,2025-08-23 20:21:16,Web,Reclamo,Soporte,10,False,Finalizada,False,5
6330,1946,2025-10-08 18:27:31,Instagram,Soporte técnico,Soporte,15,True,Abandonada,False,2
6331,1609,2025-06-22 05:00:25,Web,Seguimiento,Atención Comercial,7,False,Finalizada,False,4
6332,908,2025-07-22 12:20:35,WhatsApp,Consultar precios,Soporte,5,False,Finalizada,False,4
6333,720,2025-01-08 19:21:22,Web,Seguimiento,Atención al Cliente,7,False,Finalizada,True,4
6334,1891,2025-07-04 20:04:24,WhatsApp,Seguimiento,Atención al Cliente,5,False,Finalizada,True,4
6335,561,2025-09-15 18:18:19,WhatsApp,Consultar precios,Atención Comercial,3,False,Finalizada,True,5
6336,868,2025-08-14 04:04:40,Web,Solicitar información,Atención Comercial,5,False,Abandonada,False,1
6337,1348,2025-05-06 18:17:29,Web,Agendar servicio,Atención al Cliente,7,False,Finalizada,False,3
6338,496,2025-07-07 10:26:58,WhatsApp,Reclamo,Atención al Cliente,10,False,Finalizada,False,4
6339,451,2025-09-18 12:44:24,Instagram,Cancelar servicio,Postventa,2,False,Finalizada,True,5
6340,1552,2025-04-27 13:56:29,WhatsApp,Seguimiento,Atención Comercial,7,False,Finalizada,False,3
6341,135,2025-05-03 13:41:39,WhatsApp,Agendar servicio,Soporte,5,False,Finalizada,True,5
6342,733,2025-04-14 16:34:47,WhatsApp,Seguimiento,Soporte,7,False,Abandonada,False,1
6343,80,2025-09-03 12:01:24,WhatsApp,Consultar precios,Ventas,5,False,Finalizada,True,5
6344,1089,2025-12-01 12:18:52,WhatsApp,Seguimiento,Postventa,6,False,Finalizada,True,4
6345,1696,2025-04-14 11:53:10,WhatsApp,Agendar servicio,Ventas,8,True,Finalizada,True,2
6346,1429,2025-02-16 18:09:54,Web,Solicitar información,Soporte,6,False,Finalizada,True,4
6347,490,2025-12-18 18:53:12,Facebook,Solicitar información,Atención Comercial,4,False,Finalizada,True,5
6348,910,2025-03-24 18:05:12,WhatsApp,Reclamo,Soporte,8,False,Finalizada,True,5
6349,1657,2025-09-30 10:36:30,Web,Soporte técnico,Ventas,14,False,Finalizada,True,5
6350,1895,2025-12-11 10:10:08,Facebook,Cancelar servicio,Atención al Cliente,4,False,Finalizada,False,3
6351,1688,2025-06-29 13:05:24,Instagram,Solicitar información,Soporte,5,False,Abandonada,False,2
6352,122,2025-06-29 18:47:27,WhatsApp,Solicitar información,Atención al Cliente,4,False,Finalizada,True,5
6353,575,2025-06-02 20:07:33,WhatsApp,Cancelar servicio,Atención Comercial,3,False,Finalizada,False,4
6354,697,2025-05-11 17:37:00,Telegram,Seguimiento,Ventas,7,False,Finalizada,False,4
6355,1782,2025-01-07 18:58:00,Web,Agendar servicio,Soporte,6,False,Finalizada,True,5
6356,1285,2025-11-20 13:08:35,WhatsApp,Soporte técnico,Postventa,13,False,Finalizada,True,5
6357,1061,2025-01-20 18:45:21,WhatsApp,Seguimiento,Ventas,6,False,Finalizada,False,3
6358,1559,2025-09-02 08:18:55,WhatsApp,Solicitar información,Postventa,4,False,Finalizada,False,3
6359,1769,2025-06-12 18:16:40,Web,Cancelar servicio,Soporte,4,False,Finalizada,True,4
6360,2000,2025-08-10 02:24:43,Facebook,Consultar precios,Soporte,5,False,Finalizada,True,5
6361,234,2025-03-24 13:16:46,WhatsApp,Agendar servicio,Soporte,6,True,Abandonada,False,1
6362,1744,2025-12-22 20:57:53,WhatsApp,Reclamo,Atención Comercial,11,False,Finalizada,False,4
6363,1989,2025-07-27 08:50:49,Web,Cancelar servicio,Atención Comercial,4,False,Finalizada,False,4
6364,505,2025-03-11 18:38:35,Web,Seguimiento,Ventas,6,False,Finalizada,False,3
6365,1662,2025-10-30 20:58:55,WhatsApp,Cancelar servicio,Atención Comercial,2,False,Finalizada,True,5
6366,1720,2025-08-02 19:38:56,WhatsApp,Consultar precios,Atención al Cliente,4,False,Abandonada,False,1
6367,274,2025-11-23 08:16:15,Web,Agendar servicio,Postventa,5,False,Abandonada,False,1
6368,1798,2025-12-01 19:58:17,WhatsApp,Agendar servicio,Ventas,7,False,Finalizada,True,5
6369,526,2025-09-02 08:58:36,Web,Seguimiento,Ventas,5,False,Abandonada,False,1
6370,1212,2025-05-16 09:18:37,Facebook,Seguimiento,Soporte,5,False,Abandonada,False,2
6371,1752,2025-07-12 04:43:33,Instagram,Soporte técnico,Atención Comercial,13,False,Finalizada,True,4
6372,1405,2025-08-14 13:45:51,Web,Soporte técnico,Postventa,12,True,Finalizada,True,2
6373,1223,2025-05-27 12:15:14,Web,Cancelar servicio,Soporte,3,False,Abandonada,False,1
6374,690,2025-09-11 19:53:49,WhatsApp,Consultar precios,Atención Comercial,5,False,Finalizada,True,5
6375,342,2025-08-22 18:17:36,Web,Soporte técnico,Ventas,13,False,Finalizada,True,5
6376,1765,2025-01-28 18:42:25,Web,Reclamo,Postventa,10,True,Abandonada,False,2
6377,1468,2025-05-25 10:44:06,Web,Soporte técnico,Ventas,15,False,Finalizada,False,4
6378,1274,2025-05-22 12:43:54,Web,Solicitar información,Postventa,5,False,Finalizada,False,3
6379,1937,2025-05-01 19:50:26,WhatsApp,Soporte técnico,Atención al Cliente,18,True,Finalizada,True,1
6380,925,2025-06-12 12:59:08,WhatsApp,Soporte técnico,Ventas,15,False,Finalizada,False,3
6381,1132,2025-01-20 18:43:19,WhatsApp,Reclamo,Atención al Cliente,11,False,Abandonada,False,1
6382,1354,2025-09-08 12:29:47,WhatsApp,Agendar servicio,Atención Comercial,8,False,Finalizada,False,5
6383,206,2025-02-08 20:33:33,WhatsApp,Soporte técnico,Postventa,15,True,Abandonada,False,2
6384,998,2025-01-24 18:59:25,Instagram,Agendar servicio,Atención Comercial,7,False,Finalizada,False,4
6385,1851,2025-06-06 05:16:23,Web,Reclamo,Atención al Cliente,11,False,Finalizada,True,4
6386,1186,2025-10-07 16:27:58,Web,Soporte técnico,Soporte,12,False,Finalizada,True,5
6387,1202,2025-06-20 01:22:04,Web,Reclamo,Atención Comercial,13,False,Finalizada,True,5
6388,490,2025-02-14 20:06:02,Web,Solicitar información,Atención al Cliente,6,False,Finalizada,False,3
6389,147,2025-09-18 20:08:52,Web,Reclamo,Ventas,13,False,Finalizada,True,4
6390,414,2025-03-04 12:27:42,Instagram,Agendar servicio,Soporte,5,False,Finalizada,False,3
6391,1600,2025-08-29 05:44:57,Telegram,Consultar precios,Ventas,4,False,Finalizada,False,3
6392,1024,2025-01-17 11:31:23,Web,Cancelar servicio,Ventas,3,False,Finalizada,True,5
6393,243,2025-07-22 08:15:39,Web,Soporte técnico,Soporte,11,False,Finalizada,False,3
6394,1501,2025-08-19 09:25:17,Instagram,Consultar precios,Atención Comercial,3,False,Abandonada,False,2
6395,750,2025-04-01 20:03:31,Telegram,Soporte técnico,Atención Comercial,11,True,Finalizada,True,2
6396,1431,2025-06-11 18:45:23,WhatsApp,Cancelar servicio,Atención Comercial,4,False,Finalizada,True,5
6397,1140,2025-05-08 08:17:47,WhatsApp,Consultar precios,Soporte,3,False,Finalizada,True,5
6398,1527,2025-06-10 20:33:15,WhatsApp,Soporte técnico,Postventa,18,True,Finalizada,True,2
6399,33,2025-02-22 11:59:37,Web,Solicitar información,Atención al Cliente,4,False,Finalizada,True,5
6400,479,2025-02-02 18:00:23,Web,Consultar precios,Soporte,3,False,Finalizada,True,5
6401,981,2025-03-07 11:08:05,WhatsApp,Seguimiento,Atención Comercial,6,False,Finalizada,False,3
6402,498,2025-11-06 13:39:59,Web,Consultar precios,Postventa,4,False,Finalizada,False,4
6403,408,2025-09-01 15:32:03,Telegram,Consultar precios,Ventas,4,False,Finalizada,False,3
6404,103,2025-09-08 12:06:20,Web,Reclamo,Ventas,10,True,Finalizada,False,2
6405,1765,2025-06-05 03:44:49,Web,Agendar servicio,Atención al Cliente,6,False,Finalizada,True,5
6406,427,2025-04-28 18:33:29,Facebook,Cancelar servicio,Postventa,2,False,Abandonada,False,1
6407,461,2025-11-18 19:42:31,Telegram,Agendar servicio,Soporte,7,False,Finalizada,False,3
6408,1143,2025-01-18 19:09:27,Web,Agendar servicio,Soporte,6,False,Finalizada,True,4
6409,67,2025-11-23 19:34:42,Telegram,Seguimiento,Atención al Cliente,4,False,Abandonada,False,2
6410,1289,2025-01-02 08:35:31,Facebook,Reclamo,Postventa,9,True,Finalizada,False,2
6411,369,2025-07-24 20:26:03,WhatsApp,Reclamo,Atención Comercial,14,False,Finalizada,True,4
6412,905,2025-12-29 11:30:55,Web,Soporte técnico,Soporte,11,False,Finalizada,True,5
6413,1959,2025-06-20 03:30:32,Web,Agendar servicio,Atención Comercial,6,False,Finalizada,True,4
6414,660,2025-05-18 11:03:57,WhatsApp,Seguimiento,Atención Comercial,7,True,Finalizada,True,2
6415,1226,2025-10-21 19:52:12,WhatsApp,Seguimiento,Atención Comercial,5,True,Finalizada,True,2
6416,539,2025-10-10 12:48:38,WhatsApp,Cancelar servicio,Postventa,4,False,Finalizada,True,5
6417,683,2025-01-19 08:32:46,WhatsApp,Seguimiento,Postventa,5,False,Finalizada,False,3
6418,1431,2025-09-09 05:30:25,Web,Reclamo,Soporte,14,False,Finalizada,False,4
6419,1474,2025-01-20 20:30:01,WhatsApp,Reclamo,Atención al Cliente,14,False,Finalizada,False,3
6420,915,2025-02-20 12:26:33,Instagram,Solicitar información,Atención al Cliente,5,False,Finalizada,False,4
6421,426,2025-01-03 19:49:19,Facebook,Cancelar servicio,Atención al Cliente,3,False,Abandonada,False,2
6422,807,2025-12-27 19:49:33,WhatsApp,Seguimiento,Ventas,7,False,Finalizada,True,5
6423,457,2025-04-25 02:27:34,Web,Soporte técnico,Ventas,14,False,Finalizada,False,3
6424,702,2025-07-07 12:33:50,Telegram,Seguimiento,Postventa,6,True,Finalizada,True,2
6425,1582,2025-05-09 08:17:49,WhatsApp,Agendar servicio,Ventas,8,False,Finalizada,False,4
6426,1518,2025-04-23 10:21:28,WhatsApp,Cancelar servicio,Ventas,2,False,Finalizada,False,5
6427,1104,2025-05-02 17:11:44,WhatsApp,Soporte técnico,Postventa,17,False,Finalizada,True,5
6428,410,2025-06-16 08:30:20,WhatsApp,Agendar servicio,Postventa,5,False,Finalizada,False,4
6429,1998,2025-09-12 12:45:24,WhatsApp,Cancelar servicio,Atención al Cliente,2,False,Abandonada,False,2
6430,1080,2025-03-24 19:40:37,Facebook,Agendar servicio,Postventa,6,False,Finalizada,True,5
6431,1739,2025-07-25 02:48:54,WhatsApp,Agendar servicio,Atención al Cliente,6,True,Abandonada,False,1
6432,1378,2025-07-27 19:36:13,Instagram,Reclamo,Ventas,8,True,Finalizada,False,1
6433,1618,2025-04-27 13:13:50,WhatsApp,Solicitar información,Soporte,4,False,Finalizada,False,4
6434,1161,2025-07-16 18:27:59,Telegram,Agendar servicio,Atención Comercial,8,False,Abandonada,False,2
6435,730,2025-08-29 12:37:56,WhatsApp,Consultar precios,Atención al Cliente,5,False,Finalizada,True,5
6436,1785,2025-05-21 13:25:18,WhatsApp,Agendar servicio,Soporte,5,True,Finalizada,True,2
6437,1326,2025-04-25 11:02:35,Web,Solicitar información,Atención Comercial,6,False,Finalizada,False,4
6438,1576,2025-01-04 19:02:29,Web,Agendar servicio,Soporte,8,False,Finalizada,False,5
6439,740,2025-12-30 19:04:54,Web,Cancelar servicio,Atención al Cliente,3,False,Finalizada,False,4
6440,1649,2025-12-18 12:03:41,Facebook,Solicitar información,Ventas,5,False,Abandonada,False,1
6441,289,2025-06-21 20:10:08,Web,Consultar precios,Atención Comercial,3,False,Finalizada,False,4
6442,749,2025-08-02 18:55:20,Facebook,Seguimiento,Postventa,6,False,Finalizada,False,5
6443,854,2025-04-07 08:46:04,Instagram,Reclamo,Atención Comercial,14,False,Finalizada,True,4
6444,328,2025-10-31 12:50:21,WhatsApp,Solicitar información,Atención al Cliente,4,False,Finalizada,False,4
6445,875,2025-09-16 19:01:59,WhatsApp,Solicitar información,Atención al Cliente,6,False,Abandonada,False,1
6446,393,2025-07-29 12:03:22,Facebook,Reclamo,Atención Comercial,9,False,Finalizada,True,5
6447,1281,2025-12-14 13:48:40,WhatsApp,Consultar precios,Ventas,5,False,Finalizada,False,3
6448,316,2025-11-19 18:56:09,Web,Solicitar información,Atención al Cliente,6,False,Finalizada,True,5
6449,851,2025-08-04 12:02:00,Facebook,Solicitar información,Atención Comercial,5,False,Finalizada,True,5
6450,17,2025-05-01 18:52:15,WhatsApp,Reclamo,Atención al Cliente,11,False,Abandonada,False,1
6451,1180,2025-01-16 12:45:59,Facebook,Seguimiento,Atención Comercial,6,False,Finalizada,False,3
6452,73,2025-05-14 13:45:55,WhatsApp,Solicitar información,Soporte,6,False,Finalizada,True,5
6453,859,2025-10-07 00:38:04,WhatsApp,Solicitar información,Soporte,5,False,Abandonada,False,1
6454,1930,2025-07-29 02:55:40,Facebook,Seguimiento,Postventa,5,False,Finalizada,True,5
6455,1488,2025-02-25 01:13:42,Web,Soporte técnico,Soporte,15,False,Finalizada,True,5
6456,239,2025-10-31 12:38:05,Facebook,Reclamo,Ventas,11,False,Finalizada,False,4
6457,348,2025-01-09 19:39:15,WhatsApp,Reclamo,Soporte,13,True,Finalizada,True,2
6458,1535,2025-12-31 18:12:43,Web,Soporte técnico,Atención al Cliente,11,False,Finalizada,True,5
6459,1497,2025-08-22 13:28:33,Instagram,Solicitar información,Postventa,4,False,Finalizada,False,3
6460,987,2025-07-28 20:14:24,Web,Reclamo,Postventa,9,False,Finalizada,True,5
6461,1299,2025-09-29 13:48:04,Facebook,Agendar servicio,Atención al Cliente,7,False,Abandonada,False,1
6462,643,2025-02-12 05:41:05,Facebook,Soporte técnico,Atención al Cliente,11,False,Finalizada,True,5
6463,1419,2025-05-14 19:32:34,WhatsApp,Reclamo,Postventa,15,True,Finalizada,True,1
6464,585,2025-09-15 19:55:19,Instagram,Cancelar servicio,Atención Comercial,2,False,Finalizada,False,4
6465,1026,2025-07-25 12:36:34,Web,Agendar servicio,Atención al Cliente,6,False,Finalizada,True,5
6466,1183,2025-09-18 20:58:21,Web,Consultar precios,Atención Comercial,3,False,Finalizada,False,4
6467,213,2025-07-13 13:10:46,Telegram,Soporte técnico,Atención al Cliente,12,False,Finalizada,False,4
6468,863,2025-08-28 11:11:13,Web,Consultar precios,Ventas,4,False,Finalizada,False,3
6469,693,2025-09-06 12:22:02,Web,Soporte técnico,Atención Comercial,12,False,Finalizada,False,3
6470,471,2025-12-25 19:55:33,Facebook,Soporte técnico,Atención Comercial,14,False,Finalizada,True,5
6471,1606,2025-02-18 18:04:33,Web,Solicitar información,Postventa,6,False,Finalizada,False,3
6472,1591,2025-01-25 20:51:19,WhatsApp,Soporte técnico,Soporte,18,False,Finalizada,True,5
6473,881,2025-05-04 12:16:30,Telegram,Agendar servicio,Atención Comercial,6,False,Finalizada,True,5
6474,855,2025-02-06 20:32:08,Web,Solicitar información,Postventa,5,False,Finalizada,False,4
6475,596,2025-07-20 18:03:32,Web,Agendar servicio,Ventas,8,False,Finalizada,False,5
6476,809,2025-10-24 19:17:26,Instagram,Solicitar información,Ventas,4,False,Finalizada,False,5
6477,45,2025-02-27 12:39:32,Web,Seguimiento,Atención al Cliente,7,False,Abandonada,False,2
6478,73,2025-04-11 13:52:10,Web,Solicitar información,Soporte,6,False,Finalizada,False,5
6479,1597,2025-03-28 02:45:49,Facebook,Seguimiento,Atención al Cliente,7,False,Finalizada,False,3
6480,1729,2025-09-08 15:13:50,WhatsApp,Seguimiento,Atención Comercial,5,False,Finalizada,True,5
6481,1609,2025-01-21 02:38:49,WhatsApp,Soporte técnico,Atención Comercial,18,False,Finalizada,False,3
6482,307,2025-11-04 17:54:14,WhatsApp,Solicitar información,Atención Comercial,6,False,Abandonada,False,2
6483,1654,2025-02-18 12:12:56,Instagram,Solicitar información,Atención Comercial,6,False,Finalizada,False,4
6484,1618,2025-03-14 10:15:01,Facebook,Soporte técnico,Atención Comercial,11,True,Finalizada,False,2
6485,914,2025-12-03 12:26:14,Facebook,Agendar servicio,Atención al Cliente,7,False,Finalizada,False,4
6486,36,2025-08-27 20:30:02,Facebook,Consultar precios,Postventa,4,False,Finalizada,False,5
6487,1204,2025-08-27 13:29:04,Facebook,Soporte técnico,Ventas,11,False,Abandonada,False,2
6488,1849,2025-11-04 20:16:37,WhatsApp,Solicitar información,Atención Comercial,4,False,Finalizada,True,5
6489,1627,2025-05-26 18:11:59,Facebook,Consultar precios,Ventas,5,False,Finalizada,False,3
6490,744,2025-06-08 16:19:44,WhatsApp,Agendar servicio,Ventas,8,False,Abandonada,False,1
6491,1601,2025-11-04 20:24:44,WhatsApp,Reclamo,Postventa,10,False,Finalizada,True,5
6492,1705,2025-07-31 19:27:25,Telegram,Cancelar servicio,Ventas,4,False,Finalizada,False,4
6493,674,2025-07-19 13:24:07,WhatsApp,Cancelar servicio,Soporte,3,True,Finalizada,False,2
6494,613,2025-11-13 18:09:19,WhatsApp,Seguimiento,Atención Comercial,5,False,Finalizada,False,3
6495,1073,2025-10-12 01:56:36,Instagram,Solicitar información,Atención al Cliente,4,False,Finalizada,True,5
6496,945,2025-05-10 20:20:18,WhatsApp,Soporte técnico,Ventas,15,True,Finalizada,False,3
6497,1629,2025-03-02 20:34:44,Facebook,Soporte técnico,Postventa,12,False,Finalizada,False,4
6498,443,2025-09-13 10:22:41,Instagram,Reclamo,Atención Comercial,13,False,Finalizada,False,4
6499,246,2025-03-26 11:36:32,Web,Consultar precios,Atención al Cliente,5,False,Finalizada,True,5
6500,1678,2025-05-13 01:44:46,Web,Agendar servicio,Atención Comercial,6,False,Finalizada,False,5
6501,1408,2025-06-25 19:45:00,Instagram,Consultar precios,Soporte,4,False,Finalizada,False,4
6502,88,2025-08-08 10:28:57,WhatsApp,Agendar servicio,Postventa,8,False,Finalizada,False,3
6503,1982,2025-09-06 13:22:03,Facebook,Seguimiento,Postventa,7,False,Finalizada,False,3
6504,1000,2025-11-29 17:18:57,Web,Reclamo,Postventa,8,False,Finalizada,False,3
6505,1690,2025-07-07 11:18:47,Web,Seguimiento,Soporte,6,False,Finalizada,False,5
6506,716,2025-01-27 12:13:55,WhatsApp,Cancelar servicio,Soporte,4,False,Finalizada,True,4
6507,830,2025-12-17 12:58:29,Instagram,Solicitar información,Postventa,5,False,Finalizada,False,4
6508,1360,2025-02-16 19:40:34,Web,Reclamo,Soporte,8,False,Finalizada,False,3
6509,160,2025-11-19 18:12:13,Web,Agendar servicio,Soporte,6,False,Finalizada,False,4
6510,538,2025-08-26 13:21:53,Telegram,Seguimiento,Atención al Cliente,5,False,Finalizada,False,4
6511,317,2025-03-26 20:53:53,Web,Reclamo,Atención al Cliente,10,True,Finalizada,True,3
6512,1984,2025-02-17 00:01:06,WhatsApp,Seguimiento,Atención Comercial,4,False,Finalizada,True,5
6513,1527,2025-05-21 19:26:12,WhatsApp,Solicitar información,Atención al Cliente,5,False,Finalizada,False,4
6514,445,2025-09-01 09:20:30,WhatsApp,Solicitar información,Atención Comercial,4,False,Abandonada,False,2
6515,1996,2025-03-14 13:41:36,Web,Agendar servicio,Atención al Cliente,5,False,Finalizada,False,3
6516,1101,2025-08-03 20:14:02,WhatsApp,Cancelar servicio,Soporte,2,False,Finalizada,True,5
6517,832,2025-10-30 19:53:46,WhatsApp,Seguimiento,Soporte,6,True,Abandonada,False,1
6518,1430,2025-11-04 20:41:50,WhatsApp,Cancelar servicio,Postventa,3,False,Finalizada,False,3
6519,263,2025-10-11 19:15:57,WhatsApp,Consultar precios,Atención Comercial,3,False,Finalizada,True,5
6520,624,2025-08-06 19:43:01,Telegram,Soporte técnico,Atención Comercial,13,True,Finalizada,False,2
6521,56,2025-02-18 20:49:22,Web,Seguimiento,Atención al Cliente,6,False,Finalizada,False,3
6522,166,2025-02-27 19:33:27,WhatsApp,Soporte técnico,Postventa,12,False,Finalizada,False,3
6523,914,2025-10-26 13:32:36,Web,Solicitar información,Atención Comercial,5,True,Finalizada,False,3
6524,1827,2025-03-16 12:43:47,WhatsApp,Agendar servicio,Atención Comercial,7,True,Abandonada,False,2
6525,1822,2025-07-03 13:01:28,WhatsApp,Solicitar información,Atención Comercial,4,False,Finalizada,True,4
6526,168,2025-07-18 18:09:32,WhatsApp,Agendar servicio,Atención al Cliente,6,False,Finalizada,False,3
6527,1751,2025-09-04 12:20:51,Web,Cancelar servicio,Atención al Cliente,3,False,Finalizada,False,4
6528,1425,2025-10-24 20:35:23,Web,Cancelar servicio,Atención al Cliente,2,False,Abandonada,False,2
6529,1535,2025-12-10 17:43:11,WhatsApp,Agendar servicio,Ventas,5,False,Finalizada,True,5
6530,1785,2025-12-21 02:21:01,Telegram,Reclamo,Atención al Cliente,13,True,Finalizada,True,3
6531,910,2025-09-15 19:47:16,Web,Cancelar servicio,Soporte,3,False,Finalizada,True,5
6532,391,2025-08-20 05:27:30,Web,Cancelar servicio,Postventa,4,False,Finalizada,False,4
6533,935,2025-08-09 12:37:53,WhatsApp,Cancelar servicio,Postventa,4,False,Finalizada,True,4
6534,634,2025-09-05 19:27:18,WhatsApp,Soporte técnico,Postventa,12,False,Abandonada,False,1
6535,1631,2025-02-26 20:00:12,Instagram,Reclamo,Postventa,8,True,Finalizada,True,2
6536,148,2025-06-30 20:37:29,Facebook,Consultar precios,Soporte,4,False,Finalizada,False,3
6537,103,2025-03-14 10:44:32,Instagram,Consultar precios,Atención al Cliente,3,False,Finalizada,True,5
6538,1518,2025-08-12 12:20:44,Facebook,Agendar servicio,Soporte,8,True,Finalizada,False,2
6539,1141,2025-02-09 15:03:26,WhatsApp,Solicitar información,Atención al Cliente,4,False,Finalizada,True,4
6540,1509,2025-08-25 20:15:53,Facebook,Cancelar servicio,Ventas,4,False,Finalizada,False,4
6541,55,2025-07-27 20:50:33,WhatsApp,Solicitar información,Atención Comercial,6,False,Finalizada,True,5
6542,78,2025-06-17 13:57:17,Instagram,Seguimiento,Atención Comercial,7,False,Finalizada,False,5
6543,1498,2025-06-05 12:23:29,WhatsApp,Soporte técnico,Atención Comercial,15,False,Abandonada,False,2
6544,1733,2025-03-30 19:15:07,Web,Seguimiento,Atención Comercial,6,False,Finalizada,False,5
6545,1840,2025-09-03 18:09:52,WhatsApp,Solicitar información,Atención al Cliente,5,False,Finalizada,False,3
6546,1995,2025-12-28 19:48:22,Instagram,Seguimiento,Atención Comercial,4,False,Finalizada,False,4
6547,494,2025-01-28 19:55:51,WhatsApp,Cancelar servicio,Soporte,4,False,Finalizada,False,3
6548,1666,2025-10-02 12:24:58,Web,Solicitar información,Atención al Cliente,5,False,Finalizada,True,5
6549,1612,2025-07-08 18:31:26,WhatsApp,Cancelar servicio,Atención Comercial,2,False,Abandonada,False,2
6550,563,2025-07-19 18:29:33,Facebook,Seguimiento,Soporte,6,False,Finalizada,False,5
6551,1591,2025-08-14 19:46:29,Instagram,Consultar precios,Atención al Cliente,4,False,Finalizada,False,4
6552,1678,2025-05-21 08:45:20,Web,Solicitar información,Atención Comercial,6,False,Finalizada,False,4
6553,264,2025-05-19 20:14:44,Web,Agendar servicio,Atención al Cliente,6,False,Finalizada,False,4
6554,1501,2025-08-14 18:03:02,Facebook,Reclamo,Atención Comercial,14,True,Finalizada,True,2
6555,1571,2025-05-28 05:29:07,WhatsApp,Cancelar servicio,Ventas,2,False,Finalizada,True,5
6556,1318,2025-04-03 13:39:15,Facebook,Soporte técnico,Soporte,17,False,Finalizada,False,4
6557,1125,2025-03-06 18:29:27,Facebook,Cancelar servicio,Ventas,2,False,Finalizada,True,5
6558,899,2025-02-03 19:14:40,Web,Agendar servicio,Atención al Cliente,5,False,Finalizada,True,4
6559,136,2025-11-14 16:31:20,Web,Agendar servicio,Atención al Cliente,5,False,Finalizada,True,5
6560,398,2025-02-17 18:45:59,Web,Soporte técnico,Atención Comercial,13,False,Finalizada,False,5
6561,577,2025-07-07 18:23:58,Web,Seguimiento,Atención Comercial,4,False,Finalizada,False,3
6562,799,2025-09-06 13:55:30,Telegram,Agendar servicio,Atención Comercial,6,False,Finalizada,False,3
6563,1581,2025-01-08 18:50:41,WhatsApp,Seguimiento,Ventas,4,False,Finalizada,True,5
6564,79,2025-01-03 09:05:57,Web,Reclamo,Atención Comercial,12,False,Abandonada,False,1
6565,1401,2025-07-25 01:11:48,Web,Soporte técnico,Ventas,14,True,Finalizada,False,2
6566,560,2025-03-30 13:52:50,WhatsApp,Reclamo,Soporte,14,True,Finalizada,True,3
6567,1480,2025-08-10 12:35:08,Instagram,Seguimiento,Soporte,4,False,Finalizada,False,3
6568,1721,2025-12-03 19:09:18,WhatsApp,Solicitar información,Postventa,6,True,Abandonada,False,2
6569,1462,2025-12-07 11:06:16,Instagram,Consultar precios,Soporte,5,False,Abandonada,False,1
6570,288,2025-09-11 20:57:22,WhatsApp,Reclamo,Ventas,12,False,Finalizada,False,3
6571,1960,2025-08-07 12:18:52,Web,Agendar servicio,Atención al Cliente,6,False,Finalizada,True,5
6572,1469,2025-02-27 20:52:01,Web,Agendar servicio,Ventas,5,False,Finalizada,True,5
6573,1301,2025-11-07 19:36:38,Facebook,Seguimiento,Postventa,7,False,Abandonada,False,1
6574,192,2025-08-22 13:14:45,Instagram,Seguimiento,Postventa,5,False,Abandonada,False,1
6575,1181,2025-06-25 13:30:15,WhatsApp,Consultar precios,Atención al Cliente,3,False,Abandonada,False,1
6576,1667,2025-08-27 12:06:18,Facebook,Solicitar información,Atención al Cliente,4,False,Abandonada,False,1
6577,1086,2025-07-31 12:26:32,Telegram,Seguimiento,Atención al Cliente,7,False,Finalizada,False,5
6578,1603,2025-09-17 19:39:14,WhatsApp,Cancelar servicio,Soporte,4,False,Finalizada,False,3
6579,751,2025-06-07 20:15:58,Instagram,Soporte técnico,Atención Comercial,12,False,Abandonada,False,1
6580,858,2025-08-20 20:19:19,WhatsApp,Reclamo,Soporte,11,False,Abandonada,False,1
6581,1143,2025-06-16 13:18:59,Web,Seguimiento,Atención al Cliente,7,False,Abandonada,False,1
6582,772,2025-06-03 20:34:47,WhatsApp,Reclamo,Atención al Cliente,12,False,Finalizada,True,5
6583,1272,2025-01-06 20:45:43,Facebook,Agendar servicio,Soporte,8,False,Abandonada,False,1
6584,1753,2025-04-30 18:06:04,WhatsApp,Consultar precios,Atención al Cliente,3,False,Finalizada,True,5
6585,1182,2025-02-07 18:43:37,Instagram,Solicitar información,Soporte,5,False,Finalizada,False,4
6586,688,2025-07-17 10:17:04,Web,Reclamo,Atención al Cliente,15,True,Finalizada,False,2
6587,1659,2025-07-03 10:53:07,Facebook,Soporte técnico,Ventas,11,False,Finalizada,True,5
6588,941,2025-10-30 08:15:39,WhatsApp,Agendar servicio,Ventas,7,False,Finalizada,False,3
6589,1960,2025-06-28 11:42:41,WhatsApp,Cancelar servicio,Ventas,2,True,Finalizada,True,1
6590,584,2025-06-13 00:49:00,Web,Soporte técnico,Ventas,16,False,Finalizada,False,3
6591,318,2025-08-20 13:57:02,Web,Seguimiento,Ventas,7,False,Finalizada,False,4
6592,1099,2025-05-24 02:04:53,WhatsApp,Cancelar servicio,Soporte,3,False,Finalizada,False,4
6593,1159,2025-03-06 19:29:37,WhatsApp,Seguimiento,Soporte,6,True,Finalizada,False,2
6594,1715,2025-05-25 19:12:45,WhatsApp,Solicitar información,Atención Comercial,5,False,Finalizada,False,3
6595,1164,2025-05-30 16:33:02,WhatsApp,Consultar precios,Postventa,4,True,Abandonada,False,1
6596,1632,2025-05-26 13:54:55,Instagram,Consultar precios,Atención Comercial,3,False,Finalizada,False,4
6597,1619,2025-04-23 05:00:15,Web,Solicitar información,Atención Comercial,4,False,Finalizada,False,5
6598,679,2025-10-17 12:24:15,Web,Cancelar servicio,Atención Comercial,2,False,Abandonada,False,1
6599,513,2025-09-03 09:09:14,Facebook,Reclamo,Soporte,10,True,Finalizada,False,3
6600,932,2025-07-07 11:08:03,WhatsApp,Agendar servicio,Postventa,6,True,Finalizada,False,2
6601,185,2025-04-24 13:53:14,Instagram,Reclamo,Soporte,14,True,Abandonada,False,1
6602,1329,2025-02-01 20:23:29,Facebook,Soporte técnico,Postventa,13,False,Finalizada,True,5
6603,1893,2025-07-26 09:38:49,WhatsApp,Seguimiento,Atención al Cliente,7,False,Finalizada,True,5
6604,1653,2025-10-05 20:07:53,WhatsApp,Seguimiento,Ventas,5,False,Finalizada,True,4
6605,1186,2025-05-26 09:01:13,WhatsApp,Agendar servicio,Soporte,8,True,Finalizada,False,2
6606,1612,2025-11-21 13:04:00,Facebook,Solicitar información,Atención Comercial,5,True,Finalizada,True,1
6607,405,2025-09-03 12:01:11,Telegram,Consultar precios,Atención al Cliente,4,False,Abandonada,False,2
6608,35,2025-03-09 15:52:20,WhatsApp,Agendar servicio,Atención Comercial,6,False,Finalizada,True,5
6609,1003,2025-01-30 09:08:25,WhatsApp,Consultar precios,Soporte,5,False,Finalizada,False,3
6610,1131,2025-06-07 00:08:05,WhatsApp,Soporte técnico,Ventas,14,False,Finalizada,True,4
6611,686,2025-04-12 18:27:30,WhatsApp,Consultar precios,Soporte,5,False,Finalizada,False,3
6612,796,2025-08-05 20:34:56,Web,Cancelar servicio,Atención al Cliente,4,False,Finalizada,True,5
6613,1540,2025-09-28 13:46:03,Instagram,Soporte técnico,Atención Comercial,11,True,Finalizada,False,1
6614,1390,2025-11-08 13:17:11,Instagram,Reclamo,Ventas,10,False,Finalizada,False,4
6615,977,2025-10-13 12:38:30,Facebook,Soporte técnico,Soporte,17,False,Finalizada,False,4
6616,992,2025-09-02 20:20:06,WhatsApp,Consultar precios,Atención al Cliente,4,False,Finalizada,True,4
6617,1479,2025-09-15 20:07:32,Web,Soporte técnico,Soporte,10,True,Finalizada,True,1
6618,1617,2025-11-24 20:12:56,WhatsApp,Consultar precios,Ventas,5,False,Finalizada,False,3
6619,1707,2025-06-22 19:10:19,Telegram,Solicitar información,Ventas,6,False,Abandonada,False,1
6620,1125,2025-12-18 13:03:05,Facebook,Agendar servicio,Atención Comercial,5,False,Finalizada,True,5
6621,296,2025-09-20 20:11:45,Web,Solicitar información,Soporte,6,False,Finalizada,False,4
6622,1127,2025-09-24 00:32:39,WhatsApp,Seguimiento,Soporte,6,False,Finalizada,True,5
6623,1887,2025-06-24 20:35:19,WhatsApp,Soporte técnico,Atención Comercial,16,True,Finalizada,False,3
6624,1331,2025-09-03 10:01:55,Web,Consultar precios,Atención al Cliente,5,False,Finalizada,True,5
6625,1441,2025-08-10 01:26:34,WhatsApp,Reclamo,Atención al Cliente,13,False,Finalizada,True,5
6626,208,2025-06-11 12:45:47,Web,Agendar servicio,Ventas,8,False,Finalizada,True,4
6627,1520,2025-04-21 19:24:33,Instagram,Seguimiento,Soporte,4,False,Abandonada,False,1
6628,3,2025-07-21 09:38:31,Web,Soporte técnico,Atención al Cliente,13,False,Finalizada,False,3
6629,899,2025-03-14 05:43:42,Web,Agendar servicio,Atención Comercial,7,False,Finalizada,True,5
6630,1029,2025-11-24 18:24:42,WhatsApp,Cancelar servicio,Atención Comercial,3,False,Finalizada,True,4
6631,833,2025-03-10 18:04:59,WhatsApp,Reclamo,Atención al Cliente,11,False,Abandonada,False,1
6632,371,2025-08-31 04:59:45,Web,Seguimiento,Ventas,6,False,Finalizada,False,3
6633,1737,2025-10-09 13:29:10,Facebook,Solicitar información,Atención al Cliente,4,False,Finalizada,False,5
6634,1791,2025-09-19 08:13:33,Web,Agendar servicio,Ventas,8,False,Abandonada,False,1
6635,181,2025-07-30 02:03:32,WhatsApp,Soporte técnico,Ventas,17,False,Finalizada,False,4
6636,829,2025-03-05 12:50:52,Web,Reclamo,Postventa,11,False,Finalizada,True,5
6637,7,2025-02-26 15:03:52,WhatsApp,Seguimiento,Postventa,5,False,Finalizada,False,4
6638,1178,2025-03-01 18:18:43,Facebook,Solicitar información,Soporte,6,True,Finalizada,True,1
6639,1031,2025-01-15 16:53:37,WhatsApp,Soporte técnico,Postventa,17,False,Finalizada,True,4
6640,1885,2025-10-23 19:50:27,Facebook,Cancelar servicio,Atención Comercial,2,False,Finalizada,False,5
6641,256,2025-07-21 05:40:11,WhatsApp,Seguimiento,Atención al Cliente,4,False,Finalizada,False,4
6642,1475,2025-11-13 18:04:46,Facebook,Solicitar información,Postventa,4,False,Finalizada,False,4
6643,1245,2025-04-25 19:38:53,Instagram,Solicitar información,Atención Comercial,4,False,Abandonada,False,2
6644,1478,2025-01-19 20:06:47,WhatsApp,Agendar servicio,Postventa,7,False,Finalizada,True,5
6645,1515,2025-07-28 20:06:21,WhatsApp,Cancelar servicio,Atención Comercial,4,False,Finalizada,True,5
6646,7,2025-07-13 18:31:50,WhatsApp,Consultar precios,Atención al Cliente,4,False,Finalizada,True,5
6647,1797,2025-08-09 18:25:36,WhatsApp,Soporte técnico,Atención al Cliente,11,False,Finalizada,False,4
6648,1936,2025-03-24 19:05:13,Web,Soporte técnico,Postventa,15,False,Finalizada,False,4
6649,1413,2025-09-23 20:37:12,WhatsApp,Seguimiento,Ventas,6,True,Finalizada,True,3
6650,1971,2025-12-28 12:52:10,Web,Consultar precios,Ventas,3,False,Finalizada,False,4
6651,227,2025-11-08 10:35:47,WhatsApp,Cancelar servicio,Ventas,3,False,Finalizada,True,4
6652,680,2025-09-29 19:18:45,WhatsApp,Solicitar información,Soporte,4,False,Finalizada,False,3
6653,1813,2025-09-17 18:54:09,Facebook,Cancelar servicio,Atención al Cliente,4,False,Finalizada,False,3
6654,1705,2025-10-29 18:26:41,Facebook,Solicitar información,Soporte,6,False,Finalizada,False,5
6655,811,2025-10-31 20:05:49,Web,Agendar servicio,Postventa,7,False,Abandonada,False,1
6656,699,2025-08-30 18:58:26,WhatsApp,Consultar precios,Ventas,5,False,Abandonada,False,2
6657,871,2025-11-22 18:44:37,WhatsApp,Consultar precios,Atención Comercial,3,False,Abandonada,False,2
6658,1139,2025-03-06 18:58:40,Instagram,Consultar precios,Atención al Cliente,3,False,Finalizada,False,5
6659,1091,2025-06-02 12:35:16,Instagram,Reclamo,Ventas,15,False,Finalizada,False,3
6660,1534,2025-03-04 13:12:40,Instagram,Cancelar servicio,Postventa,4,False,Finalizada,True,5
6661,1643,2025-12-18 16:22:10,Facebook,Seguimiento,Soporte,4,False,Finalizada,True,5
6662,1752,2025-09-08 00:50:30,Web,Consultar precios,Postventa,5,False,Finalizada,False,3
6663,1159,2025-11-04 19:51:26,WhatsApp,Agendar servicio,Ventas,8,False,Finalizada,False,3
6664,1324,2025-10-20 10:32:33,Web,Consultar precios,Ventas,3,False,Finalizada,False,4
6665,185,2025-05-14 18:58:36,WhatsApp,Consultar precios,Postventa,4,False,Finalizada,False,5
6666,1485,2025-11-29 20:53:29,WhatsApp,Agendar servicio,Atención Comercial,5,False,Finalizada,True,5
6667,1495,2025-09-19 12:53:00,Facebook,Agendar servicio,Postventa,7,False,Finalizada,False,4
6668,1249,2025-07-28 12:29:42,Web,Cancelar servicio,Atención Comercial,4,False,Finalizada,True,5
6669,394,2025-06-22 12:32:20,Web,Consultar precios,Postventa,5,False,Finalizada,True,4
6670,1751,2025-10-10 18:45:01,Facebook,Cancelar servicio,Postventa,3,False,Finalizada,False,3
6671,389,2025-03-16 19:47:33,WhatsApp,Consultar precios,Postventa,5,False,Abandonada,False,1
6672,118,2025-10-20 18:07:40,Instagram,Reclamo,Postventa,8,False,Finalizada,False,4
6673,1229,2025-06-28 20:03:46,Facebook,Cancelar servicio,Postventa,4,False,Finalizada,True,5
6674,1290,2025-02-23 20:37:49,WhatsApp,Solicitar información,Soporte,6,False,Finalizada,False,4
6675,1151,2025-02-07 19:26:41,Facebook,Reclamo,Postventa,8,False,Finalizada,False,3
6676,1709,2025-06-21 18:10:34,Telegram,Solicitar información,Atención al Cliente,5,False,Finalizada,False,3
6677,259,2025-09-29 13:28:04,WhatsApp,Consultar precios,Soporte,5,False,Finalizada,True,5
6678,1952,2025-08-19 11:29:12,WhatsApp,Solicitar información,Postventa,6,False,Finalizada,False,5
6679,163,2025-03-20 18:49:00,Facebook,Cancelar servicio,Soporte,4,False,Finalizada,True,5
6680,1232,2025-07-23 00:47:50,Instagram,Soporte técnico,Postventa,13,True,Finalizada,True,2
6681,1049,2025-02-18 13:15:24,WhatsApp,Cancelar servicio,Atención al Cliente,2,False,Finalizada,True,5
6682,780,2025-02-04 12:42:07,WhatsApp,Cancelar servicio,Atención al Cliente,2,False,Abandonada,False,1
6683,977,2025-06-21 18:06:41,Facebook,Cancelar servicio,Atención al Cliente,3,False,Finalizada,False,4
6684,1523,2025-05-17 18:09:48,Web,Solicitar información,Ventas,6,False,Finalizada,True,5
6685,1759,2025-06-10 18:00:03,Web,Seguimiento,Soporte,4,False,Finalizada,True,4
6686,800,2025-09-28 17:47:29,WhatsApp,Seguimiento,Atención al Cliente,4,False,Abandonada,False,1
6687,1965,2025-09-08 13:54:56,WhatsApp,Consultar precios,Atención Comercial,3,False,Finalizada,False,5
6688,1664,2025-11-19 20:25:57,WhatsApp,Solicitar información,Ventas,6,False,Abandonada,False,1
6689,1187,2025-09-29 19:29:54,WhatsApp,Agendar servicio,Atención Comercial,8,False,Finalizada,True,5
6690,1790,2025-12-30 19:22:13,WhatsApp,Consultar precios,Atención Comercial,5,True,Finalizada,True,1
6691,1598,2025-07-19 19:51:00,Web,Soporte técnico,Ventas,16,True,Abandonada,False,1
6692,1902,2025-05-14 20:11:48,Facebook,Reclamo,Ventas,15,True,Finalizada,False,2
6693,1218,2025-06-24 18:03:21,WhatsApp,Reclamo,Atención al Cliente,15,True,Finalizada,False,1
6694,121,2025-07-04 18:26:06,WhatsApp,Solicitar información,Ventas,5,False,Finalizada,False,4
6695,508,2025-09-24 10:35:26,Web,Cancelar servicio,Ventas,4,False,Finalizada,True,5
6696,1595,2025-02-21 19:46:54,Telegram,Consultar precios,Postventa,3,False,Finalizada,False,3
6697,1311,2025-06-13 13:26:48,WhatsApp,Consultar precios,Ventas,3,False,Finalizada,True,5
6698,1508,2025-09-08 18:21:35,Instagram,Solicitar información,Atención Comercial,4,False,Abandonada,False,1
6699,6,2025-06-17 05:50:57,WhatsApp,Solicitar información,Postventa,6,False,Finalizada,False,3
6700,717,2025-11-24 19:53:23,Instagram,Seguimiento,Atención Comercial,4,False,Finalizada,False,4
6701,497,2025-08-06 12:10:08,Facebook,Consultar precios,Ventas,5,False,Finalizada,False,5
6702,919,2025-11-20 18:15:26,Web,Reclamo,Atención Comercial,14,False,Finalizada,True,5
6703,1685,2025-09-19 15:58:06,Facebook,Seguimiento,Soporte,5,False,Finalizada,False,3
6704,1991,2025-07-30 19:56:53,WhatsApp,Reclamo,Atención al Cliente,8,False,Finalizada,False,4
6705,212,2025-12-23 12:20:41,WhatsApp,Reclamo,Soporte,13,True,Finalizada,False,2
6706,205,2025-07-05 08:18:44,WhatsApp,Seguimiento,Soporte,5,False,Finalizada,False,4
6707,265,2025-09-13 08:01:44,WhatsApp,Cancelar servicio,Soporte,4,False,Finalizada,False,5
6708,412,2025-08-16 12:47:44,Telegram,Soporte técnico,Ventas,10,False,Abandonada,False,1
6709,457,2025-09-20 12:02:17,WhatsApp,Seguimiento,Atención Comercial,6,False,Finalizada,True,5
6710,100,2025-11-17 18:16:30,WhatsApp,Reclamo,Ventas,12,False,Finalizada,True,5
6711,1783,2025-09-29 17:05:28,WhatsApp,Solicitar información,Soporte,5,False,Finalizada,True,4
6712,440,2025-07-27 13:04:16,Web,Soporte técnico,Soporte,12,False,Finalizada,True,5
6713,844,2025-10-09 18:43:12,WhatsApp,Soporte técnico,Postventa,11,True,Finalizada,True,1
6714,700,2025-01-27 19:59:25,WhatsApp,Reclamo,Atención al Cliente,10,True,Abandonada,False,1
6715,339,2025-09-04 19:21:10,WhatsApp,Agendar servicio,Atención Comercial,8,False,Abandonada,False,1
6716,70,2025-08-31 18:30:32,Web,Reclamo,Atención Comercial,11,False,Finalizada,True,4
6717,306,2025-12-14 19:57:14,WhatsApp,Reclamo,Postventa,9,False,Finalizada,False,3
6718,735,2025-02-10 19:21:28,Facebook,Seguimiento,Atención Comercial,6,True,Finalizada,False,3
6719,1613,2025-01-06 12:30:17,WhatsApp,Agendar servicio,Postventa,6,True,Finalizada,True,2
6720,133,2025-02-25 15:57:48,WhatsApp,Consultar precios,Postventa,5,False,Finalizada,True,5
6721,774,2025-01-03 00:15:02,WhatsApp,Seguimiento,Atención al Cliente,5,False,Finalizada,True,4
6722,522,2025-10-31 04:18:13,Telegram,Consultar precios,Atención al Cliente,4,False,Finalizada,False,4
6723,1649,2025-05-09 19:24:01,Web,Soporte técnico,Soporte,14,True,Finalizada,False,2
6724,223,2025-01-02 19:56:54,Facebook,Seguimiento,Postventa,4,True,Finalizada,False,1
6725,611,2025-05-27 19:30:31,Web,Consultar precios,Atención Comercial,4,False,Abandonada,False,1
6726,896,2025-11-13 19:09:06,Telegram,Cancelar servicio,Postventa,4,False,Finalizada,True,5
6727,200,2025-08-18 19:36:50,Web,Solicitar información,Atención al Cliente,5,False,Finalizada,True,5
6728,80,2025-06-24 13:37:53,Web,Cancelar servicio,Atención Comercial,4,False,Finalizada,False,3
6729,536,2025-05-30 13:27:35,WhatsApp,Consultar precios,Atención al Cliente,4,False,Finalizada,True,5
6730,577,2025-01-22 18:10:37,WhatsApp,Cancelar servicio,Atención Comercial,4,False,Finalizada,False,4
6731,1106,2025-10-19 13:57:05,Facebook,Seguimiento,Atención al Cliente,5,False,Finalizada,True,5
6732,1411,2025-08-30 13:41:42,Facebook,Consultar precios,Ventas,4,False,Finalizada,False,5
6733,1450,2025-03-27 11:15:09,Web,Cancelar servicio,Ventas,3,False,Finalizada,True,4
6734,1109,2025-05-19 12:28:33,WhatsApp,Reclamo,Atención Comercial,14,False,Finalizada,True,4
6735,202,2025-03-14 12:11:20,WhatsApp,Consultar precios,Atención Comercial,3,False,Finalizada,False,5
6736,22,2025-05-19 18:55:14,Facebook,Reclamo,Postventa,8,False,Finalizada,True,5
6737,141,2025-12-16 12:40:34,Telegram,Reclamo,Atención al Cliente,10,True,Finalizada,False,2
6738,1373,2025-05-13 08:17:43,WhatsApp,Solicitar información,Atención al Cliente,6,False,Abandonada,False,2
6739,102,2025-04-28 12:43:28,WhatsApp,Consultar precios,Atención al Cliente,4,False,Finalizada,True,4
6740,1074,2025-06-13 12:09:10,Web,Solicitar información,Soporte,6,False,Finalizada,True,5
6741,1763,2025-02-27 20:22:14,WhatsApp,Reclamo,Soporte,12,False,Finalizada,False,4
6742,1457,2025-03-24 12:56:42,WhatsApp,Soporte técnico,Ventas,15,True,Finalizada,True,2
6743,1947,2025-02-18 13:29:54,WhatsApp,Reclamo,Soporte,10,False,Abandonada,False,1
6744,1818,2025-12-06 04:27:54,WhatsApp,Soporte técnico,Atención al Cliente,12,False,Finalizada,False,5
6745,1666,2025-11-11 12:10:01,Web,Reclamo,Atención al Cliente,9,True,Finalizada,True,3
6746,1551,2025-01-09 20:47:13,Web,Solicitar información,Soporte,4,False,Finalizada,True,4
6747,722,2025-01-07 13:03:32,Web,Consultar precios,Atención al Cliente,5,False,Abandonada,False,1
6748,787,2025-03-03 20:10:27,Facebook,Cancelar servicio,Postventa,3,False,Abandonada,False,1
6749,434,2025-11-06 16:19:17,WhatsApp,Consultar precios,Atención Comercial,5,False,Finalizada,False,3
6750,1040,2025-09-27 18:32:29,WhatsApp,Solicitar información,Postventa,6,False,Finalizada,True,5
6751,1502,2025-03-29 17:51:30,Facebook,Cancelar servicio,Soporte,3,False,Finalizada,True,5
6752,1901,2025-05-25 12:11:30,Facebook,Seguimiento,Soporte,5,False,Finalizada,False,5
6753,1181,2025-08-06 11:14:41,WhatsApp,Cancelar servicio,Atención al Cliente,3,False,Finalizada,False,3
6754,984,2025-02-24 13:08:23,Instagram,Consultar precios,Atención Comercial,4,False,Finalizada,False,4
6755,799,2025-08-02 11:58:05,Instagram,Solicitar información,Atención al Cliente,6,False,Finalizada,False,4
6756,114,2025-08-12 12:37:04,WhatsApp,Agendar servicio,Atención Comercial,6,False,Finalizada,False,4
6757,438,2025-05-28 20:55:32,WhatsApp,Agendar servicio,Postventa,7,False,Finalizada,False,4
6758,1441,2025-01-25 19:26:21,WhatsApp,Soporte técnico,Ventas,16,False,Finalizada,True,5
6759,1511,2025-04-15 12:22:03,Web,Reclamo,Atención al Cliente,11,True,Finalizada,False,2
6760,1575,2025-01-24 18:57:55,WhatsApp,Solicitar información,Postventa,6,False,Finalizada,True,5
6761,1828,2025-08-03 12:11:29,Instagram,Solicitar información,Atención Comercial,6,False,Finalizada,False,3
6762,1698,2025-08-08 16:38:15,WhatsApp,Consultar precios,Soporte,3,False,Finalizada,False,5
6763,700,2025-04-05 12:22:18,WhatsApp,Soporte técnico,Postventa,15,False,Abandonada,False,2
6764,1224,2025-09-26 16:28:26,Web,Seguimiento,Soporte,4,False,Finalizada,True,4
6765,1312,2025-08-03 16:41:56,WhatsApp,Reclamo,Ventas,11,False,Finalizada,True,5
6766,1796,2025-09-06 19:25:47,WhatsApp,Seguimiento,Postventa,6,False,Finalizada,False,3
6767,1366,2025-02-07 11:58:03,WhatsApp,Reclamo,Ventas,12,False,Finalizada,True,5
6768,1372,2025-10-14 18:54:42,Web,Agendar servicio,Ventas,6,False,Abandonada,False,1
6769,501,2025-02-02 19:12:45,Facebook,Seguimiento,Postventa,7,False,Finalizada,False,4
6770,1890,2025-06-21 17:41:29,Web,Agendar servicio,Postventa,6,False,Abandonada,False,1
6771,1992,2025-09-16 13:37:22,Web,Solicitar información,Atención Comercial,5,False,Finalizada,False,5
6772,1648,2025-06-07 16:20:11,WhatsApp,Seguimiento,Ventas,7,False,Finalizada,True,5
6773,1651,2025-10-26 16:49:49,Web,Agendar servicio,Atención Comercial,8,True,Abandonada,False,2
6774,769,2025-12-24 13:33:27,Facebook,Seguimiento,Ventas,5,False,Finalizada,False,3
6775,490,2025-01-25 20:24:37,WhatsApp,Consultar precios,Atención Comercial,3,False,Abandonada,False,1
6776,1620,2025-04-21 01:25:19,Telegram,Cancelar servicio,Atención al Cliente,4,True,Finalizada,True,2
6777,206,2025-01-26 18:31:38,Instagram,Soporte técnico,Ventas,11,False,Finalizada,False,4
6778,1376,2025-05-07 11:33:35,Instagram,Solicitar información,Postventa,6,False,Finalizada,False,4
6779,1238,2025-12-24 10:17:25,Web,Consultar precios,Atención al Cliente,4,False,Abandonada,False,2
6780,912,2025-07-04 19:07:08,Web,Soporte técnico,Atención Comercial,10,False,Finalizada,True,5
6781,305,2025-07-22 12:14:34,Web,Seguimiento,Atención al Cliente,7,False,Abandonada,False,2
6782,605,2025-12-02 09:05:14,WhatsApp,Seguimiento,Atención al Cliente,6,False,Finalizada,True,5
6783,809,2025-07-12 10:02:36,Facebook,Cancelar servicio,Ventas,2,False,Finalizada,False,4
6784,776,2025-10-30 13:18:04,WhatsApp,Agendar servicio,Postventa,6,False,Finalizada,False,3
6785,985,2025-05-29 12:25:17,WhatsApp,Solicitar información,Ventas,6,False,Finalizada,True,5
6786,730,2025-04-21 18:33:12,Web,Soporte técnico,Postventa,11,True,Finalizada,False,3
6787,17,2025-02-16 13:16:37,WhatsApp,Soporte técnico,Atención al Cliente,17,False,Finalizada,True,5
6788,240,2025-05-17 13:11:35,WhatsApp,Agendar servicio,Atención al Cliente,7,False,Finalizada,False,3
6789,1279,2025-12-07 18:37:20,Web,Seguimiento,Soporte,7,False,Finalizada,True,5
6790,933,2025-12-17 13:26:36,Facebook,Cancelar servicio,Ventas,3,False,Finalizada,True,5
6791,1105,2025-10-15 08:44:27,WhatsApp,Seguimiento,Postventa,6,True,Finalizada,False,1
6792,1060,2025-04-06 17:19:31,Web,Agendar servicio,Postventa,7,False,Finalizada,False,4
6793,891,2025-08-17 20:29:04,WhatsApp,Solicitar información,Ventas,4,False,Finalizada,True,5
6794,1976,2025-02-10 20:18:27,Facebook,Seguimiento,Atención Comercial,4,False,Finalizada,False,4
6795,962,2025-10-16 20:28:53,Facebook,Seguimiento,Atención al Cliente,4,False,Finalizada,False,4
6796,1853,2025-05-07 20:16:52,Instagram,Consultar precios,Postventa,4,False,Finalizada,True,5
6797,331,2025-02-21 12:41:11,Instagram,Seguimiento,Soporte,4,False,Finalizada,False,4
6798,1605,2025-10-28 13:46:20,WhatsApp,Consultar precios,Atención Comercial,4,False,Finalizada,False,4
6799,1155,2025-08-12 19:25:55,Telegram,Consultar precios,Ventas,3,False,Finalizada,True,4
6800,1596,2025-02-25 13:57:24,Web,Solicitar información,Ventas,5,False,Finalizada,False,5
6801,1391,2025-08-24 13:42:48,Facebook,Agendar servicio,Atención Comercial,7,True,Abandonada,False,2
6802,36,2025-06-17 20:06:29,WhatsApp,Agendar servicio,Atención Comercial,7,False,Abandonada,False,1
6803,281,2025-01-06 20:40:00,Web,Agendar servicio,Soporte,8,False,Finalizada,True,5
6804,427,2025-04-02 12:32:22,WhatsApp,Solicitar información,Atención al Cliente,5,False,Finalizada,True,5
6805,1424,2025-07-15 15:23:59,WhatsApp,Seguimiento,Soporte,5,False,Finalizada,True,5
6806,652,2025-02-17 19:25:36,WhatsApp,Seguimiento,Ventas,7,True,Abandonada,False,1
6807,289,2025-10-22 12:46:20,Web,Soporte técnico,Atención Comercial,16,False,Finalizada,False,4
6808,176,2025-10-15 11:21:33,WhatsApp,Soporte técnico,Atención al Cliente,15,False,Finalizada,False,4
6809,50,2025-02-15 13:17:25,Web,Consultar precios,Postventa,3,False,Finalizada,False,5
6810,1196,2025-12-26 09:25:27,WhatsApp,Consultar precios,Atención al Cliente,3,False,Finalizada,False,3
6811,794,2025-01-10 19:44:04,Instagram,Reclamo,Ventas,12,False,Finalizada,False,4
6812,1807,2025-03-01 19:09:26,WhatsApp,Consultar precios,Atención Comercial,3,False,Finalizada,False,3
6813,461,2025-09-12 18:55:46,WhatsApp,Consultar precios,Postventa,4,False,Finalizada,True,5
6814,1502,2025-11-17 12:04:50,Web,Agendar servicio,Atención Comercial,5,False,Finalizada,True,5
6815,1866,2025-08-17 18:41:43,Instagram,Seguimiento,Atención Comercial,4,False,Finalizada,False,3
6816,468,2025-04-30 02:59:51,Web,Agendar servicio,Atención al Cliente,8,False,Finalizada,True,4
6817,671,2025-05-08 08:55:37,WhatsApp,Cancelar servicio,Postventa,2,False,Finalizada,True,4
6818,1802,2025-08-23 17:12:13,Web,Agendar servicio,Atención al Cliente,5,False,Finalizada,False,5
6819,255,2025-03-30 12:07:59,WhatsApp,Seguimiento,Postventa,4,False,Abandonada,False,2
6820,1601,2025-09-12 13:05:26,Web,Soporte técnico,Postventa,11,False,Finalizada,True,5
6821,1388,2025-02-04 19:22:04,WhatsApp,Cancelar servicio,Ventas,2,False,Finalizada,True,5
6822,1830,2025-12-05 12:21:16,Instagram,Seguimiento,Ventas,6,False,Finalizada,False,3
6823,557,2025-01-13 20:32:28,Facebook,Soporte técnico,Atención al Cliente,15,False,Finalizada,True,5
6824,1603,2025-08-03 04:03:04,WhatsApp,Reclamo,Atención Comercial,12,False,Abandonada,False,1
6825,1643,2025-02-05 11:16:34,Instagram,Reclamo,Atención Comercial,12,True,Finalizada,False,2
6826,1338,2025-02-07 19:11:32,Instagram,Seguimiento,Postventa,7,True,Finalizada,False,2
6827,486,2025-03-31 18:07:27,Web,Soporte técnico,Soporte,13,True,Finalizada,True,2
6828,1003,2025-12-22 20:58:39,WhatsApp,Solicitar información,Atención al Cliente,6,False,Abandonada,False,2
6829,1938,2025-10-15 19:11:55,WhatsApp,Reclamo,Ventas,13,False,Finalizada,False,3
6830,1397,2025-06-15 18:55:25,WhatsApp,Consultar precios,Ventas,3,False,Abandonada,False,1
6831,312,2025-02-14 13:30:24,Instagram,Reclamo,Atención Comercial,14,False,Finalizada,True,4
6832,1763,2025-09-02 19:17:08,Web,Cancelar servicio,Atención al Cliente,2,False,Abandonada,False,1
6833,1391,2025-12-26 12:04:15,Instagram,Seguimiento,Postventa,5,False,Finalizada,True,5
6834,188,2025-02-04 03:37:33,Facebook,Seguimiento,Atención al Cliente,5,False,Finalizada,False,4
6835,1742,2025-10-10 12:58:19,Facebook,Consultar precios,Atención Comercial,5,False,Finalizada,True,4
6836,64,2025-08-31 10:16:09,WhatsApp,Agendar servicio,Atención Comercial,5,False,Finalizada,True,4
6837,414,2025-12-21 13:50:13,WhatsApp,Cancelar servicio,Soporte,2,False,Finalizada,True,5
6838,686,2025-09-01 20:19:24,Web,Reclamo,Soporte,14,False,Finalizada,False,3
6839,1842,2025-07-02 18:57:12,Facebook,Cancelar servicio,Atención al Cliente,2,False,Abandonada,False,2
6840,1018,2025-03-10 19:27:57,WhatsApp,Agendar servicio,Ventas,6,False,Abandonada,False,1
6841,1167,2025-01-13 12:35:05,WhatsApp,Consultar precios,Soporte,5,False,Finalizada,False,4
6842,1358,2025-09-28 17:13:01,Web,Seguimiento,Atención Comercial,5,True,Finalizada,True,1
6843,1317,2025-02-11 19:19:21,Web,Solicitar información,Atención al Cliente,4,False,Finalizada,True,4
6844,1372,2025-08-04 20:16:43,Web,Seguimiento,Ventas,6,False,Finalizada,False,3
6845,1480,2025-08-12 08:03:52,WhatsApp,Cancelar servicio,Soporte,3,False,Abandonada,False,1
6846,106,2025-05-01 18:43:23,WhatsApp,Seguimiento,Atención Comercial,5,False,Finalizada,False,3
6847,957,2025-04-10 00:16:11,WhatsApp,Seguimiento,Atención Comercial,5,False,Finalizada,True,5
6848,164,2025-06-01 18:06:10,WhatsApp,Solicitar información,Postventa,6,False,Finalizada,False,5
6849,1718,2025-02-18 13:47:47,Instagram,Seguimiento,Postventa,4,False,Finalizada,True,5
6850,67,2025-01-18 12:28:17,Web,Solicitar información,Soporte,6,False,Abandonada,False,2
6851,255,2025-11-24 17:36:44,WhatsApp,Solicitar información,Ventas,4,False,Abandonada,False,2
6852,1146,2025-02-18 08:32:23,Web,Solicitar información,Atención al Cliente,5,False,Finalizada,False,3
6853,588,2025-01-25 20:52:30,WhatsApp,Solicitar información,Postventa,6,False,Finalizada,True,5
6854,1275,2025-11-16 20:38:00,Telegram,Consultar precios,Soporte,3,False,Finalizada,False,5
6855,231,2025-02-06 13:37:29,Facebook,Seguimiento,Atención al Cliente,4,False,Finalizada,False,4
6856,1270,2025-10-29 13:07:06,WhatsApp,Reclamo,Atención al Cliente,12,False,Abandonada,False,1
6857,214,2025-11-21 03:37:41,WhatsApp,Agendar servicio,Postventa,6,False,Finalizada,False,4
6858,1976,2025-07-23 09:48:50,WhatsApp,Consultar precios,Ventas,3,True,Finalizada,False,2
6859,283,2025-04-01 18:15:07,Facebook,Agendar servicio,Soporte,5,False,Finalizada,False,3
6860,112,2025-06-30 18:08:58,Web,Agendar servicio,Soporte,8,False,Abandonada,False,1
6861,220,2025-06-30 12:26:09,Facebook,Soporte técnico,Atención al Cliente,12,True,Finalizada,False,2
6862,46,2025-06-02 20:00:00,Facebook,Consultar precios,Atención Comercial,4,False,Abandonada,False,1
6863,1726,2025-10-07 20:31:25,Web,Consultar precios,Postventa,3,False,Finalizada,True,5
6864,683,2025-09-08 02:33:41,Web,Consultar precios,Atención Comercial,3,False,Finalizada,False,4
6865,284,2025-05-11 20:35:31,WhatsApp,Consultar precios,Atención al Cliente,3,False,Finalizada,True,5
6866,914,2025-11-01 18:03:47,WhatsApp,Reclamo,Atención al Cliente,8,False,Finalizada,True,4
6867,596,2025-05-28 01:15:04,Instagram,Cancelar servicio,Soporte,3,False,Abandonada,False,2
6868,92,2025-04-24 20:23:24,Web,Cancelar servicio,Soporte,3,False,Finalizada,False,4
6869,1977,2025-01-16 05:50:07,Instagram,Solicitar información,Atención al Cliente,6,False,Finalizada,False,4
6870,1697,2025-05-25 20:50:47,Instagram,Consultar precios,Soporte,4,False,Finalizada,True,4
6871,1939,2025-12-02 18:22:37,Instagram,Consultar precios,Postventa,3,False,Finalizada,False,4
6872,173,2025-05-02 12:48:48,Instagram,Solicitar información,Soporte,6,False,Finalizada,False,4
6873,75,2025-04-27 10:26:28,Facebook,Reclamo,Atención al Cliente,13,False,Finalizada,True,5
6874,724,2025-01-02 12:49:58,Instagram,Cancelar servicio,Soporte,2,False,Finalizada,False,3
6875,672,2025-04-10 12:00:36,WhatsApp,Cancelar servicio,Soporte,4,False,Finalizada,False,4
6876,961,2025-02-06 20:11:04,WhatsApp,Agendar servicio,Soporte,7,False,Finalizada,True,5
6877,1146,2025-05-22 20:47:15,Instagram,Consultar precios,Soporte,4,False,Finalizada,False,5
6878,1150,2025-04-23 19:31:01,Web,Reclamo,Ventas,9,True,Finalizada,False,3
6879,1482,2025-01-19 17:01:11,WhatsApp,Seguimiento,Atención al Cliente,6,True,Finalizada,True,1
6880,1024,2025-12-25 12:12:16,WhatsApp,Consultar precios,Atención Comercial,4,False,Finalizada,True,5
6881,374,2025-11-05 19:39:59,WhatsApp,Reclamo,Postventa,12,True,Finalizada,False,1
6882,21,2025-01-18 18:40:56,Instagram,Soporte técnico,Atención al Cliente,13,False,Finalizada,False,4
6883,350,2025-09-06 19:58:03,Instagram,Seguimiento,Atención al Cliente,4,True,Finalizada,False,1
6884,553,2025-06-14 12:22:13,Web,Agendar servicio,Postventa,7,False,Finalizada,False,4
6885,617,2025-11-16 13:03:17,WhatsApp,Reclamo,Soporte,14,False,Finalizada,False,4
6886,1597,2025-01-08 18:37:46,Instagram,Reclamo,Soporte,9,False,Finalizada,False,4
6887,1573,2025-11-04 16:33:47,WhatsApp,Cancelar servicio,Atención Comercial,4,False,Abandonada,False,1
6888,1263,2025-06-17 19:46:18,Telegram,Cancelar servicio,Postventa,2,False,Finalizada,False,3
6889,981,2025-07-25 12:24:32,WhatsApp,Seguimiento,Atención al Cliente,5,False,Finalizada,True,5
6890,1973,2025-10-25 20:48:47,WhatsApp,Reclamo,Ventas,12,False,Finalizada,True,5
6891,542,2025-06-14 05:36:59,WhatsApp,Solicitar información,Soporte,6,True,Finalizada,False,2
6892,679,2025-11-25 20:11:16,Web,Reclamo,Atención Comercial,10,False,Finalizada,False,3
6893,1285,2025-01-18 18:55:22,Web,Reclamo,Ventas,13,False,Abandonada,False,1
6894,845,2025-12-27 10:05:47,Facebook,Seguimiento,Atención al Cliente,7,False,Finalizada,True,5
6895,913,2025-09-22 20:18:17,WhatsApp,Solicitar información,Soporte,6,False,Finalizada,False,4
6896,757,2025-04-30 12:51:59,WhatsApp,Solicitar información,Atención Comercial,6,False,Finalizada,False,5
6897,1821,2025-01-16 13:24:48,WhatsApp,Reclamo,Soporte,15,False,Abandonada,False,1
6898,214,2025-08-18 19:08:01,WhatsApp,Solicitar información,Atención Comercial,4,False,Abandonada,False,1
6899,823,2025-03-09 20:06:16,WhatsApp,Seguimiento,Ventas,4,False,Finalizada,False,3
6900,672,2025-02-19 19:56:24,Instagram,Solicitar información,Atención al Cliente,5,True,Finalizada,False,2
6901,1667,2025-01-29 18:25:09,WhatsApp,Reclamo,Postventa,8,False,Abandonada,False,2
6902,1224,2025-09-03 15:42:39,Web,Soporte técnico,Atención Comercial,13,False,Abandonada,False,2
6903,886,2025-10-28 13:38:22,Web,Seguimiento,Postventa,7,False,Finalizada,True,5
6904,782,2025-06-18 13:36:42,WhatsApp,Reclamo,Atención al Cliente,8,False,Finalizada,True,5
6905,687,2025-08-16 12:13:42,WhatsApp,Seguimiento,Atención Comercial,4,False,Finalizada,False,5
6906,383,2025-05-03 18:04:13,Web,Reclamo,Atención al Cliente,9,True,Finalizada,True,2
6907,799,2025-02-24 20:46:25,WhatsApp,Reclamo,Postventa,9,False,Abandonada,False,2
6908,221,2025-01-30 20:53:25,WhatsApp,Reclamo,Postventa,9,True,Finalizada,False,2
6909,1117,2025-04-24 18:41:56,Web,Solicitar información,Postventa,4,False,Finalizada,False,3
6910,246,2025-05-28 05:39:35,Instagram,Reclamo,Postventa,12,True,Finalizada,True,1
6911,902,2025-10-15 19:09:33,WhatsApp,Agendar servicio,Postventa,6,False,Finalizada,True,4
6912,1252,2025-09-16 18:00:47,WhatsApp,Cancelar servicio,Atención al Cliente,2,False,Finalizada,False,3
6913,1369,2025-02-23 11:35:42,WhatsApp,Solicitar información,Postventa,6,False,Finalizada,True,4
6914,1538,2025-08-28 12:49:04,Instagram,Seguimiento,Ventas,6,True,Finalizada,False,2
6915,1952,2025-03-31 08:18:24,WhatsApp,Agendar servicio,Postventa,8,False,Abandonada,False,1
6916,717,2025-10-02 11:07:39,Facebook,Reclamo,Atención Comercial,10,False,Abandonada,False,1
6917,1636,2025-08-18 20:22:26,WhatsApp,Agendar servicio,Soporte,5,False,Finalizada,True,4
6918,319,2025-02-20 12:15:18,WhatsApp,Agendar servicio,Atención al Cliente,6,False,Finalizada,True,5
6919,298,2025-11-19 15:33:21,Facebook,Seguimiento,Ventas,7,False,Finalizada,False,3
6920,136,2025-01-25 18:12:44,WhatsApp,Seguimiento,Postventa,5,True,Finalizada,False,3
6921,528,2025-01-01 17:01:05,WhatsApp,Agendar servicio,Postventa,8,False,Abandonada,False,2
6922,796,2025-08-04 13:11:19,Web,Consultar precios,Postventa,4,False,Finalizada,True,5
6923,1325,2025-08-18 18:15:51,WhatsApp,Seguimiento,Ventas,4,False,Finalizada,True,5
6924,199,2025-11-15 17:57:11,WhatsApp,Soporte técnico,Soporte,16,True,Finalizada,True,2
6925,1950,2025-05-07 12:49:29,WhatsApp,Solicitar información,Atención al Cliente,5,False,Finalizada,True,5
6926,1066,2025-12-29 05:06:42,WhatsApp,Solicitar información,Atención al Cliente,4,False,Finalizada,False,3
6927,690,2025-04-29 19:53:12,Web,Soporte técnico,Ventas,10,False,Finalizada,True,5
6928,1287,2025-07-18 13:03:18,WhatsApp,Soporte técnico,Soporte,18,False,Finalizada,False,3
6929,4,2025-03-29 11:09:14,WhatsApp,Cancelar servicio,Postventa,3,False,Finalizada,False,4
6930,1689,2025-09-19 05:40:51,Web,Soporte técnico,Soporte,12,False,Finalizada,True,4
6931,1689,2025-02-22 11:21:01,WhatsApp,Seguimiento,Atención Comercial,4,False,Finalizada,True,5
6932,1369,2025-03-31 15:47:37,Facebook,Solicitar información,Atención Comercial,4,False,Finalizada,False,4
6933,1285,2025-11-14 16:28:14,Web,Solicitar información,Soporte,5,False,Finalizada,True,4
6934,1057,2025-08-18 20:56:53,Instagram,Solicitar información,Soporte,6,False,Finalizada,False,4
6935,1710,2025-06-07 18:29:50,Instagram,Soporte técnico,Atención Comercial,17,True,Finalizada,False,2
6936,406,2025-06-16 16:08:14,Instagram,Reclamo,Atención al Cliente,9,False,Finalizada,False,4
6937,504,2025-04-29 17:44:11,Facebook,Agendar servicio,Soporte,7,False,Finalizada,False,4
6938,1330,2025-02-02 17:01:53,Telegram,Solicitar información,Ventas,5,False,Abandonada,False,1
6939,1544,2025-12-20 12:12:22,Instagram,Agendar servicio,Atención Comercial,7,False,Finalizada,True,5
6940,438,2025-03-20 04:41:29,Telegram,Consultar precios,Soporte,4,False,Finalizada,False,4
6941,297,2025-05-20 18:29:27,WhatsApp,Soporte técnico,Soporte,11,False,Finalizada,True,5
6942,498,2025-12-27 12:18:32,Web,Solicitar información,Ventas,6,False,Abandonada,False,2
6943,1443,2025-11-18 15:51:25,WhatsApp,Cancelar servicio,Atención al Cliente,4,False,Abandonada,False,2
6944,557,2025-10-19 19:19:11,WhatsApp,Consultar precios,Soporte,3,False,Finalizada,True,5
6945,13,2025-11-06 02:12:38,Telegram,Seguimiento,Postventa,6,False,Finalizada,False,3
6946,713,2025-09-17 13:27:12,Instagram,Agendar servicio,Atención Comercial,7,False,Finalizada,False,4
6947,1815,2025-01-22 17:12:10,Web,Soporte técnico,Atención al Cliente,16,True,Finalizada,False,3
6948,1600,2025-05-23 13:12:25,WhatsApp,Consultar precios,Atención al Cliente,3,False,Finalizada,False,4
6949,127,2025-10-30 20:42:42,WhatsApp,Soporte técnico,Postventa,17,True,Finalizada,True,2
6950,1541,2025-09-01 20:57:09,WhatsApp,Cancelar servicio,Ventas,2,False,Finalizada,True,5
6951,733,2025-04-04 13:51:58,Web,Agendar servicio,Atención al Cliente,6,False,Finalizada,False,3
6952,1703,2025-09-09 18:38:54,Web,Cancelar servicio,Postventa,2,False,Finalizada,True,5
6953,836,2025-12-22 20:09:39,Web,Consultar precios,Ventas,4,False,Abandonada,False,1
6954,300,2025-10-17 12:43:28,WhatsApp,Reclamo,Soporte,11,True,Finalizada,False,2
6955,1505,2025-07-10 20:06:45,Web,Agendar servicio,Atención al Cliente,8,False,Finalizada,True,5
6956,94,2025-03-14 16:14:43,Web,Consultar precios,Ventas,5,False,Finalizada,False,4
6957,1927,2025-11-30 19:54:21,WhatsApp,Reclamo,Atención Comercial,9,True,Finalizada,True,2
6958,1199,2025-05-02 18:51:22,Telegram,Reclamo,Soporte,12,False,Finalizada,False,4
6959,1543,2025-10-30 18:56:50,Telegram,Solicitar información,Atención Comercial,5,False,Finalizada,False,3
6960,1610,2025-10-21 09:38:25,Web,Consultar precios,Soporte,4,False,Finalizada,True,5
6961,1766,2025-09-26 16:00:54,Web,Seguimiento,Ventas,5,False,Finalizada,False,3
6962,213,2025-08-22 00:35:53,Web,Reclamo,Atención al Cliente,13,False,Finalizada,False,3
6963,9,2025-02-14 02:06:27,WhatsApp,Reclamo,Soporte,14,True,Finalizada,True,3
6964,628,2025-03-03 19:41:36,WhatsApp,Cancelar servicio,Ventas,4,False,Finalizada,False,4
6965,1486,2025-12-14 04:24:37,WhatsApp,Reclamo,Postventa,8,False,Finalizada,False,5
6966,1703,2025-12-08 08:14:28,WhatsApp,Consultar precios,Soporte,5,False,Finalizada,True,5
6967,1297,2025-04-19 11:13:50,Facebook,Seguimiento,Atención al Cliente,4,False,Finalizada,True,4
6968,1661,2025-07-21 16:56:31,Web,Solicitar información,Postventa,6,False,Finalizada,True,5
6969,1166,2025-11-11 05:54:39,WhatsApp,Seguimiento,Postventa,7,False,Abandonada,False,1
6970,1552,2025-06-02 13:44:49,Telegram,Reclamo,Postventa,15,True,Abandonada,False,1
6971,448,2025-02-09 12:31:49,Telegram,Cancelar servicio,Atención Comercial,3,True,Finalizada,False,1
6972,950,2025-03-05 20:57:30,Instagram,Reclamo,Postventa,11,False,Abandonada,False,2
6973,1178,2025-05-15 18:37:01,WhatsApp,Cancelar servicio,Ventas,2,False,Finalizada,True,4
6974,1900,2025-06-29 18:46:36,Web,Agendar servicio,Soporte,5,False,Finalizada,False,5
6975,668,2025-03-09 18:31:58,Web,Consultar precios,Atención Comercial,3,False,Finalizada,False,4
6976,1115,2025-04-07 13:18:09,WhatsApp,Solicitar información,Soporte,4,False,Finalizada,False,4
6977,1912,2025-05-14 12:10:12,Web,Soporte técnico,Atención al Cliente,17,False,Finalizada,True,5
6978,708,2025-06-21 19:29:53,WhatsApp,Soporte técnico,Ventas,13,False,Finalizada,True,5
6979,1683,2025-08-03 19:31:00,WhatsApp,Cancelar servicio,Postventa,3,False,Finalizada,False,3
6980,1778,2025-09-25 13:19:28,Instagram,Reclamo,Atención Comercial,10,False,Finalizada,True,5
6981,86,2025-03-04 18:26:11,WhatsApp,Soporte técnico,Atención Comercial,16,False,Finalizada,False,4
6982,67,2025-08-24 19:25:01,Instagram,Solicitar información,Postventa,4,False,Finalizada,True,5
6983,320,2025-04-26 12:56:55,Facebook,Reclamo,Atención Comercial,14,False,Finalizada,False,3
6984,1207,2025-08-02 18:42:06,Web,Solicitar información,Postventa,4,False,Finalizada,False,5
6985,871,2025-03-21 19:17:20,Web,Reclamo,Atención al Cliente,9,True,Finalizada,True,2
6986,1043,2025-07-07 18:38:31,WhatsApp,Agendar servicio,Atención al Cliente,5,False,Abandonada,False,2
6987,1728,2025-12-18 20:12:07,Telegram,Reclamo,Atención al Cliente,12,False,Finalizada,False,3
6988,156,2025-11-15 18:17:09,WhatsApp,Cancelar servicio,Atención al Cliente,2,False,Finalizada,True,5
6989,1491,2025-01-06 20:55:16,Telegram,Reclamo,Postventa,10,False,Finalizada,False,5
6990,1768,2025-07-04 12:48:31,Telegram,Cancelar servicio,Atención al Cliente,3,True,Finalizada,False,3
6991,782,2025-12-13 08:33:34,WhatsApp,Reclamo,Postventa,13,False,Finalizada,False,3
6992,661,2025-01-19 08:53:57,WhatsApp,Seguimiento,Ventas,5,False,Finalizada,False,4
6993,327,2025-06-24 19:48:34,WhatsApp,Cancelar servicio,Soporte,3,False,Finalizada,False,5
6994,635,2025-09-07 17:20:06,Instagram,Solicitar información,Atención Comercial,4,False,Abandonada,False,2
6995,210,2025-10-31 12:59:39,Instagram,Soporte técnico,Soporte,18,False,Finalizada,True,5
6996,538,2025-02-17 12:02:03,Instagram,Seguimiento,Soporte,7,False,Finalizada,True,5
6997,1785,2025-09-18 02:59:10,Instagram,Consultar precios,Atención al Cliente,3,False,Finalizada,False,4
6998,377,2025-06-23 12:01:07,Web,Soporte técnico,Atención Comercial,15,True,Abandonada,False,2
6999,84,2025-11-03 13:06:11,Instagram,Reclamo,Postventa,13,False,Finalizada,True,5
7000,1100,2025-02-10 11:46:47,Facebook,Seguimiento,Atención al Cliente,5,False,Finalizada,True,5
7001,836,2025-09-06 20:11:11,Facebook,Reclamo,Postventa,15,False,Abandonada,False,2
7002,900,2025-05-09 20:48:45,WhatsApp,Seguimiento,Postventa,6,False,Finalizada,True,5
7003,290,2025-07-14 18:08:24,WhatsApp,Seguimiento,Atención al Cliente,4,False,Finalizada,True,5
7004,909,2025-06-16 03:29:24,Web,Reclamo,Postventa,9,True,Abandonada,False,1
7005,1127,2025-02-10 09:08:34,WhatsApp,Agendar servicio,Atención al Cliente,5,False,Finalizada,True,5
7006,900,2025-11-25 10:04:45,Facebook,Agendar servicio,Atención al Cliente,5,False,Finalizada,False,3
7007,241,2025-08-20 18:28:35,Web,Cancelar servicio,Postventa,3,False,Finalizada,True,4
7008,128,2025-11-08 12:21:57,Facebook,Solicitar información,Soporte,6,False,Abandonada,False,2
7009,99,2025-07-28 00:25:01,Instagram,Solicitar información,Atención Comercial,4,False,Finalizada,False,3
7010,1654,2025-08-29 13:42:59,WhatsApp,Solicitar información,Atención al Cliente,5,False,Finalizada,True,5
7011,1425,2025-08-12 11:52:36,WhatsApp,Agendar servicio,Atención Comercial,8,True,Abandonada,False,1
7012,63,2025-04-30 12:20:54,Instagram,Seguimiento,Atención al Cliente,7,False,Finalizada,False,4
7013,1167,2025-07-02 13:56:31,Facebook,Soporte técnico,Atención al Cliente,14,False,Finalizada,False,4
7014,976,2025-01-16 12:50:41,WhatsApp,Agendar servicio,Soporte,5,False,Finalizada,False,4
7015,1298,2025-12-21 20:51:29,Web,Solicitar información,Atención al Cliente,5,False,Finalizada,False,3
7016,1814,2025-10-12 18:37:56,Web,Cancelar servicio,Ventas,3,False,Finalizada,True,5
7017,1918,2025-12-01 12:52:59,Web,Solicitar información,Atención Comercial,4,False,Finalizada,True,5
7018,908,2025-08-09 18:08:34,WhatsApp,Consultar precios,Atención Comercial,3,False,Finalizada,True,5
7019,1586,2025-12-25 12:00:13,WhatsApp,Solicitar información,Postventa,5,False,Finalizada,True,5
7020,40,2025-07-23 10:49:08,Instagram,Soporte técnico,Atención Comercial,12,True,Finalizada,False,2
7021,941,2025-04-12 13:02:57,WhatsApp,Soporte técnico,Postventa,17,False,Abandonada,False,1
7022,1225,2025-04-28 10:58:32,Facebook,Reclamo,Atención al Cliente,8,False,Finalizada,False,5
7023,1567,2025-03-14 19:38:48,Facebook,Seguimiento,Postventa,5,False,Abandonada,False,1
7024,91,2025-06-24 11:33:31,Web,Soporte técnico,Soporte,15,False,Abandonada,False,1
7025,377,2025-03-20 20:00:37,WhatsApp,Reclamo,Atención Comercial,14,False,Finalizada,False,3
7026,294,2025-07-15 10:23:43,WhatsApp,Solicitar información,Soporte,4,False,Finalizada,False,4
7027,539,2025-09-05 01:03:15,WhatsApp,Consultar precios,Soporte,4,False,Abandonada,False,2
7028,1063,2025-10-12 19:13:40,WhatsApp,Reclamo,Atención Comercial,8,False,Abandonada,False,1
7029,1458,2025-01-27 13:22:58,Telegram,Cancelar servicio,Ventas,3,False,Finalizada,False,5
7030,97,2025-03-31 02:02:41,Web,Soporte técnico,Atención Comercial,11,True,Abandonada,False,2
7031,1509,2025-01-07 13:29:31,Web,Seguimiento,Ventas,6,False,Finalizada,True,5
7032,641,2025-10-10 13:30:13,WhatsApp,Cancelar servicio,Soporte,3,False,Finalizada,False,4
7033,843,2025-05-06 13:11:53,WhatsApp,Reclamo,Atención al Cliente,8,False,Finalizada,True,5
7034,1325,2025-04-19 13:18:19,Web,Reclamo,Ventas,11,False,Finalizada,True,5
7035,538,2025-01-07 13:39:43,Web,Agendar servicio,Soporte,7,False,Finalizada,False,4
7036,1272,2025-08-19 12:07:09,WhatsApp,Reclamo,Atención Comercial,9,True,Abandonada,False,1
7037,1460,2025-06-15 20:07:26,Instagram,Agendar servicio,Atención al Cliente,8,True,Finalizada,True,2
7038,1938,2025-04-30 13:04:11,WhatsApp,Reclamo,Soporte,14,False,Abandonada,False,1
7039,403,2025-03-23 15:36:38,WhatsApp,Agendar servicio,Soporte,5,False,Finalizada,True,4
7040,489,2025-07-09 08:29:08,Web,Cancelar servicio,Soporte,3,False,Finalizada,True,5
7041,783,2025-01-21 20:11:14,Web,Consultar precios,Ventas,4,False,Finalizada,False,3
7042,1483,2025-04-06 13:17:46,WhatsApp,Seguimiento,Atención al Cliente,4,False,Abandonada,False,1
7043,389,2025-10-28 18:24:35,WhatsApp,Cancelar servicio,Postventa,2,False,Finalizada,False,3
7044,1518,2025-08-21 03:20:14,WhatsApp,Agendar servicio,Postventa,6,False,Finalizada,False,3
7045,1821,2025-11-30 16:54:30,WhatsApp,Agendar servicio,Ventas,7,False,Finalizada,False,4
7046,1490,2025-04-18 17:34:25,Web,Solicitar información,Soporte,4,False,Finalizada,True,5
7047,837,2025-05-29 13:43:18,Web,Soporte técnico,Atención Comercial,17,True,Finalizada,False,1
7048,1798,2025-12-18 20:45:12,WhatsApp,Solicitar información,Atención Comercial,4,False,Finalizada,False,5
7049,1379,2025-02-18 19:05:31,WhatsApp,Seguimiento,Soporte,6,False,Finalizada,False,5
7050,849,2025-11-11 09:55:11,Telegram,Solicitar información,Postventa,5,False,Abandonada,False,2
7051,1146,2025-07-19 18:34:20,Facebook,Reclamo,Postventa,9,False,Finalizada,False,4
7052,1004,2025-09-25 18:04:54,WhatsApp,Seguimiento,Postventa,5,False,Abandonada,False,1
7053,725,2025-07-03 12:22:13,Facebook,Consultar precios,Soporte,5,False,Finalizada,False,5
7054,628,2025-05-23 09:33:14,WhatsApp,Reclamo,Atención al Cliente,10,False,Abandonada,False,1
7055,598,2025-07-08 18:15:05,Instagram,Solicitar información,Postventa,4,False,Finalizada,False,3
7056,1698,2025-09-02 20:40:34,Web,Seguimiento,Ventas,5,False,Finalizada,True,5
7057,657,2025-09-19 18:07:52,WhatsApp,Reclamo,Soporte,8,False,Finalizada,True,5
7058,1512,2025-04-24 03:38:15,Facebook,Consultar precios,Ventas,4,False,Finalizada,True,5
7059,1179,2025-04-01 08:55:51,WhatsApp,Soporte técnico,Postventa,18,False,Abandonada,False,2
7060,380,2025-02-20 20:25:16,WhatsApp,Solicitar información,Atención al Cliente,4,False,Finalizada,False,3
7061,1359,2025-08-31 20:54:56,Telegram,Consultar precios,Atención Comercial,3,False,Abandonada,False,1
7062,1124,2025-09-16 01:36:15,WhatsApp,Cancelar servicio,Postventa,3,False,Finalizada,True,4
7063,1867,2025-10-31 13:52:47,Web,Solicitar información,Soporte,6,False,Finalizada,False,5
7064,1899,2025-11-28 12:19:29,WhatsApp,Soporte técnico,Ventas,13,True,Abandonada,False,2
7065,1398,2025-10-06 12:02:59,WhatsApp,Soporte técnico,Ventas,16,False,Abandonada,False,1
7066,491,2025-03-04 20:19:24,Web,Consultar precios,Ventas,4,False,Abandonada,False,1
7067,912,2025-11-03 11:47:18,WhatsApp,Agendar servicio,Postventa,5,True,Finalizada,True,3
7068,1067,2025-01-16 18:41:00,Instagram,Soporte técnico,Atención Comercial,13,False,Finalizada,False,4
7069,1933,2025-10-20 20:53:38,Facebook,Seguimiento,Atención al Cliente,7,False,Finalizada,False,4
7070,1828,2025-07-12 11:20:22,WhatsApp,Consultar precios,Soporte,4,False,Finalizada,True,5
7071,1283,2025-04-13 13:42:12,WhatsApp,Agendar servicio,Postventa,8,False,Finalizada,True,5
7072,1074,2025-03-03 15:22:38,Telegram,Consultar precios,Ventas,5,False,Finalizada,True,5
7073,293,2025-03-05 18:58:48,Telegram,Soporte técnico,Atención al Cliente,17,True,Finalizada,False,3
7074,1255,2025-11-14 03:38:23,Web,Cancelar servicio,Postventa,3,False,Finalizada,True,5
7075,685,2025-10-14 13:18:32,Web,Cancelar servicio,Atención al Cliente,4,False,Finalizada,True,4
7076,1551,2025-03-09 13:24:17,Web,Agendar servicio,Atención al Cliente,6,True,Finalizada,False,2
7077,1075,2025-05-27 19:20:26,WhatsApp,Solicitar información,Postventa,5,False,Finalizada,False,4
7078,1669,2025-02-28 13:08:02,WhatsApp,Reclamo,Soporte,12,True,Finalizada,True,2
7079,254,2025-02-16 18:08:58,Facebook,Solicitar información,Atención al Cliente,4,False,Finalizada,False,3
7080,682,2025-08-17 00:32:15,WhatsApp,Consultar precios,Soporte,5,False,Finalizada,True,5
7081,1052,2025-05-06 12:03:51,WhatsApp,Consultar precios,Ventas,5,False,Finalizada,False,3
7082,613,2025-06-21 12:09:09,Instagram,Solicitar información,Ventas,6,False,Finalizada,False,4
7083,668,2025-09-17 17:45:45,WhatsApp,Soporte técnico,Soporte,17,True,Finalizada,True,1
7084,1769,2025-08-16 13:03:52,Web,Cancelar servicio,Ventas,4,False,Finalizada,True,5
7085,108,2025-07-02 19:45:36,WhatsApp,Consultar precios,Soporte,5,False,Finalizada,True,5
7086,767,2025-12-02 19:22:59,Instagram,Consultar precios,Soporte,4,True,Finalizada,True,3
7087,237,2025-04-09 18:33:25,WhatsApp,Cancelar servicio,Ventas,2,False,Finalizada,True,4
7088,317,2025-12-27 13:22:38,Facebook,Consultar precios,Soporte,5,False,Finalizada,True,5
7089,1675,2025-06-10 13:28:16,WhatsApp,Agendar servicio,Soporte,7,False,Abandonada,False,1
7090,821,2025-02-06 12:00:38,Facebook,Consultar precios,Atención al Cliente,5,False,Finalizada,True,4
7091,490,2025-04-20 08:06:22,WhatsApp,Solicitar información,Ventas,4,False,Finalizada,False,4
7092,1336,2025-09-12 17:24:19,WhatsApp,Seguimiento,Soporte,4,False,Finalizada,False,4
7093,1576,2025-04-20 18:19:16,Web,Cancelar servicio,Postventa,4,False,Finalizada,False,3
7094,868,2025-04-09 01:49:57,WhatsApp,Seguimiento,Atención al Cliente,4,False,Abandonada,False,1
7095,1403,2025-08-18 13:01:22,Web,Seguimiento,Postventa,7,False,Abandonada,False,2
7096,1210,2025-08-23 13:45:53,WhatsApp,Solicitar información,Soporte,5,False,Finalizada,True,5
7097,706,2025-11-14 20:07:44,WhatsApp,Reclamo,Postventa,10,True,Finalizada,True,2
7098,1235,2025-06-01 08:40:52,Facebook,Reclamo,Atención al Cliente,11,False,Abandonada,False,1
7099,1578,2025-06-11 10:00:07,WhatsApp,Reclamo,Atención al Cliente,13,False,Finalizada,True,5
7100,1812,2025-06-23 12:43:04,Instagram,Agendar servicio,Postventa,5,False,Finalizada,False,5
7101,1446,2025-08-15 17:26:55,WhatsApp,Seguimiento,Ventas,6,False,Finalizada,True,5
7102,993,2025-08-19 08:36:47,Facebook,Soporte técnico,Soporte,10,False,Finalizada,False,3
7103,895,2025-07-25 19:02:32,WhatsApp,Consultar precios,Ventas,5,False,Finalizada,True,5
7104,1830,2025-07-14 18:00:54,WhatsApp,Agendar servicio,Atención al Cliente,7,False,Abandonada,False,1
7105,1275,2025-01-30 18:56:32,Instagram,Soporte técnico,Postventa,17,True,Abandonada,False,2
7106,1109,2025-05-09 08:51:19,WhatsApp,Solicitar información,Atención Comercial,6,False,Finalizada,True,5
7107,1111,2025-02-26 16:13:34,WhatsApp,Soporte técnico,Soporte,18,False,Finalizada,True,5
7108,1413,2025-07-03 19:57:58,Instagram,Agendar servicio,Ventas,6,False,Finalizada,False,5
7109,1145,2025-05-19 20:50:26,Web,Reclamo,Atención Comercial,15,True,Finalizada,False,1
7110,74,2025-12-18 13:43:34,WhatsApp,Consultar precios,Ventas,5,False,Finalizada,False,5
7111,652,2025-11-08 11:57:45,WhatsApp,Reclamo,Postventa,11,True,Finalizada,False,2
7112,523,2025-01-01 12:16:44,Instagram,Soporte técnico,Soporte,15,True,Finalizada,True,2
7113,1685,2025-08-26 16:53:37,WhatsApp,Consultar precios,Atención al Cliente,4,False,Finalizada,True,5
7114,874,2025-07-07 18:59:07,Web,Reclamo,Atención Comercial,9,False,Finalizada,True,5
7115,733,2025-01-27 11:37:04,Facebook,Soporte técnico,Postventa,14,False,Finalizada,False,4
7116,1919,2025-07-19 19:40:12,Facebook,Soporte técnico,Atención al Cliente,14,False,Finalizada,False,3
7117,1211,2025-03-25 18:48:36,WhatsApp,Agendar servicio,Ventas,6,False,Finalizada,False,5
7118,1073,2025-12-27 04:28:05,Instagram,Cancelar servicio,Atención Comercial,2,False,Finalizada,False,3
7119,1465,2025-01-05 19:24:31,WhatsApp,Soporte técnico,Ventas,14,True,Finalizada,False,2
7120,1617,2025-08-02 13:30:29,WhatsApp,Consultar precios,Postventa,4,False,Finalizada,True,5
7121,1217,2025-01-03 12:27:33,Facebook,Reclamo,Atención Comercial,9,False,Finalizada,False,4
7122,725,2025-08-20 01:16:49,Web,Soporte técnico,Ventas,13,False,Finalizada,False,3
7123,196,2025-11-17 13:57:25,WhatsApp,Soporte técnico,Soporte,17,False,Finalizada,False,5
7124,691,2025-01-29 12:00:35,WhatsApp,Agendar servicio,Atención Comercial,6,False,Finalizada,False,3
7125,11,2025-03-29 20:01:34,Web,Reclamo,Ventas,13,False,Finalizada,True,5
7126,1533,2025-07-30 08:10:52,WhatsApp,Consultar precios,Postventa,4,False,Finalizada,False,4
7127,1578,2025-01-18 00:00:59,Facebook,Agendar servicio,Soporte,8,False,Abandonada,False,2
7128,1413,2025-06-09 13:35:32,WhatsApp,Agendar servicio,Soporte,7,False,Finalizada,False,3
7129,589,2025-04-15 18:52:21,WhatsApp,Reclamo,Soporte,9,True,Finalizada,False,1
7130,1549,2025-06-05 20:53:21,WhatsApp,Consultar precios,Atención al Cliente,3,True,Finalizada,True,1
7131,1009,2025-10-10 08:17:19,Facebook,Consultar precios,Ventas,5,False,Finalizada,False,3
7132,1853,2025-10-17 18:03:25,Facebook,Consultar precios,Atención Comercial,5,False,Finalizada,True,5
7133,1599,2025-03-05 19:09:39,Instagram,Reclamo,Ventas,15,True,Finalizada,True,1
7134,1227,2025-12-23 13:15:56,Web,Cancelar servicio,Postventa,3,False,Finalizada,False,3
7135,740,2025-05-14 05:23:56,Web,Seguimiento,Ventas,6,False,Finalizada,True,5
7136,1012,2025-02-09 12:43:05,Web,Cancelar servicio,Soporte,4,False,Abandonada,False,2
7137,562,2025-07-07 12:31:12,Instagram,Reclamo,Atención al Cliente,14,True,Finalizada,False,1
7138,678,2025-12-11 19:35:05,WhatsApp,Consultar precios,Soporte,5,False,Finalizada,True,5
7139,645,2025-02-18 15:25:23,WhatsApp,Agendar servicio,Postventa,8,False,Finalizada,False,4
7140,928,2025-10-08 11:05:18,WhatsApp,Agendar servicio,Atención al Cliente,5,False,Finalizada,True,5
7141,1117,2025-08-18 20:34:35,WhatsApp,Cancelar servicio,Ventas,4,False,Finalizada,True,4
7142,132,2025-11-19 01:31:56,Web,Cancelar servicio,Atención Comercial,2,True,Abandonada,False,1
7143,725,2025-03-14 08:12:11,WhatsApp,Agendar servicio,Ventas,5,False,Finalizada,False,4
7144,176,2025-01-14 13:47:23,WhatsApp,Agendar servicio,Soporte,8,False,Finalizada,False,4
7145,1842,2025-03-13 12:05:54,WhatsApp,Consultar precios,Atención al Cliente,3,False,Finalizada,True,5
7146,324,2025-01-09 12:21:58,Web,Seguimiento,Atención Comercial,6,False,Finalizada,False,4
7147,233,2025-01-06 12:07:48,Web,Reclamo,Ventas,14,False,Abandonada,False,2
7148,1527,2025-12-14 18:56:29,WhatsApp,Solicitar información,Atención al Cliente,6,False,Finalizada,True,5
7149,227,2025-12-04 19:12:09,WhatsApp,Agendar servicio,Soporte,8,False,Finalizada,True,5
7150,1804,2025-09-13 09:32:53,Facebook,Seguimiento,Ventas,4,False,Finalizada,False,3
7151,525,2025-11-23 11:31:37,Web,Agendar servicio,Soporte,6,False,Abandonada,False,1
7152,741,2025-12-23 13:33:35,WhatsApp,Reclamo,Ventas,8,False,Finalizada,True,5
7153,1727,2025-12-16 16:49:32,Web,Soporte técnico,Postventa,16,True,Finalizada,True,2
7154,809,2025-09-14 12:59:30,WhatsApp,Soporte técnico,Atención al Cliente,14,False,Finalizada,False,5
7155,995,2025-11-25 16:18:00,WhatsApp,Soporte técnico,Atención Comercial,15,True,Finalizada,True,3
7156,1814,2025-02-06 19:30:04,Facebook,Seguimiento,Atención Comercial,6,False,Finalizada,True,5
7157,803,2025-11-05 17:33:37,Web,Reclamo,Soporte,12,False,Abandonada,False,1
7158,969,2025-11-06 20:48:20,Web,Soporte técnico,Ventas,16,True,Finalizada,True,3
7159,130,2025-09-29 16:03:05,WhatsApp,Reclamo,Ventas,13,False,Finalizada,False,4
7160,550,2025-10-29 18:19:01,WhatsApp,Consultar precios,Atención Comercial,4,False,Finalizada,True,5
7161,1071,2025-12-18 03:05:39,WhatsApp,Seguimiento,Postventa,7,False,Finalizada,False,3
7162,1343,2025-05-31 18:57:39,WhatsApp,Consultar precios,Postventa,5,False,Abandonada,False,1
7163,1146,2025-05-01 12:01:39,Facebook,Reclamo,Ventas,10,False,Abandonada,False,1
7164,1237,2025-06-24 19:52:02,Instagram,Agendar servicio,Atención Comercial,8,False,Finalizada,False,4
7165,186,2025-08-13 13:25:49,Facebook,Soporte técnico,Atención Comercial,14,False,Finalizada,False,4
7166,535,2025-08-16 19:35:47,WhatsApp,Cancelar servicio,Atención Comercial,2,False,Finalizada,False,4
7167,1751,2025-04-01 13:54:40,WhatsApp,Seguimiento,Atención al Cliente,7,False,Abandonada,False,1
7168,1862,2025-04-21 11:53:44,Web,Reclamo,Ventas,9,True,Finalizada,False,1
7169,1142,2025-09-13 20:00:38,Instagram,Cancelar servicio,Soporte,4,True,Finalizada,True,2
7170,1951,2025-11-08 02:39:35,Web,Cancelar servicio,Ventas,2,False,Finalizada,False,4
7171,1250,2025-07-30 08:08:37,Facebook,Soporte técnico,Atención al Cliente,11,False,Finalizada,True,4
7172,1894,2025-07-20 18:07:38,WhatsApp,Consultar precios,Atención al Cliente,5,False,Finalizada,True,5
7173,1073,2025-10-04 20:26:16,WhatsApp,Soporte técnico,Postventa,18,False,Finalizada,True,5
7174,611,2025-12-19 20:28:19,WhatsApp,Agendar servicio,Postventa,8,False,Finalizada,False,3
7175,197,2025-02-28 09:34:10,Web,Solicitar información,Postventa,4,False,Finalizada,True,5
7176,494,2025-03-04 08:25:15,WhatsApp,Cancelar servicio,Ventas,4,False,Finalizada,True,4
7177,906,2025-02-08 13:43:51,Web,Soporte técnico,Ventas,13,False,Finalizada,True,5
7178,1776,2025-08-04 03:20:24,WhatsApp,Seguimiento,Ventas,7,False,Abandonada,False,1
7179,1308,2025-12-30 13:18:27,Web,Solicitar información,Ventas,6,False,Finalizada,False,3
7180,859,2025-01-30 19:32:39,Facebook,Reclamo,Ventas,14,True,Abandonada,False,2
7181,886,2025-05-29 20:00:14,Instagram,Seguimiento,Postventa,4,False,Finalizada,True,4
7182,751,2025-01-19 13:45:32,WhatsApp,Consultar precios,Soporte,5,False,Finalizada,True,5
7183,1520,2025-09-27 19:38:08,WhatsApp,Soporte técnico,Atención al Cliente,17,True,Finalizada,False,1
7184,262,2025-02-03 18:22:35,Facebook,Consultar precios,Atención Comercial,4,False,Finalizada,False,3
7185,1134,2025-08-11 18:09:23,WhatsApp,Reclamo,Atención al Cliente,12,True,Abandonada,False,1
7186,1635,2025-08-31 12:17:57,Web,Consultar precios,Soporte,5,False,Finalizada,False,5
7187,636,2025-05-03 13:39:06,WhatsApp,Seguimiento,Postventa,4,False,Abandonada,False,1
7188,1471,2025-03-01 19:18:25,Web,Solicitar información,Ventas,4,False,Finalizada,True,4
7189,1602,2025-04-29 12:41:47,Facebook,Soporte técnico,Atención Comercial,14,False,Abandonada,False,2
7190,1942,2025-02-10 19:29:16,Web,Solicitar información,Atención al Cliente,5,False,Finalizada,False,3
7191,1159,2025-09-05 19:00:23,Facebook,Agendar servicio,Atención Comercial,7,False,Finalizada,True,4
7192,1906,2025-09-04 19:55:00,Facebook,Reclamo,Postventa,12,False,Finalizada,True,5
7193,1489,2025-05-03 12:35:18,WhatsApp,Seguimiento,Soporte,7,True,Finalizada,True,3
7194,556,2025-12-15 00:55:12,Facebook,Cancelar servicio,Atención al Cliente,3,False,Finalizada,False,5
7195,1539,2025-06-16 13:40:16,Instagram,Seguimiento,Ventas,4,False,Finalizada,True,5
7196,563,2025-09-24 13:48:05,WhatsApp,Cancelar servicio,Atención Comercial,3,False,Finalizada,True,5
7197,272,2025-04-28 13:21:31,Facebook,Soporte técnico,Atención al Cliente,11,True,Abandonada,False,2
7198,94,2025-09-12 12:06:57,WhatsApp,Reclamo,Postventa,8,False,Finalizada,False,3
7199,547,2025-10-09 19:30:02,Web,Cancelar servicio,Atención Comercial,3,False,Finalizada,True,5
7200,156,2025-01-25 13:29:25,Instagram,Consultar precios,Ventas,5,False,Finalizada,False,3
7201,1351,2025-12-06 20:39:54,Web,Consultar precios,Ventas,3,False,Finalizada,True,5
7202,633,2025-10-22 20:48:38,WhatsApp,Solicitar información,Atención Comercial,4,False,Finalizada,False,4
7203,731,2025-04-04 18:28:11,Facebook,Seguimiento,Soporte,4,False,Finalizada,True,4
7204,1698,2025-10-12 12:09:03,Web,Cancelar servicio,Soporte,3,False,Finalizada,False,3
7205,264,2025-12-06 15:42:44,WhatsApp,Solicitar información,Postventa,6,False,Finalizada,True,5
7206,638,2025-12-04 01:45:01,WhatsApp,Consultar precios,Atención al Cliente,4,False,Abandonada,False,2
7207,34,2025-09-01 17:13:17,Web,Solicitar información,Atención al Cliente,5,False,Finalizada,False,3
7208,1703,2025-08-31 08:51:01,Web,Seguimiento,Atención al Cliente,5,False,Finalizada,True,5
7209,1109,2025-02-18 20:25:12,Instagram,Agendar servicio,Postventa,8,False,Abandonada,False,1
7210,1415,2025-08-06 13:53:11,Web,Reclamo,Atención Comercial,13,False,Finalizada,False,3
7211,490,2025-06-21 15:54:00,Web,Agendar servicio,Postventa,5,False,Finalizada,False,3
7212,1025,2025-05-11 12:46:46,WhatsApp,Cancelar servicio,Ventas,3,False,Finalizada,False,3
7213,1053,2025-09-14 12:02:04,Web,Reclamo,Atención Comercial,11,False,Finalizada,False,4
7214,1771,2025-08-02 20:09:43,WhatsApp,Agendar servicio,Postventa,8,False,Finalizada,True,5
7215,8,2025-08-26 20:16:28,WhatsApp,Seguimiento,Soporte,5,False,Finalizada,True,5
7216,1206,2025-11-06 18:53:20,Instagram,Reclamo,Ventas,11,False,Finalizada,False,4
7217,1054,2025-06-22 20:03:58,Web,Consultar precios,Ventas,5,False,Finalizada,False,4
7218,664,2025-01-07 13:15:33,Facebook,Seguimiento,Atención al Cliente,6,False,Finalizada,False,5
7219,1582,2025-02-19 13:23:22,Instagram,Agendar servicio,Ventas,8,False,Finalizada,True,4
7220,117,2025-04-12 19:34:09,Instagram,Soporte técnico,Ventas,13,False,Abandonada,False,2
7221,670,2025-03-10 18:15:27,Facebook,Cancelar servicio,Postventa,2,False,Finalizada,False,4
7222,1185,2025-02-01 20:21:29,WhatsApp,Cancelar servicio,Soporte,2,False,Finalizada,True,5
7223,628,2025-10-29 11:10:49,WhatsApp,Solicitar información,Atención al Cliente,5,False,Finalizada,True,4
7224,461,2025-06-13 13:57:47,WhatsApp,Reclamo,Soporte,8,False,Finalizada,True,5
7225,1260,2025-10-05 08:45:51,WhatsApp,Seguimiento,Atención Comercial,7,False,Finalizada,True,5
7226,1631,2025-11-28 04:07:25,Web,Seguimiento,Postventa,6,True,Finalizada,False,2
7227,1925,2025-09-25 18:53:06,Instagram,Soporte técnico,Atención al Cliente,12,False,Finalizada,True,5
7228,1563,2025-10-16 13:21:20,WhatsApp,Cancelar servicio,Atención Comercial,3,False,Abandonada,False,1
7229,1617,2025-10-15 12:13:37,Web,Solicitar información,Postventa,4,False,Finalizada,False,4
7230,1085,2025-12-19 18:27:58,Web,Seguimiento,Atención al Cliente,5,False,Finalizada,True,5
7231,127,2025-12-22 20:37:53,WhatsApp,Consultar precios,Postventa,3,False,Finalizada,True,5
7232,430,2025-12-19 19:06:55,Facebook,Reclamo,Postventa,11,False,Finalizada,True,4
7233,1528,2025-03-08 19:39:32,Web,Consultar precios,Atención al Cliente,5,False,Finalizada,True,4
7234,464,2025-05-20 19:22:44,WhatsApp,Consultar precios,Atención Comercial,5,False,Finalizada,False,3
7235,1861,2025-07-31 12:34:27,WhatsApp,Solicitar información,Atención al Cliente,6,False,Finalizada,False,4
7236,1247,2025-11-21 10:06:41,WhatsApp,Cancelar servicio,Ventas,4,False,Finalizada,False,3
7237,1811,2025-10-05 12:10:09,WhatsApp,Cancelar servicio,Ventas,3,False,Finalizada,True,5
7238,556,2025-06-14 13:29:16,Telegram,Soporte técnico,Atención al Cliente,15,False,Finalizada,True,5
7239,837,2025-02-15 13:21:57,Web,Solicitar información,Atención al Cliente,6,False,Finalizada,False,3
7240,1536,2025-07-03 13:17:14,WhatsApp,Reclamo,Soporte,14,False,Finalizada,True,4
7241,1313,2025-04-22 13:08:51,WhatsApp,Seguimiento,Ventas,6,False,Finalizada,True,4
7242,684,2025-01-13 20:18:22,WhatsApp,Solicitar información,Atención Comercial,4,False,Finalizada,True,4
7243,915,2025-04-07 08:55:49,Web,Soporte técnico,Postventa,11,False,Finalizada,False,4
7244,1215,2025-08-10 13:31:06,WhatsApp,Solicitar información,Soporte,6,False,Finalizada,False,5
7245,1265,2025-04-11 10:02:22,Facebook,Reclamo,Atención al Cliente,9,False,Abandonada,False,2
7246,1024,2025-03-19 13:10:37,Web,Consultar precios,Postventa,5,False,Finalizada,True,5
7247,287,2025-11-15 20:10:21,WhatsApp,Agendar servicio,Atención Comercial,6,False,Finalizada,True,5
7248,1425,2025-02-18 18:43:15,WhatsApp,Reclamo,Atención Comercial,8,True,Finalizada,True,1
7249,1674,2025-03-14 05:50:39,Instagram,Agendar servicio,Postventa,5,False,Abandonada,False,2
7250,375,2025-10-21 00:13:58,WhatsApp,Soporte técnico,Atención al Cliente,17,False,Finalizada,True,5
7251,1224,2025-09-25 19:36:07,WhatsApp,Cancelar servicio,Postventa,4,False,Finalizada,False,3
7252,1763,2025-04-27 08:38:56,WhatsApp,Solicitar información,Atención al Cliente,4,False,Finalizada,True,5
7253,1921,2025-03-06 19:42:30,Facebook,Reclamo,Postventa,15,False,Abandonada,False,1
7254,276,2025-10-23 00:53:08,WhatsApp,Solicitar información,Atención al Cliente,5,False,Finalizada,True,4
7255,1246,2025-02-22 20:18:02,WhatsApp,Seguimiento,Postventa,4,False,Finalizada,False,4
7256,1377,2025-10-06 20:38:18,Web,Agendar servicio,Soporte,5,False,Finalizada,False,3
7257,1268,2025-12-31 18:56:12,WhatsApp,Soporte técnico,Soporte,11,False,Finalizada,True,4
7258,83,2025-11-14 19:16:55,Telegram,Agendar servicio,Soporte,5,False,Finalizada,False,4
7259,1088,2025-03-22 12:14:13,WhatsApp,Seguimiento,Atención Comercial,7,False,Finalizada,True,5
7260,1732,2025-08-21 13:38:00,Web,Solicitar información,Atención al Cliente,4,False,Finalizada,True,5
7261,94,2025-05-03 18:10:20,WhatsApp,Cancelar servicio,Soporte,3,False,Finalizada,False,3
7262,117,2025-07-22 20:37:02,Web,Solicitar información,Ventas,5,False,Abandonada,False,1
7263,117,2025-07-29 19:49:45,Facebook,Cancelar servicio,Atención al Cliente,3,False,Finalizada,False,5
7264,205,2025-01-20 12:41:13,Web,Solicitar información,Soporte,5,False,Abandonada,False,2
7265,1255,2025-12-13 18:05:43,Facebook,Consultar precios,Soporte,3,False,Finalizada,False,3
7266,1649,2025-10-13 20:38:33,Web,Cancelar servicio,Ventas,3,False,Finalizada,False,5
7267,1916,2025-12-13 13:03:44,Facebook,Cancelar servicio,Ventas,2,False,Finalizada,True,5
7268,28,2025-01-31 00:14:37,WhatsApp,Soporte técnico,Atención Comercial,13,False,Finalizada,False,3
7269,461,2025-03-20 04:32:33,WhatsApp,Reclamo,Atención al Cliente,8,True,Finalizada,False,2
7270,613,2025-04-14 13:40:38,Facebook,Cancelar servicio,Ventas,4,False,Finalizada,False,5
7271,1503,2025-04-22 12:05:39,WhatsApp,Reclamo,Atención al Cliente,9,True,Finalizada,False,1
7272,236,2025-11-02 19:42:23,WhatsApp,Reclamo,Ventas,8,False,Finalizada,False,4
7273,686,2025-05-26 12:03:54,WhatsApp,Reclamo,Soporte,15,False,Finalizada,True,4
7274,1728,2025-08-18 19:28:50,WhatsApp,Seguimiento,Soporte,6,True,Finalizada,True,2
7275,679,2025-08-14 19:25:49,Web,Seguimiento,Soporte,4,False,Abandonada,False,2
7276,516,2025-05-07 17:48:36,Facebook,Seguimiento,Ventas,4,False,Finalizada,True,4
7277,1979,2025-11-24 12:46:41,Facebook,Agendar servicio,Soporte,8,False,Finalizada,True,4
7278,134,2025-10-01 13:44:32,Instagram,Agendar servicio,Atención Comercial,5,False,Finalizada,False,3
7279,1979,2025-10-26 08:31:29,WhatsApp,Solicitar información,Atención al Cliente,4,False,Finalizada,False,5
7280,514,2025-10-07 19:45:16,Instagram,Reclamo,Atención Comercial,15,False,Finalizada,True,5
7281,1975,2025-10-29 13:56:12,WhatsApp,Seguimiento,Ventas,5,False,Finalizada,True,5
7282,617,2025-09-12 08:46:10,WhatsApp,Reclamo,Soporte,12,False,Finalizada,True,5
7283,90,2025-03-11 08:35:16,Facebook,Consultar precios,Soporte,5,False,Finalizada,True,4
7284,730,2025-03-06 12:56:11,WhatsApp,Cancelar servicio,Soporte,2,False,Abandonada,False,1
7285,1608,2025-04-10 13:41:40,Web,Cancelar servicio,Atención al Cliente,4,False,Finalizada,True,5
7286,1624,2025-07-31 20:16:41,Web,Solicitar información,Atención Comercial,4,True,Finalizada,True,2
7287,549,2025-11-15 11:36:19,Web,Solicitar información,Atención Comercial,6,False,Abandonada,False,1
7288,1445,2025-10-01 19:32:48,WhatsApp,Seguimiento,Atención Comercial,4,False,Finalizada,True,5
7289,1737,2025-02-24 20:36:07,WhatsApp,Agendar servicio,Atención Comercial,5,False,Finalizada,False,3
7290,1543,2025-03-14 12:39:25,WhatsApp,Cancelar servicio,Atención Comercial,2,False,Finalizada,True,5
7291,1520,2025-03-27 13:04:48,WhatsApp,Soporte técnico,Ventas,11,True,Abandonada,False,1
7292,856,2025-12-15 18:07:36,WhatsApp,Seguimiento,Atención al Cliente,7,False,Finalizada,False,4
7293,1432,2025-01-28 16:22:17,Web,Soporte técnico,Ventas,16,False,Finalizada,False,3
7294,1601,2025-01-12 18:45:23,Web,Reclamo,Postventa,13,False,Abandonada,False,1
7295,685,2025-06-24 15:24:36,WhatsApp,Consultar precios,Ventas,5,False,Finalizada,False,3
7296,909,2025-11-17 12:59:54,WhatsApp,Consultar precios,Ventas,3,False,Finalizada,False,3
7297,402,2025-04-17 13:14:39,Instagram,Seguimiento,Soporte,5,False,Finalizada,True,5
7298,1107,2025-12-12 18:48:15,Facebook,Seguimiento,Atención al Cliente,4,False,Finalizada,False,5
7299,969,2025-10-21 19:49:00,WhatsApp,Cancelar servicio,Ventas,3,False,Finalizada,False,4
7300,1367,2025-09-02 19:21:59,Instagram,Cancelar servicio,Ventas,3,False,Finalizada,True,5
7301,39,2025-08-30 20:59:14,Instagram,Cancelar servicio,Ventas,4,False,Abandonada,False,2
7302,1917,2025-06-06 20:59:38,WhatsApp,Consultar precios,Soporte,4,False,Finalizada,True,5
7303,17,2025-07-31 13:02:18,Instagram,Seguimiento,Soporte,7,False,Finalizada,True,4
7304,1595,2025-12-24 20:38:37,WhatsApp,Agendar servicio,Soporte,5,False,Finalizada,True,5
7305,1662,2025-02-23 12:06:11,Web,Solicitar información,Atención al Cliente,6,False,Finalizada,True,5
7306,85,2025-09-03 19:45:17,WhatsApp,Reclamo,Soporte,14,False,Finalizada,False,3
7307,1400,2025-07-03 20:05:05,Instagram,Consultar precios,Ventas,3,False,Finalizada,True,4
7308,408,2025-12-27 02:28:31,Facebook,Reclamo,Soporte,14,False,Finalizada,False,4
7309,1874,2025-03-31 13:27:48,WhatsApp,Soporte técnico,Soporte,13,False,Finalizada,True,5
7310,10,2025-09-24 19:21:22,Web,Soporte técnico,Atención Comercial,12,False,Finalizada,False,4
7311,1355,2025-06-17 20:35:57,WhatsApp,Soporte técnico,Soporte,14,False,Finalizada,True,5
7312,1012,2025-08-01 18:22:50,Instagram,Cancelar servicio,Soporte,4,False,Finalizada,True,4
7313,1196,2025-01-17 13:16:27,Web,Solicitar información,Postventa,4,False,Finalizada,False,5
7314,845,2025-08-18 20:28:04,Web,Solicitar información,Atención al Cliente,4,False,Finalizada,False,3
7315,1762,2025-02-21 18:44:08,Instagram,Solicitar información,Ventas,6,False,Finalizada,False,4
7316,1151,2025-03-18 12:04:11,Instagram,Seguimiento,Ventas,4,False,Finalizada,True,5
7317,67,2025-01-28 18:58:33,WhatsApp,Seguimiento,Postventa,5,False,Finalizada,True,5
7318,1744,2025-03-25 12:14:09,WhatsApp,Solicitar información,Postventa,4,False,Finalizada,True,5
7319,668,2025-03-29 04:56:01,Instagram,Agendar servicio,Postventa,6,False,Finalizada,True,4
7320,1286,2025-05-21 05:22:09,WhatsApp,Consultar precios,Soporte,3,False,Finalizada,False,3
7321,813,2025-11-24 17:17:09,WhatsApp,Cancelar servicio,Atención Comercial,4,False,Finalizada,False,5
7322,1158,2025-06-24 19:43:16,Facebook,Cancelar servicio,Atención al Cliente,3,False,Finalizada,False,4
7323,747,2025-02-09 01:27:37,Web,Reclamo,Postventa,9,True,Finalizada,False,1
7324,1210,2025-01-24 02:04:02,Web,Seguimiento,Atención al Cliente,4,False,Finalizada,True,5
7325,1033,2025-09-02 19:39:20,WhatsApp,Soporte técnico,Atención al Cliente,12,False,Finalizada,True,5
7326,1912,2025-12-07 17:36:54,Facebook,Reclamo,Soporte,9,False,Finalizada,True,4
7327,401,2025-11-28 08:44:39,WhatsApp,Consultar precios,Atención al Cliente,4,False,Finalizada,True,5
7328,1623,2025-11-05 10:17:35,WhatsApp,Solicitar información,Soporte,5,False,Finalizada,False,5
7329,1688,2025-12-23 20:45:39,Web,Consultar precios,Soporte,5,False,Finalizada,True,5
7330,1326,2025-10-23 12:15:37,WhatsApp,Solicitar información,Soporte,5,False,Finalizada,True,5
7331,1912,2025-10-06 09:06:41,WhatsApp,Soporte técnico,Postventa,18,False,Finalizada,True,5
7332,303,2025-07-16 13:26:02,Telegram,Solicitar información,Postventa,5,False,Finalizada,False,4
7333,814,2025-03-20 13:04:54,Web,Consultar precios,Ventas,5,False,Finalizada,False,4
7334,1330,2025-07-17 20:18:16,Instagram,Seguimiento,Atención al Cliente,6,False,Finalizada,False,4
7335,1039,2025-09-06 12:19:53,Instagram,Solicitar información,Atención al Cliente,6,False,Finalizada,True,4
7336,951,2025-06-12 20:14:38,Facebook,Consultar precios,Soporte,4,False,Finalizada,True,5
7337,1726,2025-01-01 19:30:22,WhatsApp,Consultar precios,Soporte,4,False,Finalizada,True,5
7338,489,2025-11-02 12:41:10,Web,Seguimiento,Atención al Cliente,5,False,Finalizada,False,3
7339,1978,2025-01-08 12:04:44,WhatsApp,Solicitar información,Ventas,6,False,Finalizada,False,3
7340,1998,2025-02-27 19:09:19,Web,Reclamo,Ventas,10,False,Finalizada,False,4
7341,1669,2025-06-04 08:08:19,WhatsApp,Solicitar información,Postventa,6,False,Finalizada,True,5
7342,963,2025-03-26 12:27:15,WhatsApp,Cancelar servicio,Atención al Cliente,3,False,Finalizada,False,3
7343,1072,2025-10-22 18:01:59,Web,Cancelar servicio,Ventas,3,False,Finalizada,True,4
7344,1673,2025-10-08 20:26:45,Instagram,Agendar servicio,Ventas,8,False,Finalizada,False,4
7345,696,2025-07-12 12:08:35,WhatsApp,Seguimiento,Postventa,6,False,Abandonada,False,2
7346,1313,2025-02-25 13:29:31,WhatsApp,Cancelar servicio,Postventa,3,False,Finalizada,False,5
7347,1666,2025-04-24 20:38:39,Instagram,Solicitar información,Atención al Cliente,4,False,Finalizada,True,5
7348,1991,2025-04-09 20:13:11,Facebook,Reclamo,Soporte,9,False,Finalizada,True,5
7349,794,2025-09-28 11:10:40,Web,Soporte técnico,Atención Comercial,15,False,Finalizada,False,4
7350,145,2025-03-11 19:02:32,Web,Reclamo,Postventa,10,True,Finalizada,True,3
7351,1543,2025-12-28 12:24:48,WhatsApp,Solicitar información,Soporte,6,False,Finalizada,False,3
7352,53,2025-09-22 12:53:49,Web,Consultar precios,Postventa,3,False,Abandonada,False,1
7353,573,2025-07-24 20:35:53,Web,Consultar precios,Atención al Cliente,3,False,Abandonada,False,1
7354,1572,2025-11-03 19:26:21,Facebook,Agendar servicio,Soporte,8,False,Abandonada,False,1
7355,841,2025-04-28 13:36:23,Facebook,Reclamo,Atención al Cliente,9,False,Finalizada,False,3
7356,1825,2025-09-03 20:01:31,WhatsApp,Soporte técnico,Ventas,17,True,Finalizada,False,2
7357,1314,2025-04-24 05:26:44,WhatsApp,Agendar servicio,Atención Comercial,8,False,Finalizada,True,5
7358,202,2025-02-27 17:32:43,WhatsApp,Seguimiento,Atención Comercial,7,False,Abandonada,False,2
7359,1810,2025-04-29 20:10:29,Web,Reclamo,Ventas,15,False,Finalizada,False,3
7360,541,2025-05-02 13:21:35,Facebook,Cancelar servicio,Atención Comercial,2,False,Abandonada,False,1
7361,1846,2025-09-24 18:24:29,Web,Agendar servicio,Ventas,6,False,Finalizada,False,4
7362,211,2025-11-16 13:23:48,WhatsApp,Solicitar información,Postventa,5,False,Finalizada,True,4
7363,684,2025-08-23 18:27:17,WhatsApp,Agendar servicio,Atención al Cliente,6,False,Finalizada,True,5
7364,1850,2025-10-28 12:02:01,Instagram,Soporte técnico,Postventa,10,False,Finalizada,False,5
7365,1596,2025-03-18 19:08:20,WhatsApp,Soporte técnico,Soporte,10,False,Finalizada,False,3
7366,648,2025-12-06 12:33:28,Web,Solicitar información,Soporte,5,False,Finalizada,True,5
7367,609,2025-04-06 19:13:38,Web,Solicitar información,Ventas,6,False,Finalizada,False,4
7368,557,2025-09-09 08:56:34,Facebook,Solicitar información,Postventa,5,False,Abandonada,False,2
7369,1870,2025-09-23 20:23:15,WhatsApp,Consultar precios,Soporte,5,False,Finalizada,False,5
7370,871,2025-10-31 03:55:55,Instagram,Reclamo,Soporte,15,True,Finalizada,False,1
7371,406,2025-07-31 17:14:59,WhatsApp,Soporte técnico,Ventas,18,True,Finalizada,True,2
7372,1963,2025-01-15 19:35:49,WhatsApp,Consultar precios,Postventa,4,False,Finalizada,True,5
7373,1279,2025-02-07 19:46:41,Instagram,Consultar precios,Soporte,5,False,Finalizada,True,5
7374,1068,2025-10-17 12:45:50,Web,Agendar servicio,Soporte,8,False,Abandonada,False,2
7375,1233,2025-09-17 12:44:25,WhatsApp,Consultar precios,Atención al Cliente,5,False,Finalizada,True,5
7376,275,2025-10-03 11:43:26,WhatsApp,Agendar servicio,Atención al Cliente,7,False,Finalizada,False,3
7377,1494,2025-05-19 13:41:45,Web,Reclamo,Atención al Cliente,13,False,Finalizada,True,4
7378,1401,2025-10-22 20:26:03,WhatsApp,Agendar servicio,Atención Comercial,5,False,Finalizada,True,4
7379,221,2025-11-24 19:09:10,Web,Reclamo,Postventa,13,False,Finalizada,False,4
7380,1552,2025-12-27 12:12:09,Web,Consultar precios,Atención Comercial,5,False,Finalizada,True,5
7381,1972,2025-12-06 09:16:29,Web,Seguimiento,Soporte,5,False,Finalizada,True,5
7382,1997,2025-01-08 13:00:50,Web,Consultar precios,Atención Comercial,4,False,Finalizada,False,4
7383,929,2025-01-21 19:35:33,Instagram,Cancelar servicio,Atención Comercial,2,False,Abandonada,False,1
7384,1551,2025-05-14 18:38:32,Facebook,Agendar servicio,Atención Comercial,7,False,Finalizada,True,4
7385,354,2025-05-04 18:52:36,WhatsApp,Consultar precios,Atención al Cliente,3,False,Finalizada,False,3
7386,1048,2025-05-12 08:07:26,Web,Seguimiento,Soporte,5,False,Finalizada,False,4
7387,1097,2025-01-28 18:04:46,Telegram,Solicitar información,Atención Comercial,6,False,Abandonada,False,1
7388,875,2025-03-31 15:00:42,Web,Cancelar servicio,Ventas,3,False,Finalizada,True,5
7389,780,2025-07-14 19:56:19,WhatsApp,Soporte técnico,Postventa,16,False,Finalizada,True,5
7390,1,2025-11-28 20:51:09,WhatsApp,Solicitar información,Soporte,5,False,Abandonada,False,1
7391,1724,2025-02-15 19:24:53,Web,Reclamo,Atención Comercial,8,False,Finalizada,False,3
7392,360,2025-05-03 20:57:47,WhatsApp,Seguimiento,Ventas,5,False,Finalizada,True,5
7393,1456,2025-06-16 13:44:53,WhatsApp,Agendar servicio,Atención Comercial,6,False,Finalizada,False,3
7394,1382,2025-03-28 19:53:59,WhatsApp,Seguimiento,Atención Comercial,7,False,Abandonada,False,1
7395,1477,2025-09-07 13:02:53,WhatsApp,Consultar precios,Atención al Cliente,5,False,Finalizada,True,5
7396,1256,2025-08-12 19:48:43,WhatsApp,Soporte técnico,Ventas,12,False,Finalizada,False,4
7397,929,2025-04-11 18:10:39,WhatsApp,Cancelar servicio,Soporte,2,False,Finalizada,True,5
7398,1673,2025-05-28 09:55:06,Facebook,Cancelar servicio,Atención al Cliente,2,True,Finalizada,False,3
7399,422,2025-01-23 12:11:02,WhatsApp,Reclamo,Postventa,11,True,Abandonada,False,2
7400,1542,2025-07-26 20:35:07,WhatsApp,Soporte técnico,Postventa,13,True,Finalizada,False,2
7401,273,2025-11-05 17:33:05,WhatsApp,Cancelar servicio,Atención Comercial,3,False,Finalizada,True,4
7402,1878,2025-05-18 18:40:24,WhatsApp,Consultar precios,Atención al Cliente,5,False,Finalizada,False,3
7403,1435,2025-07-23 20:02:35,Instagram,Solicitar información,Atención Comercial,4,False,Abandonada,False,1
7404,1663,2025-05-27 17:02:27,Facebook,Reclamo,Soporte,11,False,Abandonada,False,2
7405,770,2025-07-18 12:48:56,Facebook,Agendar servicio,Atención Comercial,7,True,Finalizada,False,2
7406,1539,2025-04-21 18:34:01,Instagram,Seguimiento,Postventa,5,False,Finalizada,False,4
7407,397,2025-07-02 19:28:09,Telegram,Reclamo,Ventas,9,True,Finalizada,False,1
7408,1641,2025-02-10 19:12:26,WhatsApp,Solicitar información,Ventas,6,False,Finalizada,True,5
7409,1681,2025-12-25 13:04:54,Telegram,Cancelar servicio,Atención Comercial,4,False,Finalizada,True,4
7410,357,2025-01-02 20:14:26,WhatsApp,Consultar precios,Atención Comercial,3,False,Abandonada,False,1
7411,85,2025-05-18 19:28:12,Instagram,Seguimiento,Atención Comercial,6,False,Finalizada,False,3
7412,907,2025-03-30 12:13:28,Facebook,Cancelar servicio,Soporte,2,False,Finalizada,False,5
7413,714,2025-09-13 19:50:03,Web,Solicitar información,Ventas,5,False,Abandonada,False,1
7414,1508,2025-11-10 18:31:59,Instagram,Consultar precios,Soporte,4,False,Finalizada,False,4
7415,1654,2025-10-18 13:59:59,WhatsApp,Solicitar información,Postventa,6,False,Abandonada,False,2
7416,1891,2025-05-03 08:34:18,WhatsApp,Agendar servicio,Ventas,8,False,Finalizada,False,4
7417,666,2025-10-10 04:51:59,Instagram,Solicitar información,Atención al Cliente,4,False,Finalizada,False,3
7418,515,2025-04-14 12:14:15,Instagram,Consultar precios,Atención al Cliente,5,False,Abandonada,False,1
7419,199,2025-02-12 02:37:31,WhatsApp,Consultar precios,Atención al Cliente,3,False,Finalizada,True,5
7420,1729,2025-01-06 12:02:58,Web,Agendar servicio,Atención Comercial,7,False,Finalizada,True,5
7421,1848,2025-05-10 08:10:27,WhatsApp,Consultar precios,Soporte,5,False,Finalizada,False,3
7422,820,2025-03-19 10:29:32,Web,Seguimiento,Atención al Cliente,5,False,Finalizada,True,5
7423,1924,2025-11-05 12:08:41,Web,Reclamo,Postventa,14,False,Finalizada,True,4
7424,413,2025-08-10 11:19:38,Instagram,Seguimiento,Atención al Cliente,4,False,Finalizada,False,4
7425,1310,2025-06-24 19:07:49,Facebook,Solicitar información,Atención al Cliente,4,False,Abandonada,False,2
7426,1019,2025-12-25 18:20:59,Instagram,Solicitar información,Soporte,4,False,Abandonada,False,1
7427,225,2025-03-31 02:12:23,WhatsApp,Soporte técnico,Atención al Cliente,12,True,Finalizada,False,2
7428,344,2025-10-19 19:05:08,WhatsApp,Agendar servicio,Atención al Cliente,8,False,Finalizada,True,5
7429,1250,2025-03-05 13:38:53,WhatsApp,Seguimiento,Atención al Cliente,6,False,Finalizada,True,5
7430,727,2025-04-16 19:32:44,Web,Seguimiento,Atención Comercial,7,False,Finalizada,True,4
7431,594,2025-11-26 20:47:07,WhatsApp,Reclamo,Ventas,11,False,Finalizada,False,3
7432,731,2025-06-14 18:02:40,Facebook,Seguimiento,Ventas,7,False,Finalizada,True,5
7433,94,2025-05-25 13:53:21,WhatsApp,Solicitar información,Ventas,4,True,Finalizada,True,1
7434,9,2025-08-05 13:37:46,Instagram,Agendar servicio,Soporte,8,False,Finalizada,True,5
7435,1336,2025-09-14 13:15:32,WhatsApp,Solicitar información,Soporte,4,False,Finalizada,True,5
7436,1733,2025-01-31 13:57:50,Web,Agendar servicio,Atención al Cliente,8,False,Abandonada,False,1
7437,380,2025-03-04 18:27:52,WhatsApp,Agendar servicio,Atención Comercial,5,True,Finalizada,False,1
7438,728,2025-05-04 10:01:47,Web,Agendar servicio,Atención Comercial,8,False,Finalizada,False,4
7439,1062,2025-07-27 05:44:16,Instagram,Agendar servicio,Ventas,7,False,Finalizada,False,4
7440,687,2025-07-30 17:21:53,Instagram,Soporte técnico,Atención al Cliente,16,False,Finalizada,False,3
7441,1880,2025-10-14 03:27:57,WhatsApp,Agendar servicio,Atención al Cliente,5,False,Finalizada,True,4
7442,1143,2025-11-28 13:21:42,WhatsApp,Consultar precios,Ventas,3,False,Finalizada,True,4
7443,1675,2025-04-16 04:57:45,WhatsApp,Cancelar servicio,Atención al Cliente,3,False,Finalizada,False,5
7444,1799,2025-09-08 19:25:38,WhatsApp,Consultar precios,Atención Comercial,4,False,Abandonada,False,2
7445,168,2025-07-25 18:43:35,Web,Consultar precios,Ventas,5,False,Finalizada,False,5
7446,950,2025-03-12 12:01:54,WhatsApp,Seguimiento,Soporte,7,True,Finalizada,False,1
7447,1354,2025-06-09 19:17:28,WhatsApp,Soporte técnico,Ventas,10,False,Finalizada,False,4
7448,1894,2025-05-22 12:01:02,Instagram,Consultar precios,Soporte,5,False,Finalizada,False,4
7449,1010,2025-10-22 10:24:08,WhatsApp,Reclamo,Ventas,9,False,Finalizada,False,5
7450,1296,2025-12-21 02:23:02,Web,Solicitar información,Postventa,5,False,Finalizada,False,5
7451,1985,2025-09-21 20:31:06,WhatsApp,Seguimiento,Soporte,4,False,Finalizada,True,4
7452,1524,2025-06-23 02:47:19,WhatsApp,Cancelar servicio,Ventas,3,False,Abandonada,False,1
7453,530,2025-11-05 18:18:55,Facebook,Consultar precios,Atención Comercial,5,False,Finalizada,False,4
7454,1187,2025-09-17 12:07:55,Facebook,Reclamo,Postventa,10,False,Finalizada,True,5
7455,49,2025-05-22 20:32:59,WhatsApp,Reclamo,Atención al Cliente,10,True,Finalizada,True,2
7456,1467,2025-07-11 13:01:36,Telegram,Seguimiento,Atención Comercial,4,False,Finalizada,False,3
7457,1343,2025-07-19 12:10:12,WhatsApp,Cancelar servicio,Soporte,2,False,Finalizada,False,5
7458,725,2025-03-08 19:20:11,WhatsApp,Cancelar servicio,Ventas,2,False,Finalizada,False,3
7459,2000,2025-03-21 20:04:16,Web,Reclamo,Soporte,15,False,Abandonada,False,2
7460,791,2025-06-24 12:03:35,Web,Solicitar información,Soporte,5,False,Finalizada,True,4
7461,1260,2025-08-15 18:01:38,Facebook,Reclamo,Ventas,15,True,Finalizada,True,3
7462,1253,2025-05-08 20:56:39,Instagram,Seguimiento,Soporte,7,False,Finalizada,True,5
7463,395,2025-09-08 13:27:19,Instagram,Reclamo,Postventa,12,False,Finalizada,False,4
7464,586,2025-07-25 18:25:06,Web,Cancelar servicio,Postventa,3,False,Finalizada,False,4
7465,1021,2025-07-24 03:42:07,Web,Solicitar información,Atención al Cliente,4,False,Abandonada,False,2
7466,299,2025-12-05 18:26:04,Web,Solicitar información,Atención al Cliente,4,False,Abandonada,False,2
7467,1711,2025-01-19 13:21:24,WhatsApp,Seguimiento,Soporte,6,False,Finalizada,True,4
7468,1315,2025-09-23 19:40:08,WhatsApp,Cancelar servicio,Atención Comercial,2,False,Finalizada,False,5
7469,1138,2025-11-07 10:04:05,Facebook,Soporte técnico,Soporte,12,False,Finalizada,True,5
7470,1627,2025-01-02 03:47:08,Instagram,Soporte técnico,Soporte,12,False,Finalizada,False,3
7471,1557,2025-08-14 18:55:27,Web,Solicitar información,Atención Comercial,4,True,Finalizada,True,2
7472,1375,2025-12-17 18:26:56,Web,Reclamo,Ventas,12,True,Finalizada,False,2
7473,1134,2025-10-23 12:35:24,Facebook,Consultar precios,Postventa,5,False,Finalizada,True,5
7474,2000,2025-05-20 17:36:26,Facebook,Solicitar información,Soporte,4,False,Finalizada,False,4
7475,1779,2025-09-06 18:53:07,Telegram,Cancelar servicio,Postventa,2,False,Finalizada,False,3
7476,1427,2025-01-29 18:28:15,WhatsApp,Cancelar servicio,Ventas,4,False,Finalizada,False,4
7477,1315,2025-09-01 09:02:24,WhatsApp,Agendar servicio,Postventa,6,False,Abandonada,False,1
7478,413,2025-10-06 17:55:37,WhatsApp,Reclamo,Soporte,13,False,Finalizada,False,3
7479,342,2025-09-03 20:35:01,Web,Soporte técnico,Atención al Cliente,12,True,Finalizada,True,1
7480,1939,2025-07-14 18:22:02,WhatsApp,Cancelar servicio,Postventa,2,True,Finalizada,False,3
7481,1175,2025-02-06 08:25:34,Web,Agendar servicio,Atención al Cliente,5,False,Abandonada,False,1
7482,1930,2025-10-03 19:07:40,Web,Solicitar información,Postventa,4,False,Finalizada,True,5
7483,1694,2025-02-18 13:25:25,WhatsApp,Cancelar servicio,Soporte,2,False,Abandonada,False,1
7484,740,2025-02-21 08:32:27,Facebook,Solicitar información,Ventas,6,False,Finalizada,False,3
7485,211,2025-11-01 13:42:53,Web,Seguimiento,Atención al Cliente,6,True,Finalizada,True,1
7486,872,2025-11-07 19:38:49,Facebook,Cancelar servicio,Atención Comercial,4,False,Finalizada,True,5
7487,1213,2025-12-16 13:12:11,WhatsApp,Agendar servicio,Atención al Cliente,5,False,Finalizada,False,3
7488,798,2025-01-07 20:45:02,Web,Solicitar información,Soporte,5,False,Finalizada,False,5
7489,804,2025-08-31 12:35:24,WhatsApp,Agendar servicio,Atención Comercial,7,False,Finalizada,True,5
7490,121,2025-12-20 16:29:59,WhatsApp,Cancelar servicio,Ventas,4,False,Abandonada,False,1
7491,139,2025-06-23 12:28:36,WhatsApp,Soporte técnico,Atención al Cliente,17,False,Finalizada,False,5
7492,454,2025-04-11 20:47:53,Web,Cancelar servicio,Atención al Cliente,4,False,Finalizada,False,3
7493,192,2025-03-05 16:04:58,WhatsApp,Cancelar servicio,Atención Comercial,4,False,Finalizada,False,4
7494,1792,2025-05-03 19:01:32,WhatsApp,Seguimiento,Atención al Cliente,7,True,Finalizada,False,3
7495,606,2025-09-05 19:06:29,WhatsApp,Consultar precios,Soporte,4,False,Finalizada,False,3
7496,724,2025-10-08 12:36:52,Web,Reclamo,Soporte,10,False,Finalizada,False,3
7497,11,2025-06-17 18:55:53,Web,Soporte técnico,Soporte,17,False,Finalizada,False,3
7498,705,2025-09-22 15:46:43,WhatsApp,Consultar precios,Soporte,3,False,Abandonada,False,2
7499,1703,2025-06-24 20:08:32,Web,Cancelar servicio,Soporte,2,False,Finalizada,False,4
7500,698,2025-04-26 20:38:54,WhatsApp,Consultar precios,Atención al Cliente,4,False,Abandonada,False,1
7501,1531,2025-05-20 12:10:20,Telegram,Solicitar información,Postventa,5,False,Abandonada,False,2
7502,305,2025-01-09 18:06:21,Instagram,Reclamo,Atención Comercial,11,False,Abandonada,False,1
7503,1371,2025-06-11 19:07:56,WhatsApp,Cancelar servicio,Atención Comercial,4,False,Finalizada,True,5
7504,665,2025-03-27 19:42:46,Instagram,Consultar precios,Atención Comercial,5,False,Abandonada,False,1
7505,1754,2025-11-15 04:27:03,Facebook,Consultar precios,Soporte,5,False,Finalizada,False,5
7506,1063,2025-11-20 12:48:59,WhatsApp,Solicitar información,Postventa,6,False,Finalizada,False,5
7507,1839,2025-04-06 19:51:10,Facebook,Solicitar información,Ventas,6,False,Finalizada,False,3
7508,1922,2025-01-08 12:03:20,WhatsApp,Soporte técnico,Ventas,12,False,Finalizada,False,5
7509,1362,2025-06-13 12:20:51,WhatsApp,Soporte técnico,Soporte,16,True,Finalizada,False,1
7510,1708,2025-06-09 12:25:00,Facebook,Seguimiento,Ventas,6,False,Finalizada,False,3
7511,1773,2025-07-03 18:28:05,Instagram,Consultar precios,Atención Comercial,5,False,Finalizada,False,3
7512,665,2025-07-21 18:34:24,WhatsApp,Consultar precios,Atención al Cliente,3,False,Finalizada,True,5
7513,1919,2025-05-09 04:05:58,WhatsApp,Solicitar información,Atención Comercial,4,False,Finalizada,True,5
7514,350,2025-08-17 09:01:36,WhatsApp,Seguimiento,Atención al Cliente,4,False,Finalizada,True,4
7515,500,2025-03-18 19:34:02,Web,Reclamo,Ventas,12,False,Abandonada,False,1
7516,1756,2025-07-18 12:32:34,Web,Seguimiento,Ventas,4,False,Finalizada,False,3
7517,1092,2025-07-21 13:27:53,WhatsApp,Consultar precios,Atención Comercial,4,False,Finalizada,True,5
7518,867,2025-12-30 13:34:49,Facebook,Agendar servicio,Atención Comercial,7,False,Finalizada,True,5
7519,1468,2025-07-19 13:44:58,WhatsApp,Consultar precios,Ventas,5,False,Finalizada,True,5
7520,110,2025-04-23 20:41:59,Web,Cancelar servicio,Atención al Cliente,4,False,Finalizada,False,3
7521,1004,2025-07-07 04:49:12,Instagram,Agendar servicio,Atención Comercial,6,False,Abandonada,False,1
7522,820,2025-11-03 20:58:06,WhatsApp,Seguimiento,Ventas,5,False,Finalizada,False,3
7523,762,2025-08-24 12:07:00,WhatsApp,Solicitar información,Postventa,6,False,Finalizada,False,5
7524,1298,2025-01-22 13:24:16,Web,Consultar precios,Atención al Cliente,5,False,Finalizada,False,3
7525,849,2025-04-16 20:20:32,Instagram,Cancelar servicio,Atención al Cliente,3,False,Finalizada,True,4
7526,984,2025-01-07 18:21:41,Facebook,Seguimiento,Ventas,6,False,Finalizada,True,5
7527,372,2025-09-03 12:55:48,Web,Agendar servicio,Postventa,6,False,Finalizada,True,5
7528,986,2025-09-24 13:02:58,Facebook,Seguimiento,Ventas,6,False,Finalizada,False,3
7529,934,2025-09-10 05:10:48,Web,Soporte técnico,Soporte,15,False,Abandonada,False,1
7530,125,2025-02-04 09:37:12,Facebook,Seguimiento,Ventas,7,False,Finalizada,True,4
7531,1764,2025-05-01 19:48:53,Instagram,Seguimiento,Ventas,5,False,Finalizada,False,4
7532,1350,2025-10-07 12:00:15,WhatsApp,Agendar servicio,Postventa,6,False,Finalizada,True,5
7533,729,2025-01-14 18:47:20,WhatsApp,Consultar precios,Soporte,5,False,Finalizada,True,4
7534,1096,2025-04-05 13:58:06,WhatsApp,Reclamo,Postventa,12,True,Finalizada,True,2
7535,120,2025-10-18 20:34:26,WhatsApp,Agendar servicio,Atención Comercial,7,False,Finalizada,False,4
7536,929,2025-09-11 13:31:27,WhatsApp,Cancelar servicio,Soporte,4,False,Finalizada,False,3
7537,1099,2025-12-27 13:10:15,WhatsApp,Solicitar información,Ventas,5,False,Finalizada,False,3
7538,124,2025-11-24 20:10:47,Web,Seguimiento,Atención al Cliente,5,False,Finalizada,True,5
7539,1565,2025-06-13 18:04:30,Instagram,Consultar precios,Postventa,4,False,Finalizada,False,4
7540,793,2025-04-01 18:39:20,WhatsApp,Seguimiento,Atención Comercial,6,False,Finalizada,True,5
7541,1267,2025-11-18 04:55:00,Instagram,Agendar servicio,Soporte,8,True,Abandonada,False,2
7542,605,2025-05-25 19:23:03,WhatsApp,Soporte técnico,Ventas,18,False,Abandonada,False,1
7543,1899,2025-07-19 20:02:24,WhatsApp,Consultar precios,Postventa,4,False,Finalizada,True,4
7544,1175,2025-07-02 16:54:55,Instagram,Agendar servicio,Postventa,8,False,Finalizada,True,5
7545,1980,2025-08-20 20:43:54,WhatsApp,Seguimiento,Atención al Cliente,4,False,Finalizada,True,5
7546,1920,2025-01-11 18:39:17,Instagram,Agendar servicio,Atención Comercial,8,False,Finalizada,True,5
7547,1886,2025-12-04 11:24:21,Web,Consultar precios,Atención Comercial,5,False,Finalizada,True,5
7548,1930,2025-10-17 19:52:22,WhatsApp,Consultar precios,Postventa,3,False,Finalizada,True,4
7549,1118,2025-06-18 12:42:57,Web,Consultar precios,Ventas,4,False,Finalizada,False,3
7550,832,2025-12-10 03:00:57,Web,Agendar servicio,Postventa,5,False,Finalizada,False,4
7551,1225,2025-06-11 13:10:09,Facebook,Seguimiento,Soporte,7,False,Finalizada,False,3
7552,1398,2025-12-04 03:11:13,Instagram,Seguimiento,Atención al Cliente,6,False,Finalizada,False,4
7553,1930,2025-11-26 12:17:28,WhatsApp,Consultar precios,Atención Comercial,3,False,Finalizada,True,4
7554,747,2025-06-22 08:21:56,Facebook,Solicitar información,Atención Comercial,5,False,Finalizada,False,3
7555,131,2025-03-30 19:17:43,Web,Consultar precios,Ventas,3,False,Finalizada,False,3
7556,552,2025-03-03 19:02:29,WhatsApp,Solicitar información,Atención al Cliente,5,False,Finalizada,True,5
7557,1896,2025-12-28 11:45:17,WhatsApp,Agendar servicio,Atención al Cliente,7,False,Finalizada,False,3
7558,569,2025-03-27 13:23:17,Web,Cancelar servicio,Ventas,3,False,Finalizada,True,5
7559,1381,2025-01-21 13:38:14,Web,Cancelar servicio,Atención al Cliente,4,False,Finalizada,True,5
7560,898,2025-12-05 08:48:46,WhatsApp,Solicitar información,Postventa,6,False,Abandonada,False,1
7561,567,2025-04-22 18:15:23,WhatsApp,Seguimiento,Atención al Cliente,6,False,Abandonada,False,2
7562,519,2025-08-13 18:30:03,WhatsApp,Cancelar servicio,Ventas,4,False,Finalizada,False,5
7563,1735,2025-08-11 18:30:32,Web,Seguimiento,Postventa,4,False,Finalizada,False,4
7564,1322,2025-06-17 10:10:25,WhatsApp,Solicitar información,Soporte,5,False,Finalizada,True,5
7565,1034,2025-09-09 19:39:35,WhatsApp,Reclamo,Atención Comercial,15,False,Finalizada,False,4
7566,1977,2025-03-25 20:14:59,WhatsApp,Reclamo,Atención al Cliente,12,False,Finalizada,True,4
7567,588,2025-11-08 15:52:35,Web,Seguimiento,Soporte,6,False,Finalizada,True,5
7568,1175,2025-08-17 15:42:22,Facebook,Consultar precios,Postventa,3,False,Abandonada,False,2
7569,1574,2025-11-10 05:49:23,WhatsApp,Agendar servicio,Atención al Cliente,8,False,Finalizada,True,5
7570,1953,2025-03-01 05:39:30,Instagram,Cancelar servicio,Ventas,2,False,Finalizada,True,5
7571,1843,2025-12-13 01:51:18,Web,Solicitar información,Ventas,5,False,Finalizada,True,4
7572,1403,2025-01-23 19:37:35,WhatsApp,Soporte técnico,Atención al Cliente,17,False,Abandonada,False,2
7573,659,2025-07-29 13:02:06,WhatsApp,Soporte técnico,Atención Comercial,13,False,Finalizada,True,5
7574,568,2025-03-06 20:20:53,WhatsApp,Solicitar información,Atención al Cliente,4,False,Finalizada,False,3
7575,659,2025-09-26 15:47:36,WhatsApp,Seguimiento,Atención Comercial,5,False,Finalizada,False,4
7576,1166,2025-04-22 03:45:29,WhatsApp,Reclamo,Atención al Cliente,10,False,Finalizada,False,3
7577,1249,2025-11-26 13:30:11,Facebook,Solicitar información,Ventas,4,False,Finalizada,False,5
7578,681,2025-05-12 19:36:19,Facebook,Cancelar servicio,Postventa,2,False,Finalizada,False,5
7579,1210,2025-01-02 13:20:34,Instagram,Agendar servicio,Postventa,7,False,Finalizada,False,4
7580,862,2025-10-14 11:00:58,Telegram,Consultar precios,Atención Comercial,5,False,Finalizada,False,3
7581,365,2025-02-01 01:16:11,WhatsApp,Solicitar información,Atención al Cliente,5,False,Finalizada,False,4
7582,876,2025-02-04 19:08:41,Web,Soporte técnico,Ventas,13,False,Finalizada,True,5
7583,686,2025-12-24 15:39:54,Web,Seguimiento,Atención Comercial,4,False,Finalizada,True,5
7584,810,2025-03-10 12:08:23,WhatsApp,Soporte técnico,Atención al Cliente,18,False,Finalizada,False,3
7585,452,2025-07-02 19:29:27,WhatsApp,Soporte técnico,Atención al Cliente,13,True,Abandonada,False,2
7586,505,2025-09-16 13:01:10,WhatsApp,Consultar precios,Ventas,3,True,Abandonada,False,1
7587,784,2025-10-06 19:19:28,Instagram,Seguimiento,Atención al Cliente,6,False,Finalizada,True,4
7588,407,2025-07-04 19:55:29,WhatsApp,Solicitar información,Postventa,5,False,Finalizada,False,5
7589,1078,2025-11-11 13:38:52,Web,Seguimiento,Atención Comercial,4,True,Finalizada,False,2
7590,1810,2025-09-16 19:01:27,WhatsApp,Consultar precios,Atención al Cliente,3,False,Finalizada,True,5
7591,1147,2025-08-25 11:57:09,Web,Reclamo,Soporte,8,True,Finalizada,False,2
7592,1839,2025-07-11 19:25:21,WhatsApp,Agendar servicio,Ventas,5,False,Finalizada,False,3
7593,740,2025-02-02 17:11:05,WhatsApp,Soporte técnico,Postventa,15,False,Finalizada,False,5
7594,587,2025-04-28 18:39:55,WhatsApp,Soporte técnico,Soporte,18,False,Finalizada,False,4
7595,1528,2025-09-02 19:44:01,Web,Cancelar servicio,Ventas,4,False,Abandonada,False,1
7596,1996,2025-09-01 13:24:49,Facebook,Consultar precios,Soporte,4,False,Finalizada,False,4
7597,1811,2025-09-14 18:25:14,WhatsApp,Cancelar servicio,Ventas,4,False,Finalizada,True,5
7598,1045,2025-08-22 18:45:28,Facebook,Seguimiento,Soporte,7,False,Abandonada,False,2
7599,647,2025-11-08 20:42:21,Facebook,Solicitar información,Atención al Cliente,6,False,Finalizada,False,3
7600,460,2025-07-24 19:08:04,Web,Agendar servicio,Postventa,5,False,Finalizada,False,5
7601,1615,2025-11-10 18:00:26,Facebook,Reclamo,Soporte,15,False,Finalizada,True,5
7602,1797,2025-04-25 20:04:48,Facebook,Cancelar servicio,Postventa,2,False,Abandonada,False,1
7603,1350,2025-02-20 19:13:24,WhatsApp,Soporte técnico,Atención al Cliente,15,False,Finalizada,True,5
7604,932,2025-03-04 09:47:53,WhatsApp,Soporte técnico,Atención al Cliente,14,True,Finalizada,False,1
7605,1038,2025-09-27 09:30:48,Web,Cancelar servicio,Soporte,3,False,Finalizada,False,3
7606,1085,2025-12-20 12:23:50,Facebook,Soporte técnico,Soporte,11,False,Finalizada,True,5
7607,786,2025-02-04 15:07:10,Facebook,Consultar precios,Ventas,3,False,Finalizada,False,4
7608,1505,2025-01-15 13:07:03,Web,Seguimiento,Atención Comercial,7,False,Finalizada,True,4
7609,766,2025-07-21 13:57:20,Web,Reclamo,Ventas,15,False,Finalizada,False,3
7610,1394,2025-07-22 13:46:57,Instagram,Agendar servicio,Postventa,7,False,Abandonada,False,1
7611,1224,2025-01-21 19:40:05,Instagram,Solicitar información,Soporte,5,False,Finalizada,True,4
7612,842,2025-04-12 18:50:06,WhatsApp,Agendar servicio,Soporte,5,False,Finalizada,True,4
7613,582,2025-03-12 19:18:52,Facebook,Seguimiento,Postventa,6,False,Finalizada,True,5
7614,853,2025-06-03 12:04:37,Facebook,Soporte técnico,Ventas,16,True,Finalizada,True,2
7615,150,2025-05-11 19:51:16,WhatsApp,Soporte técnico,Postventa,17,False,Finalizada,True,4
7616,1361,2025-12-20 18:33:21,Web,Solicitar información,Postventa,5,False,Finalizada,False,4
7617,988,2025-11-14 00:51:18,WhatsApp,Agendar servicio,Atención Comercial,8,False,Finalizada,True,5
7618,1923,2025-08-19 12:09:22,WhatsApp,Solicitar información,Atención Comercial,6,False,Finalizada,True,5
7619,849,2025-02-17 13:04:03,Telegram,Reclamo,Soporte,12,True,Finalizada,True,2
7620,1,2025-08-21 19:43:02,WhatsApp,Soporte técnico,Atención Comercial,15,True,Finalizada,False,2
7621,800,2025-02-06 19:39:57,Web,Soporte técnico,Postventa,16,False,Finalizada,True,5
7622,1009,2025-10-25 19:57:56,Web,Solicitar información,Atención al Cliente,6,False,Abandonada,False,1
7623,917,2025-06-27 01:33:01,Facebook,Agendar servicio,Postventa,6,False,Finalizada,True,4
7624,342,2025-03-02 19:57:38,Web,Reclamo,Ventas,13,False,Finalizada,False,4
7625,320,2025-03-29 20:28:02,WhatsApp,Reclamo,Atención al Cliente,9,True,Finalizada,False,1
7626,1498,2025-07-31 13:42:13,Web,Solicitar información,Postventa,5,False,Finalizada,True,5
7627,372,2025-10-19 12:45:13,WhatsApp,Solicitar información,Postventa,4,False,Finalizada,True,5
7628,1077,2025-12-05 20:28:35,WhatsApp,Agendar servicio,Atención al Cliente,5,False,Finalizada,False,5
7629,456,2025-10-29 03:53:39,WhatsApp,Reclamo,Postventa,9,False,Abandonada,False,1
7630,421,2025-05-21 19:53:47,WhatsApp,Seguimiento,Ventas,5,True,Finalizada,False,2
7631,767,2025-05-15 19:44:44,Telegram,Agendar servicio,Soporte,6,False,Finalizada,True,5
7632,545,2025-10-11 03:20:28,Web,Cancelar servicio,Atención al Cliente,4,False,Finalizada,False,4
7633,1691,2025-08-13 16:31:45,Instagram,Cancelar servicio,Atención Comercial,4,False,Finalizada,False,4
7634,263,2025-04-30 20:43:56,WhatsApp,Agendar servicio,Atención Comercial,8,False,Finalizada,True,5
7635,750,2025-04-29 18:55:19,Facebook,Agendar servicio,Atención al Cliente,7,False,Finalizada,False,5
7636,1434,2025-08-13 18:55:08,Web,Consultar precios,Postventa,5,False,Finalizada,False,3
7637,943,2025-07-28 19:56:06,WhatsApp,Soporte técnico,Atención Comercial,18,True,Abandonada,False,1
7638,1552,2025-01-14 01:26:50,Facebook,Reclamo,Atención Comercial,13,True,Finalizada,True,1
7639,1219,2025-09-12 13:30:47,Facebook,Consultar precios,Postventa,5,False,Finalizada,False,3
7640,1329,2025-01-31 19:45:42,Facebook,Seguimiento,Soporte,6,False,Abandonada,False,2
7641,1844,2025-08-29 19:11:24,Web,Solicitar información,Soporte,6,False,Finalizada,True,5
7642,1468,2025-06-23 20:27:20,WhatsApp,Reclamo,Atención Comercial,15,False,Abandonada,False,1
7643,808,2025-01-05 13:33:07,Facebook,Solicitar información,Atención al Cliente,6,False,Finalizada,False,4
7644,855,2025-07-22 12:21:29,Web,Seguimiento,Postventa,4,False,Finalizada,False,4
7645,214,2025-10-20 18:40:10,Facebook,Reclamo,Soporte,15,False,Finalizada,False,4
7646,1908,2025-07-14 12:23:38,Web,Agendar servicio,Atención Comercial,8,False,Finalizada,True,5
7647,1290,2025-03-17 17:11:46,WhatsApp,Solicitar información,Atención al Cliente,6,False,Finalizada,False,5
7648,1408,2025-04-25 19:18:29,Facebook,Agendar servicio,Postventa,6,False,Abandonada,False,1
7649,1818,2025-06-23 12:04:28,WhatsApp,Agendar servicio,Soporte,7,False,Finalizada,True,5
7650,820,2025-06-29 13:47:08,Web,Soporte técnico,Soporte,10,True,Abandonada,False,2
7651,63,2025-05-06 13:59:31,Facebook,Consultar precios,Soporte,4,False,Finalizada,True,5
7652,555,2025-10-11 13:40:07,Web,Solicitar información,Postventa,4,False,Finalizada,False,5
7653,668,2025-11-15 20:46:26,Facebook,Soporte técnico,Soporte,18,False,Finalizada,False,5
7654,528,2025-09-04 09:27:51,WhatsApp,Agendar servicio,Atención Comercial,8,False,Finalizada,False,5
7655,1828,2025-08-26 08:30:13,Web,Seguimiento,Ventas,4,False,Finalizada,True,5
7656,1730,2025-04-03 12:27:18,WhatsApp,Cancelar servicio,Postventa,3,False,Finalizada,False,5
7657,339,2025-11-19 05:19:57,Instagram,Solicitar información,Atención al Cliente,4,False,Abandonada,False,2
7658,1624,2025-04-07 20:10:31,Telegram,Soporte técnico,Soporte,15,False,Finalizada,False,5
7659,1994,2025-08-26 18:06:03,Web,Consultar precios,Ventas,5,False,Finalizada,True,5
7660,684,2025-06-05 12:00:19,Facebook,Seguimiento,Atención al Cliente,6,False,Abandonada,False,2
7661,376,2025-08-09 12:47:53,Facebook,Reclamo,Atención Comercial,9,False,Finalizada,False,4
7662,542,2025-05-22 20:10:36,Web,Solicitar información,Atención al Cliente,5,False,Finalizada,True,5
7663,1617,2025-09-07 12:00:34,Facebook,Soporte técnico,Atención al Cliente,16,False,Finalizada,True,5
7664,445,2025-05-18 19:02:40,WhatsApp,Solicitar información,Atención al Cliente,5,False,Finalizada,False,5
7665,175,2025-10-21 19:48:10,Facebook,Soporte técnico,Ventas,10,False,Finalizada,False,3
7666,1258,2025-05-05 18:49:36,Web,Seguimiento,Postventa,7,False,Finalizada,False,3
7667,1955,2025-06-26 13:41:18,Facebook,Agendar servicio,Atención al Cliente,7,False,Finalizada,True,4
7668,326,2025-06-26 05:48:25,Web,Reclamo,Ventas,13,False,Finalizada,False,3
7669,1872,2025-07-07 18:48:37,Facebook,Reclamo,Soporte,14,False,Abandonada,False,1
7670,1933,2025-05-22 15:51:32,Facebook,Agendar servicio,Postventa,7,False,Abandonada,False,1
7671,1854,2025-04-19 15:43:33,Web,Seguimiento,Atención Comercial,4,False,Finalizada,False,3
7672,1370,2025-01-22 11:20:25,Facebook,Reclamo,Atención Comercial,11,False,Finalizada,True,5
7673,833,2025-08-18 12:23:37,WhatsApp,Solicitar información,Ventas,5,False,Abandonada,False,2
7674,1908,2025-07-07 20:27:01,Web,Reclamo,Soporte,10,False,Finalizada,True,4
7675,251,2025-11-14 15:53:42,Web,Reclamo,Ventas,9,False,Finalizada,True,5
7676,1870,2025-12-05 19:09:50,Facebook,Consultar precios,Soporte,3,False,Finalizada,True,5
7677,1578,2025-03-03 11:39:26,Web,Consultar precios,Ventas,5,False,Finalizada,False,3
7678,1774,2025-06-07 15:19:42,Instagram,Seguimiento,Atención al Cliente,4,False,Finalizada,False,4
7679,1751,2025-10-09 13:37:27,Telegram,Soporte técnico,Postventa,11,True,Finalizada,True,2
7680,1838,2025-05-13 13:41:47,Web,Soporte técnico,Ventas,17,False,Finalizada,True,4
7681,1156,2025-10-07 18:51:20,WhatsApp,Consultar precios,Atención Comercial,3,False,Finalizada,True,4
7682,1156,2025-11-28 18:20:35,Facebook,Seguimiento,Atención Comercial,4,False,Finalizada,False,5
7683,629,2025-11-24 15:51:29,WhatsApp,Agendar servicio,Postventa,5,False,Finalizada,False,3
7684,1547,2025-12-08 02:06:39,WhatsApp,Cancelar servicio,Atención al Cliente,2,False,Finalizada,True,5
7685,1070,2025-08-31 01:34:16,Web,Consultar precios,Soporte,5,False,Abandonada,False,1
7686,989,2025-01-12 03:36:51,Web,Seguimiento,Atención Comercial,5,False,Finalizada,True,4
7687,1753,2025-10-31 18:28:10,Web,Cancelar servicio,Soporte,2,False,Abandonada,False,1
7688,1777,2025-02-27 12:35:19,Instagram,Consultar precios,Atención Comercial,4,False,Finalizada,False,3
7689,164,2025-05-03 13:50:32,Instagram,Solicitar información,Atención al Cliente,6,False,Finalizada,False,5
7690,1184,2025-02-10 18:06:57,Web,Cancelar servicio,Soporte,4,False,Finalizada,False,3
7691,1649,2025-08-13 02:07:05,Web,Solicitar información,Atención al Cliente,6,False,Finalizada,True,5
7692,996,2025-08-09 18:04:52,WhatsApp,Consultar precios,Postventa,3,False,Finalizada,True,5
7693,628,2025-12-09 12:09:00,WhatsApp,Agendar servicio,Atención al Cliente,5,False,Finalizada,True,5
7694,1224,2025-11-27 10:15:04,WhatsApp,Cancelar servicio,Atención al Cliente,4,False,Finalizada,False,3
7695,1507,2025-11-24 13:33:20,Facebook,Agendar servicio,Postventa,8,False,Abandonada,False,1
7696,1717,2025-08-27 18:07:34,Facebook,Cancelar servicio,Postventa,2,True,Finalizada,True,1
7697,1930,2025-11-09 19:38:32,Facebook,Consultar precios,Atención Comercial,3,False,Finalizada,False,4
7698,884,2025-03-10 18:08:16,WhatsApp,Solicitar información,Atención Comercial,4,False,Finalizada,False,3
7699,1956,2025-12-15 12:36:45,Facebook,Consultar precios,Postventa,3,False,Abandonada,False,1
7700,1939,2025-11-30 08:35:36,Facebook,Reclamo,Postventa,12,False,Abandonada,False,1
7701,998,2025-11-02 18:55:55,Facebook,Seguimiento,Postventa,5,False,Finalizada,True,5
7702,752,2025-10-13 19:46:50,WhatsApp,Solicitar información,Atención Comercial,4,False,Abandonada,False,1
7703,926,2025-07-14 10:37:30,WhatsApp,Seguimiento,Atención Comercial,5,False,Finalizada,False,5
7704,1607,2025-12-29 19:13:05,WhatsApp,Agendar servicio,Atención Comercial,7,False,Finalizada,False,5
7705,1190,2025-02-11 18:46:58,Web,Consultar precios,Atención al Cliente,5,False,Finalizada,False,5
7706,675,2025-11-22 20:53:58,WhatsApp,Consultar precios,Atención Comercial,4,False,Finalizada,True,5
7707,1010,2025-10-04 13:15:00,Web,Agendar servicio,Atención Comercial,8,False,Finalizada,True,5
7708,830,2025-07-23 20:22:58,Instagram,Seguimiento,Soporte,5,False,Finalizada,False,4
7709,223,2025-11-23 18:14:24,WhatsApp,Soporte técnico,Ventas,12,True,Finalizada,False,2
7710,1758,2025-02-13 18:04:03,WhatsApp,Consultar precios,Atención al Cliente,3,False,Finalizada,True,4
7711,1918,2025-04-12 18:36:51,WhatsApp,Reclamo,Postventa,14,False,Abandonada,False,1
7712,992,2025-04-03 10:08:47,WhatsApp,Consultar precios,Atención Comercial,4,False,Finalizada,False,3
7713,919,2025-09-23 12:44:35,WhatsApp,Reclamo,Soporte,8,True,Finalizada,False,2
7714,94,2025-02-24 08:43:50,WhatsApp,Cancelar servicio,Soporte,3,False,Abandonada,False,2
7715,43,2025-09-05 12:13:36,WhatsApp,Solicitar información,Soporte,4,False,Finalizada,True,5
7716,344,2025-03-05 20:34:19,WhatsApp,Reclamo,Ventas,13,False,Finalizada,False,3
7717,998,2025-04-28 16:47:30,WhatsApp,Seguimiento,Soporte,5,False,Finalizada,True,4
7718,1375,2025-03-13 16:07:10,Web,Soporte técnico,Atención al Cliente,13,False,Finalizada,True,5
7719,1381,2025-05-03 17:21:26,Web,Reclamo,Atención Comercial,12,False,Finalizada,True,5
7720,1747,2025-05-06 19:38:21,Facebook,Cancelar servicio,Atención Comercial,4,True,Finalizada,False,1
7721,1749,2025-05-25 20:15:23,Facebook,Soporte técnico,Atención al Cliente,17,True,Finalizada,False,3
7722,253,2025-09-24 11:37:30,WhatsApp,Agendar servicio,Atención al Cliente,8,False,Finalizada,False,4
7723,1883,2025-07-23 12:54:33,Web,Reclamo,Atención Comercial,11,True,Finalizada,False,2
7724,784,2025-04-30 17:07:31,WhatsApp,Solicitar información,Soporte,6,False,Finalizada,False,4
7725,741,2025-07-31 19:04:52,WhatsApp,Consultar precios,Atención Comercial,4,True,Finalizada,True,3
7726,1353,2025-06-20 13:01:34,Telegram,Reclamo,Postventa,15,True,Finalizada,True,3
7727,1773,2025-09-09 19:19:06,Web,Solicitar información,Ventas,6,False,Finalizada,True,5
7728,804,2025-09-08 18:16:49,Web,Solicitar información,Soporte,4,False,Finalizada,False,5
7729,528,2025-04-07 12:18:19,WhatsApp,Cancelar servicio,Ventas,4,False,Finalizada,False,4
7730,1622,2025-10-26 01:03:29,WhatsApp,Cancelar servicio,Atención al Cliente,3,False,Finalizada,True,5
7731,185,2025-08-24 20:05:52,WhatsApp,Solicitar información,Postventa,5,False,Finalizada,False,3
7732,431,2025-01-31 13:26:39,Web,Solicitar información,Atención Comercial,6,False,Finalizada,True,5
7733,383,2025-10-29 10:21:55,Web,Seguimiento,Postventa,6,False,Finalizada,False,4
7734,891,2025-02-24 18:39:53,Facebook,Seguimiento,Soporte,4,False,Finalizada,True,5
7735,1348,2025-10-09 13:55:48,WhatsApp,Seguimiento,Soporte,7,False,Finalizada,False,3
7736,1033,2025-01-13 09:35:45,WhatsApp,Soporte técnico,Ventas,18,False,Finalizada,False,4
7737,525,2025-08-04 18:05:45,WhatsApp,Solicitar información,Atención al Cliente,6,False,Finalizada,False,4
7738,1835,2025-08-27 02:22:35,Instagram,Agendar servicio,Soporte,7,False,Finalizada,True,5
7739,470,2025-09-21 20:51:12,WhatsApp,Soporte técnico,Postventa,16,False,Finalizada,True,5
7740,840,2025-12-08 12:44:40,Web,Cancelar servicio,Atención al Cliente,4,False,Finalizada,False,3
7741,1173,2025-06-18 18:57:49,WhatsApp,Seguimiento,Postventa,7,False,Finalizada,True,5
7742,1059,2025-04-06 19:01:55,Facebook,Soporte técnico,Soporte,17,True,Finalizada,True,1
7743,750,2025-11-30 20:15:14,Web,Agendar servicio,Atención Comercial,8,False,Finalizada,True,5
7744,1419,2025-12-03 17:54:26,Facebook,Reclamo,Ventas,8,True,Finalizada,False,2
7745,1414,2025-01-04 20:00:57,Instagram,Reclamo,Postventa,9,False,Finalizada,False,5
7746,1367,2025-01-12 13:46:55,Web,Reclamo,Atención Comercial,14,False,Finalizada,True,5
7747,1296,2025-10-07 09:20:46,WhatsApp,Soporte técnico,Soporte,12,False,Finalizada,False,3
7748,1534,2025-04-24 13:13:52,Web,Cancelar servicio,Atención Comercial,2,False,Finalizada,True,4
7749,1037,2025-12-15 18:54:18,Instagram,Seguimiento,Atención al Cliente,5,True,Finalizada,False,1
7750,49,2025-02-27 12:29:54,WhatsApp,Consultar precios,Atención Comercial,3,False,Finalizada,False,3
7751,1448,2025-08-09 12:01:55,Instagram,Soporte técnico,Postventa,14,True,Finalizada,False,1
7752,836,2025-12-29 12:19:55,WhatsApp,Cancelar servicio,Soporte,3,False,Abandonada,False,1
7753,222,2025-08-30 12:34:51,WhatsApp,Solicitar información,Postventa,6,False,Finalizada,True,5
7754,1101,2025-11-09 18:58:58,Facebook,Consultar precios,Ventas,3,False,Finalizada,False,3
7755,1431,2025-04-18 18:04:04,Instagram,Reclamo,Postventa,10,False,Finalizada,False,4
7756,1711,2025-09-16 05:20:40,Web,Consultar precios,Atención Comercial,3,False,Abandonada,False,1
7757,855,2025-05-19 20:35:30,Facebook,Cancelar servicio,Atención al Cliente,4,False,Finalizada,False,5
7758,1113,2025-08-11 09:58:36,WhatsApp,Reclamo,Soporte,12,False,Abandonada,False,2
7759,1047,2025-06-21 12:29:32,Instagram,Reclamo,Ventas,9,False,Finalizada,True,5
7760,1518,2025-05-13 02:17:10,Facebook,Seguimiento,Soporte,5,False,Abandonada,False,1
7761,1902,2025-08-18 12:16:44,WhatsApp,Agendar servicio,Atención Comercial,7,False,Finalizada,False,4
7762,1663,2025-04-25 17:45:29,Web,Consultar precios,Atención Comercial,5,False,Abandonada,False,1
7763,1323,2025-11-07 18:27:46,Web,Cancelar servicio,Soporte,3,False,Abandonada,False,2
7764,844,2025-12-04 10:05:42,Web,Soporte técnico,Atención Comercial,15,False,Finalizada,True,4
7765,274,2025-10-05 15:37:04,Web,Seguimiento,Soporte,5,False,Finalizada,True,5
7766,746,2025-05-22 12:24:18,Web,Seguimiento,Ventas,4,False,Finalizada,False,3
7767,942,2025-03-15 04:31:28,WhatsApp,Soporte técnico,Atención Comercial,18,False,Finalizada,False,4
7768,1309,2025-01-24 12:24:08,Web,Soporte técnico,Soporte,11,False,Finalizada,False,3
7769,315,2025-02-01 13:47:24,Telegram,Solicitar información,Postventa,6,False,Finalizada,False,3
7770,643,2025-07-13 19:57:46,Web,Seguimiento,Postventa,4,False,Finalizada,True,4
7771,391,2025-10-23 13:02:06,Instagram,Solicitar información,Atención al Cliente,4,False,Finalizada,True,5
7772,688,2025-11-21 08:05:32,WhatsApp,Consultar precios,Atención Comercial,4,False,Finalizada,False,3
7773,1366,2025-01-16 12:23:30,Web,Solicitar información,Soporte,4,False,Finalizada,True,4
7774,600,2025-08-24 18:13:53,Instagram,Consultar precios,Atención al Cliente,4,False,Abandonada,False,2
7775,1950,2025-11-01 20:37:02,WhatsApp,Agendar servicio,Atención Comercial,6,False,Finalizada,True,5
7776,1885,2025-09-21 19:39:37,Telegram,Reclamo,Atención Comercial,11,True,Abandonada,False,1
7777,1878,2025-08-24 19:32:52,Web,Reclamo,Atención al Cliente,15,False,Finalizada,False,3
7778,897,2025-11-26 01:35:51,WhatsApp,Consultar precios,Postventa,4,False,Finalizada,True,4
7779,428,2025-03-10 00:32:41,WhatsApp,Reclamo,Atención Comercial,8,True,Finalizada,False,2
7780,1784,2025-03-29 00:43:58,WhatsApp,Agendar servicio,Atención al Cliente,5,False,Finalizada,False,4
7781,456,2025-06-25 12:42:43,Telegram,Agendar servicio,Postventa,7,False,Finalizada,True,5
7782,1724,2025-07-10 13:38:32,WhatsApp,Solicitar información,Postventa,5,False,Abandonada,False,2
7783,700,2025-08-03 15:24:19,Telegram,Cancelar servicio,Atención al Cliente,4,False,Finalizada,False,5
7784,896,2025-11-05 18:29:56,Web,Reclamo,Ventas,12,False,Finalizada,False,4
7785,1495,2025-05-29 13:13:19,WhatsApp,Soporte técnico,Ventas,14,False,Finalizada,False,4
7786,856,2025-10-22 10:39:33,WhatsApp,Solicitar información,Ventas,6,False,Finalizada,True,4
7787,1877,2025-09-05 20:43:50,Web,Soporte técnico,Soporte,14,False,Finalizada,False,3
7788,1754,2025-11-24 20:05:35,Facebook,Consultar precios,Ventas,3,False,Abandonada,False,1
7789,340,2025-09-03 12:45:10,Web,Consultar precios,Postventa,5,False,Abandonada,False,1
7790,1027,2025-02-12 18:52:48,Instagram,Reclamo,Soporte,11,False,Abandonada,False,1
7791,1051,2025-01-31 20:14:49,WhatsApp,Soporte técnico,Soporte,14,True,Abandonada,False,1
7792,525,2025-07-24 05:13:51,Web,Consultar precios,Atención al Cliente,3,False,Finalizada,False,4
7793,1076,2025-05-16 13:19:51,WhatsApp,Reclamo,Atención al Cliente,15,True,Abandonada,False,1
7794,88,2025-03-05 12:33:41,Web,Consultar precios,Ventas,5,False,Finalizada,True,5
7795,691,2025-10-26 10:37:01,WhatsApp,Soporte técnico,Soporte,11,False,Finalizada,False,3
7796,290,2025-11-11 20:42:37,Web,Seguimiento,Postventa,6,False,Finalizada,False,3
7797,1183,2025-02-08 13:42:06,WhatsApp,Consultar precios,Atención Comercial,4,False,Finalizada,False,4
7798,529,2025-10-06 09:44:41,Web,Agendar servicio,Postventa,6,False,Finalizada,False,3
7799,998,2025-04-07 20:32:00,WhatsApp,Agendar servicio,Soporte,6,False,Abandonada,False,1
7800,1518,2025-10-17 20:31:54,Web,Seguimiento,Atención al Cliente,4,False,Finalizada,False,5
7801,518,2025-09-17 19:19:25,WhatsApp,Seguimiento,Soporte,7,False,Finalizada,False,3
7802,239,2025-10-24 19:23:47,WhatsApp,Solicitar información,Soporte,5,False,Finalizada,True,5
7803,364,2025-07-15 13:21:07,Facebook,Solicitar información,Atención Comercial,6,False,Finalizada,False,4
7804,605,2025-10-28 12:15:57,Facebook,Agendar servicio,Atención Comercial,7,False,Finalizada,True,5
7805,308,2025-01-06 12:29:36,Facebook,Cancelar servicio,Soporte,3,False,Finalizada,False,5
7806,1222,2025-11-04 13:14:47,Facebook,Agendar servicio,Ventas,7,True,Finalizada,True,2
7807,1581,2025-09-13 19:42:24,WhatsApp,Cancelar servicio,Soporte,4,False,Finalizada,False,3
7808,980,2025-04-26 20:02:47,Web,Consultar precios,Atención al Cliente,4,False,Finalizada,False,4
7809,1113,2025-12-04 03:41:15,Web,Agendar servicio,Atención al Cliente,7,False,Finalizada,False,3
7810,1903,2025-10-06 11:44:54,WhatsApp,Agendar servicio,Postventa,7,False,Finalizada,False,4
7811,1125,2025-12-07 20:53:10,Instagram,Consultar precios,Atención Comercial,4,False,Finalizada,False,3
7812,1993,2025-11-24 01:06:14,Facebook,Consultar precios,Postventa,3,False,Finalizada,False,5
7813,1306,2025-06-10 13:09:52,Web,Solicitar información,Atención Comercial,5,False,Finalizada,True,5
7814,1181,2025-04-13 08:30:36,Web,Agendar servicio,Soporte,8,False,Finalizada,False,4
7815,1617,2025-06-16 20:30:13,WhatsApp,Seguimiento,Atención Comercial,7,False,Finalizada,False,4
7816,123,2025-02-23 12:14:19,WhatsApp,Reclamo,Ventas,9,False,Finalizada,False,4
7817,617,2025-03-27 02:34:27,Facebook,Agendar servicio,Atención Comercial,7,False,Finalizada,True,5
7818,950,2025-10-09 19:31:47,Telegram,Cancelar servicio,Atención al Cliente,2,False,Finalizada,False,3
7819,975,2025-09-06 12:27:14,WhatsApp,Agendar servicio,Atención al Cliente,8,False,Finalizada,False,3
7820,1477,2025-09-14 12:15:40,Web,Cancelar servicio,Postventa,3,False,Finalizada,True,5
7821,872,2025-02-28 13:06:25,Web,Consultar precios,Ventas,3,False,Abandonada,False,1
7822,1587,2025-11-07 20:18:15,Web,Seguimiento,Atención Comercial,5,False,Finalizada,True,4
7823,67,2025-06-08 18:16:53,WhatsApp,Cancelar servicio,Atención Comercial,2,False,Finalizada,True,5
7824,211,2025-05-13 17:17:45,Web,Soporte técnico,Ventas,16,False,Finalizada,False,3
7825,38,2025-12-29 16:16:50,WhatsApp,Soporte técnico,Atención Comercial,14,True,Finalizada,True,1
7826,1718,2025-09-27 11:16:48,WhatsApp,Solicitar información,Soporte,6,False,Finalizada,False,3
7827,1329,2025-06-16 16:17:01,Web,Soporte técnico,Soporte,10,False,Finalizada,True,5
7828,48,2025-02-09 09:20:17,WhatsApp,Reclamo,Soporte,13,False,Finalizada,True,5
7829,319,2025-10-17 18:17:02,WhatsApp,Seguimiento,Soporte,5,False,Abandonada,False,1
7830,474,2025-10-25 12:41:20,Instagram,Seguimiento,Atención al Cliente,4,False,Finalizada,True,5
7831,1886,2025-09-23 12:08:54,Web,Soporte técnico,Postventa,18,True,Finalizada,True,2
7832,815,2025-05-18 18:17:06,WhatsApp,Solicitar información,Ventas,6,False,Finalizada,True,5
7833,375,2025-03-03 12:16:11,Web,Solicitar información,Atención al Cliente,6,False,Finalizada,False,5
7834,1769,2025-06-07 18:29:10,WhatsApp,Seguimiento,Soporte,6,False,Finalizada,True,5
7835,494,2025-03-09 20:55:03,Web,Cancelar servicio,Atención Comercial,4,True,Finalizada,False,2
7836,1567,2025-11-07 02:34:24,WhatsApp,Reclamo,Atención al Cliente,8,False,Finalizada,True,5
7837,1807,2025-06-09 10:00:52,WhatsApp,Consultar precios,Ventas,5,False,Finalizada,True,5
7838,1902,2025-03-29 18:37:12,Web,Reclamo,Atención al Cliente,14,False,Finalizada,True,4
7839,1178,2025-08-29 13:20:37,Web,Seguimiento,Postventa,4,False,Abandonada,False,1
7840,1593,2025-10-17 09:14:00,Telegram,Solicitar información,Soporte,6,False,Finalizada,False,3
7841,764,2025-07-26 12:02:18,Telegram,Cancelar servicio,Ventas,4,False,Finalizada,True,5
7842,1478,2025-04-16 19:09:41,Facebook,Consultar precios,Ventas,4,False,Finalizada,False,3
7843,1168,2025-04-08 20:48:15,WhatsApp,Consultar precios,Ventas,3,False,Finalizada,False,4
7844,1794,2025-11-02 12:36:39,WhatsApp,Agendar servicio,Ventas,5,False,Finalizada,True,4
7845,798,2025-02-04 20:41:36,WhatsApp,Consultar precios,Atención Comercial,5,False,Finalizada,False,5
7846,1529,2025-01-13 18:10:50,WhatsApp,Seguimiento,Atención Comercial,4,False,Finalizada,False,4
7847,1472,2025-01-10 19:47:10,Web,Soporte técnico,Atención Comercial,13,True,Finalizada,False,2
7848,102,2025-08-28 18:52:33,WhatsApp,Agendar servicio,Postventa,7,False,Finalizada,True,5
7849,1880,2025-09-17 20:17:33,WhatsApp,Seguimiento,Ventas,7,False,Finalizada,False,3
7850,1732,2025-05-09 17:22:45,Instagram,Seguimiento,Postventa,4,False,Finalizada,False,3
7851,1337,2025-07-28 19:38:46,Facebook,Soporte técnico,Postventa,10,False,Abandonada,False,1
7852,1907,2025-11-27 19:30:07,Web,Consultar precios,Atención al Cliente,5,False,Finalizada,False,3
7853,238,2025-02-22 13:44:19,Instagram,Cancelar servicio,Postventa,2,True,Finalizada,True,2
7854,1782,2025-04-01 09:42:15,Web,Seguimiento,Ventas,7,False,Finalizada,False,4
7855,1833,2025-10-29 02:08:24,WhatsApp,Soporte técnico,Soporte,14,False,Abandonada,False,2
7856,1510,2025-03-12 12:39:00,Web,Cancelar servicio,Soporte,4,False,Finalizada,True,5
7857,1965,2025-12-15 19:33:21,WhatsApp,Seguimiento,Ventas,6,False,Abandonada,False,2
7858,10,2025-11-08 20:26:14,Instagram,Consultar precios,Atención Comercial,4,False,Abandonada,False,2
7859,767,2025-06-08 19:22:39,WhatsApp,Seguimiento,Postventa,7,False,Finalizada,True,5
7860,1966,2025-11-28 08:20:34,Instagram,Reclamo,Atención Comercial,12,False,Finalizada,False,3
7861,8,2025-03-23 12:33:47,Facebook,Agendar servicio,Soporte,6,False,Finalizada,True,5
7862,624,2025-05-29 11:16:56,WhatsApp,Cancelar servicio,Postventa,3,False,Finalizada,True,4
7863,1204,2025-10-18 12:55:03,WhatsApp,Seguimiento,Soporte,4,False,Finalizada,False,3
7864,1158,2025-03-11 13:29:40,Web,Solicitar información,Ventas,5,False,Finalizada,False,5
7865,5,2025-05-07 02:30:24,WhatsApp,Agendar servicio,Atención al Cliente,6,False,Finalizada,False,4
7866,316,2025-02-24 18:03:16,Web,Solicitar información,Atención Comercial,5,False,Finalizada,True,5
7867,1141,2025-06-18 18:36:50,Web,Consultar precios,Soporte,4,False,Finalizada,True,5
7868,955,2025-07-16 16:51:18,Web,Cancelar servicio,Atención Comercial,4,False,Finalizada,True,4
7869,1448,2025-04-11 10:45:01,Web,Consultar precios,Ventas,5,False,Finalizada,False,5
7870,632,2025-06-20 12:59:12,WhatsApp,Cancelar servicio,Soporte,4,False,Finalizada,True,5
7871,1312,2025-06-17 12:21:55,WhatsApp,Cancelar servicio,Atención al Cliente,4,False,Finalizada,False,4
7872,267,2025-10-24 03:43:32,WhatsApp,Cancelar servicio,Ventas,2,False,Finalizada,False,5
7873,889,2025-03-10 19:52:30,Facebook,Seguimiento,Atención al Cliente,7,False,Finalizada,False,4
7874,936,2025-08-04 18:33:23,WhatsApp,Solicitar información,Postventa,4,False,Abandonada,False,2
7875,384,2025-03-04 03:47:11,WhatsApp,Cancelar servicio,Soporte,3,False,Finalizada,True,4
7876,255,2025-09-11 13:28:29,WhatsApp,Consultar precios,Ventas,3,False,Finalizada,True,4
7877,1478,2025-12-11 13:10:38,WhatsApp,Cancelar servicio,Ventas,4,False,Abandonada,False,1
7878,1178,2025-12-07 19:26:11,Facebook,Seguimiento,Atención al Cliente,5,False,Abandonada,False,1
7879,1991,2025-01-21 12:56:09,WhatsApp,Reclamo,Atención al Cliente,8,False,Finalizada,True,4
7880,1289,2025-07-13 18:02:20,WhatsApp,Cancelar servicio,Atención al Cliente,2,False,Finalizada,False,4
7881,646,2025-09-10 04:38:40,WhatsApp,Cancelar servicio,Soporte,4,False,Abandonada,False,1
7882,1179,2025-08-11 20:14:56,Instagram,Consultar precios,Postventa,5,False,Abandonada,False,1
7883,1447,2025-02-02 12:29:29,Web,Soporte técnico,Ventas,13,True,Finalizada,True,2
7884,172,2025-04-02 09:16:26,WhatsApp,Solicitar información,Atención al Cliente,6,False,Finalizada,True,5
7885,1214,2025-10-02 05:19:51,Web,Seguimiento,Atención Comercial,4,False,Finalizada,True,5
7886,23,2025-06-06 17:15:36,Telegram,Seguimiento,Postventa,5,False,Finalizada,True,5
7887,586,2025-09-13 09:21:49,Web,Reclamo,Atención al Cliente,11,False,Finalizada,False,4
7888,134,2025-04-19 13:32:51,Instagram,Agendar servicio,Atención al Cliente,5,False,Finalizada,True,5
7889,1530,2025-07-13 12:03:30,WhatsApp,Solicitar información,Postventa,6,False,Abandonada,False,1
7890,769,2025-05-12 20:37:49,Instagram,Solicitar información,Atención Comercial,6,True,Finalizada,False,1
7891,1908,2025-06-07 18:06:22,Web,Consultar precios,Atención al Cliente,3,False,Finalizada,False,5
7892,1930,2025-07-31 19:10:38,WhatsApp,Seguimiento,Soporte,4,False,Finalizada,False,3
7893,86,2025-02-22 19:04:31,WhatsApp,Solicitar información,Postventa,6,False,Finalizada,False,3
7894,898,2025-12-06 19:13:09,WhatsApp,Consultar precios,Atención al Cliente,5,False,Finalizada,False,4
7895,400,2025-03-06 12:02:46,Facebook,Agendar servicio,Atención al Cliente,6,False,Finalizada,True,5
7896,1983,2025-09-08 12:20:06,Web,Reclamo,Soporte,13,True,Finalizada,True,2
7897,1341,2025-11-15 12:35:20,Web,Solicitar información,Ventas,5,True,Finalizada,True,2
7898,916,2025-03-17 11:10:10,Facebook,Seguimiento,Ventas,7,False,Finalizada,False,4
7899,1313,2025-02-01 08:08:56,WhatsApp,Seguimiento,Postventa,6,False,Finalizada,True,5
7900,1820,2025-03-22 00:32:49,WhatsApp,Seguimiento,Atención al Cliente,6,False,Finalizada,True,5
7901,129,2025-10-24 10:38:36,Facebook,Cancelar servicio,Postventa,4,False,Finalizada,False,3
7902,1006,2025-04-30 05:55:00,Instagram,Agendar servicio,Ventas,5,False,Finalizada,False,4
7903,1060,2025-03-01 19:23:59,WhatsApp,Consultar precios,Postventa,3,False,Abandonada,False,2
7904,1049,2025-03-13 12:58:10,WhatsApp,Reclamo,Ventas,12,False,Abandonada,False,2
7905,599,2025-03-17 00:45:26,WhatsApp,Soporte técnico,Postventa,17,True,Finalizada,False,2
7906,1989,2025-04-12 18:31:51,WhatsApp,Cancelar servicio,Atención al Cliente,2,False,Finalizada,False,4
7907,607,2025-11-12 20:04:00,Web,Reclamo,Postventa,12,True,Abandonada,False,1
7908,1783,2025-07-23 18:58:05,WhatsApp,Agendar servicio,Postventa,5,False,Finalizada,False,3
7909,1163,2025-05-20 12:50:31,WhatsApp,Consultar precios,Soporte,3,False,Abandonada,False,2
7910,1298,2025-12-12 13:50:06,WhatsApp,Reclamo,Ventas,11,False,Finalizada,False,5
7911,301,2025-09-29 12:13:17,WhatsApp,Cancelar servicio,Ventas,3,False,Finalizada,True,4
7912,1884,2025-09-29 16:00:56,Telegram,Soporte técnico,Ventas,16,False,Finalizada,True,4
7913,1011,2025-05-17 18:12:08,WhatsApp,Consultar precios,Atención al Cliente,4,False,Finalizada,True,5
7914,262,2025-08-11 19:19:31,WhatsApp,Agendar servicio,Atención al Cliente,8,False,Finalizada,True,4
7915,1871,2025-03-06 18:11:12,WhatsApp,Soporte técnico,Atención al Cliente,13,False,Abandonada,False,1
7916,1615,2025-05-02 12:42:19,WhatsApp,Soporte técnico,Atención al Cliente,17,True,Finalizada,True,2
7917,1285,2025-12-01 20:05:37,Web,Cancelar servicio,Atención al Cliente,4,False,Abandonada,False,1
7918,800,2025-02-14 11:08:31,Web,Reclamo,Postventa,15,False,Finalizada,True,5
7919,752,2025-06-22 20:21:20,WhatsApp,Cancelar servicio,Postventa,3,False,Finalizada,True,5
7920,59,2025-04-06 11:10:14,Web,Reclamo,Ventas,8,True,Abandonada,False,1
7921,1472,2025-07-22 12:57:00,WhatsApp,Consultar precios,Atención al Cliente,5,False,Finalizada,False,3
7922,28,2025-07-27 01:40:36,Telegram,Solicitar información,Atención Comercial,6,False,Finalizada,False,3
7923,440,2025-09-23 12:33:10,WhatsApp,Cancelar servicio,Atención Comercial,2,False,Finalizada,True,5
7924,928,2025-04-08 12:51:30,WhatsApp,Agendar servicio,Soporte,6,False,Abandonada,False,1
7925,1607,2025-05-09 20:36:02,WhatsApp,Soporte técnico,Ventas,14,False,Abandonada,False,1
7926,1049,2025-09-09 19:58:21,Facebook,Reclamo,Atención al Cliente,12,False,Finalizada,True,5
7927,115,2025-11-05 20:48:55,WhatsApp,Cancelar servicio,Atención Comercial,2,False,Finalizada,True,5
7928,1903,2025-05-28 12:47:11,Web,Soporte técnico,Atención Comercial,12,False,Abandonada,False,2
7929,29,2025-06-27 20:57:29,WhatsApp,Seguimiento,Atención al Cliente,4,False,Finalizada,True,5
7930,903,2025-04-12 20:52:26,Web,Consultar precios,Soporte,3,False,Finalizada,True,5
7931,632,2025-11-25 13:55:53,Facebook,Soporte técnico,Ventas,11,False,Finalizada,False,3
7932,609,2025-12-05 12:08:01,WhatsApp,Reclamo,Ventas,15,False,Finalizada,False,3
7933,473,2025-11-28 17:17:35,Telegram,Reclamo,Atención Comercial,13,False,Finalizada,False,3
7934,687,2025-07-17 20:27:07,Web,Consultar precios,Atención al Cliente,4,False,Finalizada,True,5
7935,1506,2025-03-15 12:32:32,Facebook,Seguimiento,Soporte,6,False,Finalizada,True,5
7936,1796,2025-10-09 20:16:38,WhatsApp,Seguimiento,Soporte,6,False,Finalizada,False,4
7937,408,2025-10-06 09:00:55,WhatsApp,Soporte técnico,Atención al Cliente,15,False,Finalizada,False,3
7938,1659,2025-03-04 13:09:11,Web,Seguimiento,Atención al Cliente,5,False,Finalizada,True,5
7939,1928,2025-04-21 18:03:55,WhatsApp,Seguimiento,Ventas,6,False,Abandonada,False,1
7940,1412,2025-03-09 13:09:52,WhatsApp,Reclamo,Soporte,13,False,Finalizada,True,5
7941,218,2025-05-02 13:39:40,Web,Reclamo,Soporte,11,False,Finalizada,False,3
7942,666,2025-07-23 20:21:19,WhatsApp,Soporte técnico,Soporte,11,True,Finalizada,False,2
7943,1921,2025-12-21 13:15:42,Facebook,Agendar servicio,Postventa,7,False,Abandonada,False,1
7944,695,2025-03-15 19:31:29,WhatsApp,Soporte técnico,Soporte,12,False,Finalizada,True,5
7945,207,2025-12-14 02:27:43,Instagram,Seguimiento,Soporte,5,True,Finalizada,False,2
7946,1518,2025-07-01 12:47:10,Web,Seguimiento,Atención al Cliente,6,False,Finalizada,False,3
7947,1332,2025-03-03 12:58:48,Web,Cancelar servicio,Soporte,3,True,Finalizada,False,2
7948,1199,2025-11-09 18:29:08,Web,Seguimiento,Postventa,6,False,Finalizada,False,4
7949,906,2025-04-13 10:57:37,Facebook,Cancelar servicio,Soporte,3,False,Finalizada,False,4
7950,292,2025-05-15 11:07:54,Facebook,Seguimiento,Postventa,5,False,Finalizada,False,3
7951,1312,2025-02-08 13:09:09,Web,Agendar servicio,Atención Comercial,6,False,Finalizada,True,5
7952,116,2025-02-18 13:10:49,Web,Reclamo,Ventas,11,False,Finalizada,True,5
7953,839,2025-11-17 18:16:40,Telegram,Consultar precios,Soporte,5,False,Finalizada,True,4
7954,891,2025-09-30 19:18:50,WhatsApp,Reclamo,Atención Comercial,9,False,Finalizada,True,5
7955,1437,2025-07-04 19:40:26,Web,Solicitar información,Soporte,6,False,Abandonada,False,1
7956,77,2025-10-17 16:31:01,WhatsApp,Reclamo,Ventas,14,False,Finalizada,True,4
7957,710,2025-10-20 18:35:02,WhatsApp,Solicitar información,Postventa,4,False,Finalizada,False,5
7958,33,2025-04-10 13:20:21,WhatsApp,Seguimiento,Soporte,7,False,Finalizada,True,5
7959,1315,2025-04-18 10:02:11,Instagram,Reclamo,Atención al Cliente,10,False,Finalizada,True,5
7960,698,2025-05-19 18:13:31,WhatsApp,Seguimiento,Ventas,5,True,Finalizada,False,1
7961,551,2025-10-26 13:34:38,WhatsApp,Cancelar servicio,Postventa,2,False,Finalizada,True,5
7962,413,2025-02-19 13:11:25,WhatsApp,Soporte técnico,Atención al Cliente,18,True,Finalizada,False,3
7963,865,2025-09-01 12:26:08,Web,Agendar servicio,Atención al Cliente,7,True,Finalizada,True,2
7964,1458,2025-12-17 18:57:57,WhatsApp,Soporte técnico,Postventa,11,False,Finalizada,False,5
7965,225,2025-02-08 20:21:13,Web,Solicitar información,Postventa,6,False,Abandonada,False,1
7966,254,2025-07-26 19:12:13,Instagram,Agendar servicio,Ventas,8,False,Finalizada,False,5
7967,47,2025-07-31 09:57:48,Web,Cancelar servicio,Soporte,4,False,Abandonada,False,1
7968,1616,2025-03-14 03:06:32,WhatsApp,Soporte técnico,Postventa,18,True,Finalizada,False,1
7969,941,2025-11-11 15:56:23,Web,Agendar servicio,Atención Comercial,7,False,Abandonada,False,1
7970,859,2025-10-30 19:36:23,Web,Soporte técnico,Postventa,13,True,Finalizada,False,3
7971,1087,2025-01-31 20:10:52,Facebook,Cancelar servicio,Ventas,3,True,Finalizada,False,2
7972,1493,2025-11-25 13:00:33,WhatsApp,Soporte técnico,Atención Comercial,17,True,Finalizada,False,1
7973,1057,2025-06-02 18:16:02,WhatsApp,Agendar servicio,Ventas,7,False,Finalizada,False,4
7974,1437,2025-03-14 12:15:45,WhatsApp,Consultar precios,Soporte,3,False,Finalizada,True,5
7975,141,2025-04-03 12:46:53,Telegram,Reclamo,Ventas,15,False,Abandonada,False,1
7976,1716,2025-03-24 08:08:13,Web,Soporte técnico,Ventas,11,False,Finalizada,False,3
7977,1369,2025-01-25 13:14:22,WhatsApp,Soporte técnico,Ventas,18,False,Finalizada,False,3
7978,1108,2025-04-23 09:43:12,Facebook,Seguimiento,Postventa,4,False,Finalizada,True,5
7979,169,2025-04-26 18:11:55,Facebook,Agendar servicio,Atención al Cliente,7,False,Finalizada,True,5
7980,738,2025-10-24 19:34:23,WhatsApp,Soporte técnico,Soporte,15,True,Finalizada,False,1
7981,709,2025-01-13 12:06:13,Web,Solicitar información,Soporte,5,False,Finalizada,True,5
7982,1132,2025-06-17 00:13:34,WhatsApp,Cancelar servicio,Soporte,3,False,Finalizada,True,5
7983,694,2025-08-14 18:07:46,Web,Consultar precios,Soporte,4,False,Finalizada,True,5
7984,780,2025-02-23 20:04:48,Web,Seguimiento,Soporte,5,False,Finalizada,True,5
7985,579,2025-06-16 13:53:47,Web,Solicitar información,Atención Comercial,6,False,Abandonada,False,1
7986,1231,2025-01-04 18:00:32,Web,Soporte técnico,Atención al Cliente,18,False,Finalizada,True,5
7987,702,2025-06-23 18:31:41,WhatsApp,Consultar precios,Soporte,4,False,Finalizada,False,3
7988,199,2025-02-26 08:21:02,WhatsApp,Solicitar información,Postventa,4,False,Abandonada,False,1
7989,917,2025-05-01 11:37:12,Instagram,Seguimiento,Soporte,6,True,Finalizada,True,1
7990,1348,2025-01-17 02:01:59,Web,Cancelar servicio,Atención Comercial,3,True,Finalizada,False,3
7991,678,2025-03-28 19:35:24,Web,Solicitar información,Ventas,4,False,Finalizada,True,4
7992,1318,2025-12-03 20:32:44,WhatsApp,Soporte técnico,Soporte,11,True,Finalizada,False,3
7993,1458,2025-04-10 13:42:27,Telegram,Seguimiento,Soporte,7,False,Finalizada,False,4
7994,1589,2025-04-22 09:00:45,Web,Cancelar servicio,Atención al Cliente,4,False,Finalizada,True,5
7995,1337,2025-12-08 02:35:41,Web,Soporte técnico,Soporte,10,False,Finalizada,True,5
7996,1410,2025-06-10 09:58:57,Web,Seguimiento,Soporte,7,False,Finalizada,False,5
7997,1751,2025-05-25 19:49:07,WhatsApp,Solicitar información,Soporte,4,False,Finalizada,False,4
7998,39,2025-07-06 11:09:08,WhatsApp,Seguimiento,Atención al Cliente,7,False,Finalizada,True,5
7999,1483,2025-11-28 13:14:35,Web,Seguimiento,Soporte,5,False,Finalizada,True,4
8000,194,2025-06-01 20:41:14,Facebook,Cancelar servicio,Soporte,3,False,Finalizada,False,4
8001,546,2025-11-30 17:44:10,Web,Solicitar información,Atención al Cliente,4,False,Finalizada,False,4
8002,418,2025-01-17 12:45:08,Web,Cancelar servicio,Soporte,2,False,Abandonada,False,1
8003,1656,2025-06-16 20:06:07,WhatsApp,Reclamo,Ventas,13,False,Finalizada,True,5
8004,1504,2025-11-12 12:24:23,Facebook,Seguimiento,Soporte,5,True,Finalizada,True,1
8005,1759,2025-11-10 15:45:59,WhatsApp,Cancelar servicio,Ventas,2,False,Finalizada,True,4
8006,45,2025-09-03 10:53:39,WhatsApp,Consultar precios,Atención Comercial,4,False,Finalizada,False,4
8007,886,2025-01-25 02:57:27,Instagram,Agendar servicio,Atención Comercial,8,False,Abandonada,False,1
8008,1967,2025-12-02 13:18:23,Facebook,Cancelar servicio,Atención al Cliente,3,False,Finalizada,False,4
8009,1424,2025-02-21 02:46:48,WhatsApp,Cancelar servicio,Atención al Cliente,3,False,Finalizada,False,4
8010,45,2025-06-08 08:56:47,Web,Agendar servicio,Ventas,8,False,Finalizada,False,5
8011,1785,2025-08-18 19:36:58,Telegram,Consultar precios,Ventas,5,False,Finalizada,False,4
8012,1458,2025-10-03 13:14:43,WhatsApp,Agendar servicio,Ventas,7,False,Finalizada,False,3
8013,1983,2025-12-14 20:54:03,WhatsApp,Reclamo,Atención al Cliente,15,False,Finalizada,True,5
8014,342,2025-06-18 00:04:08,Web,Soporte técnico,Postventa,18,False,Finalizada,False,4
8015,539,2025-08-31 04:14:37,WhatsApp,Consultar precios,Soporte,4,False,Abandonada,False,2
8016,942,2025-01-29 08:41:44,WhatsApp,Seguimiento,Postventa,6,False,Finalizada,False,3
8017,1398,2025-04-25 05:04:24,Telegram,Agendar servicio,Atención Comercial,5,False,Finalizada,True,5
8018,1203,2025-02-22 12:40:56,WhatsApp,Seguimiento,Atención al Cliente,5,True,Finalizada,False,1
8019,794,2025-09-05 18:46:10,Facebook,Seguimiento,Soporte,4,False,Finalizada,False,3
8020,830,2025-02-09 19:50:30,Web,Solicitar información,Soporte,6,False,Finalizada,False,5
8021,765,2025-02-05 19:11:40,Facebook,Seguimiento,Soporte,4,False,Finalizada,True,4
8022,16,2025-12-27 20:37:15,WhatsApp,Agendar servicio,Ventas,5,False,Finalizada,False,4
8023,889,2025-03-29 20:06:03,Web,Consultar precios,Soporte,4,False,Finalizada,True,5
8024,678,2025-10-24 13:42:48,WhatsApp,Consultar precios,Soporte,5,False,Finalizada,False,5
8025,1363,2025-05-03 18:45:23,Facebook,Soporte técnico,Atención Comercial,10,False,Finalizada,False,3
8026,1185,2025-04-28 20:16:37,Web,Seguimiento,Postventa,6,False,Abandonada,False,1
8027,380,2025-03-25 13:30:17,Facebook,Solicitar información,Soporte,4,False,Finalizada,False,4
8028,1575,2025-12-06 03:57:30,WhatsApp,Consultar precios,Postventa,5,False,Finalizada,True,5
8029,382,2025-02-03 18:07:43,Web,Solicitar información,Soporte,6,False,Finalizada,True,5
8030,492,2025-08-04 20:02:14,Web,Reclamo,Soporte,9,True,Finalizada,True,1
8031,36,2025-01-25 18:49:45,WhatsApp,Cancelar servicio,Atención al Cliente,3,False,Finalizada,False,4
8032,1526,2025-07-22 18:22:47,Telegram,Solicitar información,Postventa,6,False,Finalizada,False,3
8033,1908,2025-05-08 20:34:06,Web,Seguimiento,Ventas,5,False,Finalizada,False,4
8034,1303,2025-12-07 12:02:33,WhatsApp,Seguimiento,Ventas,5,False,Abandonada,False,1
8035,682,2025-04-19 01:26:23,WhatsApp,Consultar precios,Atención Comercial,5,False,Finalizada,True,5
8036,664,2025-10-22 05:42:06,WhatsApp,Soporte técnico,Atención al Cliente,13,False,Finalizada,True,5
8037,1489,2025-12-15 13:12:09,WhatsApp,Reclamo,Soporte,15,True,Finalizada,True,2
8038,1792,2025-05-23 12:17:01,Instagram,Soporte técnico,Postventa,14,False,Abandonada,False,1
8039,1814,2025-04-15 11:04:29,Web,Consultar precios,Ventas,5,False,Finalizada,True,5
8040,939,2025-05-05 09:59:33,Instagram,Solicitar información,Ventas,5,False,Finalizada,False,4
8041,829,2025-09-06 19:23:49,Web,Soporte técnico,Soporte,11,True,Finalizada,True,2
8042,1392,2025-10-12 16:14:44,Web,Solicitar información,Postventa,6,False,Finalizada,True,5
8043,589,2025-11-13 20:13:00,WhatsApp,Soporte técnico,Atención Comercial,13,True,Finalizada,False,1
8044,769,2025-06-25 20:03:58,WhatsApp,Soporte técnico,Soporte,18,False,Finalizada,False,3
8045,622,2025-04-05 20:43:46,Instagram,Soporte técnico,Postventa,10,False,Finalizada,False,5
8046,1762,2025-12-16 18:35:04,WhatsApp,Solicitar información,Atención Comercial,4,False,Finalizada,True,5
8047,506,2025-10-02 08:25:11,Web,Reclamo,Atención al Cliente,10,False,Finalizada,True,5
8048,1037,2025-09-09 11:20:58,Web,Reclamo,Soporte,13,False,Finalizada,True,4
8049,1786,2025-12-12 20:26:35,WhatsApp,Seguimiento,Ventas,6,False,Finalizada,True,5
8050,927,2025-12-05 20:03:55,Web,Consultar precios,Postventa,4,False,Finalizada,False,4
8051,1531,2025-04-13 02:07:29,WhatsApp,Solicitar información,Soporte,5,False,Finalizada,True,5
8052,602,2025-07-07 19:53:37,Web,Cancelar servicio,Atención Comercial,2,False,Finalizada,True,5
8053,762,2025-08-10 20:16:23,WhatsApp,Soporte técnico,Atención al Cliente,11,True,Finalizada,False,2
8054,415,2025-03-25 13:51:49,WhatsApp,Seguimiento,Atención al Cliente,5,False,Finalizada,False,4
8055,1379,2025-09-15 17:51:47,WhatsApp,Reclamo,Ventas,9,False,Finalizada,False,5
8056,1309,2025-05-22 20:40:34,Web,Cancelar servicio,Atención al Cliente,2,False,Abandonada,False,2
8057,917,2025-09-25 10:13:50,WhatsApp,Consultar precios,Atención al Cliente,4,False,Finalizada,True,5
8058,116,2025-08-28 13:58:00,Facebook,Seguimiento,Soporte,7,False,Finalizada,False,4
8059,1695,2025-11-17 17:48:43,WhatsApp,Agendar servicio,Soporte,8,False,Finalizada,False,4
8060,593,2025-11-15 12:49:24,Web,Solicitar información,Ventas,5,False,Finalizada,False,4
8061,706,2025-11-08 12:18:24,Facebook,Solicitar información,Postventa,5,False,Finalizada,False,3
8062,1983,2025-01-21 20:40:48,WhatsApp,Consultar precios,Ventas,4,False,Abandonada,False,1
8063,925,2025-03-14 12:22:08,Web,Soporte técnico,Atención Comercial,15,False,Finalizada,True,4
8064,41,2025-02-23 15:46:44,WhatsApp,Soporte técnico,Ventas,12,False,Finalizada,True,5
8065,227,2025-02-20 18:33:59,Instagram,Soporte técnico,Postventa,14,False,Finalizada,False,5
8066,201,2025-02-08 19:04:01,WhatsApp,Agendar servicio,Soporte,5,False,Finalizada,False,3
8067,1457,2025-11-25 20:47:22,Instagram,Cancelar servicio,Soporte,3,False,Finalizada,True,5
8068,1772,2025-03-12 18:04:19,WhatsApp,Cancelar servicio,Soporte,4,False,Finalizada,True,5
8069,1184,2025-04-23 03:00:34,WhatsApp,Consultar precios,Postventa,3,False,Finalizada,True,5
8070,704,2025-02-17 05:28:35,Web,Agendar servicio,Ventas,6,False,Abandonada,False,1
8071,459,2025-10-14 10:24:07,WhatsApp,Soporte técnico,Atención al Cliente,17,False,Finalizada,True,5
8072,1801,2025-05-07 12:59:04,Instagram,Cancelar servicio,Atención al Cliente,3,False,Finalizada,False,4
8073,1944,2025-06-16 00:04:38,Facebook,Reclamo,Soporte,9,False,Finalizada,False,4
8074,393,2025-05-22 12:36:25,WhatsApp,Consultar precios,Atención al Cliente,3,False,Finalizada,True,5
8075,1242,2025-01-23 13:33:40,Web,Consultar precios,Soporte,5,False,Finalizada,True,5
8076,1701,2025-05-24 13:12:45,Facebook,Seguimiento,Postventa,5,False,Finalizada,False,3
8077,1799,2025-03-09 20:25:35,Telegram,Consultar precios,Soporte,4,False,Finalizada,True,5
8078,334,2025-03-23 09:29:38,WhatsApp,Agendar servicio,Soporte,7,False,Finalizada,False,3
8079,549,2025-12-03 03:17:03,WhatsApp,Solicitar información,Postventa,4,False,Finalizada,True,5
8080,122,2025-03-31 10:11:27,WhatsApp,Cancelar servicio,Postventa,2,False,Finalizada,False,4
8081,380,2025-03-16 13:08:12,Facebook,Cancelar servicio,Soporte,4,False,Finalizada,True,4
8082,1973,2025-08-07 12:56:05,WhatsApp,Agendar servicio,Ventas,5,False,Finalizada,True,5
8083,1146,2025-10-16 12:51:31,Instagram,Soporte técnico,Atención al Cliente,14,False,Finalizada,False,4
8084,1452,2025-11-20 12:28:41,Facebook,Soporte técnico,Atención al Cliente,13,True,Finalizada,False,2
8085,1908,2025-11-01 00:54:26,WhatsApp,Consultar precios,Soporte,5,False,Finalizada,False,3
8086,385,2025-03-21 02:37:03,Web,Soporte técnico,Atención Comercial,17,True,Abandonada,False,2
8087,1821,2025-10-24 19:56:28,WhatsApp,Consultar precios,Ventas,4,False,Finalizada,True,5
8088,452,2025-10-03 08:44:04,Facebook,Soporte técnico,Postventa,10,False,Abandonada,False,2
8089,36,2025-05-08 11:39:14,WhatsApp,Consultar precios,Postventa,3,True,Finalizada,False,1
8090,1378,2025-07-25 18:06:53,WhatsApp,Consultar precios,Postventa,4,False,Finalizada,False,4
8091,227,2025-10-31 08:00:46,WhatsApp,Consultar precios,Atención al Cliente,5,False,Finalizada,True,5
8092,267,2025-08-07 08:36:29,WhatsApp,Soporte técnico,Ventas,16,False,Finalizada,True,4
8093,406,2025-02-16 13:16:20,Telegram,Agendar servicio,Atención al Cliente,8,False,Finalizada,False,3
8094,1148,2025-01-25 20:56:48,Web,Seguimiento,Ventas,5,False,Finalizada,True,5
8095,1485,2025-06-13 20:00:11,Facebook,Consultar precios,Soporte,5,False,Finalizada,True,5
8096,686,2025-09-10 20:46:44,WhatsApp,Reclamo,Atención al Cliente,14,False,Finalizada,True,5
8097,852,2025-08-22 19:17:36,WhatsApp,Agendar servicio,Ventas,5,True,Finalizada,True,2
8098,573,2025-02-24 12:37:54,Web,Solicitar información,Postventa,6,False,Abandonada,False,2
8099,318,2025-08-07 20:37:22,Facebook,Consultar precios,Atención al Cliente,5,False,Finalizada,True,5
8100,1190,2025-08-21 12:43:39,WhatsApp,Agendar servicio,Atención al Cliente,7,False,Finalizada,False,5
8101,550,2025-08-07 20:40:48,WhatsApp,Agendar servicio,Ventas,7,False,Finalizada,False,5
8102,1305,2025-09-08 13:44:38,Web,Reclamo,Postventa,9,False,Finalizada,False,4
8103,464,2025-11-13 19:26:00,Facebook,Solicitar información,Atención al Cliente,4,False,Finalizada,False,3
8104,1956,2025-06-25 19:21:44,Facebook,Cancelar servicio,Postventa,4,False,Finalizada,False,4
8105,1380,2025-12-17 02:29:25,Web,Solicitar información,Atención Comercial,5,False,Finalizada,True,4
8106,1462,2025-11-20 13:10:32,WhatsApp,Solicitar información,Atención al Cliente,4,True,Finalizada,False,2
8107,1455,2025-10-22 10:05:39,Facebook,Solicitar información,Atención al Cliente,6,False,Finalizada,False,3
8108,256,2025-05-21 12:56:36,Facebook,Agendar servicio,Atención Comercial,8,False,Abandonada,False,1
8109,832,2025-04-25 10:23:44,WhatsApp,Solicitar información,Postventa,6,False,Finalizada,False,3
8110,1501,2025-03-31 12:51:16,WhatsApp,Consultar precios,Atención al Cliente,4,False,Finalizada,False,3
8111,400,2025-05-19 18:16:43,WhatsApp,Solicitar información,Atención Comercial,4,False,Finalizada,True,5
8112,635,2025-04-30 13:56:04,Web,Soporte técnico,Atención al Cliente,10,False,Finalizada,True,5
8113,801,2025-05-19 12:09:57,Web,Solicitar información,Ventas,6,False,Finalizada,False,4
8114,813,2025-03-07 15:25:44,WhatsApp,Cancelar servicio,Atención al Cliente,3,False,Finalizada,False,3
8115,860,2025-05-25 20:39:49,Web,Cancelar servicio,Atención Comercial,4,False,Abandonada,False,1
8116,1886,2025-07-19 05:23:35,Web,Agendar servicio,Soporte,5,False,Finalizada,True,4
8117,507,2025-04-27 01:51:02,WhatsApp,Reclamo,Atención Comercial,14,False,Finalizada,True,5
8118,1338,2025-12-22 11:20:47,Web,Reclamo,Atención al Cliente,8,False,Finalizada,False,3
8119,1084,2025-08-17 08:05:20,Facebook,Seguimiento,Atención al Cliente,4,False,Finalizada,False,3
8120,366,2025-11-20 19:24:33,Telegram,Solicitar información,Soporte,6,False,Finalizada,True,5
8121,1370,2025-12-18 12:52:56,Facebook,Consultar precios,Ventas,5,False,Abandonada,False,2
8122,1494,2025-09-07 19:44:24,Web,Cancelar servicio,Atención al Cliente,2,False,Finalizada,False,3
8123,58,2025-05-16 02:11:38,Instagram,Cancelar servicio,Atención Comercial,3,False,Finalizada,False,4
8124,253,2025-05-06 19:06:10,Web,Soporte técnico,Atención Comercial,15,True,Finalizada,True,1
8125,947,2025-10-27 11:24:26,WhatsApp,Cancelar servicio,Soporte,3,False,Finalizada,False,4
8126,1016,2025-03-20 13:39:23,Facebook,Solicitar información,Ventas,6,False,Abandonada,False,1
8127,619,2025-10-28 15:31:08,WhatsApp,Reclamo,Postventa,10,False,Finalizada,True,5
8128,1324,2025-06-08 17:25:14,WhatsApp,Agendar servicio,Ventas,5,True,Finalizada,False,2
8129,1697,2025-10-22 19:54:09,WhatsApp,Agendar servicio,Atención al Cliente,6,False,Finalizada,True,5
8130,570,2025-01-14 20:21:34,Instagram,Solicitar información,Soporte,6,False,Finalizada,False,3
8131,978,2025-01-20 18:40:56,Instagram,Reclamo,Soporte,14,True,Finalizada,False,2
8132,1855,2025-12-19 01:39:02,WhatsApp,Seguimiento,Soporte,5,True,Finalizada,True,2
8133,1502,2025-05-19 12:59:26,WhatsApp,Consultar precios,Soporte,4,False,Abandonada,False,2
8134,453,2025-08-30 18:22:39,Facebook,Cancelar servicio,Ventas,2,False,Finalizada,True,5
8135,1961,2025-06-16 18:33:46,Web,Soporte técnico,Ventas,13,False,Finalizada,True,5
8136,430,2025-12-29 02:12:57,WhatsApp,Solicitar información,Ventas,5,False,Abandonada,False,1
8137,1594,2025-08-13 13:44:28,Instagram,Agendar servicio,Postventa,7,False,Finalizada,False,3
8138,1450,2025-05-06 13:47:26,Instagram,Consultar precios,Atención Comercial,4,False,Finalizada,True,5
8139,1079,2025-11-04 12:11:27,WhatsApp,Reclamo,Ventas,9,True,Abandonada,False,2
8140,828,2025-10-08 08:09:42,Web,Reclamo,Postventa,9,False,Finalizada,True,5
8141,1288,2025-07-11 12:44:36,Web,Consultar precios,Atención al Cliente,3,False,Abandonada,False,2
8142,893,2025-11-10 11:00:26,Instagram,Soporte técnico,Soporte,14,False,Finalizada,False,4
8143,59,2025-02-02 02:40:39,WhatsApp,Seguimiento,Postventa,4,False,Finalizada,True,5
8144,857,2025-03-27 19:42:46,Facebook,Cancelar servicio,Soporte,3,False,Finalizada,False,4
8145,637,2025-11-11 19:35:38,Instagram,Reclamo,Ventas,9,False,Finalizada,False,3
8146,1530,2025-01-26 20:19:24,Web,Consultar precios,Atención al Cliente,3,False,Finalizada,False,4
8147,461,2025-03-29 18:10:47,WhatsApp,Solicitar información,Atención al Cliente,6,False,Finalizada,False,3
8148,300,2025-11-30 11:18:34,Web,Soporte técnico,Ventas,14,False,Finalizada,True,5
8149,1747,2025-08-05 00:33:21,WhatsApp,Consultar precios,Soporte,5,False,Finalizada,False,4
8150,1475,2025-08-28 18:19:28,Web,Consultar precios,Atención al Cliente,4,False,Finalizada,True,5
8151,316,2025-09-05 18:39:55,WhatsApp,Cancelar servicio,Ventas,4,False,Finalizada,True,5
8152,1385,2025-05-09 02:25:39,WhatsApp,Soporte técnico,Atención al Cliente,11,False,Abandonada,False,2
8153,698,2025-07-10 18:57:32,WhatsApp,Soporte técnico,Postventa,11,False,Finalizada,True,4
8154,1573,2025-02-02 18:37:38,WhatsApp,Seguimiento,Atención Comercial,4,False,Abandonada,False,2
8155,685,2025-01-16 11:42:14,WhatsApp,Consultar precios,Ventas,5,False,Abandonada,False,2
8156,1560,2025-12-18 19:41:57,Facebook,Solicitar información,Postventa,4,False,Finalizada,True,5
8157,1644,2025-02-19 13:05:02,WhatsApp,Solicitar información,Ventas,4,False,Abandonada,False,1
8158,739,2025-02-05 18:52:34,WhatsApp,Cancelar servicio,Atención al Cliente,2,False,Finalizada,True,5
8159,1136,2025-01-05 16:18:35,Web,Soporte técnico,Ventas,17,False,Finalizada,True,5
8160,26,2025-05-10 19:18:17,WhatsApp,Solicitar información,Postventa,4,False,Finalizada,False,3
8161,1703,2025-08-19 11:07:25,WhatsApp,Consultar precios,Atención Comercial,4,False,Finalizada,True,5
8162,1704,2025-01-17 05:57:05,WhatsApp,Seguimiento,Ventas,5,False,Finalizada,False,3
8163,759,2025-10-13 19:23:21,Web,Reclamo,Ventas,14,True,Abandonada,False,2
8164,1337,2025-04-10 03:28:06,Web,Seguimiento,Atención al Cliente,4,False,Finalizada,False,4
8165,761,2025-11-17 19:59:32,WhatsApp,Reclamo,Atención Comercial,8,False,Finalizada,True,5
8166,718,2025-04-18 18:32:56,Web,Soporte técnico,Ventas,15,False,Abandonada,False,1
8167,520,2025-11-20 08:57:15,WhatsApp,Soporte técnico,Soporte,18,False,Finalizada,True,5
8168,1080,2025-01-27 16:10:16,Instagram,Cancelar servicio,Postventa,2,False,Finalizada,False,4
8169,1580,2025-01-07 13:23:04,Facebook,Solicitar información,Ventas,5,False,Finalizada,False,3
8170,719,2025-02-15 20:59:47,Facebook,Solicitar información,Soporte,6,False,Finalizada,True,5
8171,602,2025-06-25 12:54:33,Facebook,Cancelar servicio,Postventa,2,False,Finalizada,True,5
8172,69,2025-01-14 20:13:56,Facebook,Reclamo,Atención Comercial,15,False,Finalizada,False,3
8173,222,2025-01-01 16:19:11,WhatsApp,Agendar servicio,Ventas,6,False,Finalizada,False,4
8174,1332,2025-04-28 13:34:27,WhatsApp,Reclamo,Atención al Cliente,14,False,Finalizada,False,4
8175,575,2025-11-27 18:43:36,WhatsApp,Consultar precios,Atención Comercial,5,False,Finalizada,False,3
8176,83,2025-10-08 02:43:03,WhatsApp,Soporte técnico,Atención al Cliente,16,False,Abandonada,False,1
8177,1178,2025-03-14 18:04:51,WhatsApp,Agendar servicio,Postventa,6,False,Abandonada,False,1
8178,1654,2025-01-22 20:26:03,WhatsApp,Cancelar servicio,Atención al Cliente,3,False,Abandonada,False,1
8179,1080,2025-12-22 20:29:31,WhatsApp,Seguimiento,Postventa,6,False,Finalizada,True,5
8180,440,2025-09-29 08:06:27,WhatsApp,Solicitar información,Atención al Cliente,6,False,Finalizada,True,4
8181,1951,2025-05-06 18:42:39,Telegram,Solicitar información,Postventa,4,False,Finalizada,True,5
8182,469,2025-06-03 19:51:29,WhatsApp,Solicitar información,Soporte,6,False,Finalizada,True,5
8183,927,2025-08-15 18:41:06,Web,Reclamo,Atención Comercial,8,False,Finalizada,True,5
8184,422,2025-11-23 17:08:02,WhatsApp,Agendar servicio,Atención al Cliente,6,False,Finalizada,False,3
8185,834,2025-09-09 20:33:35,WhatsApp,Soporte técnico,Atención Comercial,16,True,Finalizada,True,2
8186,277,2025-02-20 20:01:46,WhatsApp,Seguimiento,Ventas,4,False,Finalizada,False,4
8187,1287,2025-01-20 13:44:32,WhatsApp,Reclamo,Postventa,14,False,Finalizada,True,5
8188,1822,2025-05-15 13:18:21,Web,Consultar precios,Soporte,3,False,Finalizada,False,5
8189,10,2025-12-11 11:01:02,WhatsApp,Solicitar información,Atención al Cliente,6,False,Finalizada,False,4
8190,1084,2025-09-22 13:26:57,WhatsApp,Consultar precios,Postventa,5,False,Finalizada,False,3
8191,381,2025-12-23 19:07:43,WhatsApp,Cancelar servicio,Soporte,2,False,Abandonada,False,1
8192,569,2025-03-23 04:35:26,Web,Cancelar servicio,Ventas,2,False,Finalizada,False,4
8193,182,2025-12-17 20:03:32,Web,Seguimiento,Soporte,4,False,Finalizada,True,5
8194,1060,2025-12-13 12:50:28,Facebook,Agendar servicio,Atención al Cliente,7,False,Finalizada,False,4
8195,641,2025-03-06 13:51:54,Facebook,Cancelar servicio,Ventas,4,False,Finalizada,True,4
8196,1843,2025-01-13 19:28:43,WhatsApp,Consultar precios,Soporte,3,False,Abandonada,False,1
8197,803,2025-04-05 19:00:25,Web,Reclamo,Soporte,14,False,Abandonada,False,1
8198,1893,2025-05-21 08:53:31,Facebook,Seguimiento,Ventas,6,False,Abandonada,False,2
8199,1362,2025-06-18 13:49:55,Web,Cancelar servicio,Postventa,4,False,Finalizada,False,3
8200,1013,2025-11-25 20:03:24,Telegram,Consultar precios,Atención Comercial,5,False,Finalizada,False,5
8201,1053,2025-09-25 11:48:03,Facebook,Solicitar información,Atención Comercial,4,False,Abandonada,False,1
8202,1418,2025-12-29 20:51:17,Web,Reclamo,Atención al Cliente,8,False,Finalizada,False,4
8203,1588,2025-02-05 16:07:36,Facebook,Solicitar información,Soporte,6,False,Finalizada,False,4
8204,402,2025-11-13 12:30:02,Instagram,Agendar servicio,Atención al Cliente,5,False,Finalizada,False,3
8205,947,2025-10-18 12:43:34,Web,Soporte técnico,Atención Comercial,13,False,Finalizada,True,5
8206,768,2025-11-22 12:58:37,Web,Agendar servicio,Postventa,8,False,Abandonada,False,1
8207,378,2025-05-05 02:24:10,Web,Consultar precios,Atención al Cliente,5,False,Abandonada,False,2
8208,31,2025-08-06 08:59:27,Web,Soporte técnico,Atención Comercial,12,False,Finalizada,False,3
8209,803,2025-04-08 20:08:21,Web,Consultar precios,Atención Comercial,4,False,Finalizada,True,5
8210,534,2025-06-26 18:28:52,Facebook,Reclamo,Soporte,15,True,Finalizada,True,3
8211,967,2025-08-15 03:24:52,WhatsApp,Seguimiento,Postventa,5,False,Finalizada,False,4
8212,771,2025-05-16 12:43:50,WhatsApp,Seguimiento,Postventa,4,False,Finalizada,False,3
8213,91,2025-08-28 19:42:36,WhatsApp,Seguimiento,Atención al Cliente,5,False,Finalizada,True,4
8214,471,2025-02-14 16:11:06,WhatsApp,Cancelar servicio,Atención al Cliente,4,False,Abandonada,False,1
8215,497,2025-09-14 12:41:03,Telegram,Seguimiento,Atención al Cliente,4,True,Finalizada,False,2
8216,1470,2025-05-14 12:27:40,Facebook,Agendar servicio,Atención Comercial,8,False,Finalizada,False,4
8217,1496,2025-11-16 08:55:58,WhatsApp,Consultar precios,Postventa,5,False,Abandonada,False,1
8218,913,2025-11-14 16:03:01,WhatsApp,Cancelar servicio,Postventa,2,False,Abandonada,False,1
8219,308,2025-11-08 13:24:10,Facebook,Reclamo,Ventas,11,False,Finalizada,False,3
8220,1278,2025-01-24 20:18:16,WhatsApp,Seguimiento,Postventa,7,False,Finalizada,False,3
8221,741,2025-05-19 13:37:37,WhatsApp,Consultar precios,Postventa,3,False,Finalizada,False,3
8222,1699,2025-03-18 20:10:03,Web,Agendar servicio,Atención Comercial,5,False,Finalizada,False,3
8223,1604,2025-11-29 16:05:12,WhatsApp,Soporte técnico,Atención Comercial,15,True,Finalizada,False,1
8224,1869,2025-11-18 11:17:03,Instagram,Reclamo,Atención al Cliente,11,False,Finalizada,False,3
8225,421,2025-12-30 19:56:37,Instagram,Cancelar servicio,Ventas,4,False,Finalizada,False,4
8226,1798,2025-08-28 19:03:14,Facebook,Cancelar servicio,Ventas,3,False,Finalizada,False,5
8227,615,2025-05-21 19:45:54,Facebook,Agendar servicio,Soporte,7,False,Finalizada,False,3
8228,1788,2025-08-07 13:41:49,WhatsApp,Agendar servicio,Atención Comercial,7,False,Finalizada,True,5
8229,118,2025-05-16 18:19:06,WhatsApp,Consultar precios,Postventa,4,False,Abandonada,False,2
8230,346,2025-06-05 04:21:25,WhatsApp,Soporte técnico,Atención Comercial,15,False,Abandonada,False,1
8231,1470,2025-06-28 08:48:25,WhatsApp,Cancelar servicio,Ventas,4,True,Finalizada,False,2
8232,316,2025-09-30 12:36:22,WhatsApp,Agendar servicio,Soporte,6,False,Finalizada,True,5
8233,137,2025-11-15 19:32:17,WhatsApp,Reclamo,Atención al Cliente,8,False,Abandonada,False,1
8234,472,2025-05-11 18:33:49,WhatsApp,Reclamo,Soporte,11,False,Finalizada,False,4
8235,1323,2025-09-19 20:13:54,WhatsApp,Agendar servicio,Ventas,6,False,Abandonada,False,1
8236,123,2025-05-11 18:50:10,Facebook,Solicitar información,Atención Comercial,5,False,Finalizada,False,5
8237,248,2025-08-25 03:47:54,Facebook,Agendar servicio,Postventa,6,False,Finalizada,False,4
8238,790,2025-10-24 12:26:53,Facebook,Solicitar información,Postventa,4,False,Finalizada,False,3
8239,1115,2025-01-21 13:22:46,WhatsApp,Agendar servicio,Atención al Cliente,5,False,Finalizada,True,5
8240,1720,2025-11-12 18:41:33,Web,Soporte técnico,Postventa,13,False,Finalizada,True,4
8241,826,2025-02-27 18:57:49,Instagram,Consultar precios,Atención al Cliente,5,False,Finalizada,True,5
8242,323,2025-07-25 12:31:10,WhatsApp,Seguimiento,Soporte,4,True,Abandonada,False,1
8243,738,2025-07-03 05:55:08,WhatsApp,Cancelar servicio,Soporte,4,False,Finalizada,False,3
8244,1121,2025-03-24 03:37:34,Facebook,Cancelar servicio,Postventa,3,False,Finalizada,True,5
8245,159,2025-06-17 19:03:26,WhatsApp,Seguimiento,Atención al Cliente,6,False,Finalizada,False,3
8246,1150,2025-01-21 18:01:35,WhatsApp,Solicitar información,Postventa,6,False,Finalizada,False,4
8247,1235,2025-09-05 18:04:08,WhatsApp,Consultar precios,Ventas,4,False,Finalizada,False,4
8248,1537,2025-08-06 12:51:59,WhatsApp,Cancelar servicio,Postventa,3,False,Finalizada,True,5
8249,1479,2025-07-28 20:42:05,Web,Consultar precios,Postventa,3,False,Finalizada,False,4
8250,943,2025-06-25 18:37:17,Facebook,Agendar servicio,Atención al Cliente,5,False,Finalizada,False,3
8251,984,2025-10-18 15:25:27,WhatsApp,Consultar precios,Ventas,4,False,Finalizada,True,4
8252,104,2025-05-30 12:30:14,WhatsApp,Cancelar servicio,Ventas,4,False,Finalizada,True,5
8253,374,2025-01-20 13:41:44,WhatsApp,Agendar servicio,Atención Comercial,7,False,Finalizada,True,4
8254,956,2025-05-24 18:37:35,WhatsApp,Reclamo,Atención al Cliente,14,False,Abandonada,False,2
8255,1187,2025-03-12 18:15:37,Instagram,Solicitar información,Ventas,6,False,Finalizada,False,3
8256,195,2025-03-24 13:20:49,Web,Soporte técnico,Postventa,11,False,Finalizada,True,5
8257,924,2025-10-15 10:57:52,Telegram,Consultar precios,Soporte,3,False,Finalizada,False,5
8258,482,2025-06-07 16:27:47,WhatsApp,Reclamo,Atención Comercial,12,False,Finalizada,True,5
8259,316,2025-08-25 20:19:55,Web,Soporte técnico,Atención Comercial,10,False,Finalizada,True,5
8260,1424,2025-07-10 19:16:33,WhatsApp,Agendar servicio,Soporte,5,False,Finalizada,False,5
8261,1287,2025-10-16 17:09:42,WhatsApp,Cancelar servicio,Postventa,2,False,Finalizada,True,4
8262,1198,2025-11-01 19:45:38,WhatsApp,Agendar servicio,Ventas,6,False,Finalizada,True,5
8263,707,2025-06-04 13:04:35,Web,Seguimiento,Ventas,7,False,Finalizada,False,4
8264,1331,2025-10-29 20:57:40,WhatsApp,Reclamo,Ventas,14,False,Finalizada,False,3
8265,1043,2025-11-02 09:17:27,WhatsApp,Cancelar servicio,Atención Comercial,2,False,Finalizada,False,5
8266,671,2025-03-13 19:38:25,Facebook,Soporte técnico,Soporte,17,True,Finalizada,False,2
8267,1774,2025-03-05 02:25:07,WhatsApp,Soporte técnico,Atención Comercial,16,False,Finalizada,False,4
8268,1386,2025-04-14 10:05:41,Facebook,Consultar precios,Atención Comercial,3,False,Abandonada,False,1
8269,768,2025-03-02 12:11:29,Facebook,Agendar servicio,Atención al Cliente,6,False,Finalizada,False,4
8270,142,2025-03-26 08:14:54,Web,Solicitar información,Atención al Cliente,4,True,Finalizada,False,2
8271,228,2025-04-13 13:20:09,Instagram,Solicitar información,Ventas,4,False,Abandonada,False,1
8272,1440,2025-08-27 13:14:48,WhatsApp,Consultar precios,Ventas,5,False,Finalizada,False,5
8273,541,2025-04-25 13:42:29,WhatsApp,Cancelar servicio,Ventas,2,False,Finalizada,True,4
8274,1368,2025-04-15 04:46:50,WhatsApp,Consultar precios,Soporte,3,False,Abandonada,False,2
8275,1347,2025-12-01 19:03:06,WhatsApp,Solicitar información,Soporte,5,False,Finalizada,False,4
8276,1279,2025-12-29 00:27:53,Web,Cancelar servicio,Postventa,2,True,Finalizada,True,2
8277,1141,2025-05-21 12:39:15,Facebook,Consultar precios,Atención al Cliente,4,False,Finalizada,False,4
8278,1241,2025-05-08 16:11:35,WhatsApp,Soporte técnico,Postventa,18,False,Finalizada,False,4
8279,1177,2025-12-27 12:14:57,Facebook,Cancelar servicio,Atención al Cliente,4,True,Finalizada,False,3
8280,1386,2025-12-14 12:25:55,WhatsApp,Cancelar servicio,Atención al Cliente,4,False,Finalizada,True,5
8281,932,2025-02-12 18:01:56,Web,Cancelar servicio,Postventa,2,False,Finalizada,False,5
8282,746,2025-02-28 17:56:52,WhatsApp,Soporte técnico,Soporte,15,False,Finalizada,True,4
8283,1483,2025-09-26 19:23:58,WhatsApp,Cancelar servicio,Atención al Cliente,4,False,Finalizada,True,5
8284,284,2025-04-14 12:10:07,WhatsApp,Soporte técnico,Atención al Cliente,14,False,Finalizada,True,5
8285,230,2025-10-13 20:53:22,Web,Cancelar servicio,Atención Comercial,2,False,Finalizada,True,5
8286,1565,2025-01-19 12:49:31,WhatsApp,Cancelar servicio,Ventas,2,False,Finalizada,True,5
8287,820,2025-01-30 04:49:24,Web,Seguimiento,Ventas,6,False,Finalizada,False,5
8288,39,2025-06-18 13:12:01,Web,Agendar servicio,Soporte,5,False,Finalizada,False,3
8289,471,2025-08-20 02:23:42,Instagram,Cancelar servicio,Postventa,2,False,Finalizada,True,4
8290,1210,2025-11-29 20:09:04,WhatsApp,Seguimiento,Atención Comercial,7,True,Finalizada,True,2
8291,918,2025-11-27 15:00:26,WhatsApp,Solicitar información,Soporte,5,False,Finalizada,True,5
8292,471,2025-08-23 18:30:02,Facebook,Solicitar información,Postventa,5,False,Finalizada,False,3
8293,521,2025-09-19 09:20:12,Facebook,Cancelar servicio,Soporte,2,False,Finalizada,False,3
8294,1490,2025-08-13 09:59:31,Web,Reclamo,Atención Comercial,11,False,Finalizada,True,5
8295,435,2025-06-07 19:15:55,WhatsApp,Agendar servicio,Postventa,8,False,Finalizada,False,3
8296,949,2025-05-03 17:17:53,Web,Solicitar información,Atención Comercial,5,False,Finalizada,True,5
8297,461,2025-07-09 19:22:46,Facebook,Solicitar información,Soporte,4,False,Finalizada,False,5
8298,1646,2025-11-03 12:12:02,WhatsApp,Soporte técnico,Atención al Cliente,10,False,Finalizada,True,5
8299,1819,2025-08-01 11:18:02,WhatsApp,Solicitar información,Atención al Cliente,4,False,Abandonada,False,1
8300,1693,2025-07-11 20:53:45,WhatsApp,Reclamo,Atención Comercial,11,False,Finalizada,False,4
8301,1634,2025-11-26 19:47:06,WhatsApp,Soporte técnico,Ventas,17,False,Abandonada,False,1
8302,394,2025-03-29 18:23:49,Web,Cancelar servicio,Soporte,4,False,Finalizada,False,3
8303,1726,2025-01-14 19:12:11,Instagram,Soporte técnico,Atención Comercial,10,False,Finalizada,True,4
8304,1239,2025-01-25 19:37:10,Facebook,Cancelar servicio,Atención al Cliente,2,False,Finalizada,True,5
8305,1978,2025-06-04 18:17:11,WhatsApp,Reclamo,Atención Comercial,12,True,Finalizada,False,1
8306,600,2025-05-18 19:49:49,Web,Cancelar servicio,Atención Comercial,4,False,Finalizada,True,5
8307,1679,2025-09-30 19:56:17,Facebook,Reclamo,Postventa,11,False,Finalizada,False,3
8308,918,2025-08-02 12:41:52,WhatsApp,Soporte técnico,Soporte,16,True,Finalizada,True,3
8309,610,2025-01-07 19:19:35,Facebook,Soporte técnico,Soporte,10,False,Finalizada,True,5
8310,421,2025-11-06 18:45:16,Instagram,Consultar precios,Atención al Cliente,4,False,Finalizada,True,5
8311,1170,2025-03-14 18:41:38,Instagram,Cancelar servicio,Atención al Cliente,4,False,Finalizada,False,5
8312,1599,2025-11-13 09:38:26,WhatsApp,Consultar precios,Ventas,4,False,Finalizada,False,4
8313,362,2025-02-06 20:15:39,WhatsApp,Cancelar servicio,Ventas,4,True,Finalizada,False,2
8314,1587,2025-02-11 11:45:11,Web,Consultar precios,Atención al Cliente,4,False,Finalizada,False,3
8315,548,2025-04-11 00:03:07,WhatsApp,Seguimiento,Postventa,7,False,Finalizada,True,4
8316,1339,2025-02-16 12:44:55,Instagram,Seguimiento,Soporte,5,False,Finalizada,True,5
8317,341,2025-11-01 08:53:40,WhatsApp,Agendar servicio,Atención Comercial,8,False,Finalizada,False,3
8318,1604,2025-11-27 18:37:55,Facebook,Seguimiento,Soporte,5,False,Finalizada,False,4
8319,380,2025-02-10 12:29:32,Telegram,Agendar servicio,Atención al Cliente,6,False,Finalizada,False,3
8320,1698,2025-01-10 12:55:25,WhatsApp,Solicitar información,Atención al Cliente,5,False,Finalizada,False,4
8321,1663,2025-04-24 20:03:46,Web,Reclamo,Soporte,12,True,Finalizada,True,2
8322,1119,2025-05-23 12:23:57,WhatsApp,Seguimiento,Postventa,6,False,Finalizada,False,4
8323,654,2025-08-20 09:32:32,Instagram,Reclamo,Postventa,14,False,Finalizada,False,3
8324,231,2025-06-26 19:21:07,Web,Seguimiento,Postventa,7,False,Abandonada,False,1
8325,815,2025-05-21 20:58:00,WhatsApp,Reclamo,Atención al Cliente,14,True,Finalizada,True,1
8326,1839,2025-10-16 03:16:11,WhatsApp,Consultar precios,Atención al Cliente,3,False,Finalizada,True,4
8327,1922,2025-07-27 19:27:19,Web,Reclamo,Atención Comercial,14,False,Finalizada,False,4
8328,1201,2025-03-31 08:42:26,Facebook,Cancelar servicio,Atención al Cliente,4,False,Abandonada,False,2
8329,432,2025-07-22 12:41:47,WhatsApp,Seguimiento,Postventa,7,False,Finalizada,True,4
8330,1530,2025-08-27 01:14:15,Facebook,Agendar servicio,Ventas,7,False,Abandonada,False,2
8331,1090,2025-05-13 18:28:53,WhatsApp,Reclamo,Soporte,8,False,Finalizada,True,5
8332,812,2025-07-10 19:14:57,WhatsApp,Seguimiento,Soporte,6,False,Finalizada,True,5
8333,1166,2025-08-07 19:03:31,Instagram,Agendar servicio,Postventa,5,False,Finalizada,False,4
8334,174,2025-02-25 20:08:33,Facebook,Soporte técnico,Soporte,15,False,Finalizada,True,5
8335,1713,2025-09-03 18:37:10,Facebook,Seguimiento,Postventa,4,False,Finalizada,True,5
8336,1215,2025-08-26 20:55:11,WhatsApp,Consultar precios,Atención al Cliente,5,False,Finalizada,False,4
8337,851,2025-06-24 18:19:55,Facebook,Agendar servicio,Atención Comercial,5,False,Finalizada,True,5
8338,1522,2025-05-21 18:06:10,WhatsApp,Agendar servicio,Soporte,8,False,Finalizada,True,5
8339,564,2025-07-31 13:54:35,WhatsApp,Agendar servicio,Postventa,7,False,Finalizada,True,5
8340,609,2025-04-13 18:49:11,WhatsApp,Solicitar información,Atención al Cliente,6,False,Finalizada,False,4
8341,337,2025-08-30 15:06:48,WhatsApp,Solicitar información,Atención al Cliente,5,False,Finalizada,False,4
8342,995,2025-09-14 18:44:39,WhatsApp,Seguimiento,Atención Comercial,4,False,Finalizada,True,5
8343,948,2025-12-10 13:16:51,Telegram,Cancelar servicio,Atención Comercial,4,False,Abandonada,False,2
8344,595,2025-05-25 13:30:32,Instagram,Reclamo,Atención al Cliente,15,False,Finalizada,False,3
8345,311,2025-01-06 18:25:15,Telegram,Consultar precios,Atención Comercial,3,False,Finalizada,False,5
8346,45,2025-08-21 12:28:57,WhatsApp,Solicitar información,Ventas,5,False,Finalizada,False,5
8347,1441,2025-04-09 20:04:14,WhatsApp,Soporte técnico,Postventa,18,True,Finalizada,True,1
8348,177,2025-03-31 17:26:06,Facebook,Cancelar servicio,Postventa,3,False,Finalizada,True,5
8349,1888,2025-07-18 08:37:34,Web,Consultar precios,Soporte,5,False,Finalizada,True,5
8350,895,2025-04-18 12:10:37,WhatsApp,Soporte técnico,Atención Comercial,16,False,Finalizada,True,5
8351,1929,2025-09-17 19:33:50,WhatsApp,Reclamo,Atención al Cliente,10,False,Finalizada,False,3
8352,1471,2025-05-15 12:09:02,WhatsApp,Agendar servicio,Atención al Cliente,7,False,Finalizada,True,5
8353,1442,2025-12-07 08:46:02,Instagram,Reclamo,Ventas,8,False,Abandonada,False,1
8354,950,2025-07-07 18:47:48,Telegram,Seguimiento,Atención Comercial,5,False,Finalizada,False,5
8355,1814,2025-10-09 12:21:10,Web,Solicitar información,Atención al Cliente,5,False,Finalizada,True,5
8356,626,2025-12-07 09:04:32,Web,Agendar servicio,Ventas,6,False,Finalizada,False,4
8357,276,2025-12-09 19:08:48,Instagram,Soporte técnico,Ventas,13,True,Finalizada,True,3
8358,1334,2025-03-12 18:01:50,Web,Solicitar información,Atención al Cliente,4,False,Abandonada,False,1
8359,604,2025-10-12 12:27:01,WhatsApp,Agendar servicio,Atención Comercial,6,False,Finalizada,False,3
8360,252,2025-05-20 20:27:01,Web,Soporte técnico,Soporte,15,False,Finalizada,True,5
8361,130,2025-10-31 19:08:17,WhatsApp,Seguimiento,Atención Comercial,6,False,Abandonada,False,1
8362,1500,2025-03-17 03:25:20,Instagram,Solicitar información,Soporte,4,False,Finalizada,True,5
8363,289,2025-04-02 16:26:41,Facebook,Soporte técnico,Postventa,15,False,Finalizada,False,3
8364,1423,2025-04-22 12:51:29,WhatsApp,Solicitar información,Atención Comercial,5,False,Finalizada,True,5
8365,1932,2025-04-26 20:24:09,Instagram,Cancelar servicio,Atención al Cliente,3,True,Finalizada,False,3
8366,1534,2025-07-31 04:05:44,Facebook,Soporte técnico,Ventas,12,True,Finalizada,False,1
8367,1565,2025-09-24 12:40:23,WhatsApp,Solicitar información,Atención al Cliente,6,False,Finalizada,True,5
8368,438,2025-10-11 19:47:44,Instagram,Solicitar información,Ventas,6,False,Finalizada,False,4
8369,453,2025-09-28 16:42:01,Facebook,Solicitar información,Postventa,5,False,Finalizada,False,3
8370,1239,2025-09-09 18:42:33,WhatsApp,Cancelar servicio,Atención al Cliente,2,True,Finalizada,True,2
8371,899,2025-11-18 16:53:41,Web,Agendar servicio,Soporte,5,False,Finalizada,False,4
8372,1067,2025-02-21 13:29:40,WhatsApp,Seguimiento,Soporte,4,False,Finalizada,False,3
8373,253,2025-10-20 09:45:37,WhatsApp,Consultar precios,Atención al Cliente,3,False,Finalizada,True,5
8374,384,2025-02-24 17:40:52,WhatsApp,Consultar precios,Atención al Cliente,4,False,Finalizada,True,5
8375,1266,2025-04-23 10:58:49,Web,Consultar precios,Atención al Cliente,3,False,Finalizada,True,5
8376,418,2025-05-02 08:33:50,Facebook,Solicitar información,Atención Comercial,5,False,Finalizada,False,4
8377,689,2025-09-12 12:56:01,WhatsApp,Solicitar información,Soporte,4,False,Finalizada,False,4
8378,338,2025-04-12 20:27:58,Facebook,Solicitar información,Soporte,4,False,Finalizada,False,3
8379,444,2025-04-25 18:50:12,Web,Soporte técnico,Ventas,11,False,Finalizada,False,5
8380,866,2025-10-01 19:48:16,Web,Soporte técnico,Atención al Cliente,17,False,Finalizada,False,5
8381,39,2025-10-25 12:21:31,Web,Consultar precios,Atención al Cliente,4,False,Abandonada,False,1
8382,1553,2025-11-18 20:51:28,Web,Reclamo,Ventas,15,False,Abandonada,False,2
8383,515,2025-08-19 19:12:01,Web,Seguimiento,Atención Comercial,5,False,Finalizada,True,4
8384,1939,2025-02-11 10:30:32,WhatsApp,Cancelar servicio,Atención Comercial,4,False,Finalizada,False,3
8385,1220,2025-07-20 18:14:25,Web,Cancelar servicio,Atención Comercial,3,False,Finalizada,False,5
8386,342,2025-11-09 17:26:36,WhatsApp,Consultar precios,Atención al Cliente,4,False,Finalizada,False,4
8387,286,2025-03-10 20:39:10,WhatsApp,Solicitar información,Soporte,4,False,Finalizada,False,3
8388,11,2025-05-06 13:14:56,WhatsApp,Agendar servicio,Soporte,7,False,Finalizada,False,3
8389,494,2025-11-07 01:45:21,WhatsApp,Consultar precios,Soporte,3,False,Finalizada,True,4
8390,506,2025-04-10 13:10:28,Web,Reclamo,Ventas,12,False,Finalizada,True,4
8391,684,2025-07-25 13:24:08,Web,Cancelar servicio,Soporte,3,False,Finalizada,True,4
8392,1003,2025-04-04 05:38:33,Web,Consultar precios,Postventa,5,False,Finalizada,False,4
8393,1197,2025-10-23 18:41:26,WhatsApp,Reclamo,Atención al Cliente,8,False,Finalizada,False,4
8394,427,2025-06-07 18:37:13,WhatsApp,Consultar precios,Ventas,3,False,Finalizada,False,3
8395,1658,2025-03-03 08:07:44,Web,Soporte técnico,Postventa,12,True,Finalizada,False,1
8396,519,2025-07-09 11:18:04,Web,Seguimiento,Postventa,6,False,Finalizada,True,4
8397,1657,2025-03-30 13:39:32,Instagram,Reclamo,Atención al Cliente,14,True,Finalizada,True,1
8398,586,2025-02-16 13:55:10,Facebook,Soporte técnico,Postventa,17,True,Finalizada,False,2
8399,717,2025-12-19 18:41:33,WhatsApp,Consultar precios,Soporte,5,False,Finalizada,False,4
8400,796,2025-09-17 13:27:02,WhatsApp,Cancelar servicio,Atención al Cliente,3,True,Abandonada,False,1
8401,142,2025-01-08 19:51:57,WhatsApp,Cancelar servicio,Ventas,2,False,Finalizada,True,5
8402,700,2025-11-27 13:13:59,Instagram,Seguimiento,Atención Comercial,6,True,Finalizada,False,1
8403,700,2025-03-26 20:07:55,Web,Consultar precios,Atención Comercial,4,False,Finalizada,True,4
8404,890,2025-01-21 19:46:38,Web,Agendar servicio,Atención al Cliente,6,False,Finalizada,False,3
8405,1968,2025-08-21 05:38:46,WhatsApp,Seguimiento,Soporte,4,False,Finalizada,False,4
8406,1448,2025-03-29 18:53:16,Instagram,Soporte técnico,Atención al Cliente,10,False,Abandonada,False,2
8407,412,2025-09-09 18:21:30,Facebook,Reclamo,Atención al Cliente,15,False,Abandonada,False,1
8408,1841,2025-11-16 18:54:39,WhatsApp,Solicitar información,Ventas,4,False,Finalizada,False,3
8409,1074,2025-08-24 13:00:35,Instagram,Soporte técnico,Ventas,18,False,Finalizada,False,3
8410,916,2025-11-06 17:01:40,Web,Reclamo,Postventa,12,True,Abandonada,False,1
8411,1847,2025-10-31 20:23:44,Instagram,Seguimiento,Atención Comercial,6,False,Finalizada,False,4
8412,65,2025-10-30 20:54:48,Facebook,Cancelar servicio,Atención Comercial,3,False,Finalizada,False,3
8413,943,2025-05-16 18:21:48,Web,Seguimiento,Postventa,4,False,Finalizada,True,5
8414,951,2025-03-14 00:30:14,WhatsApp,Reclamo,Soporte,14,True,Finalizada,True,2
8415,317,2025-10-26 11:20:47,WhatsApp,Solicitar información,Ventas,5,False,Finalizada,False,4
8416,1540,2025-04-09 11:29:37,Instagram,Seguimiento,Atención al Cliente,7,False,Abandonada,False,1
8417,836,2025-03-14 18:44:16,WhatsApp,Solicitar información,Atención al Cliente,4,False,Finalizada,False,5
8418,695,2025-11-13 18:31:32,Facebook,Seguimiento,Ventas,5,False,Finalizada,True,5
8419,776,2025-03-19 18:30:29,Web,Consultar precios,Soporte,4,False,Finalizada,True,5
8420,1407,2025-06-01 13:03:33,WhatsApp,Consultar precios,Atención al Cliente,5,False,Finalizada,True,5
8421,1992,2025-01-27 19:50:21,Web,Reclamo,Soporte,15,False,Finalizada,True,4
8422,1952,2025-02-18 19:38:07,WhatsApp,Agendar servicio,Postventa,7,False,Finalizada,True,4
8423,1032,2025-11-14 12:43:57,Web,Seguimiento,Soporte,4,False,Finalizada,False,4
8424,1999,2025-07-31 03:37:48,Facebook,Consultar precios,Postventa,4,False,Abandonada,False,1
8425,1813,2025-06-03 20:25:55,WhatsApp,Reclamo,Soporte,14,True,Finalizada,False,3
8426,1148,2025-04-27 12:48:18,Facebook,Seguimiento,Atención Comercial,7,False,Finalizada,False,3
8427,1246,2025-03-14 20:46:01,Instagram,Agendar servicio,Atención al Cliente,6,False,Finalizada,False,4
8428,1256,2025-01-26 19:47:41,WhatsApp,Agendar servicio,Ventas,5,False,Finalizada,True,5
8429,507,2025-08-02 13:02:18,WhatsApp,Consultar precios,Atención al Cliente,4,False,Finalizada,False,4
8430,311,2025-11-21 20:24:13,Web,Reclamo,Postventa,15,False,Finalizada,False,3
8431,477,2025-09-16 00:26:40,WhatsApp,Consultar precios,Soporte,4,False,Abandonada,False,1
8432,708,2025-08-19 19:09:54,Web,Soporte técnico,Atención Comercial,18,True,Finalizada,True,2
8433,129,2025-05-15 03:33:08,WhatsApp,Agendar servicio,Soporte,6,False,Finalizada,False,4
8434,830,2025-02-03 13:58:04,Web,Soporte técnico,Atención al Cliente,14,False,Finalizada,True,4
8435,1450,2025-09-04 18:55:40,WhatsApp,Seguimiento,Ventas,4,False,Finalizada,True,5
8436,1981,2025-01-09 12:38:10,WhatsApp,Solicitar información,Postventa,6,False,Finalizada,True,5
8437,113,2025-10-17 11:46:32,Web,Seguimiento,Atención Comercial,6,False,Finalizada,False,3
8438,1852,2025-06-16 12:42:07,Instagram,Consultar precios,Atención Comercial,4,False,Finalizada,False,4
8439,576,2025-06-05 19:40:12,Instagram,Reclamo,Atención al Cliente,14,False,Abandonada,False,1
8440,1218,2025-12-13 20:01:54,WhatsApp,Consultar precios,Soporte,5,False,Finalizada,False,3
8441,834,2025-03-01 10:33:46,WhatsApp,Soporte técnico,Soporte,15,True,Finalizada,True,2
8442,1863,2025-11-19 16:32:51,Telegram,Soporte técnico,Atención al Cliente,14,True,Finalizada,False,3
8443,1349,2025-04-12 17:21:18,Facebook,Soporte técnico,Ventas,16,False,Finalizada,True,5
8444,427,2025-12-02 16:52:54,Web,Agendar servicio,Atención al Cliente,7,False,Finalizada,False,4
8445,616,2025-03-18 18:45:00,Facebook,Solicitar información,Atención Comercial,6,False,Finalizada,True,4
8446,527,2025-06-17 18:20:43,WhatsApp,Cancelar servicio,Ventas,3,True,Finalizada,True,2
8447,1387,2025-03-02 20:28:10,WhatsApp,Soporte técnico,Atención al Cliente,11,True,Finalizada,False,2
8448,523,2025-12-18 13:18:10,WhatsApp,Reclamo,Ventas,11,False,Finalizada,True,5
8449,1091,2025-02-23 18:22:03,Web,Seguimiento,Atención al Cliente,7,False,Abandonada,False,2
8450,315,2025-09-14 12:13:14,Instagram,Reclamo,Soporte,12,False,Finalizada,False,4
8451,359,2025-01-21 19:27:34,Facebook,Cancelar servicio,Ventas,4,False,Finalizada,False,5
8452,108,2025-05-26 04:50:05,Web,Consultar precios,Postventa,3,False,Finalizada,True,4
8453,626,2025-10-27 13:07:47,WhatsApp,Soporte técnico,Postventa,15,False,Finalizada,True,5
8454,1515,2025-12-19 18:03:52,Facebook,Cancelar servicio,Atención al Cliente,2,False,Finalizada,False,4
8455,788,2025-12-22 18:45:21,Web,Seguimiento,Atención Comercial,5,False,Finalizada,False,3
8456,322,2025-12-15 18:02:27,Instagram,Cancelar servicio,Postventa,3,False,Finalizada,False,3
8457,1678,2025-08-22 19:54:32,Telegram,Seguimiento,Atención al Cliente,7,False,Finalizada,False,4
8458,1360,2025-02-08 19:12:11,WhatsApp,Agendar servicio,Atención al Cliente,7,False,Abandonada,False,1
8459,219,2025-06-03 19:31:06,Web,Seguimiento,Atención al Cliente,7,False,Finalizada,False,3
8460,1870,2025-11-25 20:33:01,WhatsApp,Seguimiento,Ventas,4,False,Abandonada,False,2
8461,375,2025-06-30 20:50:53,Facebook,Soporte técnico,Atención Comercial,11,False,Finalizada,False,5
8462,113,2025-06-05 12:54:55,Web,Soporte técnico,Postventa,11,False,Abandonada,False,2
8463,1562,2025-10-28 18:01:13,WhatsApp,Agendar servicio,Ventas,7,False,Finalizada,False,5
8464,1649,2025-10-05 04:07:11,WhatsApp,Cancelar servicio,Ventas,2,False,Finalizada,False,4
8465,1501,2025-11-30 20:44:40,Facebook,Consultar precios,Atención Comercial,5,False,Finalizada,True,5
8466,1806,2025-04-12 12:31:42,WhatsApp,Cancelar servicio,Atención al Cliente,4,False,Finalizada,True,5
8467,1762,2025-03-19 13:55:17,WhatsApp,Seguimiento,Postventa,7,False,Finalizada,True,5
8468,1351,2025-11-04 10:01:05,WhatsApp,Soporte técnico,Ventas,10,False,Finalizada,True,5
8469,1400,2025-04-12 17:07:00,WhatsApp,Solicitar información,Postventa,4,False,Finalizada,False,4
8470,16,2025-05-01 12:20:28,Instagram,Agendar servicio,Ventas,6,False,Finalizada,True,4
8471,916,2025-04-06 19:28:47,WhatsApp,Soporte técnico,Soporte,15,False,Finalizada,False,4
8472,511,2025-09-14 19:37:18,WhatsApp,Agendar servicio,Ventas,6,False,Abandonada,False,1
8473,1533,2025-12-16 12:13:10,WhatsApp,Consultar precios,Postventa,5,False,Finalizada,True,5
8474,894,2025-12-20 18:42:36,WhatsApp,Seguimiento,Postventa,6,False,Finalizada,False,4
8475,1875,2025-02-23 19:04:46,WhatsApp,Cancelar servicio,Soporte,2,False,Finalizada,False,3
8476,634,2025-12-18 20:51:25,Web,Seguimiento,Atención Comercial,5,False,Finalizada,False,4
8477,839,2025-06-29 12:54:39,WhatsApp,Cancelar servicio,Soporte,3,False,Finalizada,True,5
8478,317,2025-04-16 19:42:51,Facebook,Agendar servicio,Ventas,8,False,Finalizada,False,4
8479,252,2025-01-09 15:09:12,WhatsApp,Reclamo,Soporte,9,False,Finalizada,True,5
8480,398,2025-12-30 20:42:11,Facebook,Reclamo,Atención Comercial,12,True,Finalizada,False,2
8481,1054,2025-06-21 11:17:41,Web,Agendar servicio,Atención Comercial,7,False,Finalizada,True,5
8482,611,2025-07-03 20:50:36,Web,Seguimiento,Postventa,4,True,Finalizada,False,2
8483,1544,2025-10-02 09:46:25,Web,Soporte técnico,Atención al Cliente,12,False,Finalizada,False,3
8484,856,2025-06-16 12:45:20,Instagram,Solicitar información,Postventa,6,False,Finalizada,False,4
8485,1178,2025-04-14 20:48:36,Instagram,Consultar precios,Soporte,3,False,Finalizada,True,5
8486,1870,2025-09-12 11:52:44,Facebook,Solicitar información,Soporte,4,False,Abandonada,False,2
8487,1067,2025-08-15 10:18:29,WhatsApp,Soporte técnico,Soporte,10,False,Abandonada,False,1
8488,91,2025-06-19 12:42:10,Web,Consultar precios,Soporte,3,False,Abandonada,False,2
8489,891,2025-10-12 11:39:36,Web,Reclamo,Postventa,15,False,Finalizada,True,5
8490,1345,2025-03-10 18:43:35,Instagram,Agendar servicio,Soporte,6,True,Abandonada,False,2
8491,907,2025-09-12 18:42:32,Telegram,Solicitar información,Soporte,5,False,Finalizada,False,5
8492,1273,2025-09-27 13:38:39,WhatsApp,Solicitar información,Atención al Cliente,5,False,Abandonada,False,1
8493,1852,2025-10-18 02:49:28,WhatsApp,Consultar precios,Atención al Cliente,3,False,Abandonada,False,2
8494,710,2025-08-17 18:49:06,Web,Soporte técnico,Ventas,13,False,Finalizada,False,4
8495,1589,2025-08-22 12:58:33,WhatsApp,Reclamo,Atención Comercial,11,False,Finalizada,False,4
8496,43,2025-12-12 13:41:03,WhatsApp,Consultar precios,Postventa,5,False,Finalizada,True,5
8497,773,2025-01-02 20:49:32,WhatsApp,Cancelar servicio,Ventas,4,False,Finalizada,False,5
8498,415,2025-09-19 12:59:45,WhatsApp,Agendar servicio,Ventas,5,False,Finalizada,True,5
8499,1985,2025-03-02 20:32:11,Web,Soporte técnico,Atención al Cliente,12,False,Abandonada,False,1
8500,1628,2025-07-31 18:10:56,Facebook,Agendar servicio,Postventa,5,False,Finalizada,True,5
8501,171,2025-10-12 18:05:14,Telegram,Soporte técnico,Soporte,10,False,Abandonada,False,2
8502,1968,2025-11-26 19:31:59,WhatsApp,Solicitar información,Ventas,4,False,Finalizada,False,4
8503,1890,2025-01-31 19:00:40,Facebook,Soporte técnico,Atención al Cliente,10,True,Abandonada,False,1
8504,1668,2025-03-23 09:50:34,WhatsApp,Reclamo,Atención al Cliente,11,False,Finalizada,True,5
8505,954,2025-07-30 17:22:49,Web,Solicitar información,Soporte,5,True,Finalizada,True,3
8506,673,2025-09-02 12:11:56,WhatsApp,Reclamo,Ventas,12,True,Finalizada,True,3
8507,354,2025-05-04 09:17:06,Facebook,Cancelar servicio,Postventa,4,False,Finalizada,True,5
8508,1233,2025-09-14 18:46:04,WhatsApp,Consultar precios,Ventas,5,False,Finalizada,False,4
8509,1928,2025-07-29 19:51:57,Web,Reclamo,Atención al Cliente,15,False,Abandonada,False,1
8510,259,2025-02-27 10:01:24,WhatsApp,Solicitar información,Postventa,4,False,Finalizada,True,5
8511,776,2025-08-25 09:36:48,WhatsApp,Seguimiento,Atención al Cliente,6,False,Finalizada,True,5
8512,968,2025-03-01 03:42:04,Facebook,Consultar precios,Atención al Cliente,3,False,Finalizada,True,5
8513,201,2025-09-23 15:27:08,Facebook,Soporte técnico,Soporte,16,False,Finalizada,True,4
8514,494,2025-06-01 09:44:06,Web,Cancelar servicio,Postventa,3,False,Finalizada,False,4
8515,152,2025-08-12 12:19:26,Instagram,Solicitar información,Ventas,5,False,Abandonada,False,1
8516,207,2025-08-03 19:06:57,Web,Reclamo,Soporte,13,False,Finalizada,False,4
8517,907,2025-09-21 17:09:34,Instagram,Cancelar servicio,Atención al Cliente,2,False,Abandonada,False,2
8518,251,2025-11-29 19:02:33,Web,Consultar precios,Atención al Cliente,3,False,Abandonada,False,1
8519,1284,2025-09-22 12:55:04,WhatsApp,Solicitar información,Atención Comercial,6,False,Finalizada,True,4
8520,512,2025-05-30 19:53:26,Telegram,Solicitar información,Postventa,5,False,Finalizada,False,4
8521,5,2025-07-12 13:03:31,Facebook,Solicitar información,Atención Comercial,6,False,Finalizada,False,3
8522,1749,2025-09-08 05:34:15,WhatsApp,Seguimiento,Atención Comercial,6,False,Finalizada,False,4
8523,605,2025-01-12 13:24:11,Facebook,Cancelar servicio,Ventas,2,False,Finalizada,True,5
8524,266,2025-01-30 19:17:59,WhatsApp,Consultar precios,Soporte,3,False,Finalizada,False,3
8525,1164,2025-10-22 00:40:02,Facebook,Agendar servicio,Ventas,7,False,Finalizada,False,3
8526,1226,2025-08-22 12:56:25,WhatsApp,Soporte técnico,Atención Comercial,18,True,Abandonada,False,2
8527,129,2025-04-30 18:44:24,Web,Consultar precios,Postventa,4,False,Abandonada,False,1
8528,1200,2025-01-31 18:12:28,Web,Soporte técnico,Soporte,11,False,Finalizada,False,3
8529,313,2025-10-16 09:57:04,Web,Soporte técnico,Postventa,16,False,Finalizada,False,4
8530,657,2025-12-19 00:24:11,Facebook,Agendar servicio,Atención al Cliente,8,False,Finalizada,False,4
8531,1969,2025-03-01 18:09:03,Telegram,Consultar precios,Ventas,4,False,Finalizada,False,3
8532,693,2025-03-19 17:33:49,WhatsApp,Soporte técnico,Postventa,15,False,Finalizada,True,5
8533,1537,2025-09-04 18:07:03,Telegram,Agendar servicio,Atención Comercial,6,False,Finalizada,True,5
8534,1959,2025-02-14 18:37:24,WhatsApp,Reclamo,Ventas,12,False,Finalizada,True,4
8535,1006,2025-10-06 19:10:11,Instagram,Agendar servicio,Ventas,5,False,Abandonada,False,1
8536,1170,2025-11-07 12:07:31,Instagram,Reclamo,Atención Comercial,11,False,Finalizada,False,4
8537,411,2025-08-07 04:12:22,WhatsApp,Solicitar información,Soporte,5,False,Abandonada,False,2
8538,1731,2025-01-04 13:28:51,Web,Soporte técnico,Atención Comercial,10,False,Abandonada,False,1
8539,868,2025-08-12 13:53:41,Instagram,Seguimiento,Atención Comercial,6,False,Abandonada,False,1
8540,252,2025-12-17 20:06:38,Instagram,Consultar precios,Ventas,4,False,Abandonada,False,1
8541,841,2025-08-11 11:38:42,WhatsApp,Solicitar información,Soporte,4,True,Finalizada,True,2
8542,1495,2025-07-10 18:42:26,WhatsApp,Solicitar información,Postventa,4,False,Finalizada,False,3
8543,1148,2025-12-12 20:52:29,Facebook,Reclamo,Atención al Cliente,11,False,Finalizada,False,3
8544,991,2025-10-17 12:04:41,Web,Cancelar servicio,Atención al Cliente,2,False,Abandonada,False,1
8545,324,2025-03-10 20:49:45,WhatsApp,Agendar servicio,Atención al Cliente,8,False,Abandonada,False,1
8546,77,2025-09-24 12:45:24,Web,Soporte técnico,Ventas,11,False,Abandonada,False,1
8547,738,2025-02-11 20:07:02,Instagram,Soporte técnico,Ventas,17,True,Finalizada,True,1
8548,1688,2025-04-10 16:22:58,Web,Consultar precios,Postventa,4,False,Finalizada,False,4
8549,1242,2025-08-19 12:23:26,Web,Solicitar información,Ventas,6,True,Finalizada,True,2
8550,1917,2025-08-31 09:03:01,WhatsApp,Soporte técnico,Ventas,10,False,Abandonada,False,1
8551,1184,2025-01-15 13:01:08,Instagram,Soporte técnico,Postventa,11,True,Finalizada,True,2
8552,364,2025-05-27 18:20:11,Instagram,Consultar precios,Ventas,4,True,Finalizada,False,2
8553,258,2025-01-14 18:05:11,Facebook,Seguimiento,Ventas,7,False,Finalizada,True,5
8554,236,2025-07-31 01:24:06,Facebook,Seguimiento,Atención al Cliente,6,False,Finalizada,False,4
8555,174,2025-11-23 12:44:16,WhatsApp,Solicitar información,Soporte,6,False,Finalizada,False,4
8556,1108,2025-10-20 11:45:21,Instagram,Cancelar servicio,Soporte,3,False,Finalizada,False,4
8557,1439,2025-10-01 13:34:28,Facebook,Agendar servicio,Atención al Cliente,7,False,Abandonada,False,1
8558,1089,2025-01-14 13:41:21,WhatsApp,Seguimiento,Ventas,4,False,Abandonada,False,1
8559,412,2025-11-11 13:59:27,WhatsApp,Solicitar información,Ventas,5,True,Finalizada,True,1
8560,309,2025-05-25 12:20:21,WhatsApp,Seguimiento,Atención al Cliente,6,False,Finalizada,False,4
8561,1267,2025-11-12 19:12:50,Facebook,Cancelar servicio,Postventa,3,False,Finalizada,False,3
8562,639,2025-05-03 11:48:34,Web,Seguimiento,Soporte,7,False,Finalizada,False,4
8563,1347,2025-08-21 12:40:42,Facebook,Soporte técnico,Soporte,13,False,Finalizada,False,3
8564,315,2025-11-15 18:19:43,WhatsApp,Cancelar servicio,Atención Comercial,2,False,Finalizada,False,3
8565,1970,2025-06-15 15:20:39,Facebook,Consultar precios,Atención Comercial,4,False,Finalizada,False,4
8566,1397,2025-05-30 12:48:04,Web,Cancelar servicio,Soporte,2,False,Finalizada,False,3
8567,1561,2025-10-03 01:07:31,WhatsApp,Reclamo,Postventa,12,False,Abandonada,False,2
8568,172,2025-04-23 11:03:16,Web,Cancelar servicio,Postventa,4,False,Finalizada,True,5
8569,1399,2025-12-29 19:07:02,Instagram,Solicitar información,Soporte,4,False,Finalizada,False,3
8570,158,2025-10-11 17:07:08,Web,Solicitar información,Atención Comercial,6,False,Finalizada,True,4
8571,1600,2025-11-17 13:12:06,Facebook,Seguimiento,Postventa,4,True,Abandonada,False,2
8572,1169,2025-11-29 13:46:53,Web,Seguimiento,Soporte,5,False,Finalizada,True,5
8573,750,2025-11-15 12:35:09,Instagram,Agendar servicio,Ventas,5,False,Finalizada,False,4
8574,903,2025-04-14 19:11:18,WhatsApp,Consultar precios,Ventas,5,False,Abandonada,False,1
8575,1704,2025-05-08 13:47:22,WhatsApp,Agendar servicio,Atención Comercial,6,False,Finalizada,True,5
8576,567,2025-02-23 08:23:16,WhatsApp,Soporte técnico,Ventas,15,False,Finalizada,False,5
8577,1426,2025-02-14 12:59:12,Facebook,Soporte técnico,Postventa,11,False,Abandonada,False,1
8578,869,2025-05-17 10:34:41,WhatsApp,Reclamo,Atención Comercial,12,True,Finalizada,False,2
8579,468,2025-10-03 20:22:29,Web,Soporte técnico,Soporte,16,False,Abandonada,False,1
8580,663,2025-01-06 09:26:34,WhatsApp,Consultar precios,Atención Comercial,4,False,Abandonada,False,2
8581,682,2025-04-23 12:41:54,WhatsApp,Cancelar servicio,Atención Comercial,2,False,Finalizada,False,4
8582,1441,2025-05-20 19:44:38,WhatsApp,Cancelar servicio,Atención Comercial,4,False,Finalizada,False,5
8583,1695,2025-09-30 20:14:12,WhatsApp,Consultar precios,Atención al Cliente,3,False,Finalizada,True,5
8584,315,2025-11-21 20:09:47,Web,Reclamo,Postventa,10,False,Finalizada,False,5
8585,1203,2025-08-30 20:39:26,WhatsApp,Soporte técnico,Soporte,10,False,Abandonada,False,2
8586,1242,2025-08-12 08:18:07,Facebook,Soporte técnico,Atención al Cliente,11,True,Finalizada,True,2
8587,847,2025-08-16 12:03:10,Facebook,Seguimiento,Atención al Cliente,5,False,Finalizada,False,4
8588,653,2025-09-09 12:18:23,Facebook,Soporte técnico,Atención Comercial,14,True,Abandonada,False,2
8589,604,2025-02-15 16:02:15,WhatsApp,Agendar servicio,Postventa,7,False,Finalizada,False,3
8590,328,2025-08-29 05:42:32,WhatsApp,Solicitar información,Ventas,5,False,Finalizada,True,4
8591,1714,2025-10-02 05:01:54,WhatsApp,Agendar servicio,Ventas,7,False,Finalizada,True,5
8592,662,2025-10-01 12:15:12,WhatsApp,Reclamo,Soporte,14,False,Finalizada,False,5
8593,1776,2025-08-26 20:09:03,Web,Agendar servicio,Postventa,5,False,Finalizada,True,5
8594,405,2025-03-25 12:38:11,Instagram,Consultar precios,Soporte,3,False,Finalizada,True,5
8595,1765,2025-01-06 19:06:06,Facebook,Seguimiento,Ventas,4,False,Finalizada,False,4
8596,1862,2025-12-05 13:04:25,Web,Cancelar servicio,Ventas,3,False,Abandonada,False,1
8597,1656,2025-09-02 13:26:22,Instagram,Seguimiento,Atención Comercial,5,False,Finalizada,True,5
8598,1532,2025-01-06 12:08:50,Facebook,Soporte técnico,Postventa,15,True,Finalizada,False,3
8599,1864,2025-11-22 04:21:06,WhatsApp,Reclamo,Soporte,14,False,Finalizada,False,3
8600,1168,2025-05-04 13:03:38,Web,Soporte técnico,Postventa,10,True,Finalizada,False,2
8601,783,2025-11-27 12:07:45,WhatsApp,Solicitar información,Soporte,4,False,Finalizada,True,5
8602,778,2025-11-12 15:40:07,WhatsApp,Soporte técnico,Postventa,12,False,Finalizada,False,5
8603,1915,2025-10-30 19:07:07,Web,Cancelar servicio,Ventas,3,False,Finalizada,False,4
8604,1124,2025-11-03 12:41:10,WhatsApp,Consultar precios,Postventa,5,False,Finalizada,True,4
8605,889,2025-01-01 18:12:49,Facebook,Reclamo,Ventas,10,False,Finalizada,False,3
8606,1261,2025-06-28 13:37:55,WhatsApp,Cancelar servicio,Atención Comercial,2,False,Finalizada,False,4
8607,1264,2025-04-19 19:02:17,WhatsApp,Solicitar información,Postventa,5,False,Finalizada,False,5
8608,851,2025-09-03 12:36:33,Web,Soporte técnico,Atención al Cliente,16,False,Finalizada,True,5
8609,1200,2025-02-12 05:54:34,Web,Consultar precios,Soporte,4,False,Finalizada,False,4
8610,262,2025-02-19 12:55:01,WhatsApp,Solicitar información,Postventa,6,False,Abandonada,False,2
8611,510,2025-05-18 19:47:32,WhatsApp,Consultar precios,Postventa,5,False,Finalizada,False,4
8612,1112,2025-03-28 02:47:27,WhatsApp,Solicitar información,Ventas,5,False,Finalizada,False,4
8613,368,2025-01-24 19:57:07,WhatsApp,Reclamo,Postventa,15,False,Finalizada,False,3
8614,476,2025-03-28 13:56:55,WhatsApp,Cancelar servicio,Soporte,3,False,Abandonada,False,2
8615,1605,2025-08-28 17:29:28,Instagram,Soporte técnico,Atención al Cliente,14,True,Finalizada,False,2
8616,1784,2025-06-09 20:43:53,WhatsApp,Consultar precios,Postventa,3,False,Finalizada,False,4
8617,880,2025-08-15 12:57:41,WhatsApp,Seguimiento,Ventas,7,False,Finalizada,False,5
8618,1781,2025-10-16 09:03:22,WhatsApp,Solicitar información,Soporte,6,False,Abandonada,False,1
8619,1878,2025-08-03 16:48:43,WhatsApp,Solicitar información,Atención al Cliente,6,False,Finalizada,False,5
8620,1430,2025-12-26 20:49:40,WhatsApp,Cancelar servicio,Ventas,4,False,Finalizada,False,3
8621,640,2025-03-10 12:13:26,WhatsApp,Agendar servicio,Ventas,7,False,Finalizada,True,5
8622,1944,2025-04-10 19:42:18,WhatsApp,Cancelar servicio,Soporte,4,False,Abandonada,False,1
8623,1356,2025-04-04 20:33:24,WhatsApp,Reclamo,Atención al Cliente,13,False,Finalizada,True,5
8624,452,2025-12-19 13:47:59,Web,Agendar servicio,Atención al Cliente,7,False,Abandonada,False,1
8625,1536,2025-06-30 12:46:19,Web,Soporte técnico,Atención Comercial,17,False,Abandonada,False,2
8626,1421,2025-02-06 13:26:03,WhatsApp,Solicitar información,Atención al Cliente,4,False,Finalizada,False,3
8627,681,2025-06-09 12:26:57,WhatsApp,Soporte técnico,Postventa,16,True,Finalizada,True,2
8628,290,2025-11-03 01:05:09,Web,Seguimiento,Ventas,7,False,Finalizada,True,5
8629,827,2025-04-12 20:30:32,Web,Cancelar servicio,Soporte,2,False,Finalizada,False,3
8630,1689,2025-10-12 20:40:29,Instagram,Agendar servicio,Atención al Cliente,7,False,Finalizada,False,5
8631,1877,2025-02-09 09:59:39,WhatsApp,Consultar precios,Ventas,4,False,Finalizada,True,5
8632,841,2025-09-15 10:46:22,WhatsApp,Seguimiento,Atención Comercial,5,False,Finalizada,True,5
8633,1310,2025-01-02 18:12:00,WhatsApp,Seguimiento,Ventas,4,False,Finalizada,True,5
8634,1095,2025-04-04 05:48:08,Facebook,Seguimiento,Postventa,4,False,Finalizada,False,3
8635,162,2025-06-15 12:10:08,WhatsApp,Solicitar información,Atención Comercial,5,False,Finalizada,True,5
8636,1360,2025-08-27 17:30:20,WhatsApp,Agendar servicio,Ventas,7,False,Finalizada,False,3
8637,1375,2025-03-08 18:09:17,WhatsApp,Seguimiento,Postventa,4,False,Finalizada,False,4
8638,1654,2025-06-14 01:31:24,Web,Consultar precios,Ventas,5,False,Abandonada,False,1
8639,1471,2025-02-16 11:15:42,Telegram,Seguimiento,Postventa,4,False,Finalizada,False,3
8640,122,2025-04-16 05:57:51,WhatsApp,Cancelar servicio,Ventas,2,False,Finalizada,False,5
8641,1969,2025-10-13 20:23:30,Web,Solicitar información,Atención al Cliente,6,False,Finalizada,True,5
8642,1553,2025-04-20 16:32:36,WhatsApp,Consultar precios,Postventa,4,False,Finalizada,True,5
8643,986,2025-09-28 11:56:10,Instagram,Cancelar servicio,Atención Comercial,3,False,Finalizada,False,5
8644,91,2025-12-13 19:27:13,WhatsApp,Seguimiento,Soporte,5,True,Finalizada,True,2
8645,1560,2025-02-16 00:49:56,WhatsApp,Consultar precios,Soporte,5,False,Finalizada,True,4
8646,947,2025-12-05 18:01:51,Web,Soporte técnico,Soporte,10,False,Finalizada,True,5
8647,1443,2025-12-08 18:27:06,WhatsApp,Cancelar servicio,Atención al Cliente,2,False,Finalizada,False,3
8648,97,2025-12-05 13:58:18,WhatsApp,Seguimiento,Atención Comercial,5,False,Finalizada,False,4
8649,458,2025-09-01 20:33:00,Facebook,Reclamo,Ventas,12,True,Finalizada,False,3
8650,904,2025-03-29 08:02:03,Web,Solicitar información,Soporte,5,False,Finalizada,False,4
8651,713,2025-05-14 13:50:30,WhatsApp,Solicitar información,Postventa,5,False,Finalizada,False,3
8652,1476,2025-06-22 00:02:05,WhatsApp,Agendar servicio,Postventa,6,False,Finalizada,True,5
8653,422,2025-09-23 18:05:55,WhatsApp,Consultar precios,Atención Comercial,3,False,Finalizada,False,3
8654,1429,2025-10-14 19:19:48,Facebook,Soporte técnico,Ventas,15,False,Finalizada,False,4
8655,769,2025-09-23 08:29:02,Facebook,Cancelar servicio,Soporte,2,False,Finalizada,False,4
8656,544,2025-06-27 02:21:57,Facebook,Soporte técnico,Postventa,14,False,Finalizada,False,3
8657,1191,2025-05-29 12:22:55,Instagram,Agendar servicio,Soporte,5,False,Finalizada,True,5
8658,914,2025-05-25 08:09:59,Web,Seguimiento,Atención Comercial,7,False,Abandonada,False,1
8659,1276,2025-09-30 19:02:58,WhatsApp,Reclamo,Ventas,11,False,Finalizada,True,4
8660,191,2025-12-04 18:09:04,Instagram,Soporte técnico,Soporte,12,False,Finalizada,False,3
8661,1021,2025-10-10 09:24:11,Facebook,Consultar precios,Postventa,5,False,Abandonada,False,2
8662,1958,2025-12-28 17:46:11,Telegram,Solicitar información,Ventas,5,False,Finalizada,False,5
8663,1269,2025-04-20 20:51:17,Web,Agendar servicio,Ventas,7,False,Finalizada,True,5
8664,873,2025-10-03 17:06:54,Web,Agendar servicio,Ventas,7,False,Finalizada,False,4
8665,1499,2025-12-19 10:38:35,Web,Solicitar información,Ventas,4,False,Finalizada,True,5
8666,461,2025-06-12 04:49:51,WhatsApp,Agendar servicio,Atención al Cliente,8,False,Finalizada,False,4
8667,1493,2025-07-23 15:50:32,Instagram,Reclamo,Atención Comercial,13,False,Finalizada,False,4
8668,1114,2025-06-04 13:52:07,WhatsApp,Consultar precios,Postventa,5,False,Finalizada,True,5
8669,162,2025-10-11 13:26:48,Facebook,Seguimiento,Atención al Cliente,6,False,Finalizada,False,4
8670,63,2025-10-11 20:48:15,Web,Consultar precios,Soporte,3,False,Finalizada,False,5
8671,1509,2025-09-25 03:46:14,Facebook,Seguimiento,Atención Comercial,4,False,Finalizada,False,4
8672,295,2025-04-23 09:57:16,WhatsApp,Solicitar información,Atención al Cliente,5,False,Abandonada,False,1
8673,230,2025-06-28 04:53:07,Facebook,Seguimiento,Postventa,4,False,Finalizada,False,3
8674,1008,2025-09-01 13:25:54,Facebook,Consultar precios,Ventas,3,False,Finalizada,True,5
8675,1258,2025-12-28 03:13:33,Facebook,Seguimiento,Ventas,7,False,Finalizada,True,5
8676,1380,2025-11-29 10:09:43,WhatsApp,Solicitar información,Atención Comercial,4,False,Finalizada,False,3
8677,444,2025-07-25 02:37:16,Facebook,Soporte técnico,Atención al Cliente,11,False,Finalizada,False,5
8678,137,2025-08-10 12:03:53,Web,Seguimiento,Postventa,5,False,Finalizada,True,5
8679,1006,2025-04-25 12:57:28,Web,Consultar precios,Atención al Cliente,5,False,Finalizada,False,5
8680,1353,2025-07-10 13:59:21,WhatsApp,Solicitar información,Ventas,6,False,Finalizada,True,5
8681,1610,2025-03-30 20:04:40,Facebook,Reclamo,Postventa,14,False,Abandonada,False,1
8682,1852,2025-03-04 18:25:49,WhatsApp,Consultar precios,Ventas,3,False,Finalizada,False,5
8683,527,2025-09-04 19:40:57,Web,Cancelar servicio,Ventas,3,False,Finalizada,False,5
8684,724,2025-11-07 03:27:48,Facebook,Solicitar información,Atención al Cliente,5,False,Finalizada,False,4
8685,105,2025-09-27 13:24:11,Facebook,Seguimiento,Atención al Cliente,5,False,Finalizada,False,3
8686,949,2025-10-27 13:01:00,WhatsApp,Reclamo,Soporte,13,True,Finalizada,True,1
8687,1180,2025-01-15 02:48:36,Instagram,Solicitar información,Ventas,5,False,Finalizada,False,3
8688,278,2025-01-07 19:42:14,Facebook,Seguimiento,Atención al Cliente,5,False,Finalizada,False,4
8689,760,2025-10-27 00:33:45,Web,Consultar precios,Soporte,3,False,Finalizada,True,4
8690,1790,2025-04-05 13:12:38,WhatsApp,Consultar precios,Soporte,5,False,Finalizada,True,5
8691,743,2025-01-11 12:37:59,WhatsApp,Cancelar servicio,Postventa,3,False,Finalizada,False,4
8692,67,2025-09-21 18:19:45,WhatsApp,Seguimiento,Atención Comercial,5,False,Finalizada,True,5
8693,1513,2025-01-12 17:22:22,Instagram,Seguimiento,Atención al Cliente,4,False,Finalizada,False,4
8694,107,2025-05-27 00:05:07,Instagram,Reclamo,Atención al Cliente,11,False,Finalizada,False,5
8695,444,2025-12-07 13:52:57,WhatsApp,Solicitar información,Ventas,4,False,Finalizada,True,5
8696,739,2025-07-08 16:31:21,WhatsApp,Solicitar información,Atención al Cliente,5,False,Finalizada,True,5
8697,508,2025-10-13 18:56:07,Web,Seguimiento,Soporte,6,False,Finalizada,True,5
8698,575,2025-07-03 16:44:23,WhatsApp,Solicitar información,Atención Comercial,6,False,Finalizada,False,3
8699,1282,2025-12-20 10:34:36,Instagram,Reclamo,Atención Comercial,11,False,Abandonada,False,1
8700,1731,2025-05-28 19:12:01,Facebook,Consultar precios,Atención al Cliente,3,False,Finalizada,False,4
8701,1705,2025-02-27 19:53:35,Web,Cancelar servicio,Atención Comercial,4,False,Finalizada,False,3
8702,1000,2025-01-21 12:01:42,Instagram,Reclamo,Atención Comercial,13,True,Finalizada,False,1
8703,1833,2025-10-23 19:48:48,Instagram,Solicitar información,Ventas,5,False,Finalizada,False,4
8704,1747,2025-03-15 11:50:08,Telegram,Soporte técnico,Soporte,14,False,Abandonada,False,1
8705,398,2025-11-14 18:38:34,Web,Soporte técnico,Atención Comercial,12,True,Abandonada,False,2
8706,1857,2025-02-06 19:30:37,WhatsApp,Soporte técnico,Postventa,17,False,Abandonada,False,1
8707,118,2025-03-02 15:30:56,Instagram,Solicitar información,Soporte,6,False,Finalizada,True,4
8708,1033,2025-03-16 19:40:44,Facebook,Seguimiento,Soporte,7,True,Abandonada,False,2
8709,835,2025-10-17 13:27:00,WhatsApp,Seguimiento,Soporte,7,False,Abandonada,False,1
8710,436,2025-10-02 12:53:52,Instagram,Seguimiento,Postventa,6,False,Finalizada,False,3
8711,1007,2025-04-30 11:46:56,WhatsApp,Cancelar servicio,Postventa,3,False,Abandonada,False,2
8712,76,2025-04-07 19:49:56,WhatsApp,Solicitar información,Atención Comercial,4,False,Finalizada,True,5
8713,1133,2025-11-22 20:02:43,WhatsApp,Soporte técnico,Soporte,16,False,Finalizada,True,5
8714,1508,2025-04-12 02:16:06,WhatsApp,Cancelar servicio,Ventas,2,False,Finalizada,True,5
8715,1697,2025-02-17 13:46:11,WhatsApp,Reclamo,Atención al Cliente,14,False,Abandonada,False,1
8716,1342,2025-03-26 04:27:05,Instagram,Consultar precios,Soporte,5,False,Finalizada,False,4
8717,260,2025-01-26 18:41:33,WhatsApp,Seguimiento,Atención al Cliente,7,False,Finalizada,False,3
8718,68,2025-09-23 09:19:27,Web,Solicitar información,Ventas,4,False,Abandonada,False,1
8719,105,2025-03-29 18:11:49,Web,Solicitar información,Soporte,4,False,Finalizada,False,4
8720,1629,2025-09-02 13:12:17,Telegram,Cancelar servicio,Atención Comercial,3,False,Finalizada,True,4
8721,1973,2025-09-11 16:43:28,Instagram,Agendar servicio,Ventas,8,False,Finalizada,False,4
8722,736,2025-07-19 08:35:28,WhatsApp,Cancelar servicio,Ventas,2,False,Finalizada,False,4
8723,379,2025-02-21 18:39:36,WhatsApp,Consultar precios,Soporte,5,False,Finalizada,False,4
8724,43,2025-10-31 19:24:56,Instagram,Seguimiento,Atención Comercial,6,False,Finalizada,False,3
8725,1015,2025-10-25 19:33:13,Instagram,Soporte técnico,Soporte,18,False,Finalizada,False,3
8726,1694,2025-09-11 17:03:26,Web,Seguimiento,Postventa,7,True,Finalizada,True,2
8727,1130,2025-12-13 19:07:19,WhatsApp,Cancelar servicio,Postventa,3,False,Finalizada,True,5
8728,851,2025-06-29 19:47:32,Facebook,Solicitar información,Atención al Cliente,5,False,Abandonada,False,1
8729,863,2025-06-25 19:31:41,WhatsApp,Reclamo,Postventa,10,True,Finalizada,True,2
8730,1745,2025-12-09 13:56:56,Facebook,Consultar precios,Postventa,3,False,Abandonada,False,1
8731,869,2025-04-07 04:04:57,Facebook,Agendar servicio,Postventa,6,False,Finalizada,False,3
8732,617,2025-09-23 13:08:25,WhatsApp,Seguimiento,Atención Comercial,4,False,Finalizada,True,4
8733,378,2025-05-14 12:00:46,WhatsApp,Solicitar información,Postventa,4,False,Abandonada,False,1
8734,1297,2025-01-08 20:33:39,Instagram,Agendar servicio,Atención Comercial,7,False,Finalizada,False,4
8735,851,2025-10-13 12:39:50,WhatsApp,Consultar precios,Soporte,5,False,Finalizada,True,5
8736,482,2025-09-15 18:19:34,WhatsApp,Reclamo,Atención Comercial,13,False,Finalizada,True,5
8737,484,2025-04-19 17:16:41,Facebook,Seguimiento,Atención Comercial,7,False,Finalizada,True,5
8738,1586,2025-03-18 19:28:10,WhatsApp,Solicitar información,Atención Comercial,5,False,Finalizada,False,4
8739,1528,2025-06-12 02:47:23,WhatsApp,Seguimiento,Atención Comercial,5,True,Finalizada,False,1
8740,528,2025-08-03 20:33:21,Web,Solicitar información,Atención Comercial,5,False,Finalizada,False,3
8741,162,2025-06-03 19:36:59,Facebook,Seguimiento,Postventa,4,False,Finalizada,False,3
8742,196,2025-12-27 18:23:07,Web,Consultar precios,Atención Comercial,4,False,Finalizada,False,3
8743,1105,2025-05-05 19:49:39,Facebook,Agendar servicio,Soporte,5,False,Finalizada,False,5
8744,1920,2025-08-23 19:24:16,WhatsApp,Cancelar servicio,Atención Comercial,2,True,Finalizada,False,2
8745,1493,2025-09-30 12:14:27,Facebook,Solicitar información,Soporte,4,False,Finalizada,False,3
8746,1580,2025-02-23 18:00:53,WhatsApp,Cancelar servicio,Atención al Cliente,4,False,Finalizada,True,5
8747,1675,2025-12-15 13:28:43,WhatsApp,Seguimiento,Postventa,4,False,Finalizada,False,4
8748,455,2025-07-03 13:25:27,Telegram,Soporte técnico,Postventa,13,False,Finalizada,False,3
8749,1977,2025-09-10 08:34:36,Instagram,Soporte técnico,Postventa,17,False,Abandonada,False,1
8750,140,2025-02-21 01:40:13,WhatsApp,Reclamo,Atención Comercial,13,False,Finalizada,False,4
8751,181,2025-05-03 18:52:50,WhatsApp,Cancelar servicio,Atención al Cliente,3,False,Finalizada,False,3
8752,455,2025-09-13 18:55:46,Web,Cancelar servicio,Postventa,3,False,Finalizada,False,4
8753,820,2025-09-17 13:44:24,WhatsApp,Cancelar servicio,Postventa,4,False,Finalizada,True,4
8754,1066,2025-06-22 10:18:25,WhatsApp,Reclamo,Atención Comercial,9,False,Finalizada,True,5
8755,297,2025-03-27 18:04:40,WhatsApp,Solicitar información,Postventa,4,True,Finalizada,True,2
8756,717,2025-08-14 20:19:44,WhatsApp,Consultar precios,Soporte,5,False,Finalizada,False,3
8757,1440,2025-02-08 20:43:05,WhatsApp,Seguimiento,Atención al Cliente,4,False,Finalizada,True,5
8758,1143,2025-06-04 13:22:19,Web,Reclamo,Atención al Cliente,12,False,Finalizada,True,4
8759,187,2025-05-02 09:54:42,WhatsApp,Agendar servicio,Atención al Cliente,8,False,Finalizada,False,3
8760,1673,2025-03-31 20:50:59,WhatsApp,Solicitar información,Atención Comercial,6,False,Abandonada,False,2
8761,724,2025-09-20 13:50:44,WhatsApp,Reclamo,Ventas,11,False,Abandonada,False,2
8762,147,2025-04-12 12:14:26,Facebook,Agendar servicio,Ventas,7,False,Finalizada,False,5
8763,1379,2025-09-06 13:28:54,Instagram,Soporte técnico,Atención Comercial,14,False,Abandonada,False,1
8764,1131,2025-11-11 15:28:43,Instagram,Agendar servicio,Ventas,6,False,Finalizada,False,4
8765,1910,2025-01-30 12:36:46,Instagram,Cancelar servicio,Soporte,3,False,Finalizada,True,5
8766,1654,2025-09-16 18:21:34,WhatsApp,Consultar precios,Postventa,4,False,Finalizada,False,3
8767,464,2025-12-15 10:56:18,WhatsApp,Reclamo,Soporte,12,False,Abandonada,False,1
8768,964,2025-01-13 12:00:07,WhatsApp,Consultar precios,Soporte,3,False,Finalizada,False,4
8769,1714,2025-08-06 18:02:42,WhatsApp,Seguimiento,Atención al Cliente,5,False,Abandonada,False,2
8770,1273,2025-01-18 18:26:21,Telegram,Seguimiento,Soporte,7,False,Finalizada,False,4
8771,1696,2025-02-25 12:48:02,WhatsApp,Agendar servicio,Ventas,5,False,Finalizada,True,4
8772,147,2025-01-14 17:15:53,WhatsApp,Cancelar servicio,Atención Comercial,4,False,Abandonada,False,1
8773,313,2025-02-27 13:20:17,Web,Seguimiento,Postventa,6,False,Finalizada,False,5
8774,1164,2025-11-05 18:19:40,Facebook,Agendar servicio,Atención al Cliente,7,False,Finalizada,True,5
8775,628,2025-10-01 19:50:05,Web,Solicitar información,Ventas,5,False,Abandonada,False,1
8776,541,2025-06-06 16:26:03,WhatsApp,Consultar precios,Soporte,5,False,Finalizada,True,5
8777,1236,2025-07-25 20:13:11,WhatsApp,Cancelar servicio,Soporte,2,False,Abandonada,False,1
8778,1740,2025-10-26 17:18:38,Facebook,Reclamo,Postventa,11,False,Finalizada,True,5
8779,1624,2025-07-04 08:54:57,Facebook,Soporte técnico,Postventa,11,True,Finalizada,False,1
8780,529,2025-10-29 20:57:39,WhatsApp,Consultar precios,Ventas,4,False,Finalizada,True,5
8781,999,2025-05-23 05:42:38,WhatsApp,Cancelar servicio,Atención Comercial,4,False,Finalizada,True,5
8782,1708,2025-06-10 17:26:16,Facebook,Seguimiento,Atención Comercial,7,False,Finalizada,False,3
8783,903,2025-02-21 13:02:26,WhatsApp,Solicitar información,Ventas,5,False,Finalizada,False,3
8784,133,2025-12-10 18:42:11,Web,Solicitar información,Postventa,5,False,Finalizada,True,5
8785,63,2025-08-17 12:12:56,WhatsApp,Consultar precios,Soporte,4,False,Abandonada,False,1
8786,991,2025-08-14 13:46:20,WhatsApp,Seguimiento,Ventas,7,False,Abandonada,False,2
8787,955,2025-04-25 19:01:13,WhatsApp,Consultar precios,Atención Comercial,4,False,Finalizada,False,4
8788,1001,2025-11-14 19:17:06,WhatsApp,Consultar precios,Atención al Cliente,4,False,Finalizada,False,5
8789,299,2025-11-27 18:02:43,Web,Seguimiento,Atención Comercial,7,False,Finalizada,True,4
8790,1455,2025-09-19 04:10:05,Telegram,Reclamo,Atención al Cliente,9,False,Finalizada,False,3
8791,1998,2025-03-04 03:34:29,Web,Agendar servicio,Postventa,5,False,Finalizada,False,3
8792,1058,2025-09-26 18:01:42,Instagram,Consultar precios,Postventa,3,False,Abandonada,False,2
8793,961,2025-07-11 08:52:43,Web,Agendar servicio,Atención Comercial,7,False,Finalizada,True,4
8794,1209,2025-04-14 12:03:17,WhatsApp,Agendar servicio,Atención al Cliente,8,False,Finalizada,True,4
8795,895,2025-12-26 19:26:56,Facebook,Agendar servicio,Atención Comercial,7,False,Finalizada,True,4
8796,1808,2025-03-10 20:50:35,WhatsApp,Reclamo,Soporte,10,False,Finalizada,False,3
8797,1369,2025-08-19 16:06:39,Facebook,Consultar precios,Postventa,3,False,Finalizada,True,5
8798,11,2025-03-07 05:01:41,WhatsApp,Solicitar información,Atención Comercial,5,False,Abandonada,False,1
8799,1646,2025-07-17 12:42:31,WhatsApp,Seguimiento,Soporte,4,False,Finalizada,False,4
8800,1151,2025-05-18 19:46:31,WhatsApp,Solicitar información,Atención Comercial,4,False,Abandonada,False,1
8801,464,2025-02-24 12:55:09,WhatsApp,Soporte técnico,Soporte,16,True,Finalizada,False,1
8802,1811,2025-02-18 13:35:44,Instagram,Cancelar servicio,Atención Comercial,3,False,Finalizada,True,4
8803,881,2025-01-01 19:09:42,WhatsApp,Solicitar información,Atención al Cliente,4,False,Finalizada,True,5
8804,410,2025-07-02 12:35:31,WhatsApp,Reclamo,Atención al Cliente,14,False,Abandonada,False,1
8805,883,2025-06-14 18:50:20,WhatsApp,Consultar precios,Ventas,5,False,Finalizada,False,3
8806,1783,2025-11-04 11:00:40,Instagram,Cancelar servicio,Atención al Cliente,2,False,Abandonada,False,2
8807,1515,2025-04-23 00:37:25,WhatsApp,Cancelar servicio,Ventas,4,False,Finalizada,False,5
8808,294,2025-02-24 16:38:41,Web,Solicitar información,Atención al Cliente,5,False,Abandonada,False,1
8809,446,2025-03-22 13:59:07,WhatsApp,Consultar precios,Atención al Cliente,3,False,Finalizada,False,3
8810,1435,2025-03-25 09:10:39,Web,Cancelar servicio,Soporte,4,False,Finalizada,True,4
8811,1032,2025-12-05 15:31:03,Web,Reclamo,Atención al Cliente,9,False,Abandonada,False,2
8812,1007,2025-02-13 19:39:19,Web,Solicitar información,Atención Comercial,4,False,Abandonada,False,1
8813,976,2025-05-04 12:45:27,WhatsApp,Cancelar servicio,Postventa,4,False,Finalizada,True,5
8814,89,2025-12-12 20:56:05,Web,Soporte técnico,Postventa,13,False,Abandonada,False,2
8815,445,2025-10-16 11:44:17,Instagram,Consultar precios,Ventas,3,False,Finalizada,False,5
8816,1900,2025-12-21 08:10:47,WhatsApp,Reclamo,Atención al Cliente,14,True,Finalizada,True,2
8817,139,2025-04-16 00:51:55,Facebook,Agendar servicio,Soporte,6,False,Finalizada,True,5
8818,537,2025-07-10 13:38:04,Web,Seguimiento,Atención al Cliente,6,False,Finalizada,False,3
8819,1899,2025-06-29 01:46:39,WhatsApp,Consultar precios,Soporte,4,False,Finalizada,False,4
8820,865,2025-09-08 10:06:48,WhatsApp,Soporte técnico,Atención Comercial,16,False,Finalizada,True,5
8821,816,2025-05-27 19:04:25,WhatsApp,Soporte técnico,Atención Comercial,17,False,Finalizada,False,4
8822,508,2025-06-02 20:52:04,Web,Agendar servicio,Atención al Cliente,6,False,Finalizada,True,5
8823,1692,2025-06-01 19:04:45,WhatsApp,Seguimiento,Ventas,6,False,Abandonada,False,1
8824,850,2025-03-18 18:07:03,Instagram,Agendar servicio,Soporte,8,True,Finalizada,True,3
8825,1597,2025-09-18 20:14:49,WhatsApp,Cancelar servicio,Atención Comercial,4,False,Finalizada,True,5
8826,1326,2025-07-18 20:47:35,Facebook,Soporte técnico,Soporte,10,False,Abandonada,False,1
8827,1181,2025-09-01 11:02:59,WhatsApp,Solicitar información,Soporte,4,False,Finalizada,False,3
8828,1759,2025-08-13 18:31:44,Facebook,Reclamo,Atención Comercial,9,True,Finalizada,True,3
8829,1308,2025-06-06 17:51:02,Instagram,Agendar servicio,Ventas,8,False,Abandonada,False,2
8830,1858,2025-03-06 12:23:50,Facebook,Cancelar servicio,Soporte,2,False,Abandonada,False,2
8831,962,2025-12-10 19:40:59,Telegram,Consultar precios,Atención Comercial,3,False,Finalizada,False,5
8832,975,2025-12-03 18:06:27,Facebook,Agendar servicio,Atención al Cliente,5,False,Finalizada,False,5
8833,1813,2025-04-03 19:32:31,WhatsApp,Seguimiento,Atención al Cliente,4,False,Finalizada,True,4
8834,425,2025-10-01 12:20:15,Instagram,Solicitar información,Soporte,4,False,Finalizada,False,4
8835,258,2025-01-01 12:08:44,WhatsApp,Cancelar servicio,Atención al Cliente,4,False,Finalizada,True,5
8836,1131,2025-08-21 18:49:37,WhatsApp,Agendar servicio,Atención Comercial,7,True,Abandonada,False,1
8837,1721,2025-12-21 19:37:13,Instagram,Soporte técnico,Soporte,14,False,Finalizada,False,4
8838,68,2025-10-31 20:37:11,WhatsApp,Soporte técnico,Postventa,18,False,Finalizada,True,4
8839,1197,2025-09-15 13:23:18,WhatsApp,Cancelar servicio,Atención Comercial,2,False,Finalizada,False,3
8840,186,2025-10-07 09:16:32,WhatsApp,Consultar precios,Soporte,3,False,Finalizada,True,5
8841,857,2025-03-01 18:31:50,Web,Reclamo,Atención al Cliente,10,True,Finalizada,False,2
8842,1326,2025-02-03 20:54:16,Facebook,Soporte técnico,Soporte,15,True,Finalizada,False,2
8843,100,2025-03-28 20:50:27,Web,Soporte técnico,Soporte,16,False,Abandonada,False,2
8844,356,2025-06-22 13:39:18,WhatsApp,Cancelar servicio,Ventas,3,False,Abandonada,False,2
8845,1135,2025-05-04 20:19:51,Telegram,Cancelar servicio,Postventa,4,False,Finalizada,False,5
8846,672,2025-04-02 10:17:15,Facebook,Seguimiento,Soporte,6,False,Finalizada,False,4
8847,586,2025-03-17 10:22:58,Web,Soporte técnico,Atención al Cliente,16,False,Finalizada,False,4
8848,688,2025-02-14 12:11:20,Instagram,Agendar servicio,Postventa,6,False,Finalizada,True,5
8849,1029,2025-11-06 10:00:35,WhatsApp,Agendar servicio,Soporte,8,False,Finalizada,True,5
8850,1580,2025-03-12 18:07:17,Web,Soporte técnico,Ventas,12,False,Finalizada,False,5
8851,190,2025-05-31 18:28:18,Web,Cancelar servicio,Postventa,3,False,Abandonada,False,2
8852,1503,2025-08-18 13:13:34,Facebook,Reclamo,Postventa,9,False,Abandonada,False,1
8853,1137,2025-11-26 12:58:16,WhatsApp,Reclamo,Postventa,14,True,Finalizada,True,2
8854,940,2025-08-20 19:38:19,Facebook,Solicitar información,Postventa,6,True,Finalizada,False,2
8855,747,2025-09-05 05:55:04,WhatsApp,Seguimiento,Ventas,4,False,Finalizada,True,5
8856,154,2025-05-24 18:35:17,Facebook,Seguimiento,Ventas,4,False,Finalizada,True,5
8857,1211,2025-05-18 12:31:50,WhatsApp,Consultar precios,Atención Comercial,3,False,Finalizada,False,3
8858,566,2025-02-20 01:05:30,Facebook,Agendar servicio,Ventas,6,False,Finalizada,False,3
8859,1795,2025-10-25 11:22:43,Facebook,Seguimiento,Ventas,5,False,Finalizada,False,4
8860,1214,2025-02-07 13:15:48,WhatsApp,Reclamo,Atención al Cliente,10,False,Finalizada,True,5
8861,1228,2025-08-07 03:50:47,Instagram,Reclamo,Atención Comercial,9,True,Finalizada,False,1
8862,1871,2025-01-29 13:21:03,Telegram,Consultar precios,Atención Comercial,5,False,Abandonada,False,1
8863,279,2025-08-21 16:51:17,Instagram,Soporte técnico,Atención Comercial,11,True,Finalizada,True,3
8864,675,2025-08-18 11:21:14,Web,Soporte técnico,Atención Comercial,12,False,Finalizada,True,4
8865,365,2025-03-03 20:28:27,WhatsApp,Consultar precios,Postventa,5,False,Abandonada,False,1
8866,271,2025-07-29 12:02:53,Instagram,Seguimiento,Soporte,7,False,Finalizada,False,4
8867,38,2025-12-05 12:21:46,Telegram,Soporte técnico,Atención Comercial,10,False,Finalizada,True,4
8868,314,2025-05-26 17:05:33,Facebook,Seguimiento,Postventa,4,True,Abandonada,False,1
8869,1186,2025-06-06 10:04:57,Facebook,Seguimiento,Ventas,7,True,Finalizada,False,1
8870,1497,2025-12-07 19:06:31,Web,Soporte técnico,Soporte,15,True,Finalizada,True,3
8871,247,2025-05-19 18:54:37,WhatsApp,Cancelar servicio,Atención Comercial,4,False,Abandonada,False,1
8872,1743,2025-01-18 12:32:33,WhatsApp,Consultar precios,Ventas,5,False,Finalizada,True,4
8873,1488,2025-12-15 12:19:27,Instagram,Cancelar servicio,Soporte,2,False,Abandonada,False,1
8874,1379,2025-10-24 19:59:31,Facebook,Soporte técnico,Atención Comercial,10,True,Abandonada,False,1
8875,1217,2025-09-16 18:13:12,Web,Seguimiento,Postventa,7,False,Abandonada,False,2
8876,866,2025-01-10 13:40:14,Web,Soporte técnico,Ventas,12,True,Finalizada,False,2
8877,283,2025-10-14 18:52:12,WhatsApp,Seguimiento,Atención Comercial,6,False,Finalizada,True,5
8878,1699,2025-05-03 13:00:25,Web,Consultar precios,Ventas,3,False,Finalizada,True,5
8879,269,2025-09-18 05:09:51,Instagram,Cancelar servicio,Soporte,3,False,Finalizada,False,4
8880,1909,2025-03-26 18:23:39,WhatsApp,Agendar servicio,Postventa,6,False,Abandonada,False,1
8881,611,2025-04-27 20:09:20,WhatsApp,Cancelar servicio,Soporte,3,False,Abandonada,False,1
8882,611,2025-05-06 12:25:32,Instagram,Solicitar información,Atención al Cliente,5,False,Abandonada,False,2
8883,1452,2025-12-01 19:21:08,Web,Consultar precios,Atención Comercial,3,False,Abandonada,False,2
8884,463,2025-07-04 13:16:09,WhatsApp,Cancelar servicio,Soporte,4,False,Finalizada,False,4
8885,1354,2025-06-27 20:10:24,Facebook,Consultar precios,Atención al Cliente,4,False,Abandonada,False,1
8886,1160,2025-01-16 09:37:56,Instagram,Solicitar información,Atención al Cliente,4,False,Finalizada,False,3
8887,974,2025-05-12 16:10:39,WhatsApp,Agendar servicio,Postventa,6,False,Finalizada,True,5
8888,1157,2025-05-28 12:39:31,WhatsApp,Cancelar servicio,Ventas,3,False,Finalizada,True,5
8889,1251,2025-10-15 10:57:05,WhatsApp,Agendar servicio,Soporte,7,False,Finalizada,False,4
8890,1974,2025-02-07 20:19:14,Web,Agendar servicio,Soporte,7,False,Finalizada,True,5
8891,1057,2025-11-20 16:58:21,Instagram,Reclamo,Atención al Cliente,13,False,Finalizada,False,5
8892,92,2025-03-30 20:12:10,WhatsApp,Soporte técnico,Soporte,13,True,Finalizada,False,2
8893,79,2025-11-02 20:10:01,WhatsApp,Agendar servicio,Postventa,8,False,Finalizada,True,5
8894,1405,2025-04-26 12:32:48,WhatsApp,Reclamo,Postventa,14,False,Finalizada,True,5
8895,654,2025-09-19 13:23:04,Web,Solicitar información,Atención al Cliente,6,False,Finalizada,False,4
8896,1728,2025-07-21 20:25:06,WhatsApp,Soporte técnico,Postventa,15,True,Abandonada,False,1
8897,1591,2025-01-30 13:56:23,WhatsApp,Solicitar información,Atención al Cliente,5,False,Finalizada,True,5
8898,1403,2025-07-12 04:30:37,Web,Soporte técnico,Soporte,12,True,Finalizada,False,2
8899,1836,2025-10-25 13:35:02,WhatsApp,Solicitar información,Postventa,5,False,Finalizada,False,4
8900,55,2025-07-21 16:22:11,WhatsApp,Seguimiento,Soporte,4,False,Finalizada,False,3
8901,557,2025-01-09 18:41:43,Facebook,Agendar servicio,Atención al Cliente,5,False,Finalizada,False,4
8902,997,2025-09-08 02:24:39,WhatsApp,Agendar servicio,Ventas,7,False,Finalizada,True,5
8903,1679,2025-08-08 10:11:21,WhatsApp,Solicitar información,Ventas,5,False,Finalizada,False,5
8904,402,2025-02-03 18:17:36,WhatsApp,Reclamo,Atención Comercial,9,False,Finalizada,True,4
8905,1710,2025-09-24 16:20:49,Web,Agendar servicio,Ventas,5,False,Finalizada,True,5
8906,41,2025-09-11 20:55:03,WhatsApp,Solicitar información,Atención al Cliente,6,False,Finalizada,False,4
8907,1280,2025-08-18 18:34:58,Facebook,Seguimiento,Atención Comercial,5,False,Finalizada,False,3
8908,157,2025-08-06 20:22:56,WhatsApp,Consultar precios,Atención Comercial,3,False,Finalizada,True,5
8909,1644,2025-06-12 12:47:20,Facebook,Consultar precios,Postventa,3,False,Abandonada,False,1
8910,1186,2025-05-27 02:55:01,WhatsApp,Consultar precios,Atención al Cliente,5,False,Finalizada,True,5
8911,751,2025-08-20 12:18:05,Facebook,Solicitar información,Atención Comercial,5,False,Abandonada,False,1
8912,1717,2025-11-11 19:16:55,WhatsApp,Cancelar servicio,Atención al Cliente,3,False,Finalizada,True,5
8913,1638,2025-11-25 19:47:04,Instagram,Soporte técnico,Ventas,17,True,Finalizada,False,3
8914,380,2025-08-06 18:50:21,WhatsApp,Reclamo,Soporte,14,False,Finalizada,True,5
8915,836,2025-09-03 13:19:29,WhatsApp,Solicitar información,Atención al Cliente,5,False,Finalizada,True,4
8916,1611,2025-05-06 19:22:14,Facebook,Agendar servicio,Atención Comercial,7,False,Finalizada,False,3
8917,1170,2025-11-24 18:41:19,Facebook,Agendar servicio,Atención Comercial,5,False,Finalizada,False,4
8918,756,2025-01-11 18:04:13,Instagram,Reclamo,Atención Comercial,14,False,Finalizada,True,4
8919,1135,2025-08-11 13:55:26,Web,Soporte técnico,Atención Comercial,11,False,Abandonada,False,1
8920,633,2025-02-25 13:18:41,Facebook,Cancelar servicio,Postventa,2,False,Finalizada,True,5
8921,732,2025-05-25 09:35:04,WhatsApp,Seguimiento,Postventa,4,False,Finalizada,False,3
8922,1384,2025-09-07 20:55:08,Web,Reclamo,Atención Comercial,8,False,Finalizada,False,4
8923,1725,2025-04-24 00:23:16,Facebook,Seguimiento,Atención Comercial,4,False,Finalizada,False,3
8924,47,2025-10-08 12:11:58,WhatsApp,Reclamo,Ventas,9,True,Finalizada,True,2
8925,1114,2025-12-28 18:58:41,WhatsApp,Cancelar servicio,Ventas,3,False,Finalizada,True,4
8926,1910,2025-11-19 12:43:40,Telegram,Soporte técnico,Atención Comercial,17,False,Finalizada,True,4
8927,1880,2025-11-07 12:03:39,WhatsApp,Soporte técnico,Atención al Cliente,12,False,Abandonada,False,1
8928,1589,2025-04-01 19:31:15,WhatsApp,Reclamo,Atención Comercial,15,False,Finalizada,True,5
8929,281,2025-02-07 12:54:59,Web,Agendar servicio,Atención Comercial,8,False,Finalizada,False,3
8930,590,2025-12-24 18:01:53,Facebook,Soporte técnico,Soporte,18,True,Finalizada,True,1
8931,1530,2025-04-06 12:48:58,Facebook,Seguimiento,Atención Comercial,6,False,Finalizada,False,3
8932,1867,2025-07-23 16:07:05,WhatsApp,Agendar servicio,Ventas,5,False,Finalizada,False,5
8933,207,2025-03-16 13:33:51,WhatsApp,Seguimiento,Ventas,6,False,Finalizada,True,4
8934,1226,2025-07-03 19:03:49,WhatsApp,Consultar precios,Atención Comercial,4,False,Finalizada,True,5
8935,481,2025-06-15 12:26:50,Facebook,Reclamo,Ventas,15,False,Finalizada,True,5
8936,701,2025-10-15 18:00:39,Facebook,Soporte técnico,Ventas,17,False,Finalizada,False,3
8937,1690,2025-10-13 12:24:13,WhatsApp,Agendar servicio,Soporte,8,False,Finalizada,True,4
8938,315,2025-10-27 09:37:24,WhatsApp,Reclamo,Atención al Cliente,14,False,Finalizada,False,4
8939,113,2025-07-30 19:54:48,Instagram,Agendar servicio,Atención Comercial,8,False,Abandonada,False,1
8940,947,2025-11-14 19:42:41,WhatsApp,Solicitar información,Atención al Cliente,5,False,Finalizada,True,5
8941,62,2025-08-03 15:55:17,WhatsApp,Soporte técnico,Atención al Cliente,14,False,Finalizada,True,5
8942,206,2025-08-13 12:42:29,Web,Soporte técnico,Soporte,18,False,Finalizada,False,5
8943,651,2025-11-28 18:56:17,WhatsApp,Agendar servicio,Ventas,7,False,Finalizada,False,5
8944,1740,2025-06-10 18:42:23,WhatsApp,Soporte técnico,Atención al Cliente,10,True,Abandonada,False,1
8945,582,2025-04-18 20:26:50,WhatsApp,Seguimiento,Soporte,7,False,Finalizada,True,5
8946,1859,2025-03-21 19:13:25,Facebook,Soporte técnico,Postventa,14,False,Abandonada,False,1
8947,1737,2025-03-13 19:30:25,Facebook,Soporte técnico,Soporte,10,False,Finalizada,False,3
8948,1528,2025-04-13 13:13:05,WhatsApp,Agendar servicio,Soporte,6,False,Finalizada,True,5
8949,628,2025-12-18 12:07:03,WhatsApp,Consultar precios,Atención al Cliente,5,False,Abandonada,False,2
8950,559,2025-12-04 19:17:21,Web,Consultar precios,Ventas,5,False,Abandonada,False,1
8951,425,2025-05-28 18:57:13,Web,Reclamo,Atención Comercial,15,True,Finalizada,False,2
8952,500,2025-12-19 13:22:56,WhatsApp,Reclamo,Soporte,12,False,Finalizada,True,5
8953,975,2025-12-27 12:29:38,Facebook,Agendar servicio,Soporte,6,False,Finalizada,True,5
8954,1615,2025-05-20 20:57:47,WhatsApp,Reclamo,Atención Comercial,9,False,Finalizada,True,4
8955,1268,2025-08-23 12:23:09,WhatsApp,Consultar precios,Soporte,4,False,Finalizada,True,4
8956,487,2025-03-09 18:08:00,WhatsApp,Cancelar servicio,Atención al Cliente,2,False,Finalizada,True,4
8957,971,2025-10-20 16:49:25,WhatsApp,Reclamo,Postventa,10,False,Finalizada,False,3
8958,358,2025-07-22 10:43:07,Web,Reclamo,Soporte,14,False,Finalizada,False,4
8959,802,2025-06-11 18:56:12,Instagram,Consultar precios,Ventas,5,False,Finalizada,True,5
8960,643,2025-04-08 13:58:50,Telegram,Cancelar servicio,Atención al Cliente,2,False,Finalizada,True,5
8961,544,2025-01-24 18:00:31,Web,Soporte técnico,Soporte,15,True,Finalizada,False,3
8962,131,2025-05-03 12:07:26,WhatsApp,Agendar servicio,Atención Comercial,8,False,Finalizada,True,5
8963,1480,2025-12-02 19:45:31,Instagram,Consultar precios,Ventas,3,False,Finalizada,False,5
8964,1455,2025-10-03 18:26:13,Facebook,Cancelar servicio,Ventas,3,False,Finalizada,False,4
8965,1600,2025-07-29 19:57:18,Web,Agendar servicio,Postventa,5,False,Finalizada,False,3
8966,1855,2025-11-29 19:58:28,WhatsApp,Solicitar información,Soporte,4,False,Finalizada,True,5
8967,44,2025-09-16 09:47:26,WhatsApp,Cancelar servicio,Atención Comercial,2,False,Abandonada,False,2
8968,314,2025-02-27 20:40:53,Facebook,Consultar precios,Atención al Cliente,4,False,Finalizada,True,4
8969,1175,2025-10-08 04:36:59,Web,Reclamo,Atención al Cliente,12,False,Finalizada,True,5
8970,812,2025-08-15 19:55:05,Facebook,Cancelar servicio,Ventas,2,False,Abandonada,False,1
8971,843,2025-08-21 04:13:33,Web,Cancelar servicio,Postventa,3,False,Finalizada,False,4
8972,97,2025-04-10 19:26:26,Instagram,Reclamo,Ventas,13,False,Finalizada,False,4
8973,476,2025-07-09 20:07:56,Facebook,Solicitar información,Ventas,4,False,Finalizada,False,5
8974,223,2025-04-25 19:44:06,Facebook,Seguimiento,Atención Comercial,5,False,Finalizada,False,5
8975,1244,2025-11-06 20:30:38,WhatsApp,Cancelar servicio,Atención Comercial,4,False,Finalizada,False,4
8976,1568,2025-04-08 13:47:15,Facebook,Soporte técnico,Ventas,10,False,Finalizada,False,4
8977,1690,2025-07-28 20:44:44,Web,Agendar servicio,Soporte,6,False,Finalizada,False,4
8978,1071,2025-03-15 12:42:16,WhatsApp,Cancelar servicio,Atención Comercial,2,False,Finalizada,False,3
8979,1328,2025-10-03 18:33:58,Web,Reclamo,Ventas,11,True,Finalizada,True,1
8980,1134,2025-06-20 18:21:31,WhatsApp,Solicitar información,Soporte,4,False,Finalizada,True,5
8981,1803,2025-06-16 12:49:53,Web,Reclamo,Atención Comercial,8,False,Abandonada,False,2
8982,1349,2025-01-10 03:45:22,WhatsApp,Cancelar servicio,Atención Comercial,4,False,Finalizada,False,3
8983,818,2025-03-02 19:13:37,WhatsApp,Solicitar información,Soporte,5,False,Finalizada,False,3
8984,328,2025-12-15 04:42:46,WhatsApp,Consultar precios,Atención Comercial,3,False,Abandonada,False,1
8985,221,2025-06-21 18:19:59,WhatsApp,Soporte técnico,Atención Comercial,11,True,Finalizada,False,1
8986,11,2025-02-24 18:18:05,Telegram,Reclamo,Postventa,13,False,Finalizada,False,3
8987,750,2025-01-01 19:10:26,WhatsApp,Solicitar información,Ventas,4,False,Finalizada,True,5
8988,1836,2025-09-13 19:09:13,WhatsApp,Agendar servicio,Atención al Cliente,5,False,Finalizada,False,5
8989,1175,2025-07-14 20:00:07,Web,Reclamo,Postventa,10,False,Finalizada,False,5
8990,1897,2025-09-01 19:08:41,WhatsApp,Consultar precios,Soporte,3,False,Finalizada,False,4
8991,1614,2025-10-15 19:42:40,WhatsApp,Solicitar información,Ventas,5,False,Finalizada,True,4
8992,1174,2025-03-24 19:26:07,WhatsApp,Consultar precios,Ventas,4,False,Finalizada,False,4
8993,307,2025-02-20 10:03:44,WhatsApp,Reclamo,Atención al Cliente,10,True,Finalizada,True,2
8994,1549,2025-11-02 19:31:21,WhatsApp,Cancelar servicio,Ventas,2,False,Finalizada,True,5
8995,1174,2025-09-15 20:48:09,WhatsApp,Reclamo,Postventa,15,False,Finalizada,True,5
8996,117,2025-07-23 20:30:17,WhatsApp,Agendar servicio,Atención Comercial,6,False,Abandonada,False,1
8997,737,2025-02-08 20:31:24,Instagram,Reclamo,Ventas,15,False,Finalizada,False,3
8998,1274,2025-06-07 19:56:12,Web,Cancelar servicio,Soporte,2,False,Finalizada,False,3
8999,681,2025-10-21 09:24:52,Instagram,Soporte técnico,Ventas,10,False,Finalizada,True,5
9000,57,2025-03-22 19:02:36,WhatsApp,Soporte técnico,Postventa,18,False,Finalizada,True,5
9001,467,2025-09-26 13:36:29,Facebook,Seguimiento,Ventas,7,False,Abandonada,False,1
9002,1795,2025-04-07 10:57:27,Web,Seguimiento,Postventa,5,True,Finalizada,True,1
9003,228,2025-05-13 20:04:49,WhatsApp,Agendar servicio,Postventa,7,False,Finalizada,False,4
9004,903,2025-09-11 15:59:00,WhatsApp,Solicitar información,Postventa,5,False,Finalizada,True,5
9005,1684,2025-09-23 19:19:25,WhatsApp,Seguimiento,Soporte,6,False,Finalizada,False,3
9006,1403,2025-01-10 19:14:26,Facebook,Reclamo,Soporte,14,False,Finalizada,False,5
9007,1349,2025-07-18 18:53:19,Web,Soporte técnico,Atención Comercial,17,True,Finalizada,True,1
9008,1256,2025-02-06 19:15:31,WhatsApp,Consultar precios,Postventa,3,False,Abandonada,False,1
9009,601,2025-10-05 19:37:14,WhatsApp,Seguimiento,Atención al Cliente,5,False,Abandonada,False,1
9010,627,2025-12-02 11:23:32,Instagram,Reclamo,Atención Comercial,13,False,Abandonada,False,1
9011,1935,2025-06-02 16:32:58,Web,Consultar precios,Atención Comercial,3,False,Finalizada,True,5
9012,1451,2025-11-02 20:35:46,Facebook,Reclamo,Atención Comercial,11,False,Finalizada,False,3
9013,1633,2025-09-10 12:33:53,Web,Reclamo,Postventa,13,False,Finalizada,True,5
9014,1615,2025-12-29 12:38:05,Facebook,Reclamo,Ventas,8,True,Finalizada,True,2
9015,1835,2025-02-02 18:36:27,WhatsApp,Agendar servicio,Ventas,6,False,Abandonada,False,1
9016,1343,2025-10-10 20:00:36,WhatsApp,Reclamo,Atención al Cliente,12,False,Finalizada,True,4
9017,1457,2025-06-21 05:32:27,Web,Seguimiento,Ventas,5,False,Finalizada,False,4
9018,341,2025-03-19 18:38:05,Facebook,Agendar servicio,Atención Comercial,6,True,Finalizada,False,3
9019,1319,2025-04-30 11:06:43,Instagram,Agendar servicio,Postventa,8,False,Finalizada,False,4
9020,653,2025-04-28 13:08:22,Telegram,Seguimiento,Postventa,7,False,Finalizada,False,3
9021,1575,2025-08-03 09:41:13,WhatsApp,Soporte técnico,Atención al Cliente,17,True,Finalizada,True,2
9022,389,2025-09-08 18:53:13,Telegram,Agendar servicio,Atención Comercial,8,False,Finalizada,False,5
9023,866,2025-11-22 18:16:48,WhatsApp,Reclamo,Soporte,14,False,Finalizada,False,5
9024,993,2025-03-01 03:34:36,Web,Agendar servicio,Atención al Cliente,8,False,Finalizada,False,5
9025,1759,2025-02-08 10:25:10,WhatsApp,Cancelar servicio,Postventa,3,True,Finalizada,False,1
9026,278,2025-01-03 20:45:41,Telegram,Seguimiento,Atención Comercial,7,False,Finalizada,False,4
9027,1745,2025-07-28 13:17:42,WhatsApp,Soporte técnico,Soporte,16,False,Finalizada,True,5
9028,562,2025-03-26 18:20:28,Web,Soporte técnico,Postventa,11,False,Finalizada,True,5
9029,472,2025-05-04 20:47:56,Telegram,Soporte técnico,Atención Comercial,12,False,Finalizada,False,3
9030,1605,2025-05-08 12:42:04,WhatsApp,Solicitar información,Atención al Cliente,5,False,Finalizada,False,5
9031,170,2025-01-03 13:05:29,WhatsApp,Reclamo,Postventa,8,True,Finalizada,False,2
9032,1210,2025-01-03 02:11:21,WhatsApp,Consultar precios,Atención al Cliente,5,False,Finalizada,False,4
9033,1528,2025-08-12 12:33:52,WhatsApp,Seguimiento,Postventa,4,False,Finalizada,True,5
9034,1660,2025-04-12 18:29:03,Instagram,Solicitar información,Atención al Cliente,6,False,Finalizada,False,4
9035,1479,2025-07-14 18:12:38,Web,Reclamo,Atención Comercial,10,False,Finalizada,False,3
9036,264,2025-09-24 20:42:46,Instagram,Consultar precios,Atención Comercial,3,False,Finalizada,True,5
9037,390,2025-10-22 17:17:58,WhatsApp,Reclamo,Atención al Cliente,11,True,Finalizada,True,3
9038,297,2025-08-11 04:19:37,WhatsApp,Reclamo,Atención al Cliente,15,True,Finalizada,False,2
9039,476,2025-01-11 08:26:54,Web,Cancelar servicio,Atención al Cliente,4,False,Finalizada,False,4
9040,1461,2025-08-28 11:11:44,Web,Consultar precios,Ventas,4,False,Finalizada,True,5
9041,1492,2025-05-07 13:56:42,WhatsApp,Soporte técnico,Atención al Cliente,18,False,Abandonada,False,2
9042,717,2025-05-21 12:09:57,WhatsApp,Seguimiento,Ventas,5,False,Finalizada,True,5
9043,1734,2025-05-15 19:10:24,WhatsApp,Reclamo,Atención Comercial,8,False,Finalizada,True,4
9044,333,2025-03-30 09:30:53,Web,Solicitar información,Atención al Cliente,4,False,Finalizada,False,3
9045,1795,2025-12-18 18:40:32,Telegram,Consultar precios,Atención al Cliente,5,False,Finalizada,False,4
9046,1274,2025-06-14 12:46:14,WhatsApp,Seguimiento,Ventas,6,False,Finalizada,False,4
9047,984,2025-08-06 13:35:08,Web,Consultar precios,Soporte,4,False,Finalizada,False,3
9048,801,2025-11-15 12:25:22,Web,Consultar precios,Atención al Cliente,3,False,Finalizada,True,5
9049,1734,2025-06-18 13:07:02,WhatsApp,Consultar precios,Atención Comercial,3,False,Finalizada,True,5
9050,1331,2025-04-06 19:37:34,Facebook,Cancelar servicio,Atención Comercial,4,False,Finalizada,False,3
9051,1834,2025-06-17 10:16:41,Instagram,Agendar servicio,Postventa,7,False,Finalizada,True,5
9052,491,2025-08-12 19:38:35,Web,Reclamo,Atención Comercial,10,True,Finalizada,False,1
9053,293,2025-03-09 09:10:19,Web,Cancelar servicio,Postventa,4,False,Finalizada,False,3
9054,1068,2025-07-28 19:30:32,WhatsApp,Solicitar información,Postventa,6,False,Abandonada,False,1
9055,226,2025-12-17 15:19:11,Instagram,Agendar servicio,Atención Comercial,5,False,Finalizada,False,4
9056,102,2025-01-20 09:22:40,Web,Reclamo,Soporte,15,False,Finalizada,False,5
9057,1417,2025-08-03 20:20:49,Web,Seguimiento,Ventas,4,False,Finalizada,False,3
9058,1463,2025-09-24 19:55:11,WhatsApp,Cancelar servicio,Ventas,4,False,Finalizada,False,4
9059,305,2025-01-18 20:07:30,WhatsApp,Seguimiento,Postventa,6,False,Finalizada,False,3
9060,1865,2025-06-01 18:59:37,Web,Agendar servicio,Atención al Cliente,5,False,Finalizada,True,5
9061,101,2025-10-06 20:38:30,WhatsApp,Agendar servicio,Postventa,8,False,Finalizada,True,5
9062,220,2025-05-05 12:40:25,Facebook,Seguimiento,Postventa,6,False,Abandonada,False,1
9063,1929,2025-10-05 12:01:47,WhatsApp,Seguimiento,Atención Comercial,7,False,Finalizada,True,5
9064,54,2025-12-07 15:52:43,Facebook,Reclamo,Atención Comercial,11,False,Finalizada,True,5
9065,475,2025-08-04 13:35:27,Facebook,Reclamo,Soporte,15,False,Finalizada,False,4
9066,874,2025-09-07 01:59:12,Facebook,Agendar servicio,Atención Comercial,5,False,Finalizada,True,5
9067,1424,2025-08-22 15:11:41,Web,Cancelar servicio,Soporte,2,False,Finalizada,True,5
9068,1908,2025-06-02 19:01:18,Facebook,Soporte técnico,Soporte,12,True,Abandonada,False,1
9069,1531,2025-02-24 12:09:19,Facebook,Consultar precios,Atención al Cliente,4,False,Finalizada,False,3
9070,1839,2025-07-31 01:11:11,Web,Agendar servicio,Postventa,5,True,Finalizada,True,1
9071,1442,2025-10-26 20:39:27,WhatsApp,Agendar servicio,Postventa,6,False,Abandonada,False,2
9072,1845,2025-03-28 19:40:20,Web,Soporte técnico,Ventas,17,False,Finalizada,False,4
9073,1348,2025-04-22 18:16:44,Web,Reclamo,Atención al Cliente,13,True,Finalizada,False,3
9074,1622,2025-10-10 12:18:06,Facebook,Agendar servicio,Soporte,8,False,Finalizada,True,5
9075,432,2025-05-27 11:42:58,Web,Seguimiento,Soporte,7,False,Finalizada,False,3
9076,604,2025-05-25 18:02:25,Facebook,Reclamo,Atención al Cliente,14,False,Finalizada,False,4
9077,1749,2025-04-06 12:07:03,Facebook,Seguimiento,Atención al Cliente,6,False,Abandonada,False,1
9078,1202,2025-12-17 20:03:57,WhatsApp,Agendar servicio,Soporte,7,True,Abandonada,False,1
9079,1439,2025-07-08 15:43:08,Web,Seguimiento,Postventa,7,True,Finalizada,True,3
9080,621,2025-10-31 16:13:35,WhatsApp,Soporte técnico,Soporte,14,False,Finalizada,True,5
9081,1903,2025-12-21 19:03:42,WhatsApp,Seguimiento,Ventas,4,False,Finalizada,True,5
9082,651,2025-07-16 09:32:13,Web,Soporte técnico,Atención Comercial,12,False,Finalizada,True,4
9083,1876,2025-11-24 09:50:23,WhatsApp,Consultar precios,Soporte,4,False,Abandonada,False,1
9084,1142,2025-06-17 08:27:24,Telegram,Seguimiento,Ventas,7,False,Finalizada,True,5
9085,5,2025-09-02 13:41:17,Facebook,Solicitar información,Postventa,5,False,Finalizada,False,5
9086,1611,2025-07-24 04:40:14,Instagram,Consultar precios,Atención Comercial,3,False,Abandonada,False,2
9087,1206,2025-09-17 13:44:46,WhatsApp,Agendar servicio,Atención al Cliente,7,False,Finalizada,False,3
9088,36,2025-01-31 12:57:45,Instagram,Agendar servicio,Soporte,8,False,Finalizada,False,4
9089,916,2025-03-23 13:54:29,Instagram,Soporte técnico,Postventa,18,False,Finalizada,True,5
9090,900,2025-02-05 13:05:56,Instagram,Soporte técnico,Postventa,10,False,Finalizada,False,4
9091,1595,2025-08-30 12:30:23,WhatsApp,Consultar precios,Soporte,4,False,Finalizada,True,4
9092,1316,2025-08-31 09:12:05,Facebook,Cancelar servicio,Soporte,4,False,Abandonada,False,2
9093,472,2025-02-22 13:23:06,Facebook,Solicitar información,Ventas,5,False,Finalizada,True,5
9094,1856,2025-12-06 20:48:21,WhatsApp,Agendar servicio,Atención Comercial,6,False,Finalizada,False,4
9095,657,2025-10-27 20:50:31,WhatsApp,Reclamo,Atención Comercial,13,False,Finalizada,False,3
9096,1627,2025-04-18 18:44:15,WhatsApp,Cancelar servicio,Postventa,2,False,Finalizada,False,4
9097,667,2025-07-04 12:13:23,WhatsApp,Agendar servicio,Ventas,8,False,Finalizada,True,5
9098,1624,2025-07-19 13:57:13,Instagram,Seguimiento,Postventa,7,False,Finalizada,False,3
9099,682,2025-03-09 02:25:42,Facebook,Agendar servicio,Postventa,6,False,Finalizada,True,5
9100,1759,2025-06-13 20:02:38,WhatsApp,Seguimiento,Soporte,6,False,Finalizada,False,5
9101,426,2025-10-16 17:56:08,WhatsApp,Consultar precios,Postventa,3,False,Finalizada,False,3
9102,1097,2025-02-25 16:31:59,Instagram,Seguimiento,Soporte,6,False,Finalizada,False,4
9103,853,2025-06-05 18:31:51,WhatsApp,Reclamo,Postventa,10,False,Finalizada,False,4
9104,1926,2025-10-12 12:15:12,WhatsApp,Solicitar información,Atención Comercial,5,False,Finalizada,False,4
9105,1496,2025-09-06 17:45:17,Instagram,Solicitar información,Soporte,4,False,Finalizada,True,5
9106,827,2025-08-14 17:20:13,WhatsApp,Agendar servicio,Atención Comercial,7,False,Finalizada,True,5
9107,9,2025-12-04 19:34:02,WhatsApp,Agendar servicio,Ventas,6,False,Finalizada,False,3
9108,665,2025-12-21 13:51:27,WhatsApp,Cancelar servicio,Ventas,4,False,Finalizada,False,5
9109,203,2025-02-01 18:23:44,WhatsApp,Reclamo,Ventas,14,False,Finalizada,False,4
9110,1351,2025-04-06 15:31:01,Web,Solicitar información,Ventas,6,False,Finalizada,False,3
9111,273,2025-10-17 20:36:03,WhatsApp,Agendar servicio,Atención al Cliente,5,False,Abandonada,False,2
9112,1177,2025-01-28 20:00:12,Facebook,Reclamo,Atención Comercial,11,False,Abandonada,False,2
9113,1112,2025-12-04 13:45:33,WhatsApp,Reclamo,Soporte,15,False,Abandonada,False,1
9114,835,2025-11-07 11:56:57,Facebook,Cancelar servicio,Ventas,2,False,Finalizada,True,5
9115,1009,2025-06-02 18:50:53,Web,Solicitar información,Ventas,4,False,Finalizada,False,5
9116,399,2025-11-13 16:11:28,Instagram,Reclamo,Postventa,10,False,Finalizada,False,3
9117,1686,2025-10-25 15:04:23,WhatsApp,Agendar servicio,Soporte,8,False,Finalizada,False,4
9118,431,2025-11-16 13:16:29,WhatsApp,Solicitar información,Postventa,5,False,Finalizada,True,5
9119,268,2025-06-29 18:22:52,Instagram,Solicitar información,Atención al Cliente,4,False,Finalizada,False,4
9120,985,2025-05-09 19:14:55,WhatsApp,Agendar servicio,Atención al Cliente,5,True,Finalizada,False,3
9121,525,2025-06-12 18:48:55,Web,Agendar servicio,Atención al Cliente,8,False,Abandonada,False,1
9122,1303,2025-04-08 12:14:49,Web,Seguimiento,Ventas,6,False,Finalizada,False,4
9123,660,2025-02-26 08:10:16,WhatsApp,Soporte técnico,Ventas,17,False,Finalizada,True,4
9124,1563,2025-06-25 18:34:23,Facebook,Seguimiento,Postventa,4,True,Finalizada,False,1
9125,1525,2025-11-03 02:55:05,Web,Seguimiento,Atención Comercial,6,False,Finalizada,True,5
9126,1279,2025-05-23 03:58:43,WhatsApp,Consultar precios,Postventa,3,False,Finalizada,False,5
9127,641,2025-02-13 13:04:05,Web,Consultar precios,Soporte,5,False,Finalizada,True,4
9128,531,2025-05-11 12:07:07,WhatsApp,Soporte técnico,Atención al Cliente,13,False,Finalizada,True,5
9129,483,2025-12-12 20:41:45,WhatsApp,Reclamo,Atención Comercial,12,True,Finalizada,False,3
9130,242,2025-05-01 19:22:47,Instagram,Agendar servicio,Atención Comercial,7,False,Finalizada,False,3
9131,480,2025-04-02 13:28:26,WhatsApp,Seguimiento,Postventa,7,False,Finalizada,True,4
9132,1641,2025-05-21 20:30:57,Telegram,Solicitar información,Atención Comercial,4,False,Finalizada,False,4
9133,203,2025-01-20 13:38:54,WhatsApp,Soporte técnico,Ventas,13,True,Finalizada,True,2
9134,1069,2025-11-26 13:48:22,WhatsApp,Solicitar información,Atención Comercial,5,False,Finalizada,True,5
9135,1554,2025-04-24 11:34:27,Telegram,Cancelar servicio,Soporte,3,False,Finalizada,False,3
9136,482,2025-05-12 17:40:09,Facebook,Solicitar información,Soporte,4,False,Finalizada,True,5
9137,613,2025-12-04 12:25:50,Web,Agendar servicio,Postventa,5,False,Finalizada,False,3
9138,1025,2025-07-14 20:46:29,WhatsApp,Consultar precios,Ventas,5,False,Finalizada,False,4
9139,1866,2025-11-24 20:09:53,Facebook,Agendar servicio,Ventas,6,False,Finalizada,True,5
9140,512,2025-09-05 08:51:32,Web,Cancelar servicio,Atención Comercial,3,False,Finalizada,True,5
9141,245,2025-10-14 19:13:04,Web,Reclamo,Soporte,13,True,Finalizada,False,3
9142,1072,2025-10-04 19:20:21,Web,Soporte técnico,Soporte,16,True,Abandonada,False,1
9143,1415,2025-08-20 19:33:50,WhatsApp,Soporte técnico,Atención Comercial,14,True,Abandonada,False,1
9144,498,2025-11-21 12:55:39,Facebook,Soporte técnico,Ventas,11,True,Finalizada,True,3
9145,776,2025-01-19 12:32:35,Facebook,Soporte técnico,Postventa,11,False,Finalizada,True,5
9146,1522,2025-07-23 13:56:01,Web,Soporte técnico,Atención Comercial,18,True,Finalizada,False,2
9147,1903,2025-11-30 20:55:32,WhatsApp,Cancelar servicio,Soporte,4,False,Finalizada,True,5
9148,379,2025-12-13 10:44:01,Telegram,Seguimiento,Atención al Cliente,4,False,Abandonada,False,1
9149,676,2025-02-15 15:43:56,WhatsApp,Agendar servicio,Soporte,6,False,Abandonada,False,1
9150,1688,2025-03-17 12:29:40,Facebook,Seguimiento,Atención Comercial,5,False,Finalizada,False,5
9151,848,2025-03-28 18:57:45,Facebook,Seguimiento,Atención al Cliente,4,True,Finalizada,False,3
9152,1711,2025-07-17 12:45:02,WhatsApp,Cancelar servicio,Ventas,3,False,Finalizada,True,5
9153,554,2025-05-15 19:52:06,Web,Reclamo,Postventa,9,False,Finalizada,True,5
9154,195,2025-01-12 08:47:47,Telegram,Cancelar servicio,Atención al Cliente,2,False,Finalizada,False,3
9155,209,2025-06-27 13:34:00,Instagram,Agendar servicio,Atención Comercial,8,True,Finalizada,False,2
9156,320,2025-03-13 19:54:23,WhatsApp,Agendar servicio,Atención al Cliente,7,False,Finalizada,False,4
9157,1728,2025-10-05 20:24:27,WhatsApp,Solicitar información,Postventa,5,False,Abandonada,False,1
9158,1820,2025-10-21 12:07:42,WhatsApp,Consultar precios,Ventas,5,False,Abandonada,False,1
9159,1273,2025-09-30 12:52:02,WhatsApp,Agendar servicio,Soporte,5,False,Finalizada,True,5
9160,234,2025-07-13 12:20:31,Instagram,Seguimiento,Atención Comercial,4,False,Finalizada,False,4
9161,548,2025-12-18 19:55:28,WhatsApp,Seguimiento,Postventa,6,False,Finalizada,True,5
9162,1220,2025-01-11 19:06:14,Facebook,Agendar servicio,Atención al Cliente,8,False,Finalizada,False,5
9163,78,2025-01-07 18:08:47,WhatsApp,Agendar servicio,Ventas,5,False,Finalizada,True,4
9164,574,2025-08-29 19:26:03,Web,Solicitar información,Soporte,4,False,Finalizada,True,5
9165,1283,2025-12-14 10:43:02,WhatsApp,Solicitar información,Ventas,5,False,Finalizada,True,5
9166,651,2025-06-20 20:24:55,Facebook,Agendar servicio,Postventa,5,False,Finalizada,False,4
9167,1420,2025-11-23 16:34:51,Facebook,Cancelar servicio,Ventas,4,False,Finalizada,True,5
9168,291,2025-02-26 18:37:08,WhatsApp,Reclamo,Ventas,8,False,Abandonada,False,1
9169,1890,2025-09-05 18:10:19,WhatsApp,Soporte técnico,Atención al Cliente,13,True,Finalizada,False,2
9170,328,2025-04-16 18:18:53,WhatsApp,Seguimiento,Atención Comercial,7,False,Finalizada,True,4
9171,988,2025-06-07 13:27:16,Web,Cancelar servicio,Soporte,4,False,Finalizada,True,4
9172,838,2025-02-09 19:30:36,WhatsApp,Reclamo,Atención Comercial,8,False,Abandonada,False,1
9173,1868,2025-10-27 16:05:45,Telegram,Reclamo,Postventa,13,True,Finalizada,True,2
9174,1032,2025-09-07 13:02:13,Facebook,Soporte técnico,Postventa,12,False,Abandonada,False,2
9175,112,2025-05-27 20:17:32,WhatsApp,Consultar precios,Ventas,5,False,Finalizada,True,5
9176,871,2025-02-09 19:22:17,WhatsApp,Seguimiento,Atención Comercial,7,False,Finalizada,False,3
9177,1984,2025-05-31 13:46:49,Web,Cancelar servicio,Soporte,3,False,Finalizada,True,5
9178,1711,2025-02-09 19:30:37,WhatsApp,Agendar servicio,Atención Comercial,7,False,Finalizada,True,5
9179,1411,2025-04-01 12:00:30,Instagram,Consultar precios,Atención Comercial,3,False,Abandonada,False,2
9180,1605,2025-08-17 09:01:18,WhatsApp,Cancelar servicio,Atención Comercial,2,False,Abandonada,False,1
9181,1373,2025-04-02 12:49:13,WhatsApp,Agendar servicio,Atención al Cliente,5,False,Finalizada,False,5
9182,1124,2025-11-14 12:11:28,Facebook,Seguimiento,Atención Comercial,6,False,Finalizada,False,3
9183,418,2025-10-20 20:06:40,Web,Reclamo,Ventas,10,False,Abandonada,False,1
9184,98,2025-10-11 20:54:47,WhatsApp,Seguimiento,Ventas,6,False,Finalizada,True,5
9185,1271,2025-07-05 12:01:08,Web,Reclamo,Soporte,11,False,Finalizada,True,5
9186,1546,2025-08-14 20:23:48,Instagram,Reclamo,Atención al Cliente,15,False,Finalizada,False,3
9187,244,2025-12-07 05:37:20,WhatsApp,Soporte técnico,Atención al Cliente,18,False,Abandonada,False,1
9188,1539,2025-04-14 18:33:30,WhatsApp,Agendar servicio,Postventa,6,False,Finalizada,True,4
9189,111,2025-05-16 10:58:18,WhatsApp,Solicitar información,Atención al Cliente,4,False,Finalizada,False,3
9190,1059,2025-06-11 10:04:43,Facebook,Seguimiento,Atención Comercial,5,False,Abandonada,False,1
9191,1781,2025-12-22 18:45:22,Web,Soporte técnico,Atención al Cliente,17,False,Finalizada,True,4
9192,1170,2025-08-01 19:59:02,Facebook,Agendar servicio,Atención Comercial,5,False,Abandonada,False,1
9193,1541,2025-10-25 18:11:39,WhatsApp,Soporte técnico,Atención al Cliente,14,True,Finalizada,True,3
9194,788,2025-07-12 20:07:03,WhatsApp,Soporte técnico,Ventas,17,True,Finalizada,True,2
9195,213,2025-12-17 10:33:44,WhatsApp,Soporte técnico,Postventa,17,False,Finalizada,False,4
9196,657,2025-04-06 20:44:50,Web,Seguimiento,Ventas,4,False,Abandonada,False,1
9197,510,2025-07-04 02:54:11,Facebook,Solicitar información,Atención al Cliente,5,False,Finalizada,False,4
9198,78,2025-01-27 19:06:13,Web,Reclamo,Ventas,15,False,Finalizada,True,5
9199,1877,2025-10-05 19:42:42,WhatsApp,Consultar precios,Atención al Cliente,4,False,Finalizada,True,5
9200,1458,2025-03-21 13:20:38,WhatsApp,Seguimiento,Atención al Cliente,5,False,Finalizada,False,4
9201,28,2025-09-15 13:46:35,Instagram,Seguimiento,Soporte,7,False,Finalizada,True,4
9202,332,2025-03-01 00:04:32,Web,Soporte técnico,Postventa,10,False,Finalizada,True,5
9203,1883,2025-12-19 01:12:16,Telegram,Cancelar servicio,Ventas,4,False,Finalizada,False,5
9204,768,2025-07-31 03:36:01,WhatsApp,Agendar servicio,Ventas,6,False,Finalizada,False,4
9205,1321,2025-01-18 20:50:55,WhatsApp,Solicitar información,Atención al Cliente,6,False,Finalizada,True,5
9206,296,2025-05-17 12:48:02,WhatsApp,Solicitar información,Postventa,6,False,Finalizada,True,5
9207,1197,2025-05-27 20:01:44,WhatsApp,Reclamo,Postventa,13,True,Finalizada,True,2
9208,1887,2025-02-08 20:24:59,Instagram,Solicitar información,Soporte,4,True,Finalizada,False,3
9209,858,2025-04-15 20:29:26,Instagram,Seguimiento,Ventas,7,False,Finalizada,False,4
9210,1455,2025-10-10 18:55:11,Instagram,Soporte técnico,Ventas,15,False,Finalizada,False,3
9211,496,2025-10-21 19:00:00,WhatsApp,Agendar servicio,Ventas,6,False,Finalizada,False,4
9212,1017,2025-01-24 09:38:41,Web,Agendar servicio,Atención Comercial,7,False,Abandonada,False,1
9213,1144,2025-12-01 12:48:14,Facebook,Seguimiento,Ventas,6,False,Finalizada,False,4
9214,162,2025-08-10 17:28:48,WhatsApp,Reclamo,Soporte,10,False,Finalizada,True,5
9215,1699,2025-04-25 19:53:26,WhatsApp,Seguimiento,Atención al Cliente,6,False,Abandonada,False,2
9216,769,2025-09-03 19:35:10,WhatsApp,Seguimiento,Postventa,6,False,Finalizada,True,4
9217,1994,2025-01-21 12:32:16,WhatsApp,Reclamo,Postventa,15,True,Abandonada,False,1
9218,1411,2025-12-24 19:31:12,Facebook,Consultar precios,Atención Comercial,5,False,Finalizada,False,3
9219,375,2025-11-19 10:59:42,WhatsApp,Solicitar información,Atención al Cliente,6,False,Finalizada,True,5
9220,1787,2025-05-30 17:32:58,WhatsApp,Consultar precios,Atención Comercial,3,False,Finalizada,False,4
9221,772,2025-06-11 12:36:49,WhatsApp,Consultar precios,Ventas,3,False,Abandonada,False,2
9222,1440,2025-04-02 12:08:23,Facebook,Solicitar información,Atención al Cliente,5,False,Finalizada,True,4
9223,1350,2025-12-23 13:02:18,Instagram,Consultar precios,Ventas,5,False,Abandonada,False,2
9224,1123,2025-07-21 13:54:44,Telegram,Reclamo,Soporte,14,False,Finalizada,False,3
9225,1952,2025-02-10 17:54:21,WhatsApp,Solicitar información,Postventa,4,False,Finalizada,True,5
9226,1324,2025-01-24 16:53:19,Telegram,Cancelar servicio,Postventa,4,True,Abandonada,False,1
9227,518,2025-05-04 18:59:21,Facebook,Solicitar información,Atención Comercial,4,False,Finalizada,False,4
9228,1801,2025-10-22 08:15:19,Facebook,Solicitar información,Atención al Cliente,6,False,Finalizada,False,4
9229,1248,2025-08-26 18:45:51,Facebook,Consultar precios,Atención Comercial,5,False,Finalizada,False,3
9230,1335,2025-02-23 19:51:38,Web,Seguimiento,Postventa,4,False,Finalizada,False,3
9231,534,2025-08-20 20:05:31,Web,Seguimiento,Postventa,7,False,Finalizada,False,4
9232,1704,2025-12-26 12:13:01,WhatsApp,Agendar servicio,Atención al Cliente,8,False,Finalizada,True,5
9233,1463,2025-04-16 10:24:50,WhatsApp,Soporte técnico,Postventa,17,False,Abandonada,False,1
9234,178,2025-12-02 20:41:28,Facebook,Solicitar información,Ventas,6,False,Finalizada,False,3
9235,1926,2025-12-13 16:10:28,WhatsApp,Solicitar información,Atención al Cliente,6,False,Finalizada,False,4
9236,204,2025-01-28 13:14:57,WhatsApp,Solicitar información,Atención al Cliente,5,False,Finalizada,False,3
9237,1664,2025-04-13 10:14:34,Web,Consultar precios,Postventa,5,False,Abandonada,False,2
9238,333,2025-04-14 11:07:59,Web,Consultar precios,Postventa,4,False,Finalizada,True,4
9239,1221,2025-01-02 13:01:46,WhatsApp,Consultar precios,Soporte,3,False,Finalizada,True,5
9240,501,2025-10-03 01:16:37,WhatsApp,Agendar servicio,Atención Comercial,7,False,Finalizada,False,4
9241,901,2025-06-01 01:23:21,WhatsApp,Cancelar servicio,Atención Comercial,4,False,Finalizada,False,5
9242,1472,2025-06-15 12:34:36,Web,Soporte técnico,Postventa,15,False,Abandonada,False,1
9243,422,2025-03-30 12:13:54,Web,Solicitar información,Ventas,6,True,Abandonada,False,1
9244,999,2025-07-23 20:40:57,Facebook,Cancelar servicio,Ventas,3,False,Finalizada,False,4
9245,802,2025-02-10 19:11:21,Web,Reclamo,Soporte,8,False,Finalizada,False,4
9246,1080,2025-11-24 10:03:49,Facebook,Cancelar servicio,Atención al Cliente,3,False,Finalizada,False,3
9247,463,2025-04-03 11:02:19,Telegram,Agendar servicio,Ventas,5,False,Finalizada,True,5
9248,1691,2025-11-06 13:23:10,Facebook,Agendar servicio,Ventas,8,False,Finalizada,True,5
9249,501,2025-10-28 05:39:31,WhatsApp,Cancelar servicio,Atención Comercial,2,True,Finalizada,True,3
9250,243,2025-01-21 13:58:44,Facebook,Soporte técnico,Ventas,15,False,Finalizada,False,5
9251,1172,2025-08-23 12:22:52,WhatsApp,Soporte técnico,Atención Comercial,16,True,Finalizada,False,2
9252,1744,2025-12-21 13:48:49,WhatsApp,Agendar servicio,Atención al Cliente,5,False,Finalizada,False,3
9253,1907,2025-07-03 18:00:56,Instagram,Soporte técnico,Postventa,10,False,Finalizada,False,4
9254,1770,2025-12-12 20:10:43,Web,Soporte técnico,Postventa,15,False,Finalizada,True,5
9255,1316,2025-10-03 18:50:12,WhatsApp,Consultar precios,Atención Comercial,3,False,Finalizada,True,5
9256,321,2025-03-25 09:59:15,Telegram,Soporte técnico,Soporte,10,False,Finalizada,False,4
9257,6,2025-06-14 13:00:01,Facebook,Cancelar servicio,Atención Comercial,2,False,Abandonada,False,2
9258,1886,2025-10-18 20:50:07,WhatsApp,Cancelar servicio,Postventa,4,False,Finalizada,True,5
9259,519,2025-01-19 20:38:52,WhatsApp,Cancelar servicio,Atención al Cliente,2,False,Finalizada,True,4
9260,1471,2025-02-01 00:57:47,WhatsApp,Agendar servicio,Soporte,5,False,Finalizada,True,5
9261,813,2025-03-04 13:44:36,Web,Soporte técnico,Postventa,13,False,Finalizada,False,3
9262,1726,2025-09-18 18:25:33,Web,Seguimiento,Ventas,4,False,Finalizada,True,5
9263,1352,2025-02-16 18:52:53,Web,Reclamo,Ventas,12,False,Finalizada,False,4
9264,390,2025-02-09 18:28:27,Facebook,Reclamo,Postventa,12,True,Finalizada,True,3
9265,97,2025-02-25 11:21:31,Web,Cancelar servicio,Atención Comercial,4,False,Finalizada,True,5
9266,1932,2025-11-21 13:50:45,WhatsApp,Consultar precios,Postventa,3,False,Finalizada,True,5
9267,1255,2025-08-04 18:59:24,WhatsApp,Cancelar servicio,Ventas,4,False,Finalizada,False,3
9268,1442,2025-11-19 18:28:00,Instagram,Reclamo,Postventa,9,False,Abandonada,False,1
9269,1822,2025-08-23 18:58:27,WhatsApp,Soporte técnico,Ventas,17,False,Finalizada,True,4
9270,1539,2025-08-23 10:08:58,WhatsApp,Agendar servicio,Atención al Cliente,5,False,Abandonada,False,1
9271,76,2025-03-12 01:23:09,Web,Seguimiento,Postventa,4,False,Finalizada,True,5
9272,999,2025-11-25 20:03:31,Facebook,Solicitar información,Ventas,6,False,Finalizada,True,4
9273,356,2025-07-19 01:33:56,Telegram,Consultar precios,Postventa,5,False,Abandonada,False,1
9274,187,2025-12-08 19:31:14,WhatsApp,Agendar servicio,Ventas,5,False,Finalizada,False,3
9275,1201,2025-06-23 12:30:59,Telegram,Consultar precios,Ventas,3,False,Finalizada,False,4
9276,1527,2025-09-21 19:31:10,WhatsApp,Soporte técnico,Postventa,17,True,Finalizada,True,2
9277,965,2025-09-16 09:33:02,Instagram,Reclamo,Postventa,8,True,Abandonada,False,2
9278,138,2025-12-28 12:21:39,Facebook,Agendar servicio,Ventas,5,False,Finalizada,True,5
9279,1857,2025-12-11 13:36:17,WhatsApp,Solicitar información,Soporte,6,False,Abandonada,False,1
9280,1799,2025-11-30 20:44:01,Facebook,Agendar servicio,Postventa,5,False,Finalizada,True,5
9281,610,2025-12-12 12:56:21,Instagram,Soporte técnico,Ventas,13,False,Abandonada,False,1
9282,1600,2025-03-08 11:43:07,WhatsApp,Soporte técnico,Ventas,12,False,Finalizada,False,4
9283,1731,2025-03-12 20:39:48,WhatsApp,Seguimiento,Atención Comercial,4,False,Finalizada,True,5
9284,115,2025-01-22 09:32:51,Web,Solicitar información,Postventa,6,False,Finalizada,False,4
9285,900,2025-09-15 12:57:54,Web,Agendar servicio,Soporte,8,False,Finalizada,False,3
9286,585,2025-03-26 10:20:44,Web,Agendar servicio,Atención Comercial,7,False,Finalizada,False,5
9287,1062,2025-07-26 20:50:39,WhatsApp,Reclamo,Atención Comercial,11,True,Finalizada,True,2
9288,21,2025-10-24 12:09:23,Web,Seguimiento,Ventas,6,True,Finalizada,False,1
9289,1869,2025-11-10 20:22:32,Instagram,Reclamo,Atención Comercial,13,False,Finalizada,False,3
9290,1977,2025-01-25 19:51:56,Facebook,Seguimiento,Atención al Cliente,7,False,Finalizada,True,5
9291,1237,2025-09-12 05:58:20,Web,Consultar precios,Soporte,5,False,Finalizada,False,4
9292,239,2025-01-04 20:37:52,Instagram,Soporte técnico,Postventa,15,True,Finalizada,False,3
9293,1009,2025-09-22 20:40:53,Web,Solicitar información,Postventa,4,False,Finalizada,True,5
9294,1875,2025-12-19 19:49:49,WhatsApp,Consultar precios,Atención Comercial,3,False,Finalizada,False,3
9295,232,2025-05-26 19:01:10,WhatsApp,Seguimiento,Atención al Cliente,6,False,Abandonada,False,2
9296,1693,2025-09-01 19:58:02,WhatsApp,Solicitar información,Postventa,6,False,Finalizada,True,4
9297,1757,2025-10-08 19:32:06,WhatsApp,Seguimiento,Soporte,7,False,Finalizada,False,5
9298,309,2025-10-01 13:10:19,Web,Agendar servicio,Atención Comercial,6,False,Finalizada,True,5
9299,772,2025-08-13 08:46:41,Telegram,Seguimiento,Soporte,6,False,Finalizada,True,5
9300,1021,2025-01-14 16:13:31,Telegram,Solicitar información,Ventas,5,False,Finalizada,False,3
9301,1662,2025-04-30 18:12:11,WhatsApp,Cancelar servicio,Atención Comercial,3,True,Finalizada,False,2
9302,909,2025-10-15 19:52:17,WhatsApp,Seguimiento,Ventas,4,False,Finalizada,True,5
9303,581,2025-04-26 19:41:40,WhatsApp,Seguimiento,Ventas,5,False,Finalizada,True,4
9304,1356,2025-06-09 11:22:41,WhatsApp,Agendar servicio,Atención al Cliente,8,False,Abandonada,False,1
9305,635,2025-01-31 13:50:32,Telegram,Consultar precios,Ventas,4,False,Abandonada,False,1
9306,406,2025-03-24 13:16:34,WhatsApp,Agendar servicio,Ventas,6,False,Finalizada,False,4
9307,643,2025-11-08 12:15:45,WhatsApp,Soporte técnico,Atención Comercial,15,True,Finalizada,False,2
9308,1946,2025-12-02 18:05:14,WhatsApp,Soporte técnico,Ventas,12,True,Finalizada,True,1
9309,211,2025-06-19 19:56:30,WhatsApp,Cancelar servicio,Atención al Cliente,4,False,Finalizada,True,5
9310,343,2025-09-27 12:39:46,WhatsApp,Cancelar servicio,Postventa,4,False,Finalizada,False,4
9311,1251,2025-01-29 18:15:28,Web,Seguimiento,Atención al Cliente,7,False,Finalizada,True,5
9312,243,2025-07-25 09:26:20,WhatsApp,Agendar servicio,Atención al Cliente,6,False,Finalizada,False,3
9313,1443,2025-08-22 02:06:08,WhatsApp,Soporte técnico,Ventas,13,True,Abandonada,False,1
9314,695,2025-08-03 13:19:17,WhatsApp,Cancelar servicio,Ventas,3,False,Finalizada,False,4
9315,695,2025-03-23 09:50:54,Web,Soporte técnico,Ventas,11,True,Finalizada,False,1
9316,341,2025-10-13 13:20:23,WhatsApp,Agendar servicio,Atención Comercial,5,False,Finalizada,True,5
9317,373,2025-05-01 17:22:51,Facebook,Solicitar información,Soporte,5,False,Abandonada,False,1
9318,1821,2025-06-15 18:40:50,Facebook,Solicitar información,Ventas,4,False,Abandonada,False,1
9319,661,2025-02-20 20:08:57,WhatsApp,Solicitar información,Ventas,4,False,Abandonada,False,1
9320,1308,2025-04-24 13:58:26,WhatsApp,Cancelar servicio,Atención Comercial,4,False,Abandonada,False,2
9321,1220,2025-03-08 19:14:13,Facebook,Soporte técnico,Ventas,12,False,Abandonada,False,1
9322,257,2025-12-23 13:26:56,Facebook,Agendar servicio,Atención al Cliente,5,True,Finalizada,True,1
9323,1995,2025-12-27 12:45:13,Web,Reclamo,Ventas,15,False,Finalizada,True,5
9324,767,2025-05-26 08:01:36,WhatsApp,Soporte técnico,Atención al Cliente,15,False,Finalizada,True,5
9325,1940,2025-06-24 10:23:07,WhatsApp,Reclamo,Ventas,14,False,Finalizada,True,5
9326,511,2025-12-16 10:29:43,Instagram,Agendar servicio,Soporte,6,False,Finalizada,True,5
9327,797,2025-01-23 12:56:57,Instagram,Soporte técnico,Atención Comercial,10,False,Finalizada,True,5
9328,1137,2025-09-26 12:25:43,Web,Reclamo,Atención Comercial,8,True,Finalizada,False,2
9329,1627,2025-09-29 13:52:52,WhatsApp,Cancelar servicio,Atención Comercial,3,False,Finalizada,False,4
9330,1832,2025-10-16 12:25:46,WhatsApp,Consultar precios,Soporte,3,False,Finalizada,False,5
9331,60,2025-05-30 18:05:58,Facebook,Seguimiento,Atención Comercial,4,False,Finalizada,False,4
9332,1044,2025-05-01 18:41:03,Web,Reclamo,Ventas,15,False,Finalizada,False,3
9333,1510,2025-03-14 18:42:51,Instagram,Reclamo,Soporte,15,False,Finalizada,False,3
9334,212,2025-12-13 13:04:46,Web,Reclamo,Atención Comercial,13,True,Abandonada,False,1
9335,45,2025-09-13 18:42:36,Web,Seguimiento,Postventa,7,False,Finalizada,True,5
9336,25,2025-01-23 09:04:11,Telegram,Consultar precios,Ventas,5,False,Finalizada,False,3
9337,616,2025-04-28 12:52:47,Web,Reclamo,Atención al Cliente,14,True,Finalizada,False,2
9338,1863,2025-05-23 18:42:19,WhatsApp,Seguimiento,Soporte,4,False,Finalizada,False,4
9339,73,2025-08-14 20:22:51,Web,Agendar servicio,Postventa,7,False,Finalizada,True,5
9340,549,2025-07-27 18:14:59,WhatsApp,Reclamo,Atención al Cliente,12,False,Finalizada,False,4
9341,922,2025-07-10 20:34:10,Instagram,Solicitar información,Soporte,5,False,Abandonada,False,1
9342,25,2025-06-12 13:25:29,WhatsApp,Soporte técnico,Atención Comercial,15,False,Finalizada,False,3
9343,911,2025-12-10 19:14:09,WhatsApp,Consultar precios,Soporte,3,False,Finalizada,False,4
9344,1387,2025-12-30 18:35:12,Web,Consultar precios,Ventas,5,False,Finalizada,False,4
9345,473,2025-06-01 13:20:11,Web,Consultar precios,Ventas,4,False,Abandonada,False,1
9346,1156,2025-12-10 16:28:22,WhatsApp,Soporte técnico,Atención Comercial,17,False,Finalizada,False,3
9347,682,2025-03-08 19:38:15,Web,Reclamo,Ventas,14,False,Finalizada,False,4
9348,112,2025-03-23 19:57:37,WhatsApp,Seguimiento,Atención Comercial,6,False,Abandonada,False,1
9349,819,2025-12-24 11:10:24,Instagram,Reclamo,Soporte,11,False,Finalizada,False,5
9350,638,2025-05-30 18:30:46,WhatsApp,Agendar servicio,Soporte,5,False,Finalizada,True,5
9351,1475,2025-04-01 17:40:02,Web,Agendar servicio,Atención al Cliente,8,False,Finalizada,False,4
9352,1795,2025-01-22 18:11:35,Telegram,Seguimiento,Atención al Cliente,6,False,Finalizada,False,4
9353,1793,2025-04-09 13:27:57,WhatsApp,Consultar precios,Atención Comercial,3,False,Finalizada,True,4
9354,1581,2025-03-29 13:27:55,Instagram,Consultar precios,Ventas,3,False,Abandonada,False,1
9355,1060,2025-10-14 09:45:26,Web,Cancelar servicio,Soporte,2,False,Finalizada,True,4
9356,1484,2025-10-28 19:54:36,WhatsApp,Reclamo,Soporte,14,True,Finalizada,False,1
9357,1782,2025-03-13 18:17:24,WhatsApp,Seguimiento,Postventa,4,False,Finalizada,False,3
9358,1319,2025-07-24 19:32:40,Facebook,Solicitar información,Postventa,4,True,Finalizada,False,2
9359,1255,2025-08-18 18:40:12,Telegram,Reclamo,Atención Comercial,11,False,Finalizada,True,5
9360,1252,2025-04-25 20:25:09,Instagram,Reclamo,Atención al Cliente,9,True,Finalizada,False,1
9361,740,2025-07-17 18:11:01,WhatsApp,Cancelar servicio,Soporte,4,False,Finalizada,False,3
9362,84,2025-11-02 11:36:59,WhatsApp,Agendar servicio,Atención Comercial,5,False,Finalizada,True,4
9363,69,2025-02-17 20:31:17,WhatsApp,Solicitar información,Postventa,5,False,Finalizada,False,3
9364,573,2025-08-15 13:33:57,Web,Seguimiento,Ventas,7,False,Finalizada,False,5
9365,1894,2025-03-17 15:54:19,Web,Solicitar información,Soporte,4,False,Finalizada,False,5
9366,493,2025-05-10 19:24:05,Instagram,Reclamo,Ventas,12,False,Finalizada,False,3
9367,1619,2025-02-13 05:36:27,WhatsApp,Soporte técnico,Soporte,15,True,Finalizada,True,1
9368,233,2025-02-21 16:44:42,Instagram,Seguimiento,Atención al Cliente,5,False,Finalizada,False,5
9369,590,2025-07-17 04:29:24,WhatsApp,Soporte técnico,Soporte,11,False,Finalizada,True,5
9370,1715,2025-05-19 20:51:08,WhatsApp,Consultar precios,Atención al Cliente,5,False,Finalizada,True,5
9371,1680,2025-02-19 20:33:44,WhatsApp,Cancelar servicio,Postventa,3,False,Finalizada,False,3
9372,754,2025-12-12 13:33:56,Web,Solicitar información,Postventa,4,False,Finalizada,False,5
9373,211,2025-01-22 13:19:04,Facebook,Agendar servicio,Atención Comercial,8,False,Finalizada,False,4
9374,1906,2025-03-03 08:17:00,Web,Agendar servicio,Postventa,5,False,Finalizada,True,5
9375,1278,2025-11-17 20:14:55,WhatsApp,Soporte técnico,Atención Comercial,14,True,Finalizada,True,2
9376,1159,2025-01-25 11:54:59,Web,Seguimiento,Postventa,7,False,Finalizada,True,4
9377,726,2025-01-08 15:50:07,Instagram,Cancelar servicio,Soporte,3,False,Finalizada,False,3
9378,1815,2025-02-05 00:11:56,WhatsApp,Soporte técnico,Ventas,17,False,Finalizada,False,3
9379,898,2025-11-30 12:18:36,Web,Seguimiento,Ventas,5,False,Finalizada,False,5
9380,1100,2025-09-17 19:54:41,Facebook,Seguimiento,Postventa,4,False,Abandonada,False,1
9381,1072,2025-03-31 18:57:08,Facebook,Consultar precios,Soporte,4,False,Finalizada,False,4
9382,1902,2025-02-02 20:03:27,Telegram,Seguimiento,Postventa,6,False,Finalizada,False,3
9383,428,2025-04-21 18:24:16,Web,Agendar servicio,Atención Comercial,6,False,Finalizada,False,5
9384,1929,2025-01-12 18:48:56,WhatsApp,Solicitar información,Postventa,5,False,Finalizada,False,5
9385,1224,2025-12-17 13:10:55,Telegram,Reclamo,Atención al Cliente,14,False,Abandonada,False,1
9386,514,2025-03-31 13:57:21,WhatsApp,Agendar servicio,Atención Comercial,6,False,Finalizada,True,5
9387,507,2025-07-07 19:10:26,Facebook,Seguimiento,Atención al Cliente,5,False,Finalizada,False,5
9388,314,2025-02-04 20:01:24,Telegram,Seguimiento,Atención al Cliente,4,False,Finalizada,False,4
9389,285,2025-01-16 13:47:15,Web,Reclamo,Atención Comercial,8,False,Finalizada,False,4
9390,669,2025-03-07 12:20:50,Web,Soporte técnico,Ventas,11,True,Finalizada,False,3
9391,1157,2025-02-07 12:17:36,WhatsApp,Reclamo,Atención Comercial,9,False,Finalizada,True,5
9392,817,2025-07-15 13:02:15,Instagram,Solicitar información,Postventa,4,False,Finalizada,False,5
9393,858,2025-09-24 11:31:50,WhatsApp,Consultar precios,Postventa,4,False,Abandonada,False,1
9394,434,2025-03-11 12:02:07,Web,Cancelar servicio,Ventas,2,False,Finalizada,False,4
9395,1489,2025-02-14 18:43:06,WhatsApp,Reclamo,Soporte,9,False,Finalizada,False,4
9396,1310,2025-05-30 12:16:15,Instagram,Soporte técnico,Atención Comercial,17,False,Finalizada,True,5
9397,1577,2025-02-15 20:48:10,WhatsApp,Cancelar servicio,Postventa,2,False,Finalizada,False,3
9398,67,2025-09-13 18:36:25,WhatsApp,Soporte técnico,Atención al Cliente,10,False,Finalizada,True,4
9399,65,2025-07-31 17:25:29,WhatsApp,Agendar servicio,Ventas,8,False,Finalizada,True,5
9400,1928,2025-05-10 18:07:53,Telegram,Seguimiento,Soporte,6,False,Abandonada,False,1
9401,1312,2025-07-13 00:16:39,Instagram,Agendar servicio,Postventa,5,False,Finalizada,True,5
9402,656,2025-06-26 12:52:31,Facebook,Agendar servicio,Postventa,5,False,Finalizada,False,3
9403,1610,2025-10-15 09:34:28,Facebook,Seguimiento,Ventas,5,False,Finalizada,False,5
9404,1798,2025-12-20 13:55:03,WhatsApp,Soporte técnico,Atención al Cliente,12,True,Finalizada,False,2
9405,474,2025-01-20 20:44:52,WhatsApp,Soporte técnico,Atención al Cliente,14,False,Finalizada,True,5
9406,1594,2025-04-22 20:14:52,WhatsApp,Consultar precios,Atención al Cliente,3,False,Finalizada,True,4
9407,1432,2025-10-14 08:57:29,Web,Agendar servicio,Atención al Cliente,7,False,Abandonada,False,1
9408,826,2025-12-14 20:51:14,Web,Reclamo,Atención Comercial,15,False,Abandonada,False,2
9409,132,2025-03-28 13:40:12,WhatsApp,Agendar servicio,Postventa,8,False,Finalizada,False,4
9410,442,2025-06-24 12:50:48,Facebook,Reclamo,Soporte,8,False,Abandonada,False,2
9411,1590,2025-05-12 08:57:24,Instagram,Soporte técnico,Ventas,10,False,Finalizada,True,4
9412,468,2025-06-13 20:01:15,WhatsApp,Cancelar servicio,Soporte,3,False,Finalizada,True,5
9413,612,2025-07-10 08:33:15,WhatsApp,Consultar precios,Atención Comercial,4,False,Finalizada,False,4
9414,1756,2025-02-12 12:29:18,WhatsApp,Consultar precios,Atención al Cliente,5,False,Finalizada,True,5
9415,45,2025-11-21 08:50:56,Instagram,Agendar servicio,Postventa,5,False,Abandonada,False,1
9416,929,2025-06-27 13:21:22,WhatsApp,Reclamo,Atención al Cliente,13,False,Finalizada,False,5
9417,1205,2025-08-07 18:21:43,WhatsApp,Solicitar información,Atención Comercial,4,False,Finalizada,False,3
9418,1113,2025-09-12 13:56:06,Web,Agendar servicio,Soporte,6,False,Abandonada,False,1
9419,252,2025-07-20 19:56:12,Web,Reclamo,Atención Comercial,10,False,Finalizada,True,5
9420,118,2025-05-14 13:07:13,WhatsApp,Soporte técnico,Atención al Cliente,11,False,Finalizada,True,5
9421,1326,2025-04-10 19:49:48,WhatsApp,Cancelar servicio,Ventas,4,False,Finalizada,False,4
9422,1262,2025-10-09 18:37:10,Telegram,Soporte técnico,Atención Comercial,12,False,Abandonada,False,1
9423,310,2025-06-02 20:30:07,Instagram,Seguimiento,Postventa,4,False,Finalizada,True,5
9424,1023,2025-07-29 20:24:09,WhatsApp,Consultar precios,Atención Comercial,4,False,Finalizada,True,5
9425,421,2025-03-26 01:16:58,Web,Soporte técnico,Atención Comercial,11,False,Finalizada,False,5
9426,1148,2025-12-13 09:39:53,Instagram,Soporte técnico,Ventas,15,True,Finalizada,False,2
9427,970,2025-12-24 18:09:36,WhatsApp,Agendar servicio,Postventa,7,False,Finalizada,False,4
9428,1635,2025-09-01 12:26:11,Web,Cancelar servicio,Atención Comercial,3,False,Finalizada,True,4
9429,507,2025-09-29 20:25:45,Facebook,Consultar precios,Atención Comercial,3,False,Finalizada,True,4
9430,1134,2025-06-23 11:46:19,WhatsApp,Soporte técnico,Postventa,12,False,Finalizada,True,5
9431,1952,2025-06-04 15:09:10,WhatsApp,Consultar precios,Atención Comercial,5,False,Finalizada,False,3
9432,1537,2025-05-29 13:58:04,WhatsApp,Solicitar información,Atención al Cliente,5,False,Finalizada,True,5
9433,64,2025-03-28 18:10:52,Web,Reclamo,Atención Comercial,9,False,Finalizada,False,3
9434,1715,2025-02-07 19:16:44,Facebook,Agendar servicio,Soporte,5,False,Finalizada,True,5
9435,1050,2025-05-13 12:42:12,Facebook,Agendar servicio,Ventas,6,False,Finalizada,True,4
9436,704,2025-05-09 13:44:45,Web,Soporte técnico,Ventas,13,False,Finalizada,False,4
9437,499,2025-04-04 20:26:44,WhatsApp,Soporte técnico,Postventa,10,True,Finalizada,True,2
9438,797,2025-07-29 09:15:12,Instagram,Consultar precios,Postventa,5,False,Finalizada,False,3
9439,1420,2025-05-16 18:46:28,WhatsApp,Solicitar información,Soporte,4,False,Finalizada,False,4
9440,493,2025-05-16 13:17:33,Facebook,Solicitar información,Atención al Cliente,4,False,Finalizada,False,3
9441,1042,2025-09-14 11:17:52,Facebook,Soporte técnico,Atención Comercial,17,False,Abandonada,False,2
9442,12,2025-09-10 17:51:26,WhatsApp,Consultar precios,Soporte,5,True,Finalizada,True,3
9443,49,2025-07-18 01:06:13,Web,Seguimiento,Postventa,4,False,Finalizada,True,4
9444,748,2025-10-23 20:35:54,Web,Reclamo,Postventa,14,True,Abandonada,False,1
9445,1212,2025-12-20 20:55:29,Instagram,Seguimiento,Ventas,7,False,Finalizada,True,5
9446,1882,2025-12-03 03:49:47,WhatsApp,Reclamo,Soporte,13,False,Finalizada,True,4
9447,473,2025-05-19 08:29:38,Web,Agendar servicio,Postventa,7,False,Finalizada,False,3
9448,528,2025-07-24 19:59:11,Instagram,Soporte técnico,Atención Comercial,13,False,Finalizada,False,3
9449,640,2025-04-04 20:30:44,WhatsApp,Solicitar información,Postventa,5,False,Finalizada,True,5
9450,1122,2025-01-22 12:22:41,Facebook,Seguimiento,Soporte,7,False,Finalizada,False,4
9451,1249,2025-07-18 13:12:08,WhatsApp,Seguimiento,Soporte,7,False,Abandonada,False,1
9452,982,2025-03-04 19:43:34,Instagram,Reclamo,Postventa,9,False,Abandonada,False,1
9453,1343,2025-01-12 10:25:57,Web,Consultar precios,Atención al Cliente,3,False,Finalizada,False,4
9454,224,2025-06-09 18:54:42,Web,Seguimiento,Postventa,4,False,Finalizada,True,4
9455,922,2025-04-25 13:57:37,Facebook,Solicitar información,Atención Comercial,4,False,Finalizada,True,5
9456,158,2025-12-21 12:03:31,WhatsApp,Reclamo,Soporte,14,False,Finalizada,True,4
9457,1147,2025-06-23 19:16:13,WhatsApp,Solicitar información,Soporte,4,False,Abandonada,False,1
9458,11,2025-07-29 13:31:48,WhatsApp,Agendar servicio,Atención Comercial,8,False,Finalizada,False,3
9459,1400,2025-11-29 10:03:34,Facebook,Consultar precios,Atención al Cliente,4,False,Abandonada,False,2
9460,476,2025-03-30 16:27:29,WhatsApp,Agendar servicio,Atención al Cliente,6,False,Finalizada,True,5
9461,641,2025-07-16 19:55:24,Web,Cancelar servicio,Atención Comercial,4,False,Finalizada,False,4
9462,679,2025-09-08 11:21:56,WhatsApp,Cancelar servicio,Atención al Cliente,2,False,Finalizada,False,4
9463,484,2025-02-26 02:01:26,Web,Soporte técnico,Atención al Cliente,15,False,Finalizada,False,3
9464,873,2025-07-02 20:26:38,WhatsApp,Cancelar servicio,Postventa,2,False,Finalizada,False,4
9465,1919,2025-10-30 20:02:56,Web,Solicitar información,Ventas,4,False,Abandonada,False,1
9466,516,2025-02-03 03:52:14,WhatsApp,Reclamo,Soporte,11,False,Finalizada,True,5
9467,825,2025-10-24 13:42:40,Instagram,Soporte técnico,Atención Comercial,10,True,Finalizada,True,3
9468,505,2025-12-06 19:59:13,Web,Reclamo,Ventas,14,False,Abandonada,False,2
9469,579,2025-09-04 15:23:30,Telegram,Consultar precios,Atención al Cliente,4,False,Finalizada,True,5
9470,1592,2025-09-25 15:02:43,Instagram,Seguimiento,Postventa,7,False,Finalizada,False,3
9471,1466,2025-12-09 20:10:35,WhatsApp,Reclamo,Soporte,15,False,Finalizada,True,5
9472,1197,2025-01-10 15:42:23,Web,Agendar servicio,Soporte,5,False,Finalizada,True,5
9473,791,2025-05-12 18:53:14,WhatsApp,Cancelar servicio,Atención al Cliente,2,False,Finalizada,True,5
9474,1741,2025-03-08 20:02:09,WhatsApp,Soporte técnico,Ventas,10,False,Finalizada,False,5
9475,1572,2025-02-03 13:56:21,WhatsApp,Solicitar información,Ventas,6,False,Finalizada,True,5
9476,170,2025-09-25 13:50:45,WhatsApp,Soporte técnico,Soporte,13,True,Finalizada,False,2
9477,1482,2025-03-01 11:48:08,Web,Solicitar información,Soporte,4,False,Finalizada,False,4
9478,1465,2025-05-20 20:35:28,Facebook,Consultar precios,Soporte,3,False,Finalizada,False,3
9479,1303,2025-09-06 12:40:21,Instagram,Seguimiento,Postventa,6,False,Finalizada,False,3
9480,1725,2025-05-27 19:12:36,WhatsApp,Consultar precios,Atención al Cliente,4,False,Finalizada,True,5
9481,442,2025-01-19 01:34:25,WhatsApp,Agendar servicio,Postventa,8,False,Abandonada,False,1
9482,971,2025-06-11 19:03:15,WhatsApp,Agendar servicio,Postventa,6,False,Abandonada,False,1
9483,1432,2025-08-28 18:22:42,WhatsApp,Seguimiento,Soporte,6,True,Finalizada,True,2
9484,1377,2025-05-22 18:02:43,WhatsApp,Seguimiento,Postventa,7,False,Finalizada,True,5
9485,1789,2025-04-11 18:30:27,WhatsApp,Consultar precios,Atención Comercial,5,False,Finalizada,False,5
9486,1157,2025-08-06 17:50:28,WhatsApp,Reclamo,Postventa,11,False,Finalizada,True,5
9487,1331,2025-06-30 19:27:25,Telegram,Soporte técnico,Postventa,16,False,Abandonada,False,2
9488,1648,2025-04-30 20:20:13,Facebook,Consultar precios,Soporte,5,False,Finalizada,True,5
9489,393,2025-12-06 18:02:05,WhatsApp,Agendar servicio,Ventas,6,False,Finalizada,True,5
9490,1028,2025-09-04 18:28:26,Web,Consultar precios,Ventas,3,False,Abandonada,False,2
9491,1404,2025-12-25 11:38:18,WhatsApp,Cancelar servicio,Ventas,2,False,Finalizada,True,5
9492,821,2025-02-17 13:26:05,WhatsApp,Seguimiento,Ventas,6,False,Finalizada,False,4
9493,1703,2025-10-25 20:31:28,Telegram,Consultar precios,Atención Comercial,4,False,Finalizada,False,5
9494,644,2025-04-16 18:00:36,Facebook,Reclamo,Postventa,13,True,Finalizada,False,2
9495,703,2025-04-03 12:41:46,Facebook,Agendar servicio,Ventas,5,False,Abandonada,False,1
9496,1890,2025-09-14 19:39:10,WhatsApp,Solicitar información,Atención Comercial,4,False,Finalizada,False,3
9497,1956,2025-11-01 18:19:08,Web,Consultar precios,Atención Comercial,3,False,Finalizada,False,3
9498,1628,2025-04-16 09:43:40,Facebook,Soporte técnico,Atención al Cliente,13,False,Abandonada,False,2
9499,1120,2025-11-27 20:19:48,Web,Reclamo,Soporte,9,True,Abandonada,False,1
9500,1701,2025-12-25 17:13:09,WhatsApp,Reclamo,Soporte,15,False,Finalizada,True,4
9501,1184,2025-02-20 17:24:10,Instagram,Reclamo,Atención al Cliente,15,False,Finalizada,False,4
9502,1359,2025-10-09 18:17:31,Facebook,Cancelar servicio,Atención al Cliente,3,False,Finalizada,True,4
9503,62,2025-01-26 20:15:35,Web,Seguimiento,Atención Comercial,7,False,Finalizada,False,3
9504,1276,2025-12-29 18:42:28,Web,Reclamo,Ventas,8,True,Finalizada,True,1
9505,875,2025-03-31 15:52:43,Web,Consultar precios,Atención al Cliente,4,False,Finalizada,False,5
9506,475,2025-07-02 19:43:59,Instagram,Soporte técnico,Atención al Cliente,11,True,Abandonada,False,1
9507,1611,2025-05-16 13:20:58,WhatsApp,Seguimiento,Atención Comercial,6,False,Finalizada,True,5
9508,1086,2025-07-06 12:47:59,WhatsApp,Consultar precios,Ventas,5,False,Finalizada,False,4
9509,1124,2025-09-06 13:07:06,WhatsApp,Reclamo,Postventa,11,True,Abandonada,False,2
9510,297,2025-10-24 12:22:50,WhatsApp,Solicitar información,Atención al Cliente,4,False,Finalizada,True,4
9511,646,2025-07-17 01:42:59,Instagram,Soporte técnico,Soporte,11,True,Finalizada,True,2
9512,514,2025-06-29 12:11:00,WhatsApp,Seguimiento,Atención Comercial,5,False,Finalizada,True,4
9513,890,2025-04-30 12:24:52,WhatsApp,Agendar servicio,Atención Comercial,7,True,Abandonada,False,2
9514,177,2025-08-23 18:56:06,WhatsApp,Consultar precios,Postventa,4,False,Abandonada,False,1
9515,1138,2025-02-17 18:50:06,WhatsApp,Agendar servicio,Postventa,8,False,Finalizada,False,3
9516,1117,2025-07-07 09:49:43,WhatsApp,Consultar precios,Soporte,5,False,Finalizada,False,3
9517,547,2025-11-07 03:53:23,Facebook,Reclamo,Ventas,13,False,Finalizada,False,3
9518,1719,2025-01-22 04:32:06,Telegram,Reclamo,Soporte,8,False,Finalizada,False,4
9519,465,2025-05-10 20:27:30,WhatsApp,Cancelar servicio,Soporte,3,False,Finalizada,True,5
9520,1868,2025-03-14 02:50:36,Facebook,Consultar precios,Atención Comercial,4,False,Finalizada,False,4
9521,932,2025-09-06 18:27:12,Web,Solicitar información,Atención Comercial,4,False,Finalizada,False,3
9522,1627,2025-07-26 13:10:06,WhatsApp,Cancelar servicio,Postventa,2,False,Finalizada,True,5
9523,195,2025-12-03 12:05:19,Web,Reclamo,Atención Comercial,12,False,Finalizada,True,5
9524,1953,2025-11-19 15:12:09,WhatsApp,Reclamo,Ventas,9,False,Finalizada,False,3
9525,73,2025-02-05 12:54:23,Telegram,Seguimiento,Atención al Cliente,6,False,Finalizada,False,3
9526,744,2025-05-19 11:29:08,WhatsApp,Consultar precios,Soporte,5,False,Finalizada,True,5
9527,765,2025-12-30 19:28:25,WhatsApp,Cancelar servicio,Postventa,4,False,Finalizada,False,5
9528,1031,2025-06-09 19:53:10,Web,Reclamo,Atención Comercial,10,False,Abandonada,False,1
9529,304,2025-04-04 18:01:08,Web,Cancelar servicio,Atención Comercial,3,False,Finalizada,False,3
9530,600,2025-06-20 09:40:49,Facebook,Solicitar información,Atención Comercial,6,False,Finalizada,False,3
9531,1915,2025-03-15 13:38:38,Facebook,Reclamo,Ventas,13,False,Finalizada,False,4
9532,1364,2025-01-16 12:41:31,Web,Solicitar información,Postventa,4,False,Finalizada,True,5
9533,1637,2025-08-02 19:56:47,Web,Seguimiento,Ventas,5,False,Finalizada,False,4
9534,1270,2025-11-04 08:00:45,Web,Cancelar servicio,Postventa,2,False,Abandonada,False,1
9535,1199,2025-07-24 13:39:55,Web,Consultar precios,Atención al Cliente,5,False,Finalizada,False,4
9536,772,2025-10-01 13:44:53,Facebook,Agendar servicio,Postventa,7,False,Abandonada,False,2
9537,986,2025-11-18 19:49:46,WhatsApp,Seguimiento,Postventa,7,False,Finalizada,True,5
9538,1048,2025-10-28 20:08:38,Facebook,Consultar precios,Atención Comercial,5,False,Finalizada,False,5
9539,1545,2025-12-10 09:41:51,Facebook,Solicitar información,Ventas,6,False,Finalizada,True,5
9540,93,2025-11-03 02:54:34,Instagram,Cancelar servicio,Atención Comercial,3,False,Finalizada,True,5
9541,1610,2025-08-15 19:25:46,WhatsApp,Consultar precios,Ventas,3,False,Finalizada,False,5
9542,1014,2025-02-18 13:05:55,Web,Cancelar servicio,Ventas,2,False,Finalizada,False,4
9543,1118,2025-09-28 12:36:39,Web,Seguimiento,Atención Comercial,5,False,Abandonada,False,1
9544,805,2025-12-05 10:33:12,WhatsApp,Solicitar información,Soporte,5,False,Finalizada,True,5
9545,1897,2025-06-06 10:34:52,Web,Agendar servicio,Ventas,7,False,Finalizada,True,4
9546,1881,2025-12-30 19:55:32,WhatsApp,Seguimiento,Atención al Cliente,4,True,Finalizada,True,2
9547,1691,2025-04-01 12:03:16,WhatsApp,Seguimiento,Atención Comercial,5,False,Finalizada,True,5
9548,1847,2025-02-12 01:18:48,Web,Consultar precios,Atención al Cliente,4,False,Finalizada,False,3
9549,1450,2025-03-01 19:01:15,WhatsApp,Cancelar servicio,Postventa,4,False,Finalizada,True,5
9550,605,2025-04-25 13:50:53,Web,Reclamo,Atención Comercial,12,False,Finalizada,True,4
9551,82,2025-04-10 20:54:04,Web,Reclamo,Soporte,8,False,Finalizada,False,3
9552,858,2025-04-16 16:31:24,Facebook,Reclamo,Atención al Cliente,14,False,Finalizada,True,5
9553,1336,2025-12-10 20:27:38,Instagram,Cancelar servicio,Atención Comercial,2,False,Finalizada,False,4
9554,1409,2025-10-04 19:13:55,WhatsApp,Consultar precios,Atención al Cliente,5,False,Finalizada,False,4
9555,93,2025-07-24 13:07:44,WhatsApp,Consultar precios,Atención al Cliente,5,False,Finalizada,True,5
9556,634,2025-12-25 19:04:00,WhatsApp,Consultar precios,Soporte,4,False,Finalizada,False,4
9557,1816,2025-07-04 20:58:27,WhatsApp,Consultar precios,Ventas,3,False,Finalizada,True,5
9558,1750,2025-12-18 13:42:16,Web,Solicitar información,Ventas,6,False,Finalizada,False,4
9559,1087,2025-10-02 19:06:03,Web,Cancelar servicio,Soporte,2,False,Finalizada,False,4
9560,1162,2025-12-15 13:47:43,WhatsApp,Seguimiento,Soporte,4,False,Finalizada,False,3
9561,240,2025-12-15 10:45:22,Web,Agendar servicio,Soporte,8,False,Finalizada,False,5
9562,169,2025-01-20 16:15:15,WhatsApp,Consultar precios,Atención Comercial,5,False,Finalizada,False,3
9563,1345,2025-02-10 15:27:16,Web,Cancelar servicio,Ventas,4,False,Finalizada,False,3
9564,407,2025-02-07 13:20:58,WhatsApp,Seguimiento,Atención Comercial,5,False,Finalizada,True,5
9565,102,2025-10-18 20:25:38,Web,Solicitar información,Ventas,6,False,Finalizada,True,5
9566,152,2025-03-27 13:00:41,Web,Cancelar servicio,Soporte,4,False,Abandonada,False,1
9567,1543,2025-08-31 18:54:05,WhatsApp,Agendar servicio,Postventa,6,False,Abandonada,False,2
9568,260,2025-12-28 12:12:44,WhatsApp,Reclamo,Ventas,14,False,Finalizada,True,5
9569,23,2025-11-25 20:12:35,Web,Soporte técnico,Postventa,11,False,Finalizada,True,5
9570,200,2025-06-24 15:11:11,WhatsApp,Soporte técnico,Atención al Cliente,14,False,Abandonada,False,1
9571,1357,2025-06-20 11:08:21,Instagram,Soporte técnico,Soporte,15,False,Finalizada,True,5
9572,970,2025-04-26 20:20:56,Facebook,Agendar servicio,Atención al Cliente,5,True,Finalizada,False,3
9573,1177,2025-10-14 18:26:11,WhatsApp,Soporte técnico,Soporte,15,True,Finalizada,False,2
9574,407,2025-07-10 18:12:53,Telegram,Cancelar servicio,Atención Comercial,4,True,Finalizada,False,1
9575,1549,2025-11-26 18:26:04,WhatsApp,Cancelar servicio,Atención Comercial,3,False,Finalizada,False,4
9576,443,2025-12-18 12:09:31,WhatsApp,Agendar servicio,Postventa,8,False,Finalizada,True,5
9577,591,2025-05-14 13:51:50,WhatsApp,Soporte técnico,Soporte,10,False,Finalizada,True,5
9578,1391,2025-08-25 20:21:14,Instagram,Seguimiento,Atención al Cliente,7,True,Abandonada,False,2
9579,1615,2025-02-12 12:17:30,WhatsApp,Consultar precios,Soporte,4,False,Finalizada,True,5
9580,1202,2025-09-10 18:28:20,WhatsApp,Seguimiento,Postventa,4,False,Finalizada,False,4
9581,1074,2025-07-20 12:25:08,Web,Reclamo,Postventa,14,False,Abandonada,False,2
9582,481,2025-07-12 20:29:19,WhatsApp,Solicitar información,Postventa,4,False,Finalizada,True,5
9583,1765,2025-05-19 15:29:40,WhatsApp,Solicitar información,Atención Comercial,6,False,Finalizada,True,5
9584,1404,2025-06-22 18:00:36,Instagram,Seguimiento,Soporte,7,True,Finalizada,False,3
9585,383,2025-01-16 20:18:33,Instagram,Solicitar información,Postventa,6,False,Finalizada,False,3
9586,1132,2025-05-05 12:44:17,WhatsApp,Soporte técnico,Soporte,11,False,Abandonada,False,2
9587,967,2025-09-05 12:46:28,WhatsApp,Cancelar servicio,Ventas,4,False,Finalizada,False,3
9588,187,2025-04-12 08:52:03,Web,Consultar precios,Ventas,4,False,Finalizada,False,3
9589,747,2025-06-05 13:58:59,Instagram,Cancelar servicio,Soporte,4,False,Finalizada,True,4
9590,382,2025-06-27 16:52:42,WhatsApp,Soporte técnico,Postventa,13,False,Finalizada,True,4
9591,485,2025-04-07 13:06:42,Web,Seguimiento,Atención al Cliente,6,False,Finalizada,False,5
9592,279,2025-02-08 09:44:09,Web,Consultar precios,Soporte,5,False,Finalizada,False,3
9593,305,2025-02-07 19:10:18,WhatsApp,Cancelar servicio,Ventas,2,False,Finalizada,True,5
9594,974,2025-07-03 12:23:11,WhatsApp,Consultar precios,Atención al Cliente,4,False,Abandonada,False,1
9595,1569,2025-09-11 15:44:53,Web,Consultar precios,Postventa,5,False,Finalizada,True,5
9596,808,2025-07-29 18:08:57,WhatsApp,Cancelar servicio,Atención al Cliente,2,False,Abandonada,False,1
9597,142,2025-01-10 11:03:03,WhatsApp,Reclamo,Ventas,8,False,Finalizada,False,4
9598,1310,2025-03-30 12:33:42,Web,Consultar precios,Atención Comercial,4,False,Finalizada,True,5
9599,1332,2025-11-06 20:40:55,WhatsApp,Soporte técnico,Soporte,15,True,Finalizada,False,2
9600,623,2025-10-09 12:39:10,WhatsApp,Reclamo,Postventa,11,True,Finalizada,True,2
9601,1309,2025-07-15 13:47:14,WhatsApp,Consultar precios,Postventa,4,False,Finalizada,False,3
9602,1745,2025-03-07 10:21:42,WhatsApp,Solicitar información,Atención Comercial,4,True,Finalizada,True,1
9603,163,2025-08-14 11:55:43,WhatsApp,Consultar precios,Atención Comercial,3,False,Abandonada,False,1
9604,1706,2025-11-10 18:32:09,Telegram,Reclamo,Soporte,8,True,Finalizada,True,3
9605,1476,2025-09-17 19:12:43,Web,Soporte técnico,Atención Comercial,15,True,Finalizada,False,1
9606,1272,2025-12-20 12:07:59,Facebook,Reclamo,Ventas,15,False,Finalizada,False,5
9607,50,2025-09-02 19:49:05,WhatsApp,Soporte técnico,Postventa,17,False,Abandonada,False,1
9608,1206,2025-05-13 16:18:44,Web,Reclamo,Postventa,13,False,Finalizada,True,5
9609,1324,2025-01-25 12:01:58,WhatsApp,Cancelar servicio,Atención Comercial,4,False,Abandonada,False,1
9610,1874,2025-05-18 13:26:27,WhatsApp,Soporte técnico,Atención al Cliente,16,False,Finalizada,True,5
9611,174,2025-04-11 18:06:08,Web,Reclamo,Soporte,10,False,Finalizada,False,3
9612,882,2025-08-03 19:57:57,Web,Agendar servicio,Ventas,5,False,Abandonada,False,1
9613,922,2025-09-18 09:29:24,Web,Agendar servicio,Soporte,7,True,Finalizada,True,1
9614,1260,2025-03-01 13:08:55,WhatsApp,Soporte técnico,Ventas,16,False,Abandonada,False,2
9615,493,2025-05-27 19:23:29,Web,Seguimiento,Soporte,6,False,Finalizada,True,5
9616,480,2025-08-16 16:47:14,Web,Reclamo,Atención Comercial,11,False,Finalizada,False,3
9617,1206,2025-06-08 18:40:44,WhatsApp,Solicitar información,Soporte,4,False,Abandonada,False,1
9618,1090,2025-09-07 19:53:21,WhatsApp,Reclamo,Postventa,9,True,Finalizada,True,2
9619,168,2025-06-18 10:14:37,Web,Consultar precios,Soporte,4,False,Finalizada,False,3
9620,583,2025-04-03 12:31:43,WhatsApp,Solicitar información,Atención Comercial,5,False,Abandonada,False,1
9621,201,2025-11-21 13:04:20,Facebook,Consultar precios,Atención al Cliente,3,False,Finalizada,True,5
9622,860,2025-06-28 09:58:40,WhatsApp,Seguimiento,Atención Comercial,6,False,Finalizada,True,5
9623,257,2025-05-29 08:04:11,Facebook,Cancelar servicio,Soporte,4,False,Abandonada,False,2
9624,1062,2025-11-29 20:55:11,WhatsApp,Solicitar información,Atención al Cliente,6,False,Abandonada,False,1
9625,291,2025-12-16 16:37:07,WhatsApp,Agendar servicio,Atención al Cliente,8,False,Finalizada,False,4
9626,1777,2025-02-15 18:12:59,WhatsApp,Agendar servicio,Postventa,6,False,Abandonada,False,2
9627,1084,2025-09-12 12:30:41,WhatsApp,Consultar precios,Atención Comercial,3,False,Finalizada,False,3
9628,1440,2025-07-05 15:39:17,WhatsApp,Reclamo,Soporte,13,False,Finalizada,True,4
9629,1887,2025-07-07 20:20:21,Web,Agendar servicio,Postventa,5,False,Finalizada,False,3
9630,7,2025-04-08 20:31:14,Web,Solicitar información,Ventas,4,False,Finalizada,False,5
9631,134,2025-11-20 16:42:46,Facebook,Cancelar servicio,Soporte,3,False,Finalizada,True,5
9632,829,2025-04-24 19:13:45,WhatsApp,Seguimiento,Atención al Cliente,5,False,Finalizada,True,5
9633,801,2025-11-01 13:36:09,Web,Reclamo,Postventa,8,False,Finalizada,False,3
9634,423,2025-02-01 19:51:02,WhatsApp,Consultar precios,Ventas,4,False,Finalizada,True,5
9635,19,2025-08-31 00:58:29,WhatsApp,Agendar servicio,Atención al Cliente,6,False,Finalizada,True,5
9636,1879,2025-07-26 03:25:57,Telegram,Soporte técnico,Soporte,18,False,Finalizada,False,4
9637,1294,2025-05-29 17:08:49,WhatsApp,Cancelar servicio,Ventas,2,False,Abandonada,False,1
9638,1103,2025-01-31 19:53:36,WhatsApp,Consultar precios,Atención al Cliente,3,False,Finalizada,True,5
9639,833,2025-04-27 13:55:04,Web,Reclamo,Atención Comercial,15,False,Finalizada,False,3
9640,1444,2025-10-03 09:23:35,Web,Reclamo,Atención Comercial,12,True,Finalizada,True,1
9641,1955,2025-06-08 08:38:01,WhatsApp,Solicitar información,Atención Comercial,5,False,Abandonada,False,1
9642,732,2025-06-29 13:19:01,Facebook,Soporte técnico,Postventa,13,True,Finalizada,True,2
9643,933,2025-06-03 18:13:39,Web,Soporte técnico,Postventa,13,False,Finalizada,True,5
9644,1389,2025-09-27 18:40:39,Facebook,Reclamo,Atención Comercial,8,True,Abandonada,False,2
9645,916,2025-11-28 13:25:28,Instagram,Reclamo,Ventas,9,False,Finalizada,False,5
9646,1713,2025-01-06 17:00:41,Web,Seguimiento,Atención al Cliente,4,False,Finalizada,True,5
9647,308,2025-08-04 12:58:07,Facebook,Cancelar servicio,Atención Comercial,3,False,Finalizada,False,5
9648,420,2025-07-26 18:34:35,Web,Consultar precios,Postventa,3,False,Finalizada,False,3
9649,781,2025-12-19 18:29:00,Facebook,Soporte técnico,Soporte,10,False,Finalizada,True,5
9650,192,2025-03-26 12:11:29,Web,Consultar precios,Postventa,3,False,Finalizada,False,5
9651,729,2025-09-17 12:25:23,Instagram,Consultar precios,Ventas,5,False,Finalizada,True,5
9652,206,2025-08-25 19:52:28,Web,Reclamo,Postventa,11,True,Finalizada,False,2
9653,1077,2025-07-23 10:36:15,Web,Seguimiento,Ventas,5,False,Abandonada,False,1
9654,1106,2025-10-18 02:19:32,Web,Seguimiento,Soporte,7,False,Finalizada,True,5
9655,310,2025-12-12 12:07:35,Web,Consultar precios,Atención Comercial,3,False,Finalizada,True,5
9656,1035,2025-05-15 08:57:41,Facebook,Consultar precios,Ventas,3,False,Finalizada,False,3
9657,1773,2025-02-04 10:56:28,Facebook,Consultar precios,Atención al Cliente,3,False,Finalizada,False,4
9658,358,2025-08-18 20:55:52,Facebook,Consultar precios,Ventas,5,False,Finalizada,True,5
9659,1214,2025-08-18 19:05:45,WhatsApp,Cancelar servicio,Atención Comercial,3,False,Finalizada,True,5
9660,675,2025-10-01 09:46:04,WhatsApp,Solicitar información,Atención al Cliente,6,False,Finalizada,True,5
9661,1650,2025-05-12 19:19:23,WhatsApp,Agendar servicio,Soporte,8,True,Abandonada,False,2
9662,1725,2025-09-27 13:34:54,Web,Seguimiento,Postventa,5,False,Finalizada,False,3
9663,1745,2025-06-02 12:17:00,WhatsApp,Soporte técnico,Postventa,16,False,Abandonada,False,2
9664,545,2025-05-30 00:05:37,WhatsApp,Cancelar servicio,Soporte,4,False,Finalizada,False,4
9665,502,2025-10-20 19:19:41,WhatsApp,Solicitar información,Soporte,6,False,Abandonada,False,1
9666,1830,2025-07-25 20:05:11,Instagram,Solicitar información,Postventa,6,False,Finalizada,False,3
9667,528,2025-06-01 00:27:53,WhatsApp,Agendar servicio,Ventas,7,False,Abandonada,False,2
9668,126,2025-12-28 18:48:31,WhatsApp,Solicitar información,Postventa,5,True,Finalizada,True,2
9669,913,2025-05-29 08:10:40,Telegram,Agendar servicio,Ventas,5,True,Finalizada,False,3
9670,821,2025-01-31 08:15:14,Facebook,Reclamo,Atención al Cliente,15,False,Finalizada,False,3
9671,881,2025-02-18 19:19:11,Web,Reclamo,Soporte,8,False,Finalizada,False,3
9672,931,2025-02-02 15:55:05,Web,Solicitar información,Postventa,6,False,Finalizada,False,3
9673,123,2025-06-14 11:28:48,WhatsApp,Cancelar servicio,Atención al Cliente,3,False,Finalizada,True,5
9674,175,2025-10-23 13:54:54,WhatsApp,Consultar precios,Postventa,5,False,Abandonada,False,2
9675,1343,2025-07-04 11:04:16,WhatsApp,Solicitar información,Postventa,4,False,Finalizada,True,4
9676,1073,2025-09-20 13:57:58,WhatsApp,Cancelar servicio,Soporte,4,False,Finalizada,True,4
9677,638,2025-05-14 16:00:44,Web,Solicitar información,Atención Comercial,5,False,Finalizada,True,4
9678,698,2025-10-20 15:57:37,WhatsApp,Agendar servicio,Ventas,7,False,Finalizada,True,5
9679,720,2025-07-09 08:34:49,WhatsApp,Seguimiento,Atención al Cliente,4,True,Finalizada,True,3
9680,1443,2025-07-21 04:58:21,WhatsApp,Solicitar información,Atención Comercial,6,False,Abandonada,False,1
9681,63,2025-07-10 19:41:11,Facebook,Soporte técnico,Ventas,11,False,Finalizada,False,4
9682,1590,2025-11-09 19:36:01,Web,Seguimiento,Soporte,5,False,Finalizada,True,5
9683,1296,2025-06-01 08:23:37,Instagram,Seguimiento,Postventa,4,False,Finalizada,True,5
9684,1513,2025-04-15 16:55:55,WhatsApp,Reclamo,Atención al Cliente,13,False,Finalizada,False,4
9685,1748,2025-05-02 20:32:03,WhatsApp,Reclamo,Postventa,12,False,Finalizada,False,4
9686,451,2025-12-05 19:17:15,WhatsApp,Solicitar información,Soporte,5,False,Finalizada,False,4
9687,1577,2025-01-25 00:07:46,WhatsApp,Solicitar información,Atención al Cliente,4,False,Finalizada,False,4
9688,539,2025-12-06 08:32:16,WhatsApp,Soporte técnico,Ventas,15,True,Finalizada,True,2
9689,771,2025-06-09 08:57:44,WhatsApp,Solicitar información,Postventa,5,False,Finalizada,False,3
9690,969,2025-08-22 01:18:56,Web,Soporte técnico,Postventa,16,False,Finalizada,False,3
9691,1194,2025-06-15 18:14:59,Facebook,Soporte técnico,Ventas,15,False,Finalizada,True,5
9692,286,2025-08-17 13:56:30,WhatsApp,Solicitar información,Atención Comercial,5,False,Finalizada,True,5
9693,1655,2025-11-03 12:19:56,Telegram,Consultar precios,Atención Comercial,4,False,Finalizada,False,4
9694,1976,2025-11-02 15:58:59,Web,Agendar servicio,Postventa,6,True,Finalizada,True,3
9695,1226,2025-12-08 11:46:41,Web,Soporte técnico,Atención Comercial,15,False,Finalizada,True,5
9696,1506,2025-09-29 20:39:09,Facebook,Soporte técnico,Atención Comercial,16,False,Finalizada,True,5
9697,708,2025-04-14 13:01:58,Instagram,Seguimiento,Soporte,6,False,Finalizada,False,3
9698,847,2025-03-21 12:07:48,Web,Agendar servicio,Ventas,7,False,Finalizada,True,4
9699,1778,2025-02-11 20:24:50,Web,Solicitar información,Atención al Cliente,5,False,Finalizada,True,5
9700,725,2025-05-07 15:19:15,WhatsApp,Reclamo,Atención al Cliente,9,False,Finalizada,False,4
9701,1069,2025-10-17 20:23:47,Telegram,Soporte técnico,Soporte,16,False,Finalizada,False,3
9702,969,2025-11-25 12:59:56,Facebook,Consultar precios,Soporte,5,False,Abandonada,False,1
9703,1102,2025-06-18 18:08:50,Telegram,Seguimiento,Soporte,5,False,Finalizada,False,4
9704,97,2025-08-21 05:03:20,Facebook,Reclamo,Atención al Cliente,10,False,Abandonada,False,1
9705,954,2025-01-02 19:53:55,Facebook,Agendar servicio,Postventa,8,False,Finalizada,True,5
9706,949,2025-08-06 13:07:05,WhatsApp,Agendar servicio,Soporte,8,False,Finalizada,True,5
9707,19,2025-01-20 20:51:53,Instagram,Cancelar servicio,Ventas,3,False,Finalizada,False,5
9708,1739,2025-12-13 18:38:48,WhatsApp,Consultar precios,Ventas,3,False,Finalizada,False,3
9709,1908,2025-07-24 19:13:08,WhatsApp,Reclamo,Ventas,15,False,Finalizada,False,3
9710,1920,2025-07-21 02:46:01,Web,Reclamo,Ventas,13,False,Finalizada,False,4
9711,1140,2025-10-21 18:57:48,Facebook,Soporte técnico,Soporte,18,False,Finalizada,False,5
9712,275,2025-06-10 13:18:07,Web,Reclamo,Soporte,12,True,Finalizada,False,1
9713,387,2025-08-14 18:41:44,WhatsApp,Seguimiento,Ventas,7,False,Finalizada,False,5
9714,1563,2025-10-10 04:48:22,Web,Agendar servicio,Atención al Cliente,6,False,Finalizada,True,4
9715,942,2025-05-15 18:20:58,Telegram,Reclamo,Postventa,12,False,Finalizada,False,5
9716,171,2025-10-18 13:30:43,WhatsApp,Consultar precios,Atención Comercial,5,False,Finalizada,False,4
9717,661,2025-01-28 18:58:56,WhatsApp,Consultar precios,Ventas,4,False,Abandonada,False,2
9718,738,2025-12-15 20:20:46,Telegram,Seguimiento,Ventas,6,False,Finalizada,False,4
9719,1850,2025-01-31 20:09:33,Web,Soporte técnico,Soporte,13,False,Finalizada,False,5
9720,1608,2025-03-14 08:36:48,WhatsApp,Consultar precios,Ventas,5,False,Finalizada,True,5
9721,181,2025-09-18 03:45:18,WhatsApp,Solicitar información,Atención Comercial,4,False,Abandonada,False,2
9722,189,2025-03-24 18:11:54,WhatsApp,Consultar precios,Atención Comercial,3,False,Abandonada,False,1
9723,1193,2025-09-02 12:15:41,Facebook,Reclamo,Atención al Cliente,10,True,Finalizada,True,2
9724,564,2025-01-15 19:21:25,Web,Solicitar información,Soporte,6,False,Finalizada,False,3
9725,1869,2025-06-12 17:07:17,Web,Cancelar servicio,Soporte,4,True,Finalizada,False,3
9726,648,2025-11-20 20:32:36,WhatsApp,Solicitar información,Ventas,6,False,Finalizada,True,4
9727,1648,2025-06-30 19:48:37,Web,Soporte técnico,Soporte,14,False,Finalizada,False,3
9728,1889,2025-07-07 20:35:04,Facebook,Solicitar información,Postventa,6,False,Finalizada,True,4
9729,1993,2025-12-30 19:59:29,Web,Soporte técnico,Atención Comercial,18,True,Finalizada,False,3
9730,1499,2025-08-23 13:00:05,Telegram,Cancelar servicio,Atención Comercial,3,False,Abandonada,False,1
9731,1933,2025-07-29 13:37:11,WhatsApp,Consultar precios,Atención Comercial,4,False,Finalizada,False,3
9732,1434,2025-05-20 08:41:25,Facebook,Soporte técnico,Atención al Cliente,17,False,Finalizada,True,5
9733,221,2025-02-06 20:30:05,Facebook,Cancelar servicio,Soporte,3,False,Finalizada,True,5
9734,1380,2025-09-22 19:52:31,Telegram,Cancelar servicio,Postventa,4,False,Finalizada,False,5
9735,108,2025-04-21 12:46:30,WhatsApp,Cancelar servicio,Soporte,3,False,Finalizada,False,3
9736,1155,2025-12-28 20:47:45,Facebook,Solicitar información,Atención Comercial,6,False,Finalizada,True,5
9737,535,2025-07-25 20:15:30,WhatsApp,Consultar precios,Postventa,3,False,Abandonada,False,1
9738,720,2025-04-26 18:57:42,Instagram,Soporte técnico,Ventas,14,True,Abandonada,False,2
9739,641,2025-11-30 10:09:37,WhatsApp,Solicitar información,Postventa,5,False,Abandonada,False,1
9740,1929,2025-11-27 18:21:42,Web,Solicitar información,Postventa,6,False,Finalizada,False,3
9741,54,2025-09-21 01:24:40,WhatsApp,Consultar precios,Postventa,5,False,Finalizada,True,5
9742,1889,2025-04-13 20:50:10,Web,Soporte técnico,Postventa,15,False,Finalizada,True,5
9743,1185,2025-02-11 19:20:41,WhatsApp,Cancelar servicio,Atención al Cliente,3,False,Finalizada,False,4
9744,1481,2025-02-13 19:14:35,WhatsApp,Consultar precios,Atención al Cliente,3,False,Finalizada,True,5
9745,651,2025-09-23 19:27:21,Telegram,Consultar precios,Soporte,4,False,Finalizada,True,4
9746,254,2025-01-04 12:57:35,Facebook,Soporte técnico,Ventas,10,False,Finalizada,False,3
9747,334,2025-03-14 18:50:29,Web,Agendar servicio,Atención al Cliente,7,False,Abandonada,False,2
9748,415,2025-12-04 20:51:12,WhatsApp,Agendar servicio,Atención al Cliente,6,True,Finalizada,True,3
9749,349,2025-02-02 13:46:34,Instagram,Seguimiento,Atención al Cliente,4,True,Finalizada,False,2
9750,363,2025-09-27 20:22:17,Web,Solicitar información,Ventas,5,False,Finalizada,False,5
9751,8,2025-11-01 12:17:59,Facebook,Soporte técnico,Ventas,10,True,Finalizada,False,2
9752,533,2025-12-01 13:09:55,WhatsApp,Solicitar información,Atención Comercial,5,False,Abandonada,False,2
9753,992,2025-02-11 19:20:21,Web,Seguimiento,Soporte,5,False,Finalizada,False,4
9754,1912,2025-10-18 19:50:28,Facebook,Consultar precios,Atención al Cliente,5,False,Finalizada,True,4
9755,249,2025-02-06 13:54:15,Facebook,Cancelar servicio,Ventas,3,False,Finalizada,False,3
9756,1093,2025-01-13 16:46:26,Facebook,Consultar precios,Ventas,5,True,Finalizada,True,1
9757,1867,2025-03-02 20:25:45,Instagram,Reclamo,Atención Comercial,11,False,Finalizada,False,3
9758,659,2025-03-10 12:57:33,WhatsApp,Seguimiento,Postventa,4,False,Finalizada,True,4
9759,1062,2025-10-02 12:44:39,Facebook,Agendar servicio,Atención al Cliente,6,False,Finalizada,False,4
9760,462,2025-11-11 15:30:36,Facebook,Seguimiento,Ventas,4,False,Finalizada,False,4
9761,1050,2025-11-11 15:53:34,WhatsApp,Soporte técnico,Atención Comercial,11,False,Finalizada,False,5
9762,236,2025-09-28 12:35:01,WhatsApp,Consultar precios,Atención al Cliente,5,False,Finalizada,False,3
9763,1902,2025-10-23 17:44:47,Web,Consultar precios,Atención al Cliente,4,False,Abandonada,False,2
9764,1491,2025-10-17 12:17:33,Telegram,Reclamo,Soporte,9,True,Finalizada,True,2
9765,481,2025-08-01 12:47:55,Telegram,Consultar precios,Soporte,5,False,Finalizada,True,5
9766,910,2025-10-20 19:34:04,Facebook,Solicitar información,Atención Comercial,4,False,Abandonada,False,2
9767,1147,2025-06-15 12:40:31,Web,Consultar precios,Postventa,5,False,Finalizada,False,3
9768,1425,2025-03-02 08:21:05,WhatsApp,Consultar precios,Atención al Cliente,4,False,Finalizada,True,5
9769,1601,2025-04-04 19:50:03,Facebook,Agendar servicio,Atención al Cliente,8,False,Finalizada,False,5
9770,320,2025-02-26 12:31:08,Facebook,Cancelar servicio,Atención al Cliente,4,False,Finalizada,False,3
9771,993,2025-01-30 13:12:10,WhatsApp,Seguimiento,Postventa,7,False,Abandonada,False,2
9772,333,2025-06-04 20:56:16,WhatsApp,Solicitar información,Soporte,6,False,Finalizada,False,4
9773,1948,2025-04-25 13:12:13,WhatsApp,Agendar servicio,Ventas,6,False,Finalizada,False,4
9774,1815,2025-03-27 13:37:53,Web,Soporte técnico,Postventa,17,False,Finalizada,False,5
9775,1797,2025-09-08 10:05:48,Facebook,Soporte técnico,Postventa,16,False,Finalizada,True,5
9776,1843,2025-01-12 19:19:42,Telegram,Soporte técnico,Atención Comercial,18,False,Finalizada,False,4
9777,1606,2025-07-10 13:55:11,WhatsApp,Cancelar servicio,Postventa,3,False,Abandonada,False,1
9778,984,2025-05-11 13:44:06,WhatsApp,Reclamo,Ventas,10,False,Finalizada,True,5
9779,355,2025-02-13 19:22:56,WhatsApp,Cancelar servicio,Atención Comercial,4,False,Finalizada,True,5
9780,1302,2025-04-25 16:25:17,Instagram,Reclamo,Ventas,10,False,Finalizada,True,5
9781,1877,2025-10-10 13:45:04,Web,Reclamo,Atención al Cliente,12,False,Abandonada,False,1
9782,1399,2025-12-30 20:56:50,Web,Solicitar información,Ventas,4,False,Finalizada,False,3
9783,423,2025-08-14 00:33:09,WhatsApp,Seguimiento,Postventa,7,False,Finalizada,True,5
9784,599,2025-01-28 19:41:27,WhatsApp,Consultar precios,Postventa,5,False,Abandonada,False,2
9785,328,2025-03-15 19:47:50,Web,Seguimiento,Postventa,7,False,Finalizada,False,5
9786,1837,2025-06-05 13:10:22,Telegram,Solicitar información,Soporte,4,False,Finalizada,False,4
9787,639,2025-12-23 20:32:06,Facebook,Cancelar servicio,Soporte,3,False,Finalizada,False,5
9788,914,2025-07-27 18:42:42,Facebook,Soporte técnico,Postventa,12,False,Abandonada,False,1
9789,873,2025-10-04 18:24:17,WhatsApp,Seguimiento,Postventa,7,False,Finalizada,False,3
9790,1177,2025-02-26 12:58:36,WhatsApp,Reclamo,Soporte,12,False,Finalizada,True,5
9791,620,2025-10-28 11:50:07,Web,Solicitar información,Postventa,5,False,Finalizada,True,5
9792,1316,2025-03-22 18:14:56,Web,Solicitar información,Ventas,4,False,Finalizada,False,3
9793,416,2025-10-19 00:17:52,Instagram,Agendar servicio,Atención al Cliente,8,False,Abandonada,False,1
9794,136,2025-11-15 12:50:00,WhatsApp,Solicitar información,Atención Comercial,5,False,Finalizada,False,4
9795,826,2025-10-05 09:28:56,Instagram,Agendar servicio,Atención Comercial,8,False,Finalizada,True,5
9796,1631,2025-02-11 20:41:22,WhatsApp,Solicitar información,Postventa,4,False,Abandonada,False,1
9797,858,2025-03-14 18:37:21,WhatsApp,Seguimiento,Atención Comercial,7,False,Finalizada,False,4
9798,1373,2025-01-31 01:44:51,Web,Soporte técnico,Atención al Cliente,11,False,Finalizada,True,4
9799,1307,2025-06-27 18:47:25,WhatsApp,Consultar precios,Atención Comercial,4,False,Finalizada,True,5
9800,1727,2025-06-24 13:20:22,Web,Agendar servicio,Postventa,6,False,Finalizada,True,4
9801,568,2025-09-30 19:44:31,Instagram,Soporte técnico,Atención Comercial,10,False,Finalizada,False,3
9802,274,2025-12-03 20:55:36,Web,Solicitar información,Atención al Cliente,5,False,Abandonada,False,1
9803,1773,2025-06-30 20:52:51,WhatsApp,Seguimiento,Postventa,6,False,Abandonada,False,1
9804,151,2025-04-25 11:02:22,Instagram,Consultar precios,Postventa,4,False,Finalizada,True,5
9805,896,2025-07-10 20:04:31,WhatsApp,Cancelar servicio,Atención Comercial,3,False,Finalizada,True,5
9806,1924,2025-01-28 02:54:03,WhatsApp,Cancelar servicio,Atención Comercial,3,False,Abandonada,False,1
9807,1918,2025-03-09 19:24:30,WhatsApp,Consultar precios,Postventa,5,False,Finalizada,True,5
9808,488,2025-01-14 19:07:41,WhatsApp,Seguimiento,Atención al Cliente,7,False,Finalizada,True,4
9809,1043,2025-10-12 16:26:41,WhatsApp,Cancelar servicio,Postventa,4,False,Finalizada,False,3
9810,912,2025-01-18 20:07:33,WhatsApp,Cancelar servicio,Atención al Cliente,2,False,Finalizada,True,4
9811,1903,2025-05-22 20:35:11,WhatsApp,Agendar servicio,Soporte,8,False,Finalizada,False,4
9812,1373,2025-01-27 12:15:54,Facebook,Cancelar servicio,Ventas,4,False,Abandonada,False,1
9813,1159,2025-12-18 15:12:53,Facebook,Seguimiento,Atención Comercial,5,False,Finalizada,False,5
9814,1713,2025-12-26 18:55:32,Facebook,Soporte técnico,Atención Comercial,12,False,Finalizada,True,5
9815,1366,2025-05-08 20:10:06,Web,Soporte técnico,Postventa,14,False,Finalizada,True,5
9816,1478,2025-07-21 18:32:06,Facebook,Solicitar información,Soporte,6,False,Abandonada,False,1
9817,516,2025-08-31 13:53:09,Web,Reclamo,Postventa,12,False,Finalizada,True,4
9818,221,2025-03-08 18:03:08,WhatsApp,Agendar servicio,Atención al Cliente,7,False,Finalizada,True,5
9819,1774,2025-10-02 11:19:10,WhatsApp,Solicitar información,Ventas,5,False,Finalizada,True,4
9820,177,2025-11-23 13:29:32,WhatsApp,Agendar servicio,Soporte,7,False,Finalizada,False,4
9821,100,2025-10-01 18:26:57,WhatsApp,Soporte técnico,Postventa,18,False,Finalizada,False,4
9822,1598,2025-06-05 11:34:59,WhatsApp,Cancelar servicio,Soporte,2,False,Finalizada,True,5
9823,1113,2025-04-02 12:42:18,WhatsApp,Reclamo,Atención Comercial,14,False,Finalizada,True,5
9824,21,2025-09-02 09:07:39,Web,Consultar precios,Postventa,3,False,Finalizada,True,5
9825,397,2025-12-20 02:16:43,Web,Agendar servicio,Soporte,6,False,Finalizada,False,4
9826,1770,2025-05-29 17:59:19,WhatsApp,Soporte técnico,Postventa,18,True,Finalizada,True,2
9827,1938,2025-09-05 18:33:23,Web,Cancelar servicio,Soporte,4,False,Finalizada,True,5
9828,1864,2025-09-28 10:47:45,WhatsApp,Solicitar información,Atención Comercial,5,False,Finalizada,False,4
9829,1933,2025-03-17 09:27:03,Facebook,Cancelar servicio,Ventas,3,False,Finalizada,False,3
9830,1409,2025-03-02 18:13:22,WhatsApp,Consultar precios,Postventa,5,False,Finalizada,False,4
9831,1551,2025-11-27 19:30:44,WhatsApp,Seguimiento,Atención Comercial,4,False,Finalizada,False,3
9832,860,2025-11-21 19:18:55,Facebook,Soporte técnico,Atención al Cliente,15,False,Finalizada,True,5
9833,1978,2025-05-11 19:52:34,Instagram,Soporte técnico,Atención al Cliente,14,True,Finalizada,False,2
9834,704,2025-10-07 20:05:45,Web,Reclamo,Postventa,10,False,Finalizada,True,5
9835,1467,2025-08-01 12:29:44,Web,Solicitar información,Atención al Cliente,5,False,Abandonada,False,1
9836,807,2025-08-14 19:09:24,Facebook,Soporte técnico,Postventa,13,False,Finalizada,False,3
9837,1060,2025-08-09 19:34:15,Web,Solicitar información,Postventa,6,False,Finalizada,False,4
9838,529,2025-09-08 13:20:38,Instagram,Agendar servicio,Soporte,6,False,Finalizada,False,3
9839,1488,2025-09-25 18:41:48,Web,Seguimiento,Soporte,5,False,Finalizada,True,5
9840,756,2025-07-31 18:36:17,Instagram,Cancelar servicio,Atención al Cliente,3,False,Finalizada,False,3
9841,260,2025-09-18 19:45:41,Instagram,Cancelar servicio,Atención Comercial,3,False,Abandonada,False,2
9842,236,2025-08-17 20:40:24,Web,Cancelar servicio,Atención Comercial,4,False,Finalizada,False,5
9843,560,2025-11-26 03:35:10,Instagram,Soporte técnico,Postventa,12,False,Finalizada,False,4
9844,452,2025-12-19 09:37:42,WhatsApp,Reclamo,Atención al Cliente,14,False,Finalizada,True,5
9845,585,2025-06-12 18:44:51,Instagram,Consultar precios,Soporte,5,False,Abandonada,False,2
9846,1494,2025-02-21 03:06:24,WhatsApp,Solicitar información,Soporte,6,True,Finalizada,False,2
9847,1556,2025-11-15 13:45:11,WhatsApp,Consultar precios,Postventa,5,False,Finalizada,False,5
9848,1082,2025-09-23 13:51:44,Web,Agendar servicio,Ventas,6,False,Finalizada,False,3
9849,995,2025-12-21 00:16:51,Instagram,Soporte técnico,Ventas,18,False,Finalizada,True,5
9850,649,2025-03-14 01:15:37,WhatsApp,Solicitar información,Postventa,6,False,Finalizada,True,5
9851,1295,2025-11-02 15:56:14,Instagram,Consultar precios,Atención Comercial,4,False,Finalizada,False,4
9852,407,2025-09-17 12:46:29,Web,Reclamo,Ventas,10,True,Finalizada,False,2
9853,1555,2025-09-15 18:02:58,WhatsApp,Reclamo,Soporte,9,False,Finalizada,True,5
9854,1956,2025-12-30 09:39:18,Facebook,Cancelar servicio,Atención al Cliente,4,True,Abandonada,False,1
9855,415,2025-07-29 18:20:14,Instagram,Agendar servicio,Atención Comercial,6,False,Finalizada,False,5
9856,179,2025-11-13 20:37:13,WhatsApp,Cancelar servicio,Atención Comercial,3,False,Abandonada,False,1
9857,787,2025-09-13 12:31:22,WhatsApp,Consultar precios,Atención al Cliente,4,False,Finalizada,True,5
9858,1465,2025-08-17 18:39:54,WhatsApp,Reclamo,Postventa,15,True,Finalizada,False,2
9859,47,2025-05-18 19:37:51,Facebook,Reclamo,Ventas,8,False,Finalizada,True,5
9860,921,2025-07-06 19:02:58,Facebook,Cancelar servicio,Atención Comercial,2,False,Finalizada,False,3
9861,420,2025-08-17 13:40:40,WhatsApp,Consultar precios,Postventa,3,False,Finalizada,False,3
9862,1693,2025-07-17 13:06:49,Web,Seguimiento,Ventas,5,False,Finalizada,False,5
9863,1465,2025-07-29 12:48:01,WhatsApp,Consultar precios,Ventas,3,False,Finalizada,False,3
9864,279,2025-09-01 19:27:02,WhatsApp,Solicitar información,Postventa,6,False,Finalizada,False,3
9865,48,2025-06-22 18:15:55,Instagram,Consultar precios,Postventa,4,False,Finalizada,False,3
9866,295,2025-01-12 18:05:55,Web,Soporte técnico,Postventa,17,True,Finalizada,True,1
9867,483,2025-10-11 02:05:14,WhatsApp,Reclamo,Atención al Cliente,9,False,Finalizada,False,5
9868,51,2025-11-25 12:10:18,Web,Agendar servicio,Soporte,6,False,Finalizada,False,4
9869,816,2025-11-18 02:00:18,Web,Agendar servicio,Atención Comercial,5,False,Finalizada,True,5
9870,1081,2025-12-31 05:11:14,Telegram,Agendar servicio,Atención Comercial,5,False,Finalizada,False,3
9871,1020,2025-03-07 13:01:32,Web,Reclamo,Ventas,10,False,Finalizada,False,3
9872,1773,2025-03-18 01:45:44,Web,Solicitar información,Atención Comercial,5,False,Finalizada,False,4
9873,253,2025-03-09 13:15:05,Facebook,Solicitar información,Soporte,6,False,Finalizada,False,5
9874,1564,2025-10-15 13:08:28,WhatsApp,Consultar precios,Atención Comercial,5,False,Abandonada,False,2
9875,394,2025-11-14 11:28:56,Facebook,Seguimiento,Atención Comercial,6,False,Finalizada,False,5
9876,863,2025-11-10 02:58:59,WhatsApp,Solicitar información,Atención Comercial,4,False,Abandonada,False,2
9877,1753,2025-10-31 18:28:46,WhatsApp,Agendar servicio,Atención Comercial,7,False,Abandonada,False,1
9878,794,2025-10-23 16:32:55,Web,Seguimiento,Soporte,6,False,Finalizada,False,5
9879,1456,2025-11-21 18:27:37,Facebook,Agendar servicio,Atención Comercial,6,False,Finalizada,False,3
9880,1694,2025-04-23 04:19:05,WhatsApp,Reclamo,Soporte,8,False,Finalizada,True,5
9881,1485,2025-09-24 13:53:33,Instagram,Consultar precios,Atención Comercial,3,False,Finalizada,True,4
9882,498,2025-06-26 00:56:21,Web,Cancelar servicio,Atención Comercial,2,False,Finalizada,False,4
9883,1896,2025-01-14 08:32:02,WhatsApp,Seguimiento,Atención al Cliente,7,False,Finalizada,True,5
9884,998,2025-03-08 18:21:53,Instagram,Agendar servicio,Soporte,6,True,Finalizada,False,2
9885,397,2025-11-11 17:39:55,WhatsApp,Solicitar información,Atención Comercial,6,False,Finalizada,True,5
9886,684,2025-04-11 20:34:47,WhatsApp,Agendar servicio,Soporte,5,False,Abandonada,False,1
9887,956,2025-12-14 19:22:30,WhatsApp,Reclamo,Postventa,10,False,Finalizada,False,4
9888,1589,2025-01-29 19:38:25,Telegram,Seguimiento,Soporte,4,True,Finalizada,False,1
9889,1547,2025-05-30 13:31:38,Facebook,Cancelar servicio,Soporte,2,False,Abandonada,False,2
9890,669,2025-06-18 12:54:10,Facebook,Cancelar servicio,Atención al Cliente,4,False,Finalizada,False,4
9891,1378,2025-05-20 20:36:36,Web,Seguimiento,Atención al Cliente,7,False,Abandonada,False,1
9892,1296,2025-06-15 12:19:54,WhatsApp,Soporte técnico,Ventas,18,False,Finalizada,False,4
9893,1433,2025-03-28 20:52:49,WhatsApp,Cancelar servicio,Soporte,4,False,Finalizada,True,4
9894,1271,2025-12-15 20:41:01,Web,Seguimiento,Postventa,5,False,Abandonada,False,1
9895,1958,2025-05-23 19:36:51,WhatsApp,Consultar precios,Ventas,5,False,Finalizada,False,4
9896,1375,2025-09-30 13:32:15,Facebook,Cancelar servicio,Postventa,3,False,Finalizada,False,4
9897,50,2025-04-19 19:37:31,WhatsApp,Soporte técnico,Atención al Cliente,16,False,Finalizada,False,4
9898,1518,2025-12-10 13:27:01,Web,Agendar servicio,Atención al Cliente,7,False,Finalizada,True,4
9899,1022,2025-07-06 01:55:54,WhatsApp,Agendar servicio,Soporte,5,False,Finalizada,False,4
9900,1045,2025-11-14 18:15:58,WhatsApp,Cancelar servicio,Postventa,3,False,Finalizada,True,5
9901,693,2025-08-15 19:03:08,WhatsApp,Soporte técnico,Postventa,10,True,Finalizada,True,1
9902,148,2025-06-03 19:39:49,WhatsApp,Soporte técnico,Soporte,12,False,Finalizada,False,4
9903,118,2025-12-12 18:58:46,Web,Consultar precios,Soporte,3,False,Abandonada,False,1
9904,1132,2025-05-06 15:44:15,WhatsApp,Agendar servicio,Atención Comercial,5,False,Finalizada,True,4
9905,1203,2025-09-02 11:03:25,Web,Cancelar servicio,Ventas,3,True,Finalizada,False,1
9906,412,2025-01-05 16:29:24,WhatsApp,Consultar precios,Soporte,5,False,Finalizada,True,5
9907,1539,2025-01-22 20:11:28,Instagram,Consultar precios,Postventa,3,False,Finalizada,True,5
9908,207,2025-10-09 20:55:53,WhatsApp,Soporte técnico,Atención Comercial,10,True,Finalizada,False,1
9909,1633,2025-09-19 18:00:18,Web,Solicitar información,Atención al Cliente,4,False,Finalizada,True,5
9910,1123,2025-10-23 15:04:00,WhatsApp,Consultar precios,Soporte,4,False,Finalizada,False,3
9911,1763,2025-12-11 12:48:31,WhatsApp,Soporte técnico,Atención Comercial,15,True,Finalizada,True,1
9912,918,2025-10-18 20:22:10,WhatsApp,Seguimiento,Atención al Cliente,7,False,Finalizada,False,4
9913,1954,2025-12-27 15:59:25,Web,Soporte técnico,Soporte,17,False,Finalizada,False,4
9914,23,2025-03-22 13:29:38,Instagram,Consultar precios,Postventa,4,False,Abandonada,False,2
9915,349,2025-02-20 11:04:40,Web,Seguimiento,Soporte,6,False,Finalizada,True,4
9916,1742,2025-02-23 20:31:58,Instagram,Consultar precios,Atención al Cliente,3,False,Finalizada,False,3
9917,906,2025-10-12 19:19:01,Web,Reclamo,Soporte,8,True,Finalizada,False,2
9918,1991,2025-01-29 18:30:09,Instagram,Soporte técnico,Atención Comercial,12,True,Abandonada,False,2
9919,702,2025-04-04 19:56:49,Web,Consultar precios,Atención Comercial,4,False,Finalizada,False,5
9920,1973,2025-02-01 15:40:01,WhatsApp,Solicitar información,Postventa,6,False,Finalizada,True,5
9921,1660,2025-04-11 18:01:35,Web,Seguimiento,Soporte,4,False,Finalizada,False,5
9922,518,2025-10-07 10:51:40,Web,Solicitar información,Ventas,4,False,Finalizada,False,3
9923,1006,2025-10-20 12:14:44,WhatsApp,Consultar precios,Atención Comercial,5,False,Finalizada,True,4
9924,1800,2025-10-05 12:57:56,Web,Agendar servicio,Soporte,5,False,Finalizada,False,5
9925,740,2025-09-11 19:56:10,WhatsApp,Solicitar información,Atención al Cliente,4,False,Finalizada,False,4
9926,486,2025-07-08 13:00:44,Facebook,Consultar precios,Postventa,4,False,Finalizada,False,4
9927,1782,2025-06-07 16:17:42,WhatsApp,Soporte técnico,Soporte,13,True,Abandonada,False,1
9928,277,2025-06-07 19:27:14,Facebook,Soporte técnico,Ventas,18,True,Finalizada,True,2
9929,528,2025-08-22 10:05:42,WhatsApp,Consultar precios,Postventa,3,False,Finalizada,False,5
9930,424,2025-04-18 08:37:43,Facebook,Agendar servicio,Soporte,5,False,Finalizada,True,5
9931,1416,2025-05-15 13:05:27,Facebook,Soporte técnico,Soporte,15,False,Finalizada,True,5
9932,1481,2025-02-13 18:11:11,Web,Solicitar información,Soporte,4,False,Finalizada,True,5
9933,74,2025-09-29 02:28:48,WhatsApp,Cancelar servicio,Atención Comercial,3,False,Abandonada,False,1
9934,280,2025-03-10 13:28:10,WhatsApp,Consultar precios,Postventa,4,False,Finalizada,True,4
9935,1899,2025-03-27 09:49:24,Web,Agendar servicio,Ventas,5,False,Finalizada,True,5
9936,351,2025-09-30 19:15:01,WhatsApp,Consultar precios,Soporte,4,False,Finalizada,False,4
9937,515,2025-06-16 10:12:55,WhatsApp,Seguimiento,Ventas,6,False,Abandonada,False,1
9938,1637,2025-12-23 13:30:13,WhatsApp,Agendar servicio,Atención Comercial,5,False,Finalizada,False,5
9939,656,2025-09-29 20:06:55,WhatsApp,Reclamo,Atención al Cliente,8,True,Finalizada,True,1
9940,1440,2025-02-03 12:32:11,Web,Reclamo,Soporte,8,False,Finalizada,False,3
9941,1677,2025-11-02 18:56:20,Web,Soporte técnico,Ventas,10,True,Finalizada,False,3
9942,67,2025-12-29 10:50:50,Instagram,Reclamo,Atención Comercial,13,True,Finalizada,True,1
9943,1249,2025-04-10 12:01:38,WhatsApp,Solicitar información,Soporte,5,False,Finalizada,False,4
9944,316,2025-04-13 17:26:20,Web,Reclamo,Ventas,10,False,Abandonada,False,1
9945,1687,2025-03-03 02:44:12,Instagram,Soporte técnico,Atención al Cliente,11,False,Finalizada,False,3
9946,1650,2025-03-16 19:41:25,Facebook,Reclamo,Ventas,12,False,Finalizada,True,5
9947,1906,2025-03-26 20:01:04,WhatsApp,Reclamo,Soporte,8,False,Abandonada,False,1
9948,1563,2025-12-21 19:41:02,Web,Solicitar información,Ventas,4,False,Finalizada,True,5
9949,1639,2025-03-16 11:05:04,Facebook,Reclamo,Atención al Cliente,10,False,Finalizada,False,4
9950,469,2025-06-29 12:26:30,Web,Seguimiento,Soporte,4,False,Abandonada,False,1
9951,28,2025-10-04 12:33:01,WhatsApp,Reclamo,Soporte,10,False,Finalizada,True,5
9952,1631,2025-09-03 11:24:41,Facebook,Cancelar servicio,Atención Comercial,2,False,Finalizada,False,4
9953,1477,2025-08-02 10:27:41,Facebook,Soporte técnico,Ventas,13,True,Abandonada,False,1
9954,1270,2025-08-22 12:15:25,Instagram,Solicitar información,Atención Comercial,5,False,Finalizada,False,4
9955,1686,2025-12-27 12:25:13,Web,Solicitar información,Atención Comercial,5,False,Finalizada,True,5
9956,1742,2025-01-11 20:30:18,Facebook,Cancelar servicio,Soporte,3,False,Finalizada,True,4
9957,360,2025-09-16 05:24:21,WhatsApp,Reclamo,Ventas,12,True,Abandonada,False,1
9958,1822,2025-12-09 10:03:21,WhatsApp,Soporte técnico,Atención al Cliente,16,True,Finalizada,True,3
9959,430,2025-01-08 18:56:07,Facebook,Reclamo,Ventas,9,True,Finalizada,True,2
9960,1886,2025-10-23 13:52:10,Instagram,Soporte técnico,Soporte,18,False,Finalizada,False,3
9961,1407,2025-06-26 20:29:03,Facebook,Consultar precios,Ventas,4,False,Finalizada,True,5
9962,1853,2025-02-19 20:49:16,Web,Soporte técnico,Postventa,13,False,Finalizada,True,4
9963,1496,2025-08-03 18:01:01,WhatsApp,Solicitar información,Atención al Cliente,5,False,Finalizada,True,5
9964,743,2025-10-11 13:43:06,WhatsApp,Seguimiento,Ventas,7,True,Finalizada,False,2
9965,543,2025-11-08 13:32:28,Instagram,Reclamo,Soporte,12,False,Finalizada,True,5
9966,337,2025-05-24 19:13:18,WhatsApp,Soporte técnico,Ventas,10,False,Abandonada,False,1
9967,1867,2025-11-23 13:55:27,WhatsApp,Solicitar información,Ventas,4,False,Finalizada,True,5
9968,1538,2025-12-22 20:07:37,Facebook,Consultar precios,Atención al Cliente,3,False,Finalizada,True,4
9969,43,2025-02-10 12:07:26,WhatsApp,Soporte técnico,Ventas,18,False,Finalizada,False,5
9970,953,2025-07-20 18:37:19,WhatsApp,Soporte técnico,Postventa,12,False,Finalizada,True,5
9971,1712,2025-06-03 13:59:33,WhatsApp,Soporte técnico,Ventas,17,True,Finalizada,True,2
9972,410,2025-10-07 19:07:10,WhatsApp,Reclamo,Soporte,10,False,Finalizada,False,5
9973,122,2025-05-04 18:55:49,WhatsApp,Consultar precios,Atención al Cliente,5,False,Finalizada,False,4
9974,1814,2025-05-18 13:00:50,WhatsApp,Soporte técnico,Ventas,14,False,Finalizada,True,4
9975,1455,2025-09-12 12:13:42,WhatsApp,Consultar precios,Soporte,5,False,Finalizada,True,4
9976,198,2025-04-12 02:10:51,WhatsApp,Agendar servicio,Postventa,8,False,Finalizada,True,5
9977,991,2025-05-20 12:16:02,WhatsApp,Agendar servicio,Soporte,5,False,Finalizada,False,5
9978,1481,2025-03-30 18:37:08,WhatsApp,Agendar servicio,Atención al Cliente,7,False,Finalizada,True,5
9979,998,2025-02-13 11:52:42,WhatsApp,Solicitar información,Ventas,6,False,Finalizada,True,5
9980,1865,2025-06-17 19:41:11,WhatsApp,Soporte técnico,Ventas,14,True,Finalizada,True,3
9981,1821,2025-06-25 08:59:54,WhatsApp,Cancelar servicio,Postventa,4,True,Finalizada,False,1
9982,1118,2025-09-13 13:12:53,WhatsApp,Cancelar servicio,Atención al Cliente,3,False,Finalizada,False,4
9983,871,2025-08-30 18:19:21,Facebook,Cancelar servicio,Postventa,2,False,Finalizada,False,3
9984,606,2025-12-25 20:11:11,WhatsApp,Reclamo,Ventas,8,False,Finalizada,True,5
9985,253,2025-12-20 12:51:39,Web,Cancelar servicio,Soporte,2,False,Finalizada,False,3
9986,972,2025-12-21 18:51:11,WhatsApp,Solicitar información,Atención Comercial,5,False,Finalizada,True,4
9987,1129,2025-05-16 12:47:45,WhatsApp,Seguimiento,Atención Comercial,5,False,Finalizada,False,4
9988,1835,2025-08-14 12:11:48,Telegram,Soporte técnico,Postventa,17,False,Abandonada,False,1
9989,515,2025-08-30 19:22:37,Facebook,Agendar servicio,Atención Comercial,5,False,Finalizada,False,3
9990,1547,2025-07-23 12:44:11,Web,Reclamo,Soporte,10,True,Finalizada,True,2
9991,1025,2025-06-02 13:31:57,Facebook,Seguimiento,Atención Comercial,4,False,Finalizada,False,3
9992,1149,2025-05-24 10:08:06,Telegram,Solicitar información,Atención Comercial,6,False,Finalizada,False,4
9993,1395,2025-12-27 20:34:11,Web,Consultar precios,Ventas,5,False,Finalizada,True,5
9994,116,2025-12-14 10:21:18,Web,Consultar precios,Soporte,3,False,Finalizada,True,5
9995,1830,2025-05-01 12:01:22,Facebook,Solicitar información,Soporte,6,False,Finalizada,False,4
9996,524,2025-10-05 01:44:27,Web,Consultar precios,Ventas,4,False,Finalizada,False,3
9997,303,2025-09-29 11:56:45,Web,Solicitar información,Atención al Cliente,6,True,Finalizada,False,3
9998,500,2025-03-02 19:14:38,WhatsApp,Reclamo,Atención al Cliente,11,False,Finalizada,True,5
9999,1496,2025-11-16 12:12:51,WhatsApp,Cancelar servicio,Postventa,3,True,Finalizada,True,3
10000,580,2025-06-03 13:11:46,Facebook,Solicitar información,Soporte,6,False,Finalizada,False,4
