ConversationID,ClienteID,FechaID,CanalID,ServicioID,IntencionID,DuracionMinutos,TuvoError,EstadoConversacion,Convertido,Satisfaccion
1,1266,247,4,5,2,4,False,Finalizada,True,5
2,625,153,5,2,1,5,False,Finalizada,False,4
3,1610,128,1,4,2,3,False,Finalizada,True,5
4,1583,339,5,1,2,3,False,Finalizada,False,5
5,1595,205,5,4,6,5,False,Finalizada,True,5
6,699,317,5,5,3,3,False,Finalizada,False,3
7,1545,351,4,3,3,5,False,Finalizada,False,4
8,110,53,2,1,7,18,False,Abandonada,False,1
9,1490,316,1,1,4,12,True,Abandonada,False,1
10,1361,255,5,1,1,6,False,Finalizada,True,5
11,767,185,5,2,6,5,False,Finalizada,False,5
12,1625,132,5,1,6,4,False,Finalizada,True,4
13,1619,199,5,1,3,3,False,Finalizada,False,4
14,1729,55,5,3,2,4,False,Finalizada,True,4
15,1733,137,2,2,1,5,False,Finalizada,False,3
16,695,213,5,5,1,6,False,Abandonada,False,2
17,317,133,5,5,3,3,False,Finalizada,True,5
18,1698,342,5,5,6,5,False,Finalizada,True,5
19,29,246,4,3,5,7,False,Finalizada,False,3
20,353,295,5,1,3,4,False,Finalizada,True,5
21,1468,320,5,4,6,6,False,Finalizada,False,3
22,1752,191,5,1,5,7,False,Finalizada,False,4
23,117,104,2,1,7,14,False,Abandonada,False,1
24,659,157,5,3,1,8,False,Finalizada,True,4
25,508,56,3,1,2,2,False,Finalizada,False,3
26,1950,302,5,3,5,4,False,Finalizada,False,3
27,1228,314,5,5,6,4,False,Finalizada,False,5
28,691,202,1,4,7,16,True,Finalizada,True,2
29,841,328,5,4,7,13,False,Finalizada,True,5
30,732,225,4,1,2,4,False,Finalizada,False,4
31,1779,15,4,4,4,15,True,Finalizada,True,3
32,1119,10,5,4,2,3,False,Finalizada,False,3
33,229,120,5,1,3,4,False,Finalizada,True,5
34,563,247,5,3,6,5,False,Finalizada,True,5
35,1394,69,1,4,1,6,False,Abandonada,False,2
36,711,208,4,1,7,11,False,Finalizada,True,5
37,1540,143,4,1,6,6,False,Finalizada,True,5
38,533,300,4,5,2,2,False,Finalizada,False,4
39,76,62,5,1,1,5,False,Finalizada,False,4
40,1059,176,5,2,1,7,False,Finalizada,False,3
41,678,172,5,3,2,2,False,Finalizada,False,4
42,939,104,4,5,2,2,False,Finalizada,False,4
43,1157,121,4,1,4,9,True,Finalizada,True,3
44,1347,317,5,2,3,3,False,Finalizada,False,3
45,1220,230,5,5,1,8,False,Finalizada,True,4
46,1049,320,5,5,2,3,False,Finalizada,True,5
47,69,163,5,2,7,14,False,Finalizada,False,5
48,818,79,5,1,5,6,False,Finalizada,True,5
49,1493,211,5,3,6,6,False,Finalizada,False,4
50,1142,166,5,2,3,5,False,Abandonada,False,1
51,1990,173,5,5,1,7,False,Finalizada,False,4
52,793,127,2,4,5,7,False,Abandonada,False,1
53,673,125,4,1,5,7,False,Finalizada,True,4
54,353,330,1,1,3,4,False,Finalizada,True,5
55,1027,262,1,3,5,6,True,Finalizada,False,3
56,261,116,4,2,7,12,False,Finalizada,False,3
57,1573,217,5,4,2,4,False,Finalizada,False,3
58,175,22,1,1,1,5,True,Finalizada,False,2
59,443,203,5,5,6,6,False,Finalizada,False,3
60,552,217,4,2,6,4,False,Abandonada,False,2
61,1402,2,4,5,2,2,True,Finalizada,False,3
62,122,343,2,1,1,8,False,Finalizada,False,4
63,273,266,4,5,4,11,False,Abandonada,False,2
64,701,290,1,2,7,15,True,Finalizada,False,2
65,389,2,4,5,7,17,True,Finalizada,True,3
66,326,326,4,1,3,3,False,Abandonada,False,1
67,142,68,4,5,3,3,False,Abandonada,False,2
68,273,81,1,1,6,5,False,Finalizada,False,5
69,264,225,4,1,5,6,False,Finalizada,True,5
70,132,253,2,2,3,3,False,Finalizada,True,5
71,1477,190,4,3,1,6,False,Abandonada,False,1
72,683,288,4,3,5,7,False,Finalizada,False,4
73,1454,59,5,3,2,4,False,Finalizada,False,3
74,88,180,5,5,4,13,True,Finalizada,False,1
75,581,200,3,1,4,9,False,Finalizada,False,5
76,270,215,2,1,4,13,True,Abandonada,False,2
77,129,146,5,2,5,5,False,Finalizada,True,5
78,1193,159,4,4,1,6,False,Finalizada,True,5
79,1706,302,1,3,3,3,False,Finalizada,False,5
80,1540,163,4,2,6,6,True,Finalizada,True,2
81,1771,152,5,4,6,5,False,Finalizada,True,5
82,286,69,3,5,6,4,False,Finalizada,False,3
83,1175,259,2,2,6,5,False,Finalizada,True,5
84,1483,90,4,1,2,4,False,Abandonada,False,1
85,1392,321,5,1,7,12,False,Finalizada,False,5
86,1066,303,5,3,5,4,False,Finalizada,False,5
87,362,136,4,3,5,5,True,Finalizada,False,2
88,567,47,5,5,6,6,False,Finalizada,True,5
89,1100,137,5,2,2,4,False,Finalizada,True,5
90,1906,175,3,5,4,9,True,Finalizada,True,3
91,619,211,2,1,6,5,False,Finalizada,True,5
92,1391,31,4,3,4,15,False,Abandonada,False,1
93,1979,239,5,5,3,4,False,Finalizada,True,5
94,1913,251,1,5,5,7,False,Abandonada,False,2
95,1517,155,4,3,7,17,False,Finalizada,False,3
96,1952,247,5,1,4,12,True,Abandonada,False,1
97,1898,213,4,4,6,6,False,Finalizada,True,5
98,1823,335,4,5,1,8,False,Finalizada,True,4
99,333,32,5,5,7,15,False,Finalizada,True,5
100,210,183,3,3,6,6,False,Finalizada,False,3
101,1900,79,5,3,5,4,False,Finalizada,True,5
102,541,186,5,3,4,13,False,Abandonada,False,1
103,1226,237,5,2,1,8,False,Finalizada,True,4
104,207,171,4,4,3,4,False,Abandonada,False,1
105,78,41,5,1,2,2,False,Finalizada,False,5
106,1141,298,4,5,6,4,False,Finalizada,True,5
107,1608,358,5,4,3,5,False,Finalizada,True,5
108,581,181,5,4,7,15,False,Finalizada,True,5
109,684,223,5,4,2,4,True,Finalizada,False,3
110,1622,75,2,5,2,4,False,Finalizada,False,5
111,778,126,5,3,1,7,False,Finalizada,True,5
112,195,159,5,5,5,6,False,Finalizada,True,5
113,752,248,5,4,2,4,True,Finalizada,True,2
114,1642,41,5,1,1,5,False,Finalizada,True,4
115,1617,295,5,3,2,2,False,Abandonada,False,2
116,1822,312,4,4,3,5,False,Finalizada,True,5
117,1856,48,5,5,7,15,True,Abandonada,False,1
118,1567,327,5,3,7,11,False,Finalizada,False,4
119,326,134,1,2,5,7,False,Abandonada,False,1
120,440,187,5,2,3,3,False,Finalizada,True,5
121,416,26,4,4,5,5,False,Abandonada,False,2
122,923,100,5,3,4,10,False,Abandonada,False,2
123,313,12,5,4,3,4,False,Finalizada,True,5
124,474,157,5,1,2,3,False,Abandonada,False,1
125,1128,73,1,4,4,10,False,Finalizada,False,4
126,1546,15,5,3,2,4,False,Finalizada,True,5
127,464,45,4,2,3,3,False,Finalizada,True,4
128,591,117,2,3,4,12,True,Finalizada,True,1
129,139,162,5,5,2,3,False,Finalizada,True,5
130,1995,322,5,3,5,6,False,Finalizada,True,5
131,797,293,1,2,1,5,False,Finalizada,True,5
132,935,330,2,4,3,3,False,Finalizada,False,4
133,862,276,2,5,7,13,False,Abandonada,False,2
134,1518,139,4,1,4,11,False,Finalizada,False,3
135,1964,341,5,4,1,5,True,Finalizada,True,3
136,1422,253,5,2,5,6,False,Abandonada,False,1
137,1965,283,2,2,3,3,False,Finalizada,False,5
138,936,269,5,4,6,5,False,Finalizada,True,5
139,549,282,4,3,6,6,False,Abandonada,False,1
140,487,260,1,4,5,4,False,Finalizada,False,3
141,645,115,5,2,2,3,False,Finalizada,False,3
142,1366,65,2,5,1,5,False,Finalizada,False,4
143,1947,164,1,3,1,7,True,Finalizada,True,2
144,288,325,5,1,5,4,True,Finalizada,False,3
145,571,316,5,3,1,8,True,Finalizada,False,1
146,747,111,4,2,3,4,False,Finalizada,True,5
147,1945,331,5,3,2,4,True,Abandonada,False,2
148,1220,90,1,1,6,6,False,Abandonada,False,2
149,522,31,5,4,1,7,False,Finalizada,False,3
150,1908,118,5,2,6,5,False,Finalizada,False,3
151,1426,308,5,4,2,2,False,Finalizada,True,4
152,806,15,4,5,7,17,False,Finalizada,True,5
153,651,278,2,5,2,4,False,Abandonada,False,1
154,1702,243,1,2,1,6,False,Finalizada,False,4
155,620,165,4,3,3,3,True,Finalizada,False,1
156,537,293,1,3,6,6,False,Finalizada,False,3
157,1953,260,5,3,4,10,False,Finalizada,False,3
158,1345,264,4,3,1,5,False,Finalizada,True,5
159,537,329,5,5,7,18,False,Finalizada,True,4
160,1267,252,5,2,6,6,False,Finalizada,True,5
161,1130,165,5,5,4,12,True,Finalizada,True,2
162,731,43,2,5,6,6,False,Finalizada,False,3
163,450,40,5,5,5,5,False,Finalizada,False,4
164,1347,303,4,1,1,7,False,Finalizada,True,5
165,187,264,4,1,1,5,False,Finalizada,False,4
166,429,198,4,1,4,8,True,Abandonada,False,1
167,1713,264,5,3,1,7,False,Abandonada,False,1
168,1875,226,2,4,2,3,False,Finalizada,False,5
169,1322,73,3,5,5,7,False,Finalizada,False,3
170,156,243,5,2,1,8,False,Finalizada,True,4
171,1565,304,2,1,1,5,False,Finalizada,True,5
172,452,347,2,1,1,7,False,Finalizada,False,3
173,1782,118,4,5,5,7,False,Finalizada,True,4
174,1377,244,3,2,5,7,False,Finalizada,True,5
175,566,136,5,3,4,14,False,Finalizada,False,4
176,457,293,2,3,3,4,False,Abandonada,False,1
177,1656,120,5,4,4,13,False,Finalizada,False,3
178,413,86,5,5,4,15,False,Finalizada,True,5
179,1504,139,5,4,4,13,True,Finalizada,True,3
180,1153,277,5,1,4,12,False,Finalizada,True,4
181,551,39,1,3,3,5,False,Finalizada,True,5
182,370,189,5,2,7,10,False,Finalizada,True,5
183,1695,168,4,2,5,7,False,Finalizada,True,5
184,286,286,1,2,7,15,True,Finalizada,False,2
185,1025,104,1,3,7,11,True,Finalizada,False,2
186,625,81,4,2,3,3,False,Finalizada,True,5
187,451,153,1,5,6,5,False,Finalizada,False,3
188,1179,37,4,5,1,5,False,Finalizada,True,4
189,1135,337,5,2,3,5,False,Abandonada,False,1
190,92,20,1,3,6,4,True,Finalizada,False,2
191,1455,230,1,5,2,4,False,Finalizada,True,5
192,1170,118,5,4,4,11,False,Finalizada,False,5
193,559,212,4,5,6,5,False,Finalizada,True,5
194,1143,25,5,5,4,15,False,Finalizada,True,5
195,1864,63,5,5,5,6,True,Finalizada,False,3
196,89,211,2,3,2,4,False,Finalizada,False,4
197,96,58,5,5,5,6,False,Finalizada,True,5
198,1031,63,5,2,5,6,False,Finalizada,False,3
199,1164,75,3,1,2,3,False,Finalizada,False,3
200,1542,158,5,3,7,15,True,Finalizada,True,2
201,803,122,2,3,3,3,False,Abandonada,False,2
202,1984,100,5,3,2,4,False,Finalizada,True,5
203,1348,251,5,1,5,4,False,Finalizada,False,4
204,1428,303,2,1,3,4,False,Finalizada,False,4
205,382,133,5,3,4,14,True,Finalizada,True,1
206,1382,156,4,2,7,16,False,Finalizada,False,3
207,1872,177,5,1,1,6,False,Finalizada,True,5
208,1917,158,4,4,2,4,False,Finalizada,False,5
209,1267,270,1,2,4,8,True,Finalizada,True,3
210,1135,124,4,2,3,3,False,Finalizada,True,5
211,420,57,5,5,3,3,False,Finalizada,True,5
212,42,188,4,5,6,6,False,Finalizada,False,4
213,464,90,5,4,4,9,False,Finalizada,False,3
214,1940,340,5,4,4,8,False,Abandonada,False,2
215,295,183,5,1,3,5,False,Finalizada,False,5
216,1474,66,1,1,3,3,False,Abandonada,False,1
217,1110,315,4,3,6,6,False,Finalizada,False,4
218,517,101,4,3,6,5,False,Finalizada,False,3
219,528,219,5,3,3,5,False,Finalizada,True,5
220,813,257,5,4,4,10,False,Abandonada,False,2
221,479,163,2,5,4,12,True,Abandonada,False,1
222,1548,116,4,3,6,5,False,Abandonada,False,2
223,1252,59,5,5,6,5,False,Abandonada,False,2
224,1975,218,5,1,7,12,False,Finalizada,False,5
225,1702,74,4,3,3,5,False,Finalizada,True,5
226,501,273,5,2,4,8,False,Finalizada,False,4
227,315,251,4,4,3,3,False,Abandonada,False,1
228,339,357,2,4,1,5,False,Finalizada,False,3
229,1119,24,5,4,6,4,False,Finalizada,False,4
230,955,146,4,5,7,10,True,Finalizada,False,1
231,156,54,1,3,2,3,False,Finalizada,False,4
232,440,46,4,1,6,4,False,Finalizada,True,5
233,1656,164,1,2,3,3,False,Finalizada,False,3
234,1873,165,5,2,2,4,False,Finalizada,True,5
235,75,191,5,1,6,6,False,Abandonada,False,1
236,173,224,3,3,6,4,False,Abandonada,False,1
237,1554,243,3,1,7,13,False,Abandonada,False,2
238,263,213,5,1,2,4,False,Finalizada,True,5
239,1593,51,4,4,3,3,False,Finalizada,False,4
240,1165,348,1,3,6,4,False,Abandonada,False,1
241,1023,301,5,3,1,7,False,Finalizada,True,4
242,285,131,4,2,4,14,True,Finalizada,False,3
243,674,199,5,2,4,8,False,Abandonada,False,1
244,1934,161,5,3,5,7,False,Finalizada,True,5
245,23,257,2,3,3,3,False,Finalizada,False,4
246,593,6,5,5,5,5,False,Finalizada,False,5
247,86,88,4,5,1,5,False,Abandonada,False,2
248,26,110,5,5,3,4,False,Abandonada,False,2
249,1394,10,5,1,5,5,False,Finalizada,True,5
250,687,52,4,5,3,3,False,Finalizada,False,3
251,737,243,4,1,1,8,False,Finalizada,True,4
252,665,324,5,3,5,4,False,Finalizada,True,5
253,1060,182,5,2,7,18,True,Abandonada,False,2
254,667,165,5,1,6,6,False,Finalizada,True,5
255,877,33,1,4,3,4,False,Finalizada,True,5
256,429,90,2,5,5,6,False,Finalizada,False,3
257,1787,300,4,4,3,5,False,Finalizada,False,3
258,1247,145,2,1,7,14,True,Finalizada,True,1
259,1823,78,4,2,5,6,False,Finalizada,True,4
260,1900,352,5,4,4,9,False,Abandonada,False,1
261,1676,130,5,5,2,3,False,Finalizada,False,4
262,292,196,4,1,2,3,False,Finalizada,True,5
263,1049,207,4,1,1,6,False,Finalizada,False,3
264,1563,358,5,3,1,5,True,Abandonada,False,1
265,1862,317,5,3,7,12,True,Abandonada,False,1
266,1032,259,2,2,2,2,False,Finalizada,False,5
267,1038,17,2,4,1,6,False,Finalizada,False,5
268,464,262,5,1,6,6,False,Finalizada,False,4
269,1345,70,2,3,1,6,False,Abandonada,False,2
270,1242,348,1,2,2,4,False,Finalizada,True,5
271,1887,356,1,3,5,6,False,Finalizada,False,5
272,634,213,2,1,2,2,False,Finalizada,False,4
273,257,306,5,1,1,8,False,Finalizada,True,4
274,1411,76,5,5,4,15,False,Abandonada,False,2
275,1539,109,5,1,1,6,False,Finalizada,True,5
276,876,212,5,5,6,5,True,Abandonada,False,1
277,982,260,4,2,2,4,False,Finalizada,True,5
278,1797,100,4,5,7,12,True,Abandonada,False,1
279,1632,275,5,2,3,4,False,Finalizada,False,3
280,103,72,5,4,6,5,False,Finalizada,False,5
281,1893,247,2,4,7,18,False,Finalizada,True,5
282,1216,356,5,5,6,4,False,Finalizada,True,5
283,283,1,2,3,5,5,False,Finalizada,False,4
284,548,344,4,4,6,6,False,Finalizada,True,5
285,122,208,3,1,5,6,False,Abandonada,False,1
286,148,336,5,2,2,3,False,Abandonada,False,1
287,775,41,5,5,5,6,False,Finalizada,False,3
288,36,262,4,3,2,2,False,Finalizada,False,3
289,78,258,2,4,5,4,False,Finalizada,True,5
290,1704,211,4,4,4,13,True,Finalizada,True,2
291,126,36,1,4,1,6,False,Finalizada,False,5
292,489,190,5,5,6,4,False,Finalizada,False,4
293,1696,214,4,5,7,12,False,Finalizada,False,4
294,1623,64,5,5,1,8,False,Finalizada,True,5
295,1139,332,5,2,1,8,False,Abandonada,False,1
296,1126,343,5,4,5,6,False,Finalizada,True,5
297,1934,207,2,5,3,4,False,Finalizada,False,3
298,1143,264,4,2,7,12,False,Finalizada,True,5
299,1287,352,5,1,5,6,False,Finalizada,True,5
300,1785,298,5,4,4,11,False,Finalizada,False,3
301,1537,252,2,1,1,5,False,Finalizada,False,3
302,321,92,5,2,6,6,False,Finalizada,False,5
303,1833,191,5,3,4,14,True,Finalizada,True,1
304,74,97,4,3,1,6,False,Abandonada,False,2
305,1353,191,5,5,5,7,False,Finalizada,False,4
306,1197,160,5,1,4,10,False,Finalizada,True,5
307,1675,321,4,4,3,5,False,Finalizada,True,4
308,1936,262,5,5,2,3,False,Finalizada,False,4
309,1730,69,4,1,1,7,False,Finalizada,False,3
310,1354,268,5,2,3,4,False,Finalizada,False,5
311,798,234,2,2,1,6,False,Abandonada,False,1
312,1626,89,5,2,4,8,False,Finalizada,True,5
313,537,344,1,5,5,6,False,Finalizada,False,3
314,168,230,5,1,3,3,False,Finalizada,False,5
315,558,131,5,1,3,3,False,Finalizada,True,4
316,1580,215,5,4,4,14,True,Finalizada,False,2
317,654,139,1,3,2,3,False,Abandonada,False,1
318,1879,43,5,2,7,15,False,Abandonada,False,1
319,851,207,1,5,5,7,False,Finalizada,True,5
320,621,98,5,2,4,12,False,Abandonada,False,1
321,165,48,4,4,1,7,False,Abandonada,False,1
322,612,262,1,5,5,6,True,Abandonada,False,1
323,1537,241,4,1,7,16,True,Finalizada,True,2
324,313,152,1,5,6,6,False,Finalizada,True,5
325,1437,206,5,2,6,6,False,Finalizada,True,5
326,162,183,5,1,1,5,False,Finalizada,True,5
327,32,41,5,5,7,15,False,Finalizada,False,5
328,1386,43,5,5,7,14,True,Finalizada,False,2
329,1664,172,5,1,5,6,False,Abandonada,False,1
330,292,47,4,3,3,5,False,Finalizada,False,3
331,173,325,5,1,5,4,False,Finalizada,True,4
332,1210,213,4,2,5,7,True,Finalizada,True,3
333,456,309,1,5,4,12,True,Finalizada,False,3
334,577,352,5,2,4,9,False,Finalizada,True,4
335,566,312,5,2,4,13,False,Finalizada,True,5
336,565,255,4,5,1,6,False,Abandonada,False,1
337,1078,30,4,2,7,14,False,Finalizada,False,3
338,782,359,4,2,1,8,False,Abandonada,False,1
339,860,260,2,1,7,10,False,Finalizada,False,4
340,497,178,5,2,5,5,True,Finalizada,True,1
341,1399,292,5,4,2,2,False,Finalizada,True,4
342,532,191,3,4,6,4,False,Finalizada,False,5
343,1626,154,5,4,5,4,False,Finalizada,True,4
344,133,175,4,5,2,2,False,Finalizada,True,4
345,1502,188,1,3,5,4,False,Finalizada,True,4
346,965,42,5,4,4,14,False,Finalizada,True,5
347,1651,364,5,4,5,6,False,Finalizada,False,3
348,1523,23,3,2,2,2,False,Finalizada,False,3
349,523,177,5,2,2,3,False,Abandonada,False,1
350,197,215,4,1,7,18,False,Abandonada,False,1
351,1358,233,4,3,5,6,False,Finalizada,True,5
352,645,219,5,1,4,14,False,Finalizada,True,5
353,1381,204,5,3,6,6,False,Finalizada,True,5
354,1484,214,3,5,4,13,False,Finalizada,False,3
355,1337,109,2,2,7,16,False,Finalizada,False,4
356,1485,105,5,2,2,2,False,Finalizada,True,4
357,1497,205,4,5,6,6,False,Finalizada,False,4
358,1491,315,5,2,7,18,False,Finalizada,True,5
359,680,235,5,1,5,4,False,Finalizada,True,5
360,682,58,5,4,7,18,False,Finalizada,True,5
361,530,236,1,4,2,3,False,Finalizada,False,4
362,165,249,4,3,4,10,False,Finalizada,False,3
363,757,287,1,3,4,12,False,Finalizada,False,3
364,108,3,5,2,2,4,False,Abandonada,False,2
365,372,234,1,3,2,2,False,Finalizada,True,5
366,1094,331,1,5,6,4,False,Finalizada,False,3
367,277,199,2,1,2,3,False,Abandonada,False,1
368,1788,226,2,4,4,8,False,Finalizada,False,3
369,1272,323,1,5,6,4,False,Finalizada,False,4
370,1941,212,1,3,6,5,False,Finalizada,False,5
371,1561,52,5,2,1,5,False,Finalizada,False,5
372,309,319,4,1,4,15,False,Finalizada,False,3
373,1696,171,2,4,7,13,True,Finalizada,False,2
374,1732,342,5,2,2,3,False,Finalizada,False,3
375,159,81,5,5,7,11,False,Finalizada,False,4
376,1761,287,5,5,2,4,False,Finalizada,False,4
377,1771,44,4,2,7,14,True,Abandonada,False,1
378,847,344,4,3,7,15,False,Finalizada,False,4
379,1582,250,5,3,5,4,False,Abandonada,False,2
380,284,279,3,2,4,9,False,Abandonada,False,1
381,177,218,5,3,7,15,False,Finalizada,True,5
382,432,341,1,2,1,5,False,Finalizada,False,3
383,200,124,5,2,1,5,False,Finalizada,False,4
384,67,233,5,5,7,10,False,Finalizada,True,5
385,451,147,1,1,7,15,False,Finalizada,False,4
386,1712,205,5,1,1,5,False,Finalizada,True,5
387,1242,135,5,5,6,4,False,Finalizada,True,4
388,194,140,5,4,1,5,False,Finalizada,True,4
389,883,302,5,2,5,7,False,Abandonada,False,2
390,1296,60,5,3,7,18,False,Finalizada,True,5
391,55,221,2,4,7,14,False,Abandonada,False,2
392,1633,198,1,3,5,4,False,Finalizada,False,3
393,1748,259,5,3,3,4,False,Finalizada,True,5
394,66,43,5,1,7,15,False,Finalizada,False,4
395,1567,106,5,5,6,6,False,Finalizada,False,5
396,1129,9,5,4,7,17,False,Finalizada,False,3
397,536,20,5,1,2,3,False,Abandonada,False,2
398,1149,98,2,5,2,2,False,Finalizada,False,4
399,1025,15,4,1,4,12,False,Finalizada,False,4
400,1891,297,5,2,2,3,False,Finalizada,True,4
401,1548,315,5,3,3,3,False,Finalizada,True,5
402,1286,300,2,3,5,7,False,Finalizada,False,4
403,613,108,3,5,1,8,False,Finalizada,False,3
404,405,120,1,5,7,11,False,Finalizada,False,4
405,1030,251,4,5,3,4,False,Finalizada,True,5
406,668,309,5,2,2,4,False,Finalizada,False,3
407,1567,331,5,2,6,6,False,Abandonada,False,1
408,522,153,4,2,1,5,False,Finalizada,True,5
409,334,185,5,3,4,13,True,Abandonada,False,2
410,57,49,5,4,1,8,False,Finalizada,True,5
411,989,11,5,1,6,4,False,Finalizada,False,5
412,1714,323,4,3,7,14,False,Finalizada,False,4
413,1855,167,3,1,2,4,False,Finalizada,False,3
414,1010,228,5,2,3,4,False,Finalizada,True,4
415,1676,218,3,4,1,6,True,Finalizada,False,1
416,997,67,5,4,7,17,False,Finalizada,False,3
417,1422,212,5,5,2,4,False,Finalizada,True,5
418,321,73,1,1,6,4,False,Finalizada,True,5
419,1546,68,5,2,4,14,False,Finalizada,True,5
420,75,117,4,1,2,3,False,Finalizada,True,5
421,3,154,2,1,3,3,False,Abandonada,False,2
422,193,288,5,1,7,15,True,Finalizada,False,1
423,1973,148,2,1,7,16,False,Finalizada,True,5
424,1307,223,5,1,6,5,False,Abandonada,False,2
425,1482,241,2,4,2,2,False,Finalizada,True,5
426,113,108,2,2,7,18,True,Abandonada,False,1
427,1808,151,5,1,5,7,True,Finalizada,False,1
428,1602,244,5,2,4,13,False,Finalizada,False,3
429,469,335,4,1,4,8,False,Finalizada,True,4
430,1604,104,1,1,4,8,True,Finalizada,True,1
431,1344,275,2,3,1,5,True,Abandonada,False,1
432,1594,363,3,4,4,10,False,Finalizada,False,5
433,1919,130,4,2,2,4,False,Finalizada,True,5
434,654,79,5,4,4,13,True,Finalizada,True,2
435,1823,3,3,4,3,5,False,Finalizada,False,4
436,564,223,2,1,2,3,False,Finalizada,True,5
437,31,78,2,3,4,13,False,Abandonada,False,2
438,935,145,5,3,2,3,False,Abandonada,False,1
439,1821,191,5,3,4,12,False,Finalizada,True,5
440,291,108,4,3,5,5,False,Finalizada,True,5
441,222,227,5,4,3,4,False,Finalizada,False,3
442,368,54,5,2,7,13,True,Abandonada,False,1
443,324,355,4,1,6,5,False,Finalizada,False,3
444,1656,181,2,5,3,4,False,Finalizada,False,3
445,1852,54,2,2,6,4,False,Finalizada,False,3
446,1891,224,4,5,2,4,False,Finalizada,False,3
447,58,30,5,2,1,7,False,Finalizada,True,5
448,1,299,5,5,7,13,False,Finalizada,True,5
449,1209,189,3,1,7,11,False,Finalizada,False,3
450,365,157,5,5,1,5,False,Abandonada,False,2
451,1156,144,5,4,5,7,False,Abandonada,False,2
452,378,212,4,5,6,5,False,Abandonada,False,1
453,85,228,5,3,6,5,False,Abandonada,False,1
454,362,17,2,4,2,2,False,Finalizada,False,5
455,124,92,5,5,4,15,False,Abandonada,False,2
456,252,338,5,4,3,5,False,Finalizada,False,4
457,1104,252,5,5,6,5,False,Finalizada,False,3
458,1280,295,2,1,5,4,False,Finalizada,True,5
459,949,114,2,5,2,3,False,Finalizada,True,5
460,1105,3,2,5,5,6,False,Finalizada,True,5
461,1100,212,5,3,3,4,False,Finalizada,False,5
462,1459,278,1,1,4,15,False,Finalizada,True,5
463,946,281,4,1,6,5,False,Finalizada,True,5
464,1847,309,4,1,5,7,False,Abandonada,False,1
465,1682,118,2,3,5,5,False,Abandonada,False,2
466,106,316,5,5,1,5,False,Finalizada,False,4
467,1887,356,5,5,4,12,False,Finalizada,False,3
468,487,168,2,3,1,8,False,Finalizada,True,5
469,694,256,5,2,4,9,False,Finalizada,True,5
470,395,106,5,3,4,13,True,Finalizada,True,1
471,95,275,4,1,6,5,False,Finalizada,False,5
472,709,74,5,3,5,6,False,Finalizada,False,4
473,230,261,5,4,6,4,False,Finalizada,True,4
474,36,360,5,4,5,6,False,Finalizada,False,3
475,662,266,2,3,2,3,True,Finalizada,False,2
476,1571,318,5,1,7,13,False,Finalizada,True,4
477,670,334,1,2,6,5,False,Finalizada,False,4
478,1873,261,5,1,2,2,False,Finalizada,True,5
479,1178,42,4,3,6,5,False,Finalizada,False,4
480,271,72,4,3,3,4,False,Finalizada,False,4
481,66,242,5,2,2,2,False,Finalizada,False,3
482,1747,306,5,2,1,6,False,Finalizada,True,5
483,1827,326,4,3,6,5,False,Finalizada,True,5
484,722,206,2,2,5,7,False,Finalizada,False,4
485,1088,281,4,4,5,5,False,Finalizada,False,5
486,1201,84,4,4,3,3,False,Finalizada,True,5
487,43,24,4,4,6,5,False,Finalizada,False,4
488,387,60,4,5,4,11,True,Finalizada,False,3
489,1076,313,2,5,2,3,False,Finalizada,False,4
490,687,118,1,3,2,3,True,Finalizada,True,1
491,224,29,2,4,2,3,False,Finalizada,True,5
492,299,319,5,1,1,8,False,Abandonada,False,2
493,1117,87,1,4,5,4,False,Finalizada,False,3
494,97,206,5,5,2,2,False,Abandonada,False,2
495,1886,182,4,5,3,5,False,Finalizada,True,5
496,1535,118,4,2,2,4,False,Finalizada,False,3
497,778,23,3,5,7,17,False,Abandonada,False,1
498,156,31,5,4,7,10,False,Finalizada,True,5
499,520,69,5,1,3,4,False,Finalizada,True,5
500,1106,25,2,3,4,11,True,Finalizada,False,1
501,1162,240,5,4,1,7,False,Abandonada,False,1
502,187,186,4,3,1,7,False,Finalizada,False,4
503,1678,283,5,1,5,6,False,Finalizada,False,4
504,1610,36,4,1,7,15,False,Finalizada,False,4
505,1198,48,2,4,1,5,False,Finalizada,False,4
506,104,30,1,1,7,15,True,Finalizada,False,3
507,669,261,5,3,3,3,False,Finalizada,True,5
508,888,120,1,2,1,8,False,Finalizada,True,5
509,917,127,1,5,1,5,False,Finalizada,False,3
510,946,253,5,5,4,11,True,Abandonada,False,1
511,1938,112,5,5,6,4,False,Finalizada,True,5
512,309,191,5,4,4,9,False,Finalizada,False,3
513,441,197,1,5,3,4,False,Abandonada,False,2
514,1481,269,1,3,6,5,False,Finalizada,True,5
515,540,324,4,4,1,8,False,Finalizada,True,5
516,1689,85,4,3,5,4,False,Finalizada,True,5
517,1493,205,1,4,5,5,False,Abandonada,False,2
518,724,127,5,2,1,5,False,Finalizada,False,3
519,950,117,1,1,6,4,False,Finalizada,False,5
520,902,5,1,2,1,7,False,Finalizada,False,4
521,1367,163,5,5,3,3,False,Finalizada,True,5
522,1976,222,5,1,2,4,False,Finalizada,True,5
523,84,38,5,1,2,2,False,Finalizada,True,5
524,1885,258,5,5,6,5,False,Abandonada,False,1
525,521,95,4,4,5,4,False,Finalizada,False,3
526,894,174,4,2,4,14,True,Finalizada,False,3
527,234,130,5,2,7,16,True,Abandonada,False,1
528,992,53,4,2,2,4,False,Finalizada,False,3
529,462,188,2,4,1,8,False,Finalizada,False,5
530,1084,13,2,2,5,7,False,Finalizada,False,3
531,941,45,5,2,2,2,False,Finalizada,True,5
532,147,229,4,2,6,5,False,Finalizada,False,3
533,715,262,3,3,3,3,False,Finalizada,False,3
534,1528,277,1,1,7,17,True,Finalizada,False,3
535,482,158,4,4,3,5,False,Finalizada,False,4
536,1648,327,5,5,1,7,False,Abandonada,False,2
537,1996,20,1,2,1,6,False,Finalizada,False,5
538,186,180,5,3,5,7,False,Finalizada,False,4
539,306,188,5,4,6,5,False,Finalizada,True,5
540,1521,166,3,1,1,7,False,Finalizada,True,5
541,315,327,5,4,6,4,False,Abandonada,False,1
542,984,68,5,4,6,5,False,Abandonada,False,2
543,1860,359,5,5,3,3,False,Finalizada,True,5
544,478,212,5,1,7,16,False,Finalizada,False,3
545,671,15,5,2,6,4,False,Finalizada,False,3
546,264,258,3,5,7,12,True,Finalizada,False,2
547,1800,325,5,3,2,4,False,Finalizada,False,4
548,388,220,1,4,2,2,False,Finalizada,False,4
549,721,241,5,5,6,5,False,Finalizada,True,5
550,81,16,5,3,4,12,False,Finalizada,True,4
551,1306,247,2,3,5,4,False,Finalizada,False,4
552,174,31,4,2,3,5,False,Finalizada,False,3
553,620,68,3,2,3,5,False,Finalizada,False,4
554,1510,104,4,3,2,2,False,Finalizada,True,4
555,475,192,4,4,7,14,False,Finalizada,False,4
556,300,208,3,2,3,3,False,Finalizada,False,5
557,853,2,1,3,5,6,False,Finalizada,False,5
558,1366,209,5,3,7,18,False,Abandonada,False,1
559,184,185,1,3,7,11,False,Finalizada,False,5
560,1259,201,5,5,2,4,False,Finalizada,False,3
561,1821,286,4,4,6,4,False,Abandonada,False,2
562,909,114,5,1,6,6,False,Finalizada,False,4
563,32,19,2,2,6,6,False,Finalizada,False,3
564,1461,105,4,5,2,2,False,Finalizada,True,5
565,1320,184,5,2,6,4,False,Finalizada,True,4
566,1281,332,4,2,3,5,False,Abandonada,False,1
567,630,309,5,1,6,4,False,Finalizada,True,5
568,1407,319,5,2,5,7,False,Finalizada,False,3
569,1460,40,5,3,3,3,False,Finalizada,True,5
570,1917,69,5,1,1,7,False,Abandonada,False,1
571,1449,189,1,2,1,6,False,Finalizada,True,5
572,749,361,4,1,1,6,False,Finalizada,True,5
573,856,302,5,1,7,11,False,Finalizada,True,5
574,559,58,5,5,3,5,False,Abandonada,False,1
575,1914,13,2,2,2,4,False,Finalizada,True,5
576,216,197,5,2,2,2,False,Finalizada,False,3
577,752,159,1,3,1,6,False,Finalizada,False,5
578,1659,76,5,3,4,15,False,Finalizada,True,5
579,1309,34,5,4,1,5,False,Abandonada,False,1
580,621,191,5,3,6,4,False,Abandonada,False,2
581,58,49,5,1,6,5,False,Finalizada,True,5
582,1966,100,4,2,2,2,False,Abandonada,False,1
583,276,274,5,2,1,8,False,Finalizada,False,3
584,321,96,5,2,4,10,False,Finalizada,False,3
585,674,47,4,2,4,10,False,Finalizada,False,4
586,513,66,4,2,1,7,False,Finalizada,False,4
587,1985,99,4,3,5,5,False,Finalizada,False,5
588,411,266,5,5,3,5,False,Finalizada,True,4
589,1338,208,5,4,3,3,False,Finalizada,True,5
590,1296,53,4,5,5,7,True,Finalizada,True,1
591,804,295,5,5,3,3,False,Finalizada,True,4
592,1414,244,5,4,7,15,False,Finalizada,False,4
593,318,143,1,3,7,11,False,Finalizada,False,3
594,1542,91,5,5,5,7,False,Abandonada,False,2
595,43,114,4,5,4,13,False,Finalizada,False,3
596,1671,311,1,4,3,3,False,Finalizada,True,4
597,283,209,5,2,1,8,False,Finalizada,True,5
598,304,322,3,3,5,7,True,Finalizada,False,2
599,1469,17,4,2,7,16,False,Finalizada,True,5
600,1698,344,2,2,7,12,False,Finalizada,True,4
601,712,188,2,3,1,8,False,Finalizada,True,5
602,1660,152,4,4,1,8,False,Finalizada,False,5
603,1015,150,4,3,7,13,False,Finalizada,True,5
604,1285,161,5,2,1,5,False,Finalizada,True,5
605,1240,260,2,4,5,7,False,Finalizada,True,5
606,1142,40,2,2,3,3,False,Finalizada,True,5
607,1192,352,1,2,2,2,True,Finalizada,False,3
608,1,219,4,2,1,6,False,Finalizada,False,3
609,308,107,4,3,4,9,False,Finalizada,True,5
610,470,217,1,4,6,5,False,Abandonada,False,1
611,741,350,1,2,6,6,False,Finalizada,True,5
612,1331,33,5,5,6,4,False,Finalizada,False,3
613,1913,122,2,5,1,8,False,Abandonada,False,1
614,490,120,5,1,2,4,False,Finalizada,True,5
615,1328,298,5,4,6,4,False,Finalizada,False,4
616,1556,171,2,5,1,6,False,Finalizada,False,4
617,827,167,4,1,1,5,False,Finalizada,False,5
618,8,330,3,1,4,8,True,Finalizada,True,2
619,875,87,5,5,1,8,False,Finalizada,True,5
620,416,88,1,4,6,5,False,Finalizada,False,4
621,1803,317,4,4,6,4,False,Finalizada,False,5
622,1545,244,5,5,7,14,False,Finalizada,False,4
623,1889,43,2,2,3,3,False,Finalizada,False,3
624,1234,58,2,2,4,13,True,Finalizada,True,3
625,1542,280,5,3,5,7,False,Finalizada,False,4
626,159,115,5,3,1,8,False,Abandonada,False,1
627,353,346,5,4,4,11,False,Finalizada,True,5
628,127,211,4,2,5,4,False,Abandonada,False,1
629,1084,179,5,3,4,13,False,Finalizada,True,5
630,1220,221,2,2,7,12,False,Finalizada,False,4
631,1451,10,2,3,7,17,True,Finalizada,True,1
632,1170,328,4,1,1,6,False,Abandonada,False,1
633,1695,40,5,3,3,3,False,Abandonada,False,1
634,515,102,4,2,5,7,True,Abandonada,False,1
635,1814,167,4,3,5,6,False,Finalizada,True,5
636,553,356,5,3,3,3,False,Finalizada,False,4
637,1725,128,5,5,4,13,False,Finalizada,True,5
638,462,108,5,4,5,6,False,Finalizada,False,4
639,839,231,5,1,2,3,False,Finalizada,False,4
640,104,182,5,1,7,18,False,Finalizada,False,4
641,776,339,5,3,7,11,False,Finalizada,True,4
642,512,269,1,4,6,6,False,Finalizada,False,3
643,948,332,4,4,7,15,False,Finalizada,True,4
644,1104,10,5,2,6,6,False,Abandonada,False,1
645,1988,266,5,5,1,7,False,Abandonada,False,1
646,680,97,5,2,4,14,False,Finalizada,False,5
647,973,80,4,2,1,6,False,Finalizada,True,5
648,850,353,5,2,2,2,False,Finalizada,False,4
649,1930,257,5,3,7,15,False,Finalizada,True,5
650,1165,109,4,3,7,18,False,Abandonada,False,1
651,1385,300,5,3,5,4,False,Finalizada,True,5
652,1361,13,5,2,6,6,False,Finalizada,True,5
653,1863,320,1,3,1,7,False,Finalizada,False,3
654,150,232,1,3,5,5,False,Finalizada,False,3
655,1679,246,5,5,5,4,False,Finalizada,True,5
656,918,249,4,1,7,15,True,Finalizada,True,3
657,235,157,1,4,5,7,False,Finalizada,True,5
658,653,143,4,1,4,12,False,Abandonada,False,1
659,399,149,5,4,1,7,False,Finalizada,True,5
660,937,23,5,2,6,5,False,Finalizada,True,5
661,1452,22,5,3,3,4,False,Finalizada,False,3
662,1225,194,4,3,5,7,False,Abandonada,False,1
663,1063,41,1,5,4,8,True,Finalizada,True,2
664,1362,216,4,2,5,5,False,Finalizada,True,5
665,190,161,5,3,2,2,False,Finalizada,True,5
666,1900,86,2,2,3,5,False,Finalizada,True,4
667,402,290,5,1,1,8,True,Abandonada,False,1
668,151,112,4,1,6,5,False,Finalizada,False,4
669,1493,2,3,2,1,7,False,Abandonada,False,1
670,770,311,4,1,2,2,False,Abandonada,False,1
671,192,109,1,2,3,3,False,Abandonada,False,1
672,1483,278,5,1,1,7,False,Finalizada,True,5
673,1186,203,5,5,6,5,False,Finalizada,False,5
674,83,236,4,2,2,2,False,Finalizada,True,4
675,1645,34,3,4,7,13,True,Finalizada,True,1
676,289,327,5,5,4,12,False,Finalizada,False,3
677,1457,144,1,4,2,4,False,Finalizada,False,5
678,1944,338,1,5,2,3,False,Abandonada,False,1
679,241,258,3,5,5,5,False,Finalizada,False,4
680,60,293,2,5,5,7,False,Finalizada,False,3
681,679,111,5,5,6,6,False,Finalizada,False,3
682,1556,141,5,3,7,11,False,Finalizada,True,5
683,656,241,5,1,3,4,False,Finalizada,True,5
684,271,9,1,5,2,2,True,Finalizada,True,1
685,739,313,2,5,5,7,False,Abandonada,False,1
686,1639,175,5,3,4,9,False,Abandonada,False,1
687,160,51,4,5,6,4,False,Finalizada,False,3
688,456,183,4,5,1,5,False,Finalizada,True,4
689,704,222,2,4,3,4,False,Finalizada,True,5
690,169,360,4,2,4,10,False,Finalizada,True,5
691,428,206,4,5,2,4,False,Finalizada,False,3
692,165,92,5,4,7,18,True,Finalizada,False,2
693,1550,210,1,2,2,4,False,Finalizada,False,3
694,1097,357,5,4,3,5,False,Finalizada,True,4
695,1227,233,4,1,7,16,True,Abandonada,False,1
696,1101,193,4,2,1,7,False,Finalizada,True,5
697,985,82,1,1,4,12,False,Abandonada,False,1
698,880,158,5,1,1,6,False,Finalizada,True,4
699,1314,39,5,1,5,6,True,Finalizada,True,3
700,654,222,5,2,3,3,False,Finalizada,False,3
701,1470,174,4,3,2,4,False,Finalizada,False,3
702,985,121,2,2,3,4,False,Finalizada,False,3
703,1200,201,5,4,2,2,False,Finalizada,False,5
704,741,337,5,4,6,4,False,Finalizada,True,5
705,1713,166,5,4,6,5,False,Abandonada,False,1
706,1058,344,4,3,3,3,False,Finalizada,False,4
707,1621,184,4,2,5,6,False,Finalizada,False,3
708,632,85,2,2,5,4,False,Finalizada,False,4
709,1286,217,1,5,3,5,False,Finalizada,False,3
710,373,266,4,5,4,14,False,Finalizada,False,4
711,732,336,2,5,3,5,False,Finalizada,False,4
712,1068,287,5,5,7,13,True,Abandonada,False,2
713,740,318,5,5,7,12,False,Finalizada,True,5
714,1958,294,5,3,3,4,False,Finalizada,False,4
715,374,334,4,3,2,2,False,Finalizada,False,3
716,1024,137,5,2,3,3,False,Finalizada,True,5
717,1545,152,5,1,7,10,True,Finalizada,True,2
718,844,216,3,3,1,6,False,Finalizada,True,4
719,250,333,5,3,2,4,False,Finalizada,True,5
720,1587,232,5,1,4,10,False,Finalizada,False,4
721,1685,175,5,1,6,5,False,Finalizada,False,4
722,1079,173,4,2,1,8,False,Abandonada,False,2
723,479,294,1,5,7,16,False,Finalizada,True,5
724,63,360,4,3,6,6,False,Finalizada,True,5
725,999,194,5,5,5,6,False,Finalizada,False,3
726,706,302,5,5,2,3,False,Finalizada,True,5
727,694,93,2,4,6,6,False,Abandonada,False,1
728,201,238,5,1,3,3,False,Finalizada,True,5
729,1651,22,1,1,4,14,True,Finalizada,False,1
730,680,169,5,4,7,17,False,Finalizada,False,4
731,37,168,5,1,2,3,False,Finalizada,True,4
732,716,4,4,1,7,18,False,Finalizada,True,5
733,1271,327,5,4,1,8,False,Finalizada,False,3
734,1078,197,4,1,1,8,False,Finalizada,False,5
735,173,169,5,4,4,13,False,Finalizada,True,5
736,1460,320,2,1,5,7,False,Finalizada,True,5
737,18,134,4,5,3,3,False,Abandonada,False,1
738,715,349,5,1,5,7,False,Finalizada,False,5
739,1582,52,3,2,5,4,True,Abandonada,False,2
740,1933,146,5,3,6,5,False,Finalizada,False,3
741,1633,287,5,2,4,14,True,Finalizada,False,3
742,1477,286,1,1,7,18,False,Finalizada,False,5
743,378,293,5,1,5,7,False,Finalizada,True,5
744,591,242,5,2,7,16,False,Finalizada,True,5
745,1441,7,5,3,7,16,True,Finalizada,True,1
746,650,99,5,1,1,8,False,Finalizada,True,5
747,765,291,1,5,3,5,False,Finalizada,False,4
748,827,70,3,3,6,4,False,Finalizada,False,3
749,731,243,1,2,4,8,False,Finalizada,False,4
750,1415,300,5,5,2,2,False,Abandonada,False,1
751,1719,291,1,5,6,4,False,Finalizada,False,4
752,1835,294,5,5,5,7,False,Finalizada,False,3
753,154,110,5,2,1,6,True,Abandonada,False,1
754,918,98,1,3,7,15,False,Finalizada,False,5
755,1153,307,5,2,2,4,True,Finalizada,True,2
756,782,7,2,3,4,15,True,Finalizada,False,3
757,1379,345,5,1,5,7,False,Finalizada,True,5
758,1666,236,5,1,7,12,True,Finalizada,True,2
759,487,67,5,1,7,17,False,Finalizada,True,5
760,462,17,5,1,1,6,False,Finalizada,True,5
761,1313,243,4,5,3,5,False,Abandonada,False,1
762,348,175,4,1,1,5,False,Abandonada,False,1
763,1734,298,4,4,1,5,False,Abandonada,False,2
764,1434,93,5,3,3,5,False,Finalizada,False,3
765,982,261,4,4,4,15,False,Finalizada,False,4
766,1714,184,4,1,1,5,False,Finalizada,True,5
767,275,216,2,1,5,5,False,Finalizada,False,5
768,535,83,4,3,1,5,False,Finalizada,False,5
769,966,121,5,5,3,3,False,Abandonada,False,1
770,1691,307,3,3,6,5,False,Abandonada,False,1
771,1908,126,4,4,6,4,False,Finalizada,False,3
772,293,348,1,4,5,7,False,Finalizada,False,5
773,1130,278,4,5,4,8,False,Finalizada,False,5
774,1348,303,2,1,2,2,False,Abandonada,False,1
775,330,166,5,5,4,15,False,Finalizada,True,5
776,1515,285,1,4,7,14,False,Finalizada,False,4
777,1056,11,5,3,4,15,False,Finalizada,True,5
778,287,148,4,1,4,10,False,Finalizada,True,5
779,395,222,4,4,6,6,False,Finalizada,False,4
780,581,135,5,4,1,7,False,Abandonada,False,1
781,1605,51,1,1,4,10,True,Finalizada,False,2
782,543,8,5,4,1,5,False,Finalizada,True,4
783,1905,287,3,3,7,18,True,Finalizada,False,2
784,980,319,4,4,4,11,False,Finalizada,False,5
785,1951,353,5,2,1,7,False,Finalizada,False,3
786,1905,143,3,2,4,13,False,Abandonada,False,2
787,1549,8,5,3,7,18,True,Abandonada,False,2
788,1711,132,5,1,5,6,False,Finalizada,True,5
789,727,245,5,5,5,4,False,Abandonada,False,1
790,1565,289,3,4,2,2,False,Finalizada,False,5
791,1907,20,3,5,3,3,False,Finalizada,False,3
792,959,148,5,4,6,6,True,Abandonada,False,1
793,934,139,1,1,1,5,False,Finalizada,False,5
794,1762,14,4,2,5,6,False,Abandonada,False,1
795,1519,229,4,3,1,6,False,Finalizada,True,5
796,385,230,5,4,5,4,True,Finalizada,False,3
797,1624,285,5,3,7,12,False,Abandonada,False,1
798,1984,62,5,1,1,8,False,Finalizada,True,5
799,352,268,4,4,6,4,True,Finalizada,False,1
800,16,247,5,2,6,6,False,Finalizada,False,3
801,523,111,4,1,3,4,False,Finalizada,False,4
802,284,341,1,5,1,7,False,Abandonada,False,1
803,288,167,5,1,3,3,False,Finalizada,False,5
804,1042,276,5,5,4,14,False,Finalizada,False,4
805,1644,338,5,5,7,16,False,Finalizada,True,5
806,1415,180,5,4,2,3,True,Finalizada,True,3
807,1549,206,5,2,7,15,True,Finalizada,True,2
808,336,236,5,4,6,6,False,Finalizada,True,5
809,781,325,5,1,4,11,False,Finalizada,False,5
810,1308,322,2,3,5,4,False,Finalizada,False,5
811,886,360,4,3,4,12,False,Abandonada,False,1
812,174,225,5,2,5,6,False,Abandonada,False,1
813,928,309,5,5,6,4,False,Finalizada,True,5
814,1955,38,5,1,7,12,False,Finalizada,False,5
815,1923,174,5,4,3,4,False,Finalizada,False,4
816,786,231,5,1,6,5,False,Finalizada,True,4
817,1163,168,1,4,4,10,False,Finalizada,False,3
818,1600,148,2,2,5,6,True,Abandonada,False,1
819,1822,107,5,4,7,18,False,Finalizada,True,5
820,1991,360,1,5,4,11,False,Finalizada,False,4
821,1231,64,5,3,3,4,False,Finalizada,True,5
822,1201,129,5,2,2,3,True,Abandonada,False,1
823,1786,101,5,1,6,4,False,Finalizada,False,5
824,206,33,4,3,5,5,False,Abandonada,False,1
825,147,268,4,2,7,18,False,Finalizada,False,3
826,22,120,5,2,2,2,False,Finalizada,False,4
827,1550,363,1,2,5,4,False,Finalizada,False,4
828,1750,148,5,3,2,2,False,Finalizada,False,4
829,1901,349,1,1,2,3,False,Abandonada,False,2
830,725,293,5,4,5,4,False,Finalizada,False,4
831,1784,191,4,1,5,7,False,Finalizada,False,3
832,592,134,4,5,1,6,False,Finalizada,False,3
833,723,114,4,1,6,6,False,Finalizada,True,5
834,820,113,5,2,1,7,False,Finalizada,False,3
835,1066,106,5,4,5,5,False,Abandonada,False,2
836,519,4,3,5,1,6,False,Finalizada,False,4
837,1454,71,5,4,6,6,False,Finalizada,True,4
838,1804,233,1,3,1,8,False,Finalizada,True,5
839,180,169,1,4,1,6,False,Finalizada,False,4
840,1768,362,5,5,3,5,False,Finalizada,False,4
841,1196,43,4,2,1,6,False,Finalizada,True,5
842,438,308,5,5,7,18,False,Finalizada,True,4
843,772,148,4,2,4,10,False,Abandonada,False,1
844,1749,351,5,2,3,4,False,Abandonada,False,2
845,1996,88,2,4,2,4,True,Finalizada,False,1
846,349,78,5,1,3,3,False,Finalizada,True,5
847,655,30,5,1,6,4,False,Finalizada,True,5
848,1374,6,4,1,4,13,False,Finalizada,True,4
849,1077,304,1,3,1,8,False,Finalizada,True,5
850,661,236,5,4,7,17,False,Finalizada,False,4
851,1553,295,5,5,7,14,False,Finalizada,False,4
852,625,132,4,2,7,12,False,Finalizada,True,5
853,1551,5,4,3,5,4,False,Abandonada,False,2
854,1377,356,2,5,1,7,False,Finalizada,False,3
855,1394,276,5,4,6,5,False,Finalizada,False,3
856,1071,62,5,3,5,6,True,Finalizada,False,2
857,1091,361,4,3,4,14,False,Finalizada,False,5
858,1311,27,5,2,2,2,False,Abandonada,False,1
859,1023,193,5,2,7,14,False,Finalizada,True,5
860,415,220,5,3,4,8,False,Finalizada,False,4
861,1293,305,5,4,1,8,False,Finalizada,True,5
862,629,84,5,1,7,12,False,Finalizada,True,4
863,939,216,4,1,4,9,True,Finalizada,False,3
864,674,117,5,3,2,2,False,Finalizada,True,4
865,1788,314,4,1,3,5,False,Finalizada,False,3
866,882,311,3,1,3,4,False,Finalizada,False,3
867,741,312,4,4,7,17,False,Finalizada,True,4
868,573,273,5,3,1,5,False,Finalizada,True,5
869,492,334,5,4,6,4,False,Finalizada,False,5
870,385,331,3,5,2,2,False,Finalizada,False,4
871,1596,38,2,1,3,5,False,Finalizada,False,3
872,1867,331,5,5,2,3,False,Abandonada,False,1
873,1887,74,5,1,2,2,False,Finalizada,False,3
874,746,174,1,5,1,6,False,Finalizada,False,5
875,645,266,5,5,7,16,False,Finalizada,False,4
876,1323,337,5,4,2,3,False,Finalizada,True,4
877,361,94,4,2,5,7,True,Finalizada,False,1
878,1866,167,3,4,6,4,False,Finalizada,False,3
879,787,111,5,1,7,12,False,Finalizada,True,5
880,1341,299,1,5,3,3,False,Finalizada,True,5
881,490,149,1,2,2,4,False,Finalizada,False,4
882,1115,263,4,5,2,2,False,Finalizada,False,4
883,79,345,5,4,2,2,False,Finalizada,True,5
884,1156,204,3,1,3,5,False,Finalizada,False,4
885,1352,306,5,5,4,11,True,Finalizada,True,1
886,1326,142,3,5,2,3,False,Finalizada,True,4
887,271,158,4,3,5,4,False,Finalizada,False,5
888,832,275,4,4,2,2,False,Finalizada,False,3
889,1468,25,4,5,5,4,False,Finalizada,False,4
890,142,358,5,2,3,3,False,Finalizada,True,5
891,818,198,1,1,5,6,False,Finalizada,True,5
892,78,189,1,3,2,2,False,Finalizada,False,3
893,243,323,2,1,1,7,False,Abandonada,False,1
894,823,6,1,5,2,3,False,Finalizada,False,4
895,751,74,5,1,5,6,True,Finalizada,False,2
896,1756,190,2,4,1,5,False,Finalizada,False,4
897,21,318,2,1,5,4,False,Finalizada,True,5
898,1830,347,2,4,1,6,False,Finalizada,False,4
899,307,218,4,5,7,15,False,Finalizada,True,5
900,185,206,4,2,3,4,False,Finalizada,False,5
901,1471,204,5,4,5,5,False,Abandonada,False,1
902,18,235,1,1,3,3,True,Finalizada,False,3
903,1496,250,5,2,6,6,False,Finalizada,True,4
904,202,273,4,2,4,12,True,Finalizada,True,3
905,1762,50,1,4,7,11,True,Finalizada,False,3
906,967,158,5,2,4,11,False,Abandonada,False,1
907,1911,123,4,1,6,6,False,Finalizada,True,5
908,1416,279,1,2,3,4,False,Finalizada,True,4
909,1011,131,1,1,2,2,True,Finalizada,False,2
910,854,107,2,1,7,18,False,Finalizada,True,5
911,988,295,5,4,1,5,False,Abandonada,False,1
912,60,232,3,4,3,5,False,Abandonada,False,2
913,136,5,1,5,5,4,False,Finalizada,False,4
914,706,106,1,5,4,10,False,Finalizada,False,4
915,1410,227,1,3,4,11,False,Finalizada,True,4
916,609,103,5,4,7,17,False,Finalizada,True,4
917,793,136,4,4,4,12,False,Finalizada,True,5
918,1461,166,4,2,7,11,False,Finalizada,True,5
919,294,54,2,5,2,3,False,Finalizada,False,3
920,184,2,1,1,2,3,False,Finalizada,False,4
921,687,45,4,4,2,4,False,Abandonada,False,2
922,528,229,3,2,2,3,False,Finalizada,False,3
923,1821,20,3,4,2,4,False,Finalizada,False,4
924,1816,159,4,1,4,10,False,Finalizada,False,4
925,1913,305,1,4,2,2,True,Abandonada,False,1
926,1022,123,4,4,4,10,False,Abandonada,False,1
927,1759,14,4,4,3,5,False,Abandonada,False,1
928,1312,68,5,2,1,7,False,Finalizada,True,4
929,267,262,5,2,6,4,False,Finalizada,False,4
930,1393,238,5,4,2,2,False,Abandonada,False,1
931,1554,189,5,2,6,4,False,Finalizada,True,5
932,836,304,5,2,6,6,False,Finalizada,False,4
933,556,117,1,5,4,15,False,Finalizada,True,4
934,91,84,1,2,1,7,False,Finalizada,True,4
935,1936,56,2,5,7,18,True,Finalizada,False,2
936,1906,230,5,5,1,8,False,Finalizada,False,4
937,15,102,5,1,7,12,True,Finalizada,False,1
938,1372,28,5,4,2,4,False,Finalizada,True,5
939,504,331,4,2,5,7,False,Abandonada,False,1
940,459,342,5,5,4,15,False,Finalizada,True,5
941,259,106,5,5,3,4,False,Abandonada,False,2
942,1031,259,2,3,7,13,False,Finalizada,False,5
943,259,223,1,4,5,4,False,Finalizada,False,3
944,1871,200,5,3,1,7,False,Finalizada,False,3
945,179,124,5,3,1,7,False,Abandonada,False,2
946,825,34,5,2,2,2,False,Abandonada,False,1
947,1524,299,4,1,1,8,False,Abandonada,False,1
948,1124,18,3,1,4,14,True,Finalizada,False,2
949,1793,61,5,3,1,5,False,Finalizada,True,5
950,1373,145,5,2,7,17,True,Finalizada,False,1
951,1786,67,4,2,6,6,False,Finalizada,False,4
952,599,282,2,2,5,5,False,Finalizada,False,5
953,957,167,4,2,5,4,False,Finalizada,True,5
954,498,84,1,3,2,4,False,Finalizada,False,5
955,1298,276,5,2,4,11,False,Finalizada,False,4
956,1444,114,1,2,6,4,True,Finalizada,False,3
957,32,326,4,3,3,4,False,Finalizada,True,5
958,143,144,2,4,6,4,False,Finalizada,False,5
959,1441,169,5,1,1,8,False,Finalizada,False,3
960,1772,45,5,5,5,6,False,Finalizada,False,4
961,1509,271,5,1,3,4,True,Abandonada,False,1
962,924,25,3,5,4,15,False,Finalizada,False,4
963,1611,270,4,2,4,8,False,Finalizada,True,4
964,1920,282,5,2,7,16,False,Finalizada,False,4
965,101,316,2,5,4,10,False,Finalizada,False,3
966,248,231,4,3,7,18,False,Finalizada,False,4
967,1216,158,5,3,3,5,False,Finalizada,True,5
968,702,349,1,5,4,14,False,Finalizada,False,3
969,1563,263,4,3,5,7,False,Finalizada,True,5
970,859,66,2,5,7,11,True,Finalizada,True,2
971,260,284,5,4,7,11,False,Finalizada,False,3
972,1463,22,5,4,1,6,False,Finalizada,True,4
973,906,173,1,5,6,4,False,Finalizada,False,4
974,1957,193,3,3,4,8,True,Finalizada,False,3
975,25,349,5,1,6,6,False,Abandonada,False,1
976,414,92,3,3,3,5,False,Finalizada,False,5
977,1982,95,1,1,5,7,False,Finalizada,True,5
978,1017,255,1,4,2,2,True,Finalizada,True,2
979,399,308,5,5,5,6,True,Abandonada,False,1
980,455,179,3,3,4,10,False,Finalizada,False,4
981,757,342,2,5,2,2,False,Finalizada,False,5
982,246,318,4,3,4,8,False,Finalizada,True,4
983,1247,44,3,5,6,5,False,Finalizada,False,5
984,774,232,5,3,4,13,False,Finalizada,False,5
985,1810,207,5,1,3,4,False,Abandonada,False,1
986,71,6,1,3,5,5,False,Finalizada,False,4
987,1934,326,2,1,6,5,False,Finalizada,False,4
988,1298,127,2,2,6,4,False,Finalizada,False,4
989,1341,128,1,3,3,5,False,Finalizada,False,4
990,602,242,5,2,3,5,False,Finalizada,False,4
991,467,168,2,5,1,8,False,Finalizada,False,3
992,1239,122,5,5,3,4,False,Finalizada,True,4
993,127,257,4,5,1,5,False,Finalizada,False,5
994,28,71,4,1,1,7,False,Abandonada,False,2
995,560,245,5,3,5,4,False,Abandonada,False,1
996,444,362,4,1,7,16,False,Finalizada,True,5
997,1291,27,5,1,2,4,False,Abandonada,False,1
998,1759,171,5,5,5,6,False,Finalizada,False,5
999,1706,175,4,2,7,13,True,Finalizada,True,2
1000,60,300,2,2,3,4,False,Finalizada,True,5
1001,1068,84,3,2,7,17,True,Finalizada,False,3
1002,1103,325,3,1,6,5,False,Abandonada,False,1
1003,183,60,4,2,5,4,False,Finalizada,True,5
1004,907,223,5,3,4,13,False,Finalizada,False,3
1005,7,259,5,2,1,7,True,Finalizada,True,2
1006,1554,293,5,2,7,10,True,Abandonada,False,1
1007,1070,198,2,2,2,2,True,Finalizada,False,2
1008,94,343,1,4,4,15,True,Finalizada,False,2
1009,141,242,4,2,1,6,False,Finalizada,True,5
1010,967,197,5,1,6,5,False,Finalizada,True,5
1011,839,350,3,3,6,4,False,Abandonada,False,1
1012,1899,166,4,2,4,13,False,Finalizada,False,3
1013,1589,307,4,5,6,6,False,Finalizada,False,5
1014,1880,343,2,5,5,4,False,Finalizada,False,3
1015,1315,317,5,4,5,7,False,Finalizada,False,4
1016,431,5,4,2,5,6,False,Finalizada,True,5
1017,630,157,1,4,6,4,False,Finalizada,False,5
1018,346,208,5,3,3,5,False,Finalizada,False,5
1019,738,211,3,2,7,15,False,Finalizada,False,4
1020,1704,186,5,2,6,5,False,Finalizada,True,4
1021,1506,115,1,1,6,4,False,Finalizada,False,4
1022,247,272,5,4,4,8,False,Finalizada,True,5
1023,1286,179,5,3,5,7,False,Abandonada,False,1
1024,378,346,1,3,3,4,False,Finalizada,False,4
1025,557,225,2,5,2,3,False,Abandonada,False,1
1026,1687,245,1,1,6,6,False,Finalizada,False,5
1027,64,22,1,5,1,6,False,Finalizada,False,5
1028,322,296,4,5,6,6,False,Finalizada,False,3
1029,111,118,4,5,4,8,False,Finalizada,True,5
1030,44,74,1,2,1,5,True,Finalizada,False,1
1031,966,310,1,1,3,5,False,Finalizada,False,4
1032,1981,251,4,2,5,5,False,Abandonada,False,2
1033,1156,37,5,3,7,15,False,Abandonada,False,1
1034,1483,21,2,5,7,10,True,Abandonada,False,1
1035,1114,78,5,4,2,4,False,Finalizada,True,5
1036,734,355,1,3,3,4,False,Finalizada,False,4
1037,1204,287,3,2,7,10,False,Finalizada,False,4
1038,1804,112,4,4,4,11,True,Finalizada,True,2
1039,1601,340,5,3,4,8,False,Abandonada,False,2
1040,1500,261,2,4,7,15,True,Finalizada,False,2
1041,1100,228,4,2,6,6,False,Finalizada,True,5
1042,568,157,4,4,3,3,False,Finalizada,False,4
1043,1321,106,5,2,7,16,True,Finalizada,True,2
1044,663,103,4,1,4,14,False,Finalizada,True,5
1045,93,242,2,5,2,3,False,Abandonada,False,2
1046,556,212,4,1,4,12,False,Finalizada,True,5
1047,1414,7,4,5,6,6,False,Finalizada,True,5
1048,145,38,5,1,6,6,False,Abandonada,False,1
1049,421,215,1,4,4,10,False,Abandonada,False,2
1050,1792,240,1,4,3,5,False,Finalizada,False,4
1051,303,324,5,2,1,6,False,Finalizada,False,3
1052,472,33,1,5,3,5,False,Finalizada,True,4
1053,600,272,5,4,3,3,False,Abandonada,False,1
1054,1421,115,4,2,3,3,False,Finalizada,False,4
1055,631,312,5,4,4,14,False,Finalizada,False,4
1056,1967,223,5,5,3,5,True,Finalizada,False,2
1057,1368,37,5,4,4,14,True,Finalizada,True,2
1058,1773,359,3,2,3,5,False,Abandonada,False,1
1059,92,283,4,4,3,5,False,Finalizada,False,3
1060,955,301,5,5,4,11,True,Finalizada,True,2
1061,1221,266,4,3,4,13,False,Finalizada,True,5
1062,704,4,5,1,3,4,False,Finalizada,False,5
1063,1707,266,5,4,4,14,False,Finalizada,True,4
1064,603,29,1,3,6,5,False,Finalizada,False,3
1065,6,230,5,2,3,3,True,Finalizada,True,3
1066,1815,105,5,1,1,6,False,Finalizada,True,4
1067,1138,75,4,2,5,4,False,Finalizada,True,4
1068,1046,247,4,4,5,4,True,Finalizada,False,2
1069,601,86,5,1,2,2,False,Finalizada,False,3
1070,1367,129,1,2,7,15,True,Finalizada,False,2
1071,869,92,1,2,4,12,False,Finalizada,False,4
1072,120,311,2,3,6,6,False,Abandonada,False,1
1073,447,247,1,4,1,6,False,Finalizada,False,4
1074,1751,214,1,5,6,6,False,Finalizada,False,4
1075,316,14,5,2,2,2,False,Abandonada,False,2
1076,667,311,3,2,7,17,False,Abandonada,False,2
1077,1061,33,3,2,2,4,True,Finalizada,False,1
1078,1631,122,5,1,3,3,False,Finalizada,False,3
1079,610,357,5,1,4,14,False,Abandonada,False,1
1080,1079,299,5,3,5,4,True,Finalizada,True,1
1081,1573,23,4,5,4,11,True,Finalizada,True,2
1082,318,60,5,2,3,4,False,Abandonada,False,1
1083,734,231,4,4,5,6,False,Finalizada,True,4
1084,38,175,1,4,1,7,False,Finalizada,False,3
1085,737,163,1,3,6,6,True,Finalizada,False,2
1086,661,181,1,4,6,6,False,Finalizada,True,5
1087,1805,7,5,3,5,7,False,Finalizada,False,5
1088,1071,80,1,1,5,4,False,Finalizada,False,3
1089,1121,241,4,3,2,4,False,Finalizada,True,4
1090,967,299,2,3,7,17,True,Finalizada,False,2
1091,532,250,5,3,6,5,False,Finalizada,True,5
1092,1159,33,5,1,6,6,True,Finalizada,True,3
1093,1954,172,5,1,2,2,False,Finalizada,False,5
1094,1205,64,5,1,4,11,False,Abandonada,False,1
1095,1506,132,3,1,6,5,False,Finalizada,False,3
1096,54,189,4,5,4,13,False,Abandonada,False,2
1097,1236,83,4,4,1,5,False,Finalizada,False,4
1098,350,10,5,3,5,5,False,Finalizada,False,3
1099,822,1,5,3,1,8,True,Finalizada,True,2
1100,1483,46,1,2,5,7,False,Finalizada,False,4
1101,6,228,1,2,7,12,False,Abandonada,False,2
1102,413,228,1,3,5,5,False,Finalizada,True,5
1103,1116,209,5,1,1,7,False,Abandonada,False,1
1104,1871,335,5,1,3,3,False,Finalizada,False,4
1105,632,195,5,2,7,14,True,Finalizada,False,1
1106,1114,196,4,5,4,13,False,Finalizada,False,3
1107,579,272,2,1,4,11,False,Finalizada,False,4
1108,1165,52,2,4,1,7,False,Finalizada,True,5
1109,478,8,2,5,3,4,False,Finalizada,False,3
1110,1818,295,4,5,7,14,False,Finalizada,False,3
1111,1874,331,4,1,5,4,False,Finalizada,True,5
1112,1305,232,5,2,2,3,False,Finalizada,False,5
1113,1420,80,5,1,7,12,True,Abandonada,False,1
1114,930,244,2,4,5,7,False,Finalizada,False,4
1115,1947,52,1,3,5,5,False,Finalizada,False,3
1116,1366,304,5,1,6,4,False,Finalizada,True,4
1117,658,277,4,2,4,15,True,Abandonada,False,2
1118,184,270,5,1,4,9,False,Finalizada,False,4
1119,1575,180,4,4,1,5,False,Abandonada,False,1
1120,194,37,1,5,6,4,False,Finalizada,False,4
1121,1427,261,5,4,6,4,False,Finalizada,False,3
1122,405,94,4,4,6,5,False,Finalizada,False,4
1123,1795,261,1,4,3,4,False,Finalizada,False,4
1124,379,300,1,1,6,4,False,Finalizada,False,3
1125,659,125,4,4,7,13,True,Finalizada,False,3
1126,225,257,4,1,2,4,False,Finalizada,False,5
1127,1368,168,5,3,2,3,False,Finalizada,True,4
1128,1276,80,1,3,3,4,False,Finalizada,False,4
1129,1117,230,5,1,2,3,False,Finalizada,True,4
1130,432,266,5,5,3,5,False,Finalizada,False,3
1131,416,143,4,4,3,5,False,Finalizada,False,3
1132,262,259,4,2,1,8,False,Abandonada,False,1
1133,1349,263,5,5,6,4,False,Finalizada,True,4
1134,1213,64,4,2,7,12,True,Finalizada,True,2
1135,839,44,5,2,4,10,False,Finalizada,True,4
1136,1184,141,5,5,2,4,False,Finalizada,False,3
1137,174,183,2,1,4,12,False,Finalizada,False,3
1138,935,40,1,5,7,15,False,Finalizada,False,3
1139,324,254,5,3,1,6,False,Finalizada,False,4
1140,942,160,5,5,2,4,True,Abandonada,False,1
1141,1262,140,5,2,7,17,False,Abandonada,False,1
1142,387,176,4,2,3,4,False,Finalizada,False,3
1143,1912,197,5,1,3,5,False,Finalizada,True,5
1144,1111,266,1,1,1,8,False,Finalizada,False,5
1145,919,298,5,1,5,4,False,Finalizada,True,5
1146,713,164,5,1,4,15,False,Finalizada,False,5
1147,677,24,2,4,5,4,False,Finalizada,False,4
1148,594,30,5,4,3,4,False,Finalizada,True,4
1149,1116,281,4,5,1,8,False,Finalizada,True,4
1150,1398,82,5,5,3,3,False,Finalizada,False,4
1151,1986,239,2,1,1,8,False,Finalizada,True,4
1152,934,90,4,5,4,12,True,Finalizada,False,2
1153,1158,129,4,5,7,17,True,Finalizada,False,3
1154,643,309,5,2,2,4,False,Finalizada,False,4
1155,315,309,5,3,5,6,False,Finalizada,False,4
1156,40,104,1,1,5,6,False,Finalizada,True,5
1157,1984,332,5,2,6,4,False,Finalizada,False,3
1158,348,91,5,5,6,4,False,Finalizada,True,4
1159,329,303,5,3,7,13,False,Finalizada,True,5
1160,684,135,4,5,5,7,False,Finalizada,False,5
1161,1382,249,4,5,6,6,False,Finalizada,False,3
1162,308,56,1,4,4,14,False,Abandonada,False,1
1163,1313,118,5,5,7,16,False,Abandonada,False,2
1164,1864,185,1,2,6,5,False,Finalizada,True,5
1165,1730,65,1,5,5,5,False,Abandonada,False,1
1166,1966,198,1,4,5,4,False,Finalizada,True,4
1167,736,151,5,1,6,5,False,Finalizada,True,5
1168,82,60,5,2,4,9,False,Abandonada,False,1
1169,1692,3,5,3,4,8,True,Finalizada,True,1
1170,407,301,2,3,2,2,False,Finalizada,True,5
1171,116,299,4,2,4,11,False,Finalizada,False,5
1172,578,318,5,5,1,5,False,Finalizada,False,3
1173,1006,270,1,5,1,8,False,Finalizada,False,3
1174,924,308,1,4,3,5,False,Finalizada,False,3
1175,231,348,5,2,4,14,False,Finalizada,False,3
1176,1622,6,4,1,1,7,True,Abandonada,False,1
1177,1514,269,4,3,1,7,False,Finalizada,False,4
1178,1369,111,4,4,1,7,False,Abandonada,False,2
1179,1269,173,5,2,7,12,False,Finalizada,False,3
1180,298,208,2,2,6,6,False,Finalizada,False,4
1181,1597,241,5,5,6,5,False,Finalizada,False,4
1182,1963,238,1,5,4,9,False,Abandonada,False,1
1183,511,344,1,3,1,8,True,Finalizada,True,1
1184,1036,9,4,2,7,10,False,Abandonada,False,2
1185,595,104,4,3,6,5,True,Finalizada,False,1
1186,657,260,1,3,1,6,False,Finalizada,False,5
1187,116,319,5,4,1,7,False,Finalizada,True,5
1188,646,42,5,4,3,3,False,Finalizada,True,4
1189,955,85,5,4,6,5,False,Finalizada,False,4
1190,731,363,5,5,7,11,False,Abandonada,False,2
1191,357,162,1,2,6,4,False,Finalizada,False,4
1192,255,130,5,2,5,7,False,Finalizada,True,5
1193,1900,96,5,1,1,8,False,Finalizada,True,5
1194,1013,282,5,3,5,4,False,Abandonada,False,1
1195,40,1,5,4,6,5,False,Finalizada,False,3
1196,1725,331,5,2,7,18,False,Finalizada,False,5
1197,138,120,1,2,7,14,False,Abandonada,False,1
1198,1600,329,5,3,3,4,False,Finalizada,False,3
1199,1546,180,2,4,6,4,False,Abandonada,False,2
1200,231,166,4,1,2,2,False,Finalizada,True,5
1201,1584,115,5,4,7,15,False,Finalizada,False,4
1202,69,2,5,4,1,8,False,Finalizada,False,3
1203,200,351,3,4,3,5,False,Finalizada,False,3
1204,916,90,5,2,2,4,False,Finalizada,False,5
1205,1890,49,5,3,6,4,False,Finalizada,False,3
1206,373,218,4,5,6,5,False,Finalizada,True,5
1207,90,47,2,5,2,4,False,Finalizada,False,3
1208,648,136,5,5,7,12,True,Finalizada,True,2
1209,1236,142,1,3,4,12,False,Finalizada,False,3
1210,248,138,1,3,4,11,False,Finalizada,False,3
1211,1843,217,3,2,7,18,True,Finalizada,False,1
1212,1514,70,5,3,7,16,True,Finalizada,False,2
1213,835,178,4,5,6,5,False,Abandonada,False,2
1214,909,108,1,5,7,17,True,Finalizada,False,1
1215,1630,295,1,1,2,2,False,Finalizada,False,3
1216,1050,59,2,1,3,3,False,Abandonada,False,2
1217,52,358,1,5,6,4,False,Abandonada,False,2
1218,1099,21,1,5,7,12,True,Finalizada,False,3
1219,486,329,5,3,7,11,True,Finalizada,True,2
1220,779,251,5,3,5,6,False,Finalizada,True,5
1221,23,168,5,1,2,4,False,Finalizada,True,5
1222,1836,329,4,1,6,6,False,Finalizada,False,5
1223,1962,69,1,1,7,12,False,Abandonada,False,1
1224,120,87,3,1,7,14,False,Finalizada,False,4
1225,545,84,5,3,6,4,True,Finalizada,False,2
1226,1277,337,4,1,1,6,True,Finalizada,True,3
1227,667,235,4,2,5,7,False,Finalizada,True,5
1228,1644,273,4,1,1,5,False,Abandonada,False,1
1229,1609,361,1,5,2,4,False,Finalizada,True,5
1230,533,327,1,5,4,12,False,Finalizada,False,3
1231,482,108,4,2,4,13,False,Finalizada,True,5
1232,4,15,3,4,5,5,False,Finalizada,True,5
1233,1155,161,2,4,7,15,True,Finalizada,False,1
1234,1863,97,5,4,7,11,False,Finalizada,False,4
1235,861,335,5,5,7,13,False,Finalizada,True,4
1236,927,96,5,2,6,6,True,Finalizada,False,3
1237,72,40,5,1,6,4,False,Finalizada,True,5
1238,1,4,5,3,5,4,False,Abandonada,False,1
1239,774,278,4,5,7,16,True,Finalizada,False,1
1240,449,248,5,2,5,4,False,Finalizada,False,4
1241,1296,142,5,2,6,5,False,Finalizada,True,5
1242,1299,296,1,2,3,5,False,Abandonada,False,1
1243,59,71,1,5,5,7,False,Finalizada,False,3
1244,718,267,1,3,3,3,False,Abandonada,False,1
1245,726,72,1,1,7,11,False,Finalizada,False,3
1246,1243,239,5,2,2,3,False,Finalizada,False,5
1247,996,126,5,1,4,14,False,Finalizada,False,3
1248,185,94,2,2,1,5,False,Finalizada,False,3
1249,702,248,5,2,3,5,False,Finalizada,True,5
1250,774,157,4,5,7,11,False,Finalizada,True,5
1251,1374,229,4,4,4,15,False,Finalizada,True,5
1252,1880,148,5,5,7,15,False,Finalizada,True,5
1253,1826,106,1,3,5,7,False,Finalizada,True,5
1254,1564,221,4,2,2,4,False,Finalizada,True,5
1255,940,180,4,5,5,7,False,Abandonada,False,2
1256,449,251,5,5,5,6,False,Finalizada,True,5
1257,545,167,5,3,2,4,False,Finalizada,False,5
1258,1677,358,5,4,6,5,False,Finalizada,False,4
1259,1735,133,5,2,7,14,False,Abandonada,False,1
1260,769,177,4,1,5,6,False,Finalizada,False,3
1261,807,96,3,1,6,6,True,Finalizada,False,3
1262,723,256,1,3,4,14,False,Finalizada,True,5
1263,1957,291,5,1,6,4,False,Finalizada,True,4
1264,288,6,5,3,2,4,False,Abandonada,False,1
1265,578,266,4,1,1,6,False,Finalizada,True,5
1266,1249,363,5,4,6,5,False,Finalizada,False,4
1267,1706,204,2,2,1,6,False,Finalizada,False,5
1268,1373,302,5,3,1,6,False,Finalizada,False,5
1269,476,201,3,3,4,9,False,Finalizada,False,4
1270,1910,1,5,5,2,4,False,Finalizada,True,4
1271,1858,244,5,4,7,14,True,Finalizada,True,3
1272,51,290,5,2,1,5,True,Finalizada,False,2
1273,288,120,4,3,7,11,False,Finalizada,False,4
1274,295,155,4,3,5,5,False,Finalizada,True,5
1275,757,172,4,5,7,17,False,Finalizada,False,4
1276,1781,320,4,4,6,5,False,Finalizada,True,5
1277,85,35,5,4,4,9,False,Finalizada,False,3
1278,812,291,5,3,6,4,False,Abandonada,False,1
1279,214,183,1,3,5,4,False,Abandonada,False,1
1280,1079,184,4,1,5,4,False,Finalizada,True,4
1281,1038,279,2,4,3,4,False,Finalizada,True,5
1282,1703,274,5,3,2,3,False,Abandonada,False,1
1283,1004,218,1,5,1,7,False,Finalizada,True,4
1284,1232,3,5,3,4,11,False,Finalizada,True,5
1285,811,141,5,4,3,5,False,Finalizada,False,4
1286,972,19,5,1,7,12,False,Finalizada,False,4
1287,747,323,4,3,4,14,False,Finalizada,True,4
1288,396,180,2,2,6,6,False,Finalizada,False,5
1289,1099,167,1,5,7,18,False,Finalizada,False,3
1290,969,302,5,1,1,5,False,Abandonada,False,1
1291,112,86,4,1,3,3,False,Finalizada,True,4
1292,1481,171,2,1,3,5,False,Finalizada,False,4
1293,1595,364,4,3,5,6,False,Finalizada,False,3
1294,1136,261,5,3,2,3,True,Finalizada,False,2
1295,727,334,1,3,3,3,False,Finalizada,False,5
1296,863,91,2,3,7,18,False,Finalizada,True,5
1297,1318,341,5,1,6,5,False,Finalizada,False,3
1298,374,297,4,3,6,4,False,Finalizada,True,5
1299,267,329,5,3,7,13,True,Finalizada,False,1
1300,369,313,5,5,2,4,False,Finalizada,True,5
1301,586,86,5,2,6,4,False,Finalizada,False,4
1302,1544,166,5,2,2,2,False,Finalizada,False,4
1303,564,166,5,1,4,9,False,Finalizada,True,5
1304,93,10,4,3,2,2,True,Abandonada,False,1
1305,710,80,2,3,3,3,False,Finalizada,False,3
1306,475,131,5,1,3,3,False,Abandonada,False,1
1307,879,29,1,2,4,9,False,Finalizada,False,3
1308,1587,102,5,3,6,6,False,Finalizada,True,5
1309,1928,62,1,2,1,5,False,Finalizada,False,3
1310,1832,138,4,3,6,6,False,Abandonada,False,1
1311,768,33,1,4,6,6,False,Finalizada,True,5
1312,1953,110,5,1,4,14,False,Finalizada,True,5
1313,548,108,2,4,6,6,False,Abandonada,False,1
1314,268,29,4,2,7,15,False,Finalizada,False,3
1315,908,65,5,5,6,5,False,Abandonada,False,1
1316,625,239,2,2,5,6,False,Finalizada,False,3
1317,285,86,4,5,6,6,False,Abandonada,False,2
1318,1540,314,3,3,5,7,False,Finalizada,False,3
1319,1209,74,4,2,6,4,False,Finalizada,False,4
1320,314,218,4,5,3,5,False,Finalizada,False,4
1321,106,5,4,4,3,4,False,Finalizada,True,5
1322,1196,183,5,1,3,4,False,Finalizada,False,3
1323,62,59,3,3,4,14,False,Finalizada,True,5
1324,1958,347,1,1,7,10,False,Finalizada,False,4
1325,534,190,4,4,7,14,False,Finalizada,True,5
1326,375,40,3,3,7,15,False,Finalizada,False,4
1327,312,11,4,2,4,10,False,Finalizada,False,5
1328,514,350,5,1,3,3,False,Abandonada,False,1
1329,1999,268,5,5,2,4,False,Finalizada,False,5
1330,1685,235,5,2,5,6,True,Abandonada,False,1
1331,366,346,3,2,4,14,False,Finalizada,False,4
1332,883,94,4,2,5,7,False,Finalizada,False,5
1333,416,306,5,4,7,11,False,Finalizada,False,3
1334,875,282,5,1,4,8,False,Finalizada,False,4
1335,702,216,5,4,6,6,False,Finalizada,False,4
1336,1214,198,4,1,3,3,False,Finalizada,True,5
1337,1727,330,4,2,5,6,False,Finalizada,True,5
1338,1403,170,4,5,7,15,True,Abandonada,False,1
1339,1569,210,4,1,6,5,False,Finalizada,True,5
1340,1455,44,1,1,5,4,False,Finalizada,False,3
1341,1295,259,5,3,7,12,False,Abandonada,False,1
1342,209,99,5,3,6,4,False,Abandonada,False,1
1343,890,265,5,5,2,2,False,Finalizada,False,3
1344,706,10,5,3,3,3,False,Finalizada,True,4
1345,709,45,2,4,5,5,False,Finalizada,False,3
1346,72,183,1,4,6,6,False,Finalizada,False,4
1347,1698,337,5,1,4,15,False,Finalizada,False,5
1348,1485,215,5,1,7,14,False,Abandonada,False,1
1349,881,147,4,3,5,4,False,Finalizada,False,5
1350,1286,140,1,5,6,5,True,Finalizada,False,3
1351,619,168,4,1,7,16,False,Finalizada,True,5
1352,1066,265,5,3,5,6,False,Finalizada,True,5
1353,1424,203,2,1,1,6,False,Finalizada,False,3
1354,1858,162,4,4,3,5,False,Finalizada,True,4
1355,1626,321,4,4,1,6,False,Finalizada,False,4
1356,904,135,5,2,6,5,False,Abandonada,False,2
1357,1684,73,4,5,7,13,False,Finalizada,False,3
1358,417,231,5,3,4,9,True,Abandonada,False,1
1359,429,348,5,4,6,4,False,Finalizada,False,3
1360,1233,350,4,2,7,16,True,Finalizada,True,1
1361,1627,3,1,1,2,4,False,Finalizada,True,4
1362,507,238,5,1,5,7,True,Finalizada,False,2
1363,1256,169,4,2,5,4,False,Finalizada,False,3
1364,1466,56,1,5,1,8,False,Finalizada,True,5
1365,1654,184,1,1,1,8,False,Finalizada,False,5
1366,1855,304,5,1,2,4,False,Finalizada,True,5
1367,226,59,5,3,2,3,False,Finalizada,True,5
1368,1724,347,2,3,7,18,False,Finalizada,False,4
1369,520,154,5,5,6,5,False,Finalizada,True,5
1370,1514,196,5,3,1,7,False,Finalizada,False,5
1371,1292,45,5,2,6,6,False,Finalizada,True,5
1372,1356,287,2,4,6,6,False,Finalizada,False,4
1373,168,52,4,5,7,15,False,Finalizada,False,4
1374,12,295,5,3,5,4,False,Finalizada,True,5
1375,313,332,1,2,4,10,False,Abandonada,False,1
1376,1149,317,4,1,7,17,False,Finalizada,False,4
1377,128,360,5,1,1,5,False,Finalizada,False,4
1378,561,134,1,4,1,8,False,Finalizada,False,3
1379,1279,24,4,1,2,2,False,Abandonada,False,2
1380,1793,270,4,2,3,4,False,Finalizada,True,5
1381,1110,11,2,2,2,3,False,Finalizada,False,4
1382,867,82,5,1,2,4,False,Finalizada,False,4
1383,1474,155,5,5,6,5,False,Finalizada,False,3
1384,712,284,2,5,7,10,True,Finalizada,False,2
1385,543,139,5,3,4,11,True,Finalizada,True,3
1386,365,341,5,5,6,5,False,Abandonada,False,1
1387,513,122,3,3,2,4,False,Finalizada,False,3
1388,1757,298,4,1,4,9,False,Finalizada,True,4
1389,982,302,1,1,6,4,False,Finalizada,True,4
1390,880,68,5,4,6,5,False,Finalizada,True,4
1391,1499,143,4,3,7,13,False,Finalizada,False,3
1392,1404,193,1,2,1,6,False,Finalizada,False,4
1393,1739,4,5,1,2,3,False,Abandonada,False,1
1394,1924,144,5,1,3,3,False,Finalizada,True,4
1395,1172,204,4,2,6,6,False,Finalizada,False,3
1396,1464,95,5,1,3,3,False,Finalizada,False,5
1397,1234,1,5,1,3,3,False,Abandonada,False,2
1398,1093,201,4,3,1,5,False,Finalizada,True,5
1399,1159,362,4,1,1,8,False,Abandonada,False,1
1400,1572,199,2,1,5,5,False,Abandonada,False,1
1401,1064,322,5,3,6,5,False,Finalizada,True,4
1402,1503,53,4,2,4,15,False,Finalizada,False,3
1403,746,330,1,1,7,13,True,Finalizada,True,1
1404,659,54,5,5,7,11,True,Abandonada,False,2
1405,92,61,5,1,4,13,False,Abandonada,False,1
1406,32,23,5,2,5,6,False,Finalizada,False,3
1407,1658,317,4,2,2,4,False,Finalizada,True,5
1408,1925,110,5,1,7,12,False,Finalizada,True,5
1409,1042,108,1,3,4,10,False,Finalizada,False,3
1410,1579,320,5,3,1,7,False,Finalizada,False,5
1411,609,184,4,5,3,4,False,Finalizada,False,4
1412,1419,349,4,2,5,5,False,Finalizada,True,4
1413,1461,24,5,2,7,13,True,Abandonada,False,2
1414,1104,66,4,3,1,6,False,Finalizada,False,4
1415,1482,242,3,3,1,8,False,Finalizada,True,5
1416,1272,249,5,5,3,4,True,Finalizada,False,1
1417,1770,66,5,1,3,3,False,Finalizada,False,5
1418,352,175,2,5,3,5,False,Finalizada,False,4
1419,1115,138,1,4,1,7,False,Finalizada,False,3
1420,1204,201,4,4,6,5,False,Finalizada,True,4
1421,1229,200,4,3,2,4,True,Finalizada,True,1
1422,1761,244,1,3,4,12,False,Finalizada,False,4
1423,1428,262,4,4,7,13,False,Finalizada,False,3
1424,1342,323,4,5,5,6,False,Finalizada,True,5
1425,578,30,4,4,5,5,False,Finalizada,False,4
1426,1343,140,5,3,7,13,False,Finalizada,True,4
1427,87,15,4,3,2,2,False,Abandonada,False,2
1428,355,307,4,4,7,13,False,Abandonada,False,2
1429,871,291,5,1,7,12,True,Finalizada,False,2
1430,1518,216,4,1,7,18,False,Finalizada,True,5
1431,212,254,4,3,5,7,False,Finalizada,True,4
1432,1193,202,1,1,3,3,False,Abandonada,False,1
1433,443,209,2,3,1,8,False,Finalizada,False,5
1434,780,15,1,4,1,5,False,Abandonada,False,1
1435,1644,281,4,5,6,6,False,Abandonada,False,1
1436,1153,63,5,2,5,6,False,Abandonada,False,2
1437,1795,243,1,5,1,5,False,Finalizada,False,3
1438,680,119,5,5,1,5,False,Finalizada,True,5
1439,1327,83,1,3,1,8,False,Finalizada,False,4
1440,789,352,5,4,6,6,False,Finalizada,True,5
1441,1863,137,5,5,2,3,False,Finalizada,True,5
1442,1055,128,1,2,7,10,False,Finalizada,False,5
1443,1993,71,1,4,6,4,False,Abandonada,False,2
1444,832,187,5,3,7,13,False,Finalizada,False,4
1445,566,152,4,3,3,5,False,Finalizada,False,3
1446,1726,100,1,4,4,13,False,Abandonada,False,2
1447,182,15,2,1,3,4,False,Finalizada,True,5
1448,349,47,1,2,4,11,False,Abandonada,False,2
1449,641,177,5,1,7,13,False,Finalizada,False,5
1450,1592,263,1,1,4,9,False,Finalizada,False,4
1451,1201,171,4,1,6,4,False,Abandonada,False,1
1452,674,347,3,3,3,4,False,Finalizada,False,4
1453,1755,225,2,1,1,8,False,Finalizada,False,3
1454,1794,315,5,2,5,7,True,Abandonada,False,1
1455,1919,329,1,5,7,13,True,Finalizada,False,1
1456,1156,61,2,5,7,15,False,Finalizada,False,3
1457,317,343,5,4,4,15,False,Finalizada,False,5
1458,1215,175,4,2,4,13,False,Finalizada,False,5
1459,647,250,2,5,7,13,True,Abandonada,False,1
1460,118,12,5,3,2,2,False,Abandonada,False,2
1461,310,268,2,1,1,7,False,Abandonada,False,2
1462,705,153,2,5,2,2,False,Finalizada,True,4
1463,1590,215,1,2,2,4,False,Finalizada,False,3
1464,1230,162,5,4,1,6,False,Finalizada,False,4
1465,740,274,2,4,5,6,False,Finalizada,False,3
1466,1097,23,1,2,1,8,False,Finalizada,False,3
1467,1067,10,1,3,1,6,False,Finalizada,False,5
1468,1748,114,1,3,3,5,False,Abandonada,False,1
1469,1183,259,4,5,7,17,False,Abandonada,False,1
1470,1645,123,2,4,7,10,False,Finalizada,False,4
1471,1472,140,5,4,3,5,False,Finalizada,True,5
1472,1305,72,2,5,3,3,False,Finalizada,False,4
1473,1424,184,5,3,2,4,False,Finalizada,True,5
1474,1128,215,2,4,4,9,True,Abandonada,False,1
1475,689,295,4,4,5,7,False,Finalizada,True,5
1476,1184,338,1,4,6,5,False,Finalizada,False,4
1477,1929,174,4,1,6,5,False,Finalizada,True,5
1478,439,8,1,2,3,5,False,Finalizada,True,5
1479,348,285,3,5,1,8,False,Finalizada,True,5
1480,535,316,2,3,3,5,False,Finalizada,False,5
1481,1001,18,5,2,1,6,False,Abandonada,False,1
1482,1483,356,5,2,7,12,False,Finalizada,True,4
1483,1264,15,5,1,5,6,False,Abandonada,False,1
1484,455,268,4,2,1,8,False,Finalizada,True,5
1485,326,336,4,5,4,9,False,Finalizada,False,3
1486,1718,170,5,2,6,4,False,Finalizada,True,4
1487,1225,340,5,2,5,5,False,Abandonada,False,2
1488,550,50,4,4,5,7,False,Finalizada,False,4
1489,1256,23,5,5,3,3,False,Abandonada,False,1
1490,889,104,5,3,2,4,False,Finalizada,True,5
1491,1981,121,4,3,7,17,True,Finalizada,False,1
1492,1016,70,5,4,1,5,False,Finalizada,True,5
1493,1474,364,1,4,7,11,True,Finalizada,False,3
1494,1932,168,4,1,6,5,False,Finalizada,False,3
1495,252,99,3,1,6,4,False,Abandonada,False,1
1496,714,47,5,1,1,7,False,Finalizada,True,4
1497,1639,137,1,1,2,2,False,Finalizada,False,4
1498,1073,68,4,3,5,7,False,Finalizada,True,4
1499,685,221,2,4,4,8,True,Finalizada,False,2
1500,1060,324,5,5,5,6,False,Finalizada,True,5
1501,1260,205,5,2,2,3,True,Finalizada,False,1
1502,1865,258,5,3,1,5,True,Finalizada,True,2
1503,73,41,1,3,7,12,False,Finalizada,True,5
1504,1261,138,5,3,2,2,False,Finalizada,False,4
1505,1458,151,1,1,5,6,False,Finalizada,False,4
1506,1203,109,1,2,2,3,False,Finalizada,False,4
1507,1310,115,3,4,1,7,True,Finalizada,False,3
1508,415,325,3,3,5,6,False,Finalizada,False,3
1509,515,187,4,3,2,2,True,Finalizada,True,3
1510,1461,301,3,5,1,6,False,Abandonada,False,1
1511,1672,202,5,3,1,6,False,Finalizada,True,4
1512,1212,42,4,1,2,4,False,Finalizada,False,4
1513,1074,40,5,4,4,14,False,Finalizada,False,4
1514,1494,316,2,1,3,4,False,Finalizada,False,5
1515,55,155,1,5,6,4,False,Finalizada,False,3
1516,1557,308,4,4,6,6,False,Finalizada,False,5
1517,1390,224,4,1,1,7,False,Finalizada,False,5
1518,1182,180,3,4,7,11,True,Finalizada,False,2
1519,1407,296,5,3,4,9,False,Finalizada,True,5
1520,253,79,1,5,3,3,False,Finalizada,False,3
1521,1052,206,5,2,3,5,False,Finalizada,True,5
1522,316,9,5,5,7,15,True,Finalizada,True,2
1523,1176,345,5,4,6,5,False,Finalizada,True,5
1524,839,354,4,1,5,6,False,Finalizada,True,4
1525,152,304,1,2,6,6,False,Finalizada,True,5
1526,336,304,5,4,7,15,False,Finalizada,False,4
1527,624,82,5,1,5,7,False,Abandonada,False,1
1528,545,358,5,1,7,12,False,Finalizada,False,4
1529,317,148,5,1,2,2,True,Finalizada,False,2
1530,1567,114,5,5,1,8,False,Finalizada,False,3
1531,678,353,5,3,1,8,False,Finalizada,True,5
1532,1742,4,4,3,5,6,False,Finalizada,True,5
1533,1696,22,4,3,5,7,False,Finalizada,True,5
1534,1318,364,2,3,2,3,False,Finalizada,True,5
1535,1415,23,4,5,5,7,True,Finalizada,False,2
1536,1018,165,2,5,7,15,True,Finalizada,False,2
1537,1232,48,1,4,6,6,False,Finalizada,True,5
1538,303,64,5,1,2,4,False,Finalizada,False,3
1539,1738,264,2,4,6,6,False,Finalizada,False,3
1540,1307,43,3,2,5,6,False,Finalizada,False,4
1541,1401,213,1,3,5,4,False,Finalizada,False,3
1542,989,97,5,3,2,4,False,Abandonada,False,1
1543,743,216,3,3,4,11,False,Finalizada,False,3
1544,1686,255,4,2,3,5,False,Finalizada,True,5
1545,560,128,2,5,7,14,False,Finalizada,False,5
1546,1270,161,5,5,2,3,False,Finalizada,True,5
1547,617,326,5,1,5,4,False,Finalizada,True,5
1548,1919,64,5,2,6,5,False,Abandonada,False,1
1549,793,361,5,2,4,8,False,Abandonada,False,2
1550,914,56,4,4,3,3,False,Abandonada,False,2
1551,403,297,5,1,5,7,False,Abandonada,False,2
1552,627,64,3,5,4,13,False,Finalizada,False,4
1553,1747,98,5,4,2,3,False,Finalizada,True,5
1554,1519,88,1,3,4,10,False,Finalizada,True,5
1555,1134,16,1,5,4,12,False,Finalizada,True,5
1556,679,171,4,2,1,5,False,Finalizada,False,3
1557,1667,164,4,1,6,4,False,Finalizada,True,4
1558,1785,209,5,4,2,3,False,Finalizada,True,5
1559,1566,199,1,4,2,3,True,Finalizada,False,3
1560,1528,319,2,5,4,13,True,Finalizada,False,1
1561,878,324,4,4,1,5,False,Abandonada,False,1
1562,1801,146,4,5,7,15,False,Finalizada,True,4
1563,1013,25,4,2,7,17,False,Abandonada,False,2
1564,672,110,2,3,7,11,True,Finalizada,False,1
1565,844,111,4,1,2,3,False,Finalizada,True,5
1566,1338,126,5,3,1,5,False,Abandonada,False,2
1567,914,71,4,5,2,2,False,Abandonada,False,2
1568,166,216,4,4,7,15,False,Finalizada,True,5
1569,1003,365,4,3,1,5,True,Finalizada,False,2
1570,1261,85,5,4,2,4,False,Finalizada,True,5
1571,1002,314,2,1,1,7,False,Finalizada,True,5
1572,1934,280,3,3,7,16,False,Finalizada,False,3
1573,1221,27,1,1,7,13,False,Finalizada,False,3
1574,1568,206,4,3,1,7,False,Finalizada,True,5
1575,169,198,5,5,5,5,False,Finalizada,False,4
1576,1885,62,1,3,4,13,False,Finalizada,False,4
1577,1144,290,4,4,6,5,False,Finalizada,True,4
1578,96,216,5,2,7,18,False,Finalizada,False,3
1579,351,11,5,4,1,6,False,Abandonada,False,1
1580,907,195,4,5,3,4,False,Finalizada,False,5
1581,655,174,5,2,7,15,True,Abandonada,False,1
1582,297,214,1,4,7,12,False,Finalizada,False,3
1583,1834,234,5,2,4,12,False,Abandonada,False,1
1584,396,291,4,4,3,3,False,Finalizada,True,5
1585,1443,337,5,2,7,17,True,Finalizada,True,2
1586,526,232,4,4,2,4,False,Abandonada,False,1
1587,234,167,1,4,3,3,False,Finalizada,False,3
1588,1718,65,2,1,7,14,True,Finalizada,False,2
1589,379,261,2,3,6,4,False,Finalizada,False,4
1590,965,94,5,5,2,3,False,Finalizada,True,5
1591,225,323,1,3,7,12,False,Abandonada,False,2
1592,789,188,1,3,4,10,True,Finalizada,True,3
1593,293,175,5,1,5,7,False,Finalizada,True,5
1594,265,85,4,1,1,7,False,Abandonada,False,1
1595,1194,78,5,2,3,5,False,Finalizada,False,4
1596,1434,113,5,4,6,4,False,Finalizada,True,5
1597,948,187,2,5,5,4,False,Finalizada,False,4
1598,1238,206,4,3,4,10,False,Finalizada,True,5
1599,311,273,5,2,4,14,False,Finalizada,True,4
1600,367,240,5,5,3,4,False,Abandonada,False,1
1601,1595,148,1,3,1,8,False,Abandonada,False,1
1602,1762,129,5,4,6,4,False,Finalizada,True,5
1603,1443,315,4,4,3,4,False,Finalizada,True,4
1604,424,315,5,2,2,2,False,Finalizada,True,5
1605,1051,259,1,2,1,7,False,Finalizada,False,3
1606,964,307,1,1,6,6,False,Finalizada,False,3
1607,769,254,4,5,7,16,True,Finalizada,True,1
1608,1215,308,4,3,3,3,False,Finalizada,False,3
1609,1444,87,2,5,6,6,False,Abandonada,False,1
1610,1995,67,5,2,1,6,False,Finalizada,True,5
1611,1866,242,2,2,1,7,False,Finalizada,False,4
1612,1732,117,5,3,6,4,False,Finalizada,True,5
1613,395,315,1,4,4,9,False,Finalizada,False,4
1614,272,342,5,2,6,6,False,Finalizada,True,4
1615,1848,280,5,3,4,12,False,Abandonada,False,2
1616,1384,33,1,4,3,3,False,Finalizada,False,4
1617,884,318,2,5,5,7,False,Finalizada,False,3
1618,674,324,5,5,4,12,False,Finalizada,True,4
1619,1590,9,4,5,5,4,False,Finalizada,True,5
1620,857,323,5,1,1,8,False,Finalizada,True,5
1621,669,140,1,1,2,3,False,Finalizada,True,5
1622,1099,127,3,3,2,2,False,Finalizada,False,3
1623,1667,179,5,3,6,6,False,Finalizada,True,5
1624,776,108,3,4,6,4,False,Finalizada,False,4
1625,995,164,5,3,7,14,False,Finalizada,True,5
1626,977,266,5,2,1,5,False,Abandonada,False,1
1627,300,365,5,3,3,5,False,Finalizada,True,5
1628,1779,22,5,2,7,11,False,Finalizada,False,5
1629,1150,178,5,5,4,14,False,Finalizada,True,5
1630,426,79,5,3,5,5,False,Finalizada,True,4
1631,1237,265,5,4,4,13,False,Finalizada,True,5
1632,130,25,1,3,3,5,False,Finalizada,False,3
1633,904,282,4,4,2,4,False,Finalizada,False,3
1634,1635,197,5,1,7,18,False,Finalizada,True,5
1635,1588,26,5,4,1,6,False,Finalizada,False,3
1636,848,356,4,2,4,10,True,Finalizada,False,2
1637,735,71,4,2,3,5,False,Finalizada,False,3
1638,1413,166,4,1,5,5,False,Finalizada,False,4
1639,930,194,1,3,5,6,False,Finalizada,True,4
1640,564,246,1,4,6,4,False,Finalizada,True,4
1641,734,118,5,3,5,6,False,Finalizada,True,5
1642,216,328,2,1,7,12,False,Finalizada,True,5
1643,1665,7,1,4,1,6,False,Finalizada,False,5
1644,1972,58,5,5,4,9,False,Finalizada,True,5
1645,73,38,5,3,7,12,False,Finalizada,True,5
1646,601,39,4,3,2,2,False,Abandonada,False,1
1647,496,204,2,5,5,6,True,Finalizada,True,2
1648,814,204,5,5,5,7,False,Finalizada,False,4
1649,1457,33,1,5,2,4,False,Finalizada,True,4
1650,995,365,5,1,1,6,False,Finalizada,True,5
1651,683,328,4,4,1,8,False,Finalizada,True,5
1652,1827,146,5,4,7,13,True,Finalizada,True,1
1653,265,278,5,3,1,8,False,Abandonada,False,1
1654,696,150,4,1,3,4,False,Finalizada,True,5
1655,1311,64,2,4,4,12,False,Finalizada,True,5
1656,1327,61,3,5,2,4,False,Abandonada,False,1
1657,1752,304,5,2,4,8,True,Finalizada,False,1
1658,36,210,5,5,6,5,False,Finalizada,False,4
1659,1366,53,5,2,4,14,True,Finalizada,False,3
1660,1728,109,5,1,1,5,False,Finalizada,False,3
1661,260,325,4,1,6,4,False,Finalizada,True,5
1662,1334,316,5,3,4,11,True,Finalizada,False,2
1663,1463,117,5,4,4,11,False,Finalizada,True,5
1664,1106,68,4,3,5,4,False,Finalizada,True,4
1665,1779,218,5,2,5,4,True,Finalizada,False,1
1666,1733,25,4,1,3,5,False,Finalizada,True,4
1667,807,280,5,4,7,12,False,Finalizada,False,4
1668,1182,246,4,4,4,13,False,Finalizada,True,5
1669,150,65,4,2,5,4,False,Finalizada,True,4
1670,118,70,4,5,2,3,False,Finalizada,True,5
1671,1544,149,5,2,3,5,False,Finalizada,True,5
1672,1783,307,1,3,1,7,False,Finalizada,False,3
1673,1956,234,5,3,1,6,False,Finalizada,False,4
1674,35,332,5,2,6,6,False,Finalizada,False,3
1675,1384,147,5,3,4,15,False,Finalizada,False,5
1676,1924,167,5,3,4,14,False,Finalizada,False,4
1677,235,57,5,2,3,4,False,Finalizada,True,5
1678,1884,23,4,4,7,14,True,Finalizada,True,1
1679,8,248,2,4,3,3,False,Finalizada,False,3
1680,562,299,1,3,5,4,False,Finalizada,True,5
1681,1736,29,3,5,2,2,False,Abandonada,False,2
1682,1364,74,5,1,2,4,False,Finalizada,True,5
1683,773,13,5,2,1,8,False,Abandonada,False,1
1684,1451,322,2,1,2,2,False,Finalizada,False,3
1685,1152,315,5,2,6,6,False,Finalizada,True,5
1686,1836,198,5,3,7,16,False,Finalizada,False,4
1687,633,31,5,3,3,4,False,Finalizada,False,3
1688,300,56,5,5,2,2,False,Finalizada,True,4
1689,573,137,5,5,7,13,True,Finalizada,False,3
1690,170,301,1,3,3,4,False,Finalizada,False,5
1691,220,95,4,5,4,11,False,Finalizada,True,5
1692,1112,349,5,1,5,7,False,Finalizada,True,5
1693,1802,268,4,1,3,3,False,Finalizada,False,3
1694,493,191,1,2,6,4,False,Abandonada,False,2
1695,345,243,4,1,5,4,False,Abandonada,False,1
1696,253,171,5,2,1,7,False,Abandonada,False,1
1697,431,165,4,4,4,10,False,Abandonada,False,2
1698,806,198,4,2,1,7,False,Finalizada,True,5
1699,1402,103,5,4,7,10,False,Finalizada,False,4
1700,39,138,5,5,5,7,False,Finalizada,False,4
1701,424,335,5,2,7,11,True,Finalizada,True,2
1702,1717,169,4,3,2,3,False,Finalizada,False,5
1703,1921,311,4,4,2,4,False,Finalizada,False,5
1704,437,312,5,5,5,6,False,Finalizada,False,5
1705,1097,235,4,4,5,4,False,Finalizada,False,4
1706,1715,279,5,3,5,6,True,Finalizada,False,3
1707,1152,259,5,4,4,14,False,Abandonada,False,2
1708,659,120,4,2,4,11,True,Abandonada,False,2
1709,868,349,4,4,4,9,False,Finalizada,False,3
1710,1734,48,5,5,5,5,False,Abandonada,False,1
1711,1142,357,5,4,2,2,False,Finalizada,True,5
1712,909,157,5,4,7,12,False,Finalizada,True,5
1713,1974,218,5,5,3,5,False,Finalizada,True,5
1714,759,245,2,2,3,3,False,Finalizada,False,5
1715,1112,108,3,4,5,4,False,Abandonada,False,1
1716,1022,225,1,4,3,5,False,Abandonada,False,1
1717,1396,227,5,4,7,12,False,Finalizada,True,5
1718,1623,338,4,2,3,5,False,Finalizada,False,3
1719,572,170,4,5,3,3,False,Finalizada,False,4
1720,1559,155,5,2,5,4,False,Finalizada,False,5
1721,401,357,5,1,1,5,False,Finalizada,True,5
1722,105,64,5,3,5,5,True,Finalizada,True,2
1723,830,20,5,3,2,2,False,Abandonada,False,2
1724,1161,360,5,2,3,3,False,Finalizada,True,5
1725,1877,286,1,1,6,6,False,Finalizada,True,5
1726,81,210,2,2,7,14,False,Finalizada,False,4
1727,1503,122,5,2,5,4,False,Finalizada,True,5
1728,284,125,2,3,1,7,False,Finalizada,True,5
1729,12,195,5,5,7,16,False,Finalizada,False,4
1730,1422,298,3,4,4,13,False,Finalizada,False,4
1731,1852,208,5,1,5,5,False,Finalizada,True,5
1732,1494,297,4,2,6,4,False,Finalizada,False,3
1733,367,305,5,3,2,3,False,Finalizada,False,4
1734,897,288,5,3,4,11,False,Abandonada,False,1
1735,1824,303,5,4,1,6,False,Finalizada,False,5
1736,125,287,4,4,2,3,False,Finalizada,False,4
1737,1224,48,5,2,7,18,False,Abandonada,False,1
1738,1466,252,5,5,5,5,False,Finalizada,True,5
1739,1537,245,1,5,1,6,False,Abandonada,False,1
1740,512,364,5,4,1,8,False,Finalizada,True,5
1741,487,42,5,1,4,8,True,Finalizada,True,2
1742,872,230,5,1,7,15,False,Finalizada,True,5
1743,964,322,4,4,5,5,False,Finalizada,True,5
1744,1065,253,3,2,2,2,False,Finalizada,True,5
1745,387,58,4,1,6,5,False,Abandonada,False,1
1746,1506,220,1,2,2,3,False,Finalizada,False,3
1747,986,326,1,4,2,3,False,Finalizada,True,5
1748,529,166,1,2,6,4,False,Finalizada,False,4
1749,1663,142,5,2,7,14,False,Finalizada,False,3
1750,934,358,5,3,5,6,False,Finalizada,True,5
1751,1586,113,2,2,4,9,True,Abandonada,False,2
1752,205,266,4,2,7,10,False,Finalizada,False,3
1753,350,289,4,1,3,3,False,Finalizada,False,3
1754,61,264,1,2,2,2,False,Finalizada,True,4
1755,232,313,4,4,6,5,False,Finalizada,True,4
1756,1737,169,4,5,4,14,False,Finalizada,True,4
1757,1488,156,1,3,1,7,False,Finalizada,True,4
1758,52,213,5,5,1,7,False,Abandonada,False,1
1759,688,247,4,2,3,4,False,Finalizada,True,4
1760,1360,134,4,4,7,18,True,Finalizada,False,2
1761,1692,49,5,1,3,4,False,Finalizada,False,3
1762,1679,291,2,2,5,5,False,Finalizada,False,4
1763,1327,68,4,1,6,6,False,Abandonada,False,1
1764,724,20,4,2,5,6,False,Finalizada,False,3
1765,1274,199,5,2,4,15,False,Finalizada,False,3
1766,1002,311,5,4,2,2,False,Finalizada,True,5
1767,384,321,5,3,2,4,False,Abandonada,False,2
1768,25,172,5,4,7,16,False,Finalizada,False,3
1769,1397,160,1,2,2,4,False,Finalizada,False,4
1770,1336,157,5,4,7,13,False,Abandonada,False,1
1771,1415,312,2,4,6,6,False,Finalizada,False,3
1772,1998,328,4,2,4,8,True,Finalizada,False,3
1773,133,202,4,1,5,6,False,Finalizada,True,5
1774,443,6,5,1,3,5,False,Finalizada,False,4
1775,1871,222,5,3,2,2,False,Finalizada,True,4
1776,1920,41,5,1,5,7,False,Finalizada,False,4
1777,197,183,2,3,4,13,False,Finalizada,True,5
1778,1335,212,5,1,4,9,False,Finalizada,True,5
1779,1535,328,4,1,3,4,False,Finalizada,True,5
1780,773,159,1,4,4,10,False,Finalizada,False,4
1781,939,258,4,4,2,2,False,Finalizada,True,5
1782,55,79,4,1,4,10,False,Finalizada,True,4
1783,862,6,5,1,6,6,False,Finalizada,True,5
1784,178,85,4,5,6,5,False,Finalizada,False,4
1785,223,7,5,3,4,15,True,Abandonada,False,1
1786,1859,289,5,4,2,3,True,Abandonada,False,1
1787,788,104,4,1,7,12,False,Finalizada,False,5
1788,1124,178,5,2,1,5,False,Finalizada,True,5
1789,1405,264,5,4,3,5,False,Abandonada,False,1
1790,1702,49,1,1,4,15,False,Abandonada,False,2
1791,1147,194,4,4,7,12,False,Finalizada,True,5
1792,993,261,4,2,5,7,False,Finalizada,False,4
1793,1306,330,4,4,7,17,False,Finalizada,True,5
1794,183,67,4,2,5,5,False,Finalizada,False,3
1795,181,170,3,2,3,4,False,Abandonada,False,1
1796,2000,12,4,3,4,15,False,Finalizada,True,5
1797,220,230,1,3,7,13,False,Abandonada,False,1
1798,1085,344,5,2,3,3,False,Finalizada,False,3
1799,1894,140,3,4,2,2,True,Finalizada,False,2
1800,1286,86,5,4,3,3,False,Finalizada,True,4
1801,102,157,2,3,5,7,False,Finalizada,True,5
1802,460,289,5,5,1,5,False,Finalizada,True,4
1803,1355,195,4,1,1,8,False,Abandonada,False,2
1804,840,323,5,1,4,11,False,Finalizada,True,5
1805,964,88,4,4,1,6,False,Abandonada,False,2
1806,1758,88,5,4,5,4,False,Finalizada,True,5
1807,902,58,2,4,5,6,False,Finalizada,True,5
1808,1613,171,3,4,6,5,False,Finalizada,True,5
1809,864,113,5,2,2,2,False,Abandonada,False,1
1810,797,173,2,1,6,4,False,Finalizada,True,5
1811,672,154,5,3,1,8,False,Finalizada,True,5
1812,315,170,5,5,7,14,True,Finalizada,False,3
1813,832,204,5,1,3,4,False,Finalizada,False,3
1814,727,357,4,1,2,2,False,Abandonada,False,1
1815,226,26,2,4,6,4,False,Abandonada,False,1
1816,977,289,1,5,7,14,True,Finalizada,False,3
1817,714,96,5,5,1,6,False,Finalizada,True,5
1818,709,353,5,5,5,4,True,Finalizada,True,2
1819,1145,251,1,4,7,16,True,Abandonada,False,2
1820,157,246,4,3,5,7,False,Finalizada,True,5
1821,1960,81,4,1,5,4,False,Abandonada,False,2
1822,1862,271,5,4,4,12,False,Finalizada,True,5
1823,1505,204,2,5,7,14,False,Finalizada,True,4
1824,537,297,5,1,6,5,False,Finalizada,False,4
1825,752,87,5,2,3,5,False,Finalizada,True,5
1826,1970,260,5,4,3,4,False,Finalizada,False,4
1827,1487,222,5,3,5,6,False,Finalizada,True,5
1828,299,119,4,1,6,4,False,Finalizada,True,5
1829,777,38,5,3,7,18,False,Finalizada,False,4
1830,216,59,5,3,4,8,False,Abandonada,False,1
1831,1112,308,4,3,6,4,False,Finalizada,False,3
1832,37,326,2,5,4,11,True,Finalizada,False,2
1833,874,202,5,4,4,9,False,Finalizada,True,5
1834,578,165,4,3,3,3,False,Finalizada,False,4
1835,1932,181,3,5,4,10,False,Finalizada,False,4
1836,754,270,5,5,7,18,False,Finalizada,False,4
1837,1229,46,4,3,5,4,False,Finalizada,True,4
1838,39,312,4,3,5,5,False,Abandonada,False,2
1839,715,160,4,2,6,5,False,Finalizada,True,5
1840,149,187,4,2,5,5,False,Finalizada,False,3
1841,327,333,5,3,1,6,False,Finalizada,False,5
1842,1083,63,2,2,4,10,False,Finalizada,False,4
1843,911,160,2,2,4,11,False,Finalizada,False,4
1844,1895,296,5,3,1,7,False,Finalizada,False,5
1845,19,130,2,1,6,6,False,Finalizada,False,3
1846,730,134,4,1,2,4,False,Finalizada,False,5
1847,861,194,1,1,3,5,False,Finalizada,True,4
1848,825,365,5,4,7,18,True,Finalizada,False,2
1849,1085,128,5,4,3,5,False,Abandonada,False,1
1850,219,287,4,4,1,5,False,Finalizada,True,4
1851,1351,51,5,5,1,7,False,Finalizada,True,4
1852,593,6,5,4,6,6,False,Finalizada,True,5
1853,1275,177,5,4,7,15,False,Finalizada,False,5
1854,639,45,5,4,2,2,False,Finalizada,False,3
1855,1398,224,1,3,7,11,False,Finalizada,True,5
1856,1211,248,5,1,4,9,False,Finalizada,True,5
1857,565,317,5,3,4,15,True,Finalizada,True,2
1858,195,155,2,2,5,4,False,Finalizada,False,3
1859,1115,190,4,5,6,5,False,Finalizada,False,3
1860,1552,239,4,5,6,6,False,Finalizada,True,5
1861,260,255,5,2,3,3,False,Finalizada,True,5
1862,1865,9,4,1,4,15,False,Finalizada,True,5
1863,940,216,5,4,2,4,False,Finalizada,False,4
1864,1378,341,4,1,6,6,False,Finalizada,False,4
1865,1472,133,4,3,3,4,False,Finalizada,False,3
1866,1099,21,1,4,3,4,False,Finalizada,False,3
1867,1628,143,5,1,4,14,False,Finalizada,False,4
1868,1123,8,1,3,5,6,False,Finalizada,False,3
1869,1371,204,1,1,6,4,False,Finalizada,True,5
1870,1957,8,4,1,2,4,False,Finalizada,True,5
1871,541,22,2,2,7,14,False,Finalizada,False,4
1872,1998,294,5,2,4,11,False,Finalizada,True,5
1873,1113,118,5,2,5,6,False,Finalizada,True,5
1874,1668,335,1,5,6,6,False,Abandonada,False,1
1875,883,177,5,2,1,6,False,Finalizada,False,4
1876,174,349,3,4,6,4,False,Finalizada,False,4
1877,1407,8,5,4,6,5,False,Finalizada,True,5
1878,76,138,4,3,3,4,False,Abandonada,False,1
1879,281,157,1,5,5,7,False,Finalizada,True,5
1880,1051,191,5,2,7,14,False,Finalizada,True,5
1881,1254,125,4,3,7,14,False,Finalizada,True,5
1882,823,28,4,1,3,4,False,Finalizada,False,5
1883,992,202,5,4,7,10,True,Finalizada,True,1
1884,521,67,5,2,4,9,False,Abandonada,False,1
1885,602,302,5,4,1,6,False,Finalizada,True,5
1886,1298,33,5,5,1,8,False,Finalizada,False,5
1887,1900,191,5,4,7,18,False,Finalizada,True,4
1888,69,180,1,3,5,5,False,Finalizada,True,5
1889,889,31,5,4,6,6,True,Finalizada,False,2
1890,969,53,5,1,6,4,False,Finalizada,False,3
1891,1705,113,4,1,5,4,False,Finalizada,False,3
1892,1540,18,2,5,3,3,False,Finalizada,False,3
1893,768,236,5,1,7,11,False,Finalizada,False,3
1894,1187,283,5,3,4,11,True,Finalizada,False,3
1895,1773,234,3,2,5,6,False,Finalizada,False,3
1896,105,73,1,1,5,4,False,Finalizada,False,4
1897,469,15,5,3,7,10,False,Abandonada,False,1
1898,988,184,5,5,3,4,False,Finalizada,False,3
1899,702,293,4,3,1,5,False,Finalizada,False,3
1900,1069,133,5,3,6,4,False,Finalizada,True,5
1901,953,150,1,5,5,7,False,Finalizada,True,5
1902,145,187,5,2,3,3,False,Abandonada,False,1
1903,928,330,5,2,6,4,False,Finalizada,True,5
1904,1424,313,4,2,1,5,False,Finalizada,False,4
1905,635,182,1,1,4,8,False,Finalizada,False,3
1906,734,20,4,3,3,3,False,Finalizada,False,3
1907,357,360,1,4,6,4,False,Finalizada,True,5
1908,1264,51,5,2,7,10,False,Finalizada,False,5
1909,1656,244,3,5,4,14,False,Abandonada,False,1
1910,495,39,4,5,6,5,False,Finalizada,True,5
1911,1947,275,4,5,6,6,True,Finalizada,True,2
1912,843,256,5,5,5,4,False,Finalizada,False,3
1913,102,168,5,4,2,4,False,Finalizada,True,5
1914,1076,117,1,1,2,3,False,Finalizada,False,5
1915,1893,10,1,2,4,13,False,Finalizada,True,5
1916,376,108,5,2,2,4,False,Finalizada,False,4
1917,856,217,3,5,4,10,True,Finalizada,False,1
1918,401,134,4,4,5,5,False,Finalizada,False,4
1919,1070,308,4,2,5,4,False,Finalizada,True,5
1920,609,247,5,5,1,5,False,Abandonada,False,1
1921,398,133,2,5,6,6,False,Abandonada,False,2
1922,1036,129,5,4,5,6,False,Finalizada,True,4
1923,1693,3,1,5,3,4,False,Finalizada,False,3
1924,179,298,5,5,6,5,False,Finalizada,False,4
1925,1505,159,4,4,5,7,False,Finalizada,False,3
1926,403,48,1,3,5,6,False,Finalizada,False,3
1927,1375,194,4,4,2,2,False,Finalizada,False,3
1928,1235,307,1,2,5,6,True,Finalizada,False,2
1929,1811,271,4,3,7,14,False,Abandonada,False,1
1930,1091,237,5,2,2,4,False,Finalizada,True,4
1931,402,151,4,4,2,2,True,Finalizada,True,2
1932,1332,253,5,1,5,7,True,Finalizada,True,2
1933,1084,365,5,2,1,7,False,Abandonada,False,1
1934,1008,265,5,5,5,6,False,Finalizada,False,5
1935,1090,338,5,5,5,6,False,Finalizada,False,4
1936,1720,344,4,4,1,7,False,Finalizada,True,4
1937,1446,36,4,4,7,12,True,Abandonada,False,1
1938,532,86,5,1,5,6,False,Finalizada,False,3
1939,895,104,4,5,4,10,False,Abandonada,False,1
1940,1336,280,4,5,2,3,True,Finalizada,False,2
1941,48,334,5,3,4,14,False,Finalizada,False,4
1942,852,292,5,5,7,12,False,Abandonada,False,1
1943,319,214,2,1,1,6,False,Finalizada,False,3
1944,781,129,5,3,5,6,False,Finalizada,True,5
1945,943,160,1,1,7,17,False,Finalizada,True,5
1946,1613,112,4,1,3,4,False,Finalizada,True,5
1947,1567,242,5,4,5,7,False,Finalizada,False,5
1948,163,339,5,3,5,4,False,Finalizada,False,4
1949,371,65,5,1,5,7,False,Finalizada,False,3
1950,402,200,1,1,3,5,False,Finalizada,False,3
1951,209,146,1,1,6,4,False,Finalizada,False,3
1952,633,130,4,4,4,14,True,Finalizada,False,3
1953,533,209,4,4,7,15,False,Finalizada,False,4
1954,1727,128,2,3,7,16,False,Abandonada,False,1
1955,451,291,5,3,7,12,False,Finalizada,True,5
1956,841,337,5,2,1,6,False,Finalizada,True,5
1957,1182,297,5,2,6,4,False,Finalizada,True,5
1958,1397,86,5,5,7,17,False,Finalizada,True,5
1959,1725,257,5,2,7,11,False,Finalizada,True,5
1960,1066,223,4,5,5,5,False,Finalizada,False,3
1961,1782,230,4,5,7,10,False,Finalizada,False,4
1962,371,226,5,3,3,3,False,Abandonada,False,1
1963,1960,33,1,3,2,4,True,Finalizada,False,2
1964,565,89,5,3,6,5,False,Finalizada,True,5
1965,564,80,3,4,6,5,False,Finalizada,False,5
1966,216,289,5,4,6,5,False,Finalizada,True,5
1967,627,330,5,4,7,10,True,Finalizada,True,1
1968,1059,318,5,5,2,2,False,Finalizada,True,5
1969,821,184,5,5,6,4,False,Finalizada,True,5
1970,319,275,1,2,5,6,True,Finalizada,True,1
1971,951,301,1,5,2,2,False,Finalizada,True,5
1972,89,30,4,3,1,6,False,Finalizada,False,4
1973,1464,172,5,1,4,9,False,Finalizada,False,3
1974,380,283,5,5,1,8,False,Abandonada,False,1
1975,1049,116,4,5,4,11,False,Finalizada,False,3
1976,1798,14,5,1,1,5,False,Finalizada,False,4
1977,454,182,3,5,1,5,False,Finalizada,True,5
1978,617,24,4,4,2,3,False,Finalizada,False,3
1979,1700,133,4,1,4,12,False,Finalizada,False,4
1980,1827,184,4,4,6,4,False,Finalizada,False,3
1981,738,67,5,3,2,2,False,Finalizada,False,5
1982,497,217,5,4,1,5,False,Abandonada,False,1
1983,1530,315,5,2,4,8,True,Finalizada,False,3
1984,755,42,5,2,4,9,False,Finalizada,False,4
1985,697,58,3,1,2,4,False,Finalizada,False,4
1986,361,148,2,5,3,5,False,Finalizada,False,4
1987,729,271,2,5,5,4,False,Finalizada,False,3
1988,1985,62,5,2,1,8,False,Abandonada,False,1
1989,729,271,1,2,7,15,False,Finalizada,False,4
1990,485,63,4,4,4,11,True,Finalizada,False,2
1991,1109,352,5,3,6,5,True,Finalizada,True,2
1992,572,313,3,5,2,2,False,Finalizada,False,4
1993,1038,44,2,3,2,4,False,Finalizada,False,4
1994,225,130,5,3,5,7,False,Finalizada,False,3
1995,1516,198,2,4,2,2,False,Abandonada,False,1
1996,1283,95,1,5,7,12,False,Finalizada,False,4
1997,571,60,5,5,4,14,False,Finalizada,False,5
1998,491,5,4,3,5,7,False,Finalizada,False,4
1999,1111,243,5,5,1,5,False,Finalizada,True,5
2000,1562,266,1,3,4,9,False,Finalizada,False,3
2001,378,276,2,4,1,5,False,Finalizada,False,4
2002,1189,190,5,3,6,5,False,Abandonada,False,2
2003,832,325,5,5,5,4,True,Finalizada,False,2
2004,1138,90,4,4,7,11,False,Finalizada,False,4
2005,1852,118,4,4,3,5,False,Abandonada,False,1
2006,1230,108,1,3,6,5,False,Finalizada,False,5
2007,517,318,2,4,1,5,False,Finalizada,False,4
2008,1655,150,1,3,7,10,False,Finalizada,False,3
2009,569,245,5,1,1,7,False,Finalizada,True,5
2010,894,321,1,5,7,15,False,Abandonada,False,2
2011,513,168,1,3,7,12,False,Finalizada,False,4
2012,986,126,2,3,1,8,False,Finalizada,True,4
2013,848,327,3,3,6,6,False,Finalizada,False,4
2014,408,331,5,5,7,18,False,Finalizada,False,3
2015,1074,40,5,4,2,3,False,Finalizada,True,4
2016,1162,151,1,2,1,5,False,Finalizada,False,5
2017,1470,186,5,1,1,6,True,Finalizada,False,2
2018,1294,42,4,2,2,4,False,Finalizada,True,5
2019,783,9,5,4,5,5,False,Finalizada,False,5
2020,1310,57,2,1,6,4,False,Finalizada,False,3
2021,1241,248,5,1,2,4,False,Finalizada,False,3
2022,773,5,1,5,4,11,False,Finalizada,True,5
2023,296,217,5,3,4,13,False,Abandonada,False,1
2024,581,17,5,5,2,3,False,Finalizada,False,4
2025,1335,117,5,2,4,10,False,Finalizada,True,5
2026,1557,92,5,3,7,11,False,Finalizada,False,3
2027,1917,245,4,2,1,6,True,Finalizada,False,1
2028,1446,51,5,4,7,16,True,Finalizada,True,1
2029,1034,261,5,1,3,3,False,Finalizada,True,5
2030,634,115,4,4,6,4,False,Finalizada,False,4
2031,152,340,1,2,5,5,False,Finalizada,True,5
2032,1057,66,5,4,3,5,False,Finalizada,False,5
2033,1719,261,5,4,1,7,False,Finalizada,False,3
2034,643,127,5,4,3,5,False,Finalizada,True,4
2035,1761,233,5,5,1,6,False,Finalizada,True,5
2036,1181,138,1,4,7,14,False,Abandonada,False,2
2037,1062,78,5,2,7,17,False,Finalizada,True,5
2038,1609,359,5,1,1,6,False,Finalizada,True,5
2039,1222,234,5,3,4,12,False,Finalizada,True,5
2040,1622,82,4,4,7,16,False,Finalizada,True,5
2041,273,55,5,5,4,10,True,Finalizada,False,1
2042,196,130,3,3,6,5,False,Finalizada,False,4
2043,304,31,5,2,6,4,False,Finalizada,True,5
2044,1599,70,4,1,5,6,False,Finalizada,True,5
2045,203,96,5,5,2,4,False,Finalizada,False,3
2046,1608,130,5,1,4,13,False,Finalizada,True,5
2047,1276,222,5,2,7,18,True,Finalizada,True,2
2048,1550,129,4,1,7,16,True,Finalizada,False,2
2049,1464,294,3,2,1,6,False,Finalizada,False,3
2050,762,185,5,4,5,6,False,Finalizada,True,4
2051,953,43,4,2,4,13,False,Finalizada,False,3
2052,1952,108,1,4,1,5,False,Abandonada,False,1
2053,16,258,3,4,4,8,False,Finalizada,False,3
2054,743,209,1,5,6,6,True,Finalizada,True,2
2055,1201,29,4,1,1,8,False,Finalizada,False,4
2056,376,19,4,2,3,5,False,Finalizada,False,3
2057,903,95,4,4,1,8,False,Finalizada,False,4
2058,334,353,5,3,2,3,False,Finalizada,True,5
2059,1773,207,5,4,6,5,False,Abandonada,False,1
2060,469,267,5,2,4,13,True,Finalizada,True,1
2061,947,183,5,4,5,4,False,Finalizada,False,4
2062,913,52,1,5,2,4,False,Abandonada,False,2
2063,165,191,2,4,5,6,False,Finalizada,True,5
2064,1876,53,5,5,7,15,False,Finalizada,False,4
2065,253,201,4,2,3,3,False,Finalizada,False,5
2066,313,324,3,1,1,8,False,Finalizada,False,3
2067,144,244,5,4,7,16,False,Finalizada,True,5
2068,811,222,4,2,1,7,False,Abandonada,False,1
2069,287,169,1,5,6,6,False,Abandonada,False,1
2070,438,291,3,5,5,7,False,Abandonada,False,1
2071,1368,186,5,4,3,4,False,Finalizada,False,5
2072,1318,205,3,1,1,5,False,Finalizada,False,4
2073,1310,23,3,2,6,4,False,Finalizada,True,5
2074,1962,165,4,4,1,5,False,Abandonada,False,2
2075,1990,27,5,3,3,4,False,Finalizada,False,4
2076,1241,273,4,5,1,8,False,Finalizada,True,5
2077,808,124,5,4,3,5,False,Finalizada,False,3
2078,1012,299,1,3,7,13,False,Finalizada,True,5
2079,173,295,1,1,2,4,False,Finalizada,False,4
2080,1569,110,4,1,3,4,False,Finalizada,True,5
2081,1441,137,1,2,7,16,False,Finalizada,True,5
2082,1064,184,1,4,5,7,False,Finalizada,False,3
2083,1274,280,1,2,2,2,False,Finalizada,False,4
2084,1738,150,5,4,5,5,False,Abandonada,False,1
2085,1457,156,5,5,4,15,False,Abandonada,False,1
2086,1407,159,4,4,1,5,False,Finalizada,False,5
2087,1740,31,1,2,4,11,False,Abandonada,False,1
2088,1408,160,2,2,2,2,False,Finalizada,True,5
2089,224,215,1,4,3,4,False,Finalizada,True,5
2090,537,231,1,5,3,4,False,Finalizada,True,4
2091,1762,132,4,4,6,5,False,Finalizada,False,5
2092,1177,311,5,1,2,4,False,Finalizada,True,5
2093,1630,48,5,4,5,6,False,Finalizada,False,4
2094,1766,303,1,5,5,6,False,Finalizada,False,3
2095,16,318,5,4,3,4,False,Finalizada,False,4
2096,202,263,3,5,3,5,False,Finalizada,True,5
2097,91,246,3,2,3,5,False,Finalizada,False,4
2098,35,114,5,3,2,2,False,Finalizada,False,5
2099,1488,106,4,4,4,9,False,Finalizada,False,3
2100,1889,140,5,1,3,3,False,Abandonada,False,2
2101,1838,99,4,2,6,4,False,Finalizada,True,5
2102,387,309,5,1,3,5,False,Finalizada,False,3
2103,945,45,1,5,6,5,False,Finalizada,False,4
2104,433,180,5,5,1,7,False,Abandonada,False,1
2105,534,273,1,3,2,4,False,Finalizada,False,4
2106,89,309,2,4,5,4,False,Finalizada,False,5
2107,551,105,5,5,1,6,False,Finalizada,False,4
2108,165,161,5,2,2,2,False,Finalizada,False,4
2109,795,232,5,2,1,5,False,Finalizada,False,5
2110,61,241,4,4,1,7,False,Finalizada,True,4
2111,797,291,1,4,2,2,False,Finalizada,True,5
2112,1182,220,3,1,4,12,True,Finalizada,False,2
2113,229,254,5,1,2,3,False,Finalizada,True,5
2114,1556,96,5,3,7,15,False,Finalizada,True,5
2115,179,355,1,1,6,5,False,Finalizada,False,3
2116,1438,26,5,3,2,4,True,Abandonada,False,1
2117,1812,67,1,1,2,3,False,Finalizada,True,5
2118,462,271,4,3,7,16,False,Finalizada,False,3
2119,1339,200,4,5,2,4,False,Abandonada,False,2
2120,1872,326,5,1,1,6,False,Finalizada,False,3
2121,432,2,5,1,6,4,False,Finalizada,False,3
2122,1391,182,4,1,3,3,False,Finalizada,False,3
2123,1049,287,1,3,7,16,True,Finalizada,True,1
2124,1771,320,4,2,2,2,True,Finalizada,True,2
2125,912,212,5,5,5,5,True,Finalizada,True,3
2126,432,255,5,3,5,5,False,Finalizada,True,5
2127,143,292,3,4,7,15,True,Finalizada,True,2
2128,886,150,4,5,2,3,False,Finalizada,False,3
2129,1450,144,5,5,2,2,False,Finalizada,True,5
2130,639,312,4,3,1,5,False,Finalizada,True,4
2131,776,109,5,2,2,4,False,Finalizada,True,5
2132,1409,119,5,5,5,6,True,Finalizada,False,3
2133,967,62,2,3,2,3,False,Finalizada,False,5
2134,897,211,1,1,3,5,False,Finalizada,True,5
2135,1065,94,5,5,1,6,False,Finalizada,False,4
2136,97,347,3,3,7,15,False,Finalizada,False,4
2137,1935,300,5,5,5,7,False,Finalizada,True,5
2138,1361,35,4,1,7,14,True,Finalizada,True,3
2139,1718,108,4,5,2,2,False,Finalizada,True,5
2140,1597,318,2,2,6,5,False,Finalizada,False,5
2141,223,195,1,5,5,4,False,Finalizada,False,4
2142,1969,123,2,3,7,10,False,Abandonada,False,1
2143,1696,157,2,2,4,9,True,Abandonada,False,1
2144,768,314,3,3,6,4,False,Abandonada,False,1
2145,414,270,1,5,4,15,False,Finalizada,False,4
2146,1207,11,5,2,7,11,False,Finalizada,True,5
2147,1831,97,5,1,5,6,False,Finalizada,True,4
2148,620,153,5,4,6,5,True,Abandonada,False,2
2149,1130,352,1,2,6,6,False,Finalizada,False,4
2150,63,360,5,5,7,16,False,Finalizada,False,4
2151,1704,250,5,3,1,5,False,Finalizada,False,5
2152,1812,359,2,3,4,11,True,Finalizada,False,3
2153,166,215,1,5,3,4,False,Finalizada,False,4
2154,264,246,1,5,6,4,False,Finalizada,False,3
2155,519,365,5,1,6,4,False,Finalizada,True,5
2156,1737,217,4,3,4,14,False,Abandonada,False,2
2157,383,352,1,4,4,14,True,Abandonada,False,2
2158,1149,291,5,5,6,5,False,Finalizada,False,4
2159,1825,172,5,5,1,5,False,Finalizada,False,3
2160,1653,318,4,1,7,10,True,Finalizada,False,2
2161,690,10,1,2,4,10,False,Abandonada,False,1
2162,1906,303,1,5,1,5,False,Finalizada,True,5
2163,1392,293,5,5,5,7,False,Finalizada,False,3
2164,524,24,5,5,6,4,False,Finalizada,False,3
2165,287,15,5,3,6,4,False,Finalizada,True,5
2166,941,318,4,3,7,18,False,Finalizada,False,5
2167,90,21,2,3,2,2,False,Abandonada,False,2
2168,21,145,1,4,7,15,False,Finalizada,False,3
2169,1027,60,5,4,5,4,False,Finalizada,False,4
2170,581,332,5,1,2,4,False,Finalizada,True,5
2171,1313,284,5,4,5,5,False,Finalizada,False,4
2172,1406,332,1,3,6,4,False,Finalizada,False,5
2173,1561,154,5,3,3,4,False,Finalizada,False,3
2174,260,263,4,1,7,14,True,Finalizada,True,3
2175,700,146,4,5,6,5,False,Abandonada,False,2
2176,1732,262,2,4,1,5,False,Finalizada,True,5
2177,106,332,4,4,5,6,False,Finalizada,True,5
2178,1092,124,1,4,6,5,False,Finalizada,True,5
2179,295,12,1,5,5,5,True,Finalizada,True,3
2180,783,92,5,3,3,3,False,Finalizada,False,3
2181,1362,202,5,3,3,4,False,Finalizada,False,3
2182,679,14,2,3,7,14,True,Finalizada,False,2
2183,889,194,4,3,6,5,False,Finalizada,False,3
2184,1828,65,5,4,6,6,False,Finalizada,True,5
2185,1499,321,5,5,4,13,False,Finalizada,False,4
2186,1682,340,4,2,6,4,False,Abandonada,False,1
2187,1653,322,4,5,6,4,False,Finalizada,True,5
2188,389,24,5,2,1,8,False,Finalizada,True,4
2189,1398,317,5,1,7,18,False,Finalizada,True,4
2190,937,180,4,1,1,5,False,Finalizada,True,5
2191,1927,144,5,4,3,4,False,Finalizada,True,5
2192,973,258,2,1,1,5,False,Finalizada,False,5
2193,1646,103,5,2,1,6,False,Abandonada,False,1
2194,985,245,4,2,6,5,True,Finalizada,True,3
2195,843,131,5,1,5,7,False,Abandonada,False,2
2196,1569,99,4,1,5,5,False,Finalizada,False,5
2197,1802,72,5,1,4,8,False,Finalizada,False,4
2198,612,320,4,5,4,10,False,Abandonada,False,1
2199,1565,168,2,4,6,4,False,Abandonada,False,1
2200,1305,278,5,3,3,5,False,Abandonada,False,1
2201,1976,111,2,3,1,7,False,Abandonada,False,1
2202,1563,305,5,5,5,7,False,Finalizada,True,5
2203,473,28,5,3,3,3,False,Finalizada,False,4
2204,636,35,4,5,5,5,False,Finalizada,True,5
2205,474,65,2,4,3,3,False,Abandonada,False,1
2206,1506,137,5,5,5,5,True,Finalizada,True,2
2207,794,17,4,1,7,10,False,Finalizada,False,4
2208,1502,21,4,3,6,5,False,Finalizada,False,4
2209,1218,74,4,5,7,11,True,Finalizada,True,1
2210,892,357,5,5,7,14,False,Finalizada,True,5
2211,851,6,2,2,6,4,False,Finalizada,False,3
2212,1308,356,4,1,7,15,False,Finalizada,False,4
2213,367,197,4,2,4,9,True,Finalizada,False,1
2214,914,325,1,2,6,5,False,Finalizada,False,3
2215,1118,220,3,5,4,11,False,Abandonada,False,2
2216,241,217,2,3,5,6,False,Finalizada,False,4
2217,848,90,5,2,4,15,True,Finalizada,True,3
2218,1874,38,4,3,6,6,False,Finalizada,True,4
2219,1912,128,5,4,4,15,False,Finalizada,True,5
2220,296,299,5,1,7,17,False,Abandonada,False,1
2221,1172,139,3,3,2,4,False,Finalizada,False,5
2222,1318,170,5,5,3,3,False,Abandonada,False,1
2223,467,360,4,2,4,13,False,Finalizada,True,5
2224,1866,270,5,2,1,7,False,Abandonada,False,2
2225,826,85,4,4,3,5,False,Finalizada,True,5
2226,501,11,3,5,5,6,False,Finalizada,False,4
2227,1971,42,4,1,5,6,True,Finalizada,False,3
2228,1267,330,4,5,2,4,False,Finalizada,False,3
2229,224,14,3,3,1,6,False,Finalizada,True,5
2230,822,23,4,5,6,6,False,Finalizada,False,4
2231,1272,342,5,2,6,5,False,Finalizada,True,5
2232,1495,249,4,5,5,7,False,Finalizada,False,3
2233,1570,69,5,4,2,4,True,Finalizada,True,2
2234,1481,156,5,5,2,2,False,Abandonada,False,1
2235,1699,73,3,5,1,8,False,Finalizada,True,5
2236,1462,191,2,1,4,12,False,Abandonada,False,1
2237,844,160,5,4,7,12,False,Finalizada,True,5
2238,1414,13,5,4,5,5,False,Finalizada,True,5
2239,1179,27,4,1,6,6,False,Finalizada,False,4
2240,828,340,4,5,7,17,False,Finalizada,False,3
2241,1058,192,4,5,5,4,False,Finalizada,False,4
2242,522,165,4,2,7,14,True,Finalizada,False,3
2243,1549,5,2,4,4,14,False,Abandonada,False,1
2244,380,157,2,5,5,6,False,Abandonada,False,2
2245,670,262,5,3,2,4,False,Finalizada,True,5
2246,865,129,4,1,3,5,False,Finalizada,False,3
2247,92,49,3,5,4,11,True,Finalizada,True,2
2248,406,170,4,5,5,6,False,Finalizada,True,5
2249,804,207,4,4,1,7,False,Finalizada,True,5
2250,768,180,5,4,7,16,False,Finalizada,True,5
2251,775,41,1,5,5,7,False,Finalizada,False,3
2252,1262,49,2,1,7,11,True,Finalizada,False,2
2253,362,319,5,5,1,7,False,Finalizada,False,4
2254,1518,341,2,3,6,5,False,Finalizada,False,5
2255,1484,332,5,5,7,11,True,Finalizada,False,2
2256,1576,230,1,3,6,6,False,Finalizada,False,4
2257,524,153,3,1,7,16,False,Finalizada,False,4
2258,385,11,5,1,7,14,False,Abandonada,False,1
2259,1067,8,1,5,3,5,False,Finalizada,False,4
2260,723,220,4,3,2,4,False,Finalizada,True,5
2261,1830,243,5,5,5,4,False,Finalizada,True,5
2262,399,161,5,3,2,2,False,Finalizada,True,4
2263,549,66,1,1,4,9,False,Finalizada,False,4
2264,886,124,3,4,4,15,False,Finalizada,False,3
2265,1444,88,1,4,7,13,False,Finalizada,False,3
2266,1003,269,4,1,6,6,False,Finalizada,False,4
2267,1292,257,1,2,7,12,False,Finalizada,False,3
2268,128,25,4,5,5,7,False,Abandonada,False,2
2269,189,74,5,4,1,6,False,Finalizada,False,4
2270,382,77,1,4,7,11,False,Abandonada,False,2
2271,1516,149,1,2,2,4,False,Abandonada,False,1
2272,554,223,2,1,5,4,False,Finalizada,True,5
2273,262,47,1,4,1,5,False,Finalizada,False,3
2274,65,102,1,5,3,4,False,Finalizada,True,4
2275,1082,57,2,2,4,14,False,Finalizada,False,4
2276,310,104,2,2,3,3,False,Finalizada,True,4
2277,221,61,2,3,3,5,False,Finalizada,False,4
2278,718,127,5,3,7,18,False,Finalizada,True,5
2279,181,13,5,3,6,5,False,Finalizada,True,4
2280,1381,333,5,4,2,4,False,Abandonada,False,1
2281,482,334,5,4,2,2,False,Finalizada,True,5
2282,973,136,5,3,6,4,False,Finalizada,False,3
2283,1561,102,5,1,3,5,False,Finalizada,True,5
2284,1106,43,5,2,5,7,False,Finalizada,True,5
2285,996,105,5,4,4,8,True,Finalizada,True,1
2286,1904,215,4,4,2,3,False,Abandonada,False,1
2287,469,236,1,2,1,8,False,Finalizada,True,5
2288,1015,36,5,4,2,4,False,Finalizada,False,3
2289,890,309,1,1,3,3,False,Finalizada,True,5
2290,939,133,4,5,1,7,False,Finalizada,False,4
2291,970,280,2,1,7,15,True,Finalizada,False,3
2292,278,90,4,2,2,4,False,Abandonada,False,2
2293,722,147,4,3,6,4,False,Abandonada,False,1
2294,1912,248,5,5,2,4,False,Finalizada,True,5
2295,1442,1,2,2,3,5,False,Finalizada,False,5
2296,988,130,5,5,3,5,False,Abandonada,False,2
2297,251,171,5,3,4,12,True,Finalizada,True,3
2298,1490,363,2,2,2,4,False,Abandonada,False,2
2299,219,38,2,4,3,3,False,Finalizada,False,3
2300,378,201,5,5,4,8,False,Finalizada,True,5
2301,1115,151,5,2,2,4,False,Finalizada,False,3
2302,406,262,5,4,3,3,False,Finalizada,True,4
2303,1968,233,5,5,7,15,False,Abandonada,False,1
2304,302,83,4,3,1,6,False,Abandonada,False,2
2305,920,136,5,5,4,11,False,Finalizada,True,5
2306,610,65,1,1,6,6,False,Finalizada,True,5
2307,144,210,1,3,1,5,False,Finalizada,False,3
2308,1022,301,5,1,2,2,False,Finalizada,False,4
2309,412,365,4,1,6,6,False,Finalizada,False,4
2310,4,68,5,3,2,4,True,Finalizada,False,3
2311,1112,246,5,2,4,14,False,Finalizada,False,3
2312,65,360,1,4,6,5,False,Finalizada,True,4
2313,1319,36,4,5,1,8,False,Finalizada,True,5
2314,1642,290,4,4,2,3,False,Finalizada,True,5
2315,1922,101,4,2,6,4,False,Finalizada,False,4
2316,1350,283,3,1,4,15,True,Finalizada,True,2
2317,326,51,4,5,7,10,False,Finalizada,False,3
2318,18,164,1,3,4,11,False,Finalizada,False,3
2319,575,152,5,3,1,6,False,Finalizada,False,3
2320,6,354,1,3,2,4,False,Finalizada,True,5
2321,1647,227,5,1,7,12,True,Finalizada,False,2
2322,1306,193,4,2,6,4,False,Finalizada,True,5
2323,709,189,1,2,6,5,False,Abandonada,False,1
2324,1788,53,4,3,1,6,False,Finalizada,False,3
2325,1409,168,1,1,4,8,False,Abandonada,False,2
2326,43,323,4,1,2,3,False,Finalizada,False,4
2327,1894,191,4,2,2,3,False,Finalizada,False,5
2328,1923,7,2,1,2,4,False,Finalizada,True,4
2329,1476,80,2,2,7,18,False,Abandonada,False,1
2330,1263,60,1,2,3,3,False,Finalizada,True,5
2331,1502,138,5,1,5,7,False,Finalizada,True,5
2332,985,118,5,3,3,4,False,Finalizada,False,3
2333,53,270,1,5,3,3,False,Finalizada,False,4
2334,1419,258,1,2,1,8,False,Abandonada,False,1
2335,231,303,4,4,1,8,False,Finalizada,False,4
2336,766,50,4,3,3,5,False,Finalizada,False,4
2337,1912,141,2,2,3,5,False,Abandonada,False,1
2338,666,263,3,1,5,7,False,Finalizada,False,3
2339,1099,301,3,4,5,6,False,Finalizada,False,4
2340,1936,258,4,5,7,13,False,Abandonada,False,1
2341,1871,284,1,2,6,4,False,Finalizada,True,5
2342,278,37,5,4,1,6,False,Finalizada,True,5
2343,736,262,5,2,6,5,False,Finalizada,False,4
2344,764,7,1,3,1,8,False,Finalizada,False,3
2345,1426,230,5,3,3,4,False,Finalizada,True,5
2346,1373,326,4,4,7,10,False,Finalizada,False,5
2347,952,166,4,1,5,4,False,Finalizada,False,3
2348,462,40,3,3,1,6,False,Abandonada,False,1
2349,132,316,5,4,6,4,False,Finalizada,False,4
2350,870,201,4,4,1,5,False,Finalizada,True,5
2351,1770,257,5,4,5,5,False,Abandonada,False,1
2352,1072,322,5,5,6,5,False,Finalizada,True,5
2353,978,218,1,5,2,3,False,Finalizada,False,5
2354,1008,224,4,5,3,5,False,Finalizada,True,5
2355,1798,258,5,3,7,13,False,Abandonada,False,2
2356,1333,20,4,3,6,4,False,Finalizada,True,5
2357,321,53,4,2,3,3,False,Finalizada,False,3
2358,1696,4,1,2,6,4,False,Finalizada,False,5
2359,99,124,4,3,5,5,False,Finalizada,True,5
2360,1196,146,1,1,1,6,False,Finalizada,False,3
2361,1402,360,5,3,7,14,True,Abandonada,False,1
2362,1855,338,2,3,2,3,False,Finalizada,False,5
2363,174,100,2,2,4,12,False,Abandonada,False,2
2364,594,351,2,4,2,3,False,Finalizada,False,3
2365,1974,318,5,5,2,3,False,Finalizada,False,4
2366,276,288,1,2,3,4,False,Abandonada,False,1
2367,951,16,5,1,5,4,False,Abandonada,False,1
2368,1392,155,2,3,4,8,False,Finalizada,True,5
2369,1062,336,4,4,2,4,False,Finalizada,True,5
2370,1888,279,1,3,3,4,False,Abandonada,False,1
2371,101,275,1,1,5,5,False,Finalizada,True,5
2372,620,29,1,4,2,2,False,Finalizada,False,4
2373,442,42,5,3,5,7,False,Finalizada,False,5
2374,930,107,5,2,2,3,False,Abandonada,False,1
2375,707,58,1,5,5,5,False,Finalizada,False,3
2376,1210,260,4,3,2,2,False,Finalizada,False,3
2377,917,338,5,4,2,4,False,Finalizada,True,5
2378,502,8,5,3,2,3,False,Abandonada,False,1
2379,45,75,4,5,7,18,False,Finalizada,False,3
2380,794,144,4,2,5,4,False,Abandonada,False,1
2381,755,201,5,5,4,14,True,Finalizada,False,2
2382,464,60,5,5,7,16,False,Finalizada,False,3
2383,1369,136,2,1,3,4,False,Finalizada,False,3
2384,872,258,2,4,5,6,False,Finalizada,False,5
2385,1993,168,5,4,4,14,False,Finalizada,False,3
2386,1217,81,4,5,4,12,True,Finalizada,False,2
2387,51,33,4,3,3,4,False,Finalizada,True,4
2388,1277,131,1,4,7,12,False,Finalizada,False,3
2389,1112,245,1,2,1,8,False,Abandonada,False,1
2390,551,357,3,1,6,5,False,Finalizada,False,3
2391,653,58,1,1,2,2,False,Finalizada,True,4
2392,1272,314,5,3,1,5,False,Abandonada,False,1
2393,1125,254,3,2,5,7,False,Finalizada,True,5
2394,1120,88,1,2,2,3,False,Finalizada,True,4
2395,549,235,4,3,4,15,True,Finalizada,True,2
2396,1568,23,3,5,1,7,False,Abandonada,False,1
2397,492,221,5,5,3,5,False,Abandonada,False,2
2398,855,346,4,2,5,5,True,Finalizada,False,3
2399,243,15,5,1,3,3,False,Finalizada,False,5
2400,674,319,4,5,5,6,False,Finalizada,True,5
2401,1540,67,4,2,7,14,False,Finalizada,False,3
2402,686,336,5,5,2,4,True,Finalizada,True,3
2403,620,146,2,3,5,6,False,Abandonada,False,1
2404,837,289,5,3,6,5,False,Finalizada,True,5
2405,1148,9,5,1,4,15,False,Finalizada,True,5
2406,542,148,4,1,1,5,False,Finalizada,True,4
2407,633,153,5,1,4,10,False,Finalizada,True,5
2408,1955,103,1,2,7,15,True,Finalizada,False,2
2409,1031,274,5,4,2,2,False,Abandonada,False,2
2410,112,350,5,2,4,13,False,Finalizada,False,4
2411,1702,10,4,5,7,17,True,Finalizada,False,3
2412,701,234,1,2,6,4,False,Finalizada,False,5
2413,438,126,5,2,3,4,False,Finalizada,False,4
2414,507,136,3,2,1,8,False,Finalizada,False,4
2415,1666,8,4,4,7,11,False,Finalizada,True,5
2416,31,48,1,2,6,4,False,Abandonada,False,1
2417,369,33,4,5,5,7,False,Finalizada,False,5
2418,679,235,4,3,1,6,False,Finalizada,False,3
2419,28,172,4,3,6,4,False,Finalizada,False,3
2420,1974,359,2,2,7,15,False,Finalizada,True,5
2421,1214,33,4,2,7,14,False,Finalizada,True,4
2422,487,97,5,3,1,6,False,Abandonada,False,1
2423,1286,47,1,2,6,6,False,Finalizada,True,5
2424,473,256,5,3,2,2,False,Finalizada,False,3
2425,443,328,1,1,3,4,False,Finalizada,True,5
2426,137,345,5,5,4,13,True,Finalizada,True,1
2427,109,197,5,4,7,17,False,Finalizada,False,3
2428,1809,336,4,1,6,6,False,Finalizada,False,4
2429,1221,166,3,4,5,5,False,Finalizada,False,4
2430,1227,81,4,3,3,5,False,Abandonada,False,1
2431,1912,290,5,1,2,2,False,Abandonada,False,2
2432,552,93,1,5,6,5,False,Finalizada,True,5
2433,536,270,3,1,4,13,False,Finalizada,True,5
2434,573,164,1,2,5,6,False,Finalizada,False,4
2435,882,127,1,5,7,10,False,Finalizada,False,4
2436,1379,216,1,1,7,18,False,Finalizada,True,4
2437,32,285,4,3,4,9,False,Finalizada,False,3
2438,802,218,5,2,4,13,False,Finalizada,True,5
2439,203,285,4,3,2,4,False,Finalizada,True,5
2440,375,51,3,2,5,4,False,Finalizada,False,3
2441,596,274,5,2,1,7,False,Finalizada,False,4
2442,1829,159,5,3,6,4,False,Finalizada,False,3
2443,1967,100,1,3,4,15,False,Abandonada,False,2
2444,343,327,4,2,1,8,False,Finalizada,False,3
2445,1366,358,4,3,5,6,False,Finalizada,True,5
2446,1239,208,5,3,6,4,False,Finalizada,True,5
2447,1246,203,4,4,3,5,False,Finalizada,True,5
2448,402,10,5,2,4,13,False,Finalizada,True,4
2449,699,310,4,4,4,9,False,Finalizada,True,4
2450,680,349,4,3,1,5,False,Abandonada,False,2
2451,412,275,5,1,2,3,True,Finalizada,False,2
2452,832,104,1,4,7,12,False,Abandonada,False,1
2453,1985,162,4,2,4,14,False,Finalizada,True,5
2454,1064,266,5,1,3,5,False,Finalizada,False,3
2455,912,153,2,5,4,9,False,Finalizada,False,4
2456,192,216,5,4,6,4,False,Finalizada,True,4
2457,550,355,5,2,4,8,True,Abandonada,False,2
2458,1888,11,4,2,1,5,False,Finalizada,True,5
2459,662,297,2,5,5,7,False,Finalizada,False,5
2460,1418,119,5,1,4,9,False,Finalizada,False,5
2461,1657,245,5,5,1,5,False,Finalizada,False,3
2462,257,178,5,4,2,3,False,Finalizada,True,4
2463,944,263,4,3,3,4,False,Finalizada,False,5
2464,1470,352,5,2,6,6,False,Finalizada,False,3
2465,1470,340,5,4,6,5,False,Finalizada,False,4
2466,856,196,5,3,5,6,False,Finalizada,False,4
2467,1691,302,5,5,5,4,False,Finalizada,False,4
2468,1017,99,4,4,7,17,True,Finalizada,True,2
2469,961,115,1,4,7,15,True,Finalizada,False,3
2470,1366,302,1,1,3,5,False,Finalizada,True,5
2471,1572,281,1,1,5,7,False,Finalizada,False,3
2472,602,205,1,5,7,13,False,Finalizada,False,3
2473,1270,69,1,5,2,4,False,Finalizada,False,5
2474,1142,147,3,4,4,13,False,Finalizada,True,5
2475,872,220,4,1,4,14,False,Finalizada,False,4
2476,309,103,2,2,7,13,True,Finalizada,False,2
2477,390,280,5,4,7,15,True,Finalizada,True,2
2478,1532,237,5,4,6,5,False,Finalizada,False,5
2479,1602,144,4,5,5,4,True,Finalizada,True,3
2480,43,2,5,5,2,4,False,Finalizada,True,5
2481,1508,114,1,5,5,4,False,Finalizada,True,4
2482,1996,362,5,5,3,4,False,Finalizada,True,5
2483,245,206,5,5,4,13,False,Finalizada,True,4
2484,916,99,5,2,5,7,False,Finalizada,False,4
2485,510,229,5,5,3,4,False,Abandonada,False,1
2486,1226,105,5,5,4,13,False,Finalizada,True,4
2487,1823,314,5,3,6,4,False,Finalizada,False,4
2488,1860,259,5,2,5,6,False,Finalizada,False,3
2489,1095,177,4,2,4,13,False,Finalizada,False,3
2490,1899,305,5,5,6,5,False,Finalizada,True,5
2491,416,217,5,1,2,2,False,Finalizada,True,5
2492,931,181,2,5,2,3,False,Finalizada,False,4
2493,1656,121,5,1,5,5,False,Finalizada,False,5
2494,1285,142,5,2,5,4,False,Finalizada,True,5
2495,1928,167,4,1,7,14,False,Finalizada,False,4
2496,90,64,4,3,5,6,False,Finalizada,True,5
2497,1321,304,4,2,7,15,False,Finalizada,True,5
2498,750,181,5,4,5,4,False,Finalizada,True,5
2499,729,6,4,5,2,2,False,Finalizada,True,4
2500,296,305,2,2,1,6,False,Finalizada,False,4
2501,420,257,4,3,4,15,False,Finalizada,False,3
2502,342,219,5,2,1,5,False,Finalizada,False,5
2503,1087,246,3,2,1,7,False,Finalizada,True,5
2504,1562,92,4,5,4,12,False,Abandonada,False,1
2505,100,146,5,2,5,7,False,Finalizada,False,3
2506,439,105,5,4,5,6,False,Abandonada,False,1
2507,1521,49,4,2,4,9,False,Finalizada,True,4
2508,1461,321,5,4,1,7,True,Abandonada,False,1
2509,763,264,5,3,2,3,False,Abandonada,False,2
2510,697,119,2,5,5,6,False,Abandonada,False,1
2511,1461,144,1,1,4,11,False,Abandonada,False,2
2512,1848,339,1,1,1,7,False,Finalizada,False,3
2513,1377,127,2,3,5,7,False,Finalizada,True,5
2514,1034,60,3,2,7,18,False,Abandonada,False,2
2515,423,358,5,3,2,3,False,Finalizada,False,5
2516,1449,87,5,5,5,5,False,Finalizada,True,5
2517,1985,33,2,5,1,6,False,Finalizada,False,3
2518,1416,176,2,1,3,4,False,Finalizada,True,5
2519,847,195,5,4,2,2,False,Finalizada,False,4
2520,157,128,5,5,7,16,True,Abandonada,False,1
2521,159,289,1,4,6,6,False,Finalizada,False,4
2522,885,46,5,4,5,4,False,Abandonada,False,1
2523,262,177,4,2,7,10,True,Finalizada,False,2
2524,1340,88,2,5,7,12,False,Finalizada,False,3
2525,1900,170,4,2,3,5,True,Finalizada,True,1
2526,1283,359,5,4,5,6,False,Abandonada,False,1
2527,740,335,4,5,5,7,False,Finalizada,False,4
2528,909,107,4,2,2,4,False,Finalizada,True,4
2529,813,83,4,4,6,6,False,Finalizada,False,4
2530,869,123,2,5,7,12,False,Finalizada,False,3
2531,666,253,2,5,4,8,False,Finalizada,False,5
2532,966,352,4,1,4,9,True,Finalizada,False,2
2533,7,139,3,4,4,12,True,Finalizada,False,3
2534,1428,344,4,4,5,5,False,Finalizada,True,4
2535,1641,268,4,2,2,2,False,Finalizada,False,3
2536,1518,329,5,3,2,3,False,Abandonada,False,1
2537,1946,122,5,1,5,6,False,Finalizada,False,4
2538,1570,338,5,2,1,5,False,Finalizada,True,5
2539,1271,229,5,5,6,4,False,Abandonada,False,1
2540,1277,125,4,3,4,11,False,Finalizada,True,5
2541,591,92,5,5,1,8,False,Finalizada,True,5
2542,1728,142,1,4,2,4,False,Finalizada,True,4
2543,1211,234,5,2,5,5,False,Finalizada,True,4
2544,1692,331,5,5,5,7,False,Finalizada,False,3
2545,602,254,5,2,5,7,False,Finalizada,True,4
2546,1572,197,4,5,4,14,True,Finalizada,True,2
2547,911,172,5,3,2,2,True,Abandonada,False,1
2548,983,235,5,4,6,4,True,Finalizada,True,1
2549,789,51,5,4,3,4,False,Finalizada,False,5
2550,195,285,2,3,5,7,False,Finalizada,False,3
2551,598,156,4,2,5,5,False,Finalizada,True,5
2552,249,144,5,4,3,4,False,Finalizada,False,4
2553,709,23,4,1,3,3,False,Finalizada,True,5
2554,236,133,4,1,5,4,False,Finalizada,False,4
2555,413,165,1,3,6,4,False,Abandonada,False,1
2556,284,327,1,4,3,4,False,Finalizada,True,5
2557,113,255,1,4,3,3,False,Finalizada,True,5
2558,1783,352,1,2,4,15,False,Finalizada,False,5
2559,1154,312,3,5,5,6,False,Abandonada,False,1
2560,1678,140,5,2,3,4,False,Finalizada,True,5
2561,668,259,5,2,2,3,False,Finalizada,True,5
2562,803,246,4,1,2,3,False,Abandonada,False,1
2563,219,49,5,4,3,3,False,Finalizada,True,5
2564,1652,339,4,1,5,7,False,Finalizada,False,5
2565,340,343,1,1,2,2,False,Finalizada,True,5
2566,862,285,5,3,4,14,True,Abandonada,False,2
2567,1436,151,4,1,5,6,False,Finalizada,True,5
2568,80,79,5,1,4,13,False,Finalizada,False,4
2569,933,214,4,1,4,9,False,Finalizada,False,3
2570,1203,58,3,3,5,6,False,Abandonada,False,1
2571,1010,200,5,1,2,4,False,Finalizada,False,3
2572,274,332,4,1,4,14,False,Abandonada,False,1
2573,1701,245,2,3,1,6,False,Finalizada,True,5
2574,209,189,5,4,3,5,False,Finalizada,False,4
2575,827,186,1,3,4,10,False,Finalizada,False,4
2576,495,318,5,4,1,6,False,Finalizada,True,4
2577,719,213,5,5,6,5,False,Finalizada,True,5
2578,1148,18,5,3,5,4,False,Finalizada,False,5
2579,1232,363,5,4,1,5,False,Abandonada,False,1
2580,276,77,2,5,6,5,False,Finalizada,False,4
2581,809,353,5,5,7,13,False,Abandonada,False,2
2582,552,309,1,5,6,6,False,Finalizada,False,4
2583,1100,357,2,4,3,3,False,Finalizada,True,5
2584,538,296,4,2,3,5,False,Finalizada,True,5
2585,1513,107,3,5,2,4,False,Finalizada,False,4
2586,1980,122,5,1,7,15,True,Finalizada,False,3
2587,645,18,4,3,6,5,False,Finalizada,True,5
2588,321,186,5,4,6,5,False,Finalizada,True,5
2589,1157,274,2,1,7,12,False,Finalizada,False,3
2590,1198,97,1,3,1,5,False,Finalizada,True,5
2591,1814,261,5,1,4,10,True,Finalizada,True,2
2592,394,278,1,4,7,18,False,Finalizada,True,5
2593,1404,156,4,5,1,8,False,Finalizada,True,5
2594,1603,359,5,3,6,4,False,Finalizada,False,5
2595,929,349,2,1,7,11,True,Finalizada,True,3
2596,610,183,5,2,5,5,False,Finalizada,True,5
2597,1586,140,5,4,4,15,False,Finalizada,True,5
2598,1042,45,5,3,3,5,False,Finalizada,True,5
2599,62,200,5,4,3,3,False,Finalizada,True,4
2600,208,88,5,3,4,10,False,Finalizada,False,4
2601,1331,177,5,3,3,5,False,Finalizada,False,4
2602,1399,26,4,5,1,8,False,Finalizada,True,5
2603,171,318,5,5,2,2,False,Finalizada,True,5
2604,1147,56,5,3,7,16,False,Finalizada,True,5
2605,1765,253,5,1,2,4,False,Finalizada,True,4
2606,1134,65,4,1,6,5,False,Abandonada,False,2
2607,1129,157,4,5,6,5,False,Finalizada,True,5
2608,1080,47,2,2,3,4,False,Abandonada,False,1
2609,896,95,4,3,3,5,False,Abandonada,False,1
2610,1783,280,4,4,1,8,False,Finalizada,True,4
2611,37,97,5,4,6,6,False,Finalizada,True,4
2612,205,117,5,5,2,3,False,Finalizada,True,4
2613,535,318,3,3,3,5,False,Finalizada,False,4
2614,1022,305,5,1,7,14,False,Finalizada,False,4
2615,1651,147,5,3,3,5,False,Finalizada,True,4
2616,1477,9,4,5,6,4,False,Abandonada,False,2
2617,1941,339,5,2,1,8,False,Finalizada,True,4
2618,1371,150,4,2,6,4,False,Finalizada,True,5
2619,1315,316,1,5,2,3,False,Abandonada,False,2
2620,394,343,1,1,2,3,True,Finalizada,False,2
2621,1915,23,5,3,4,10,False,Finalizada,True,5
2622,910,93,5,3,3,5,False,Finalizada,False,4
2623,197,364,5,3,3,5,False,Finalizada,True,4
2624,739,306,2,5,6,4,False,Finalizada,True,5
2625,1368,51,5,5,7,16,False,Abandonada,False,1
2626,226,288,3,4,5,7,False,Finalizada,False,4
2627,396,20,4,3,4,15,True,Finalizada,False,2
2628,421,254,1,4,7,14,True,Finalizada,False,3
2629,250,324,5,4,7,12,True,Finalizada,False,1
2630,1379,188,5,5,2,3,False,Finalizada,False,5
2631,1660,60,1,4,5,7,False,Finalizada,True,5
2632,1294,40,1,4,7,10,False,Finalizada,False,4
2633,1503,45,5,4,6,4,True,Finalizada,True,2
2634,192,19,1,3,4,14,False,Abandonada,False,1
2635,1385,273,2,1,2,2,False,Finalizada,False,3
2636,1697,161,1,4,3,3,False,Finalizada,False,4
2637,800,218,5,4,2,3,False,Finalizada,False,3
2638,1578,160,5,3,7,11,False,Finalizada,True,5
2639,693,302,3,2,3,3,False,Finalizada,False,3
2640,1450,55,4,3,7,10,False,Finalizada,True,5
2641,585,171,1,5,1,5,False,Finalizada,False,3
2642,107,19,5,2,6,6,False,Finalizada,True,4
2643,1445,205,1,5,4,9,False,Finalizada,True,4
2644,1094,61,4,5,4,10,False,Finalizada,True,5
2645,1168,302,1,5,1,5,False,Finalizada,False,4
2646,658,179,4,1,2,4,True,Finalizada,False,2
2647,1235,201,2,1,1,7,False,Finalizada,True,5
2648,190,22,1,3,6,6,False,Abandonada,False,1
2649,52,272,5,1,3,3,False,Finalizada,True,5
2650,1187,341,1,4,6,6,False,Finalizada,False,5
2651,98,60,4,4,2,3,False,Finalizada,False,4
2652,1308,318,5,2,6,5,False,Finalizada,True,5
2653,1839,193,5,2,1,6,False,Finalizada,False,5
2654,1871,216,2,5,6,5,False,Finalizada,True,5
2655,1899,274,4,4,7,13,True,Finalizada,False,2
2656,1689,202,5,1,7,16,False,Finalizada,False,5
2657,616,265,2,4,3,3,False,Finalizada,False,5
2658,100,328,5,2,6,5,False,Finalizada,True,5
2659,1793,132,2,5,2,2,False,Finalizada,True,4
2660,1181,250,4,4,7,12,True,Finalizada,False,2
2661,1886,68,4,2,7,12,False,Finalizada,True,5
2662,937,193,2,5,5,4,False,Abandonada,False,2
2663,1792,50,4,4,5,6,False,Finalizada,False,3
2664,1559,61,5,3,7,11,False,Abandonada,False,1
2665,998,362,2,4,3,3,False,Finalizada,True,5
2666,1421,271,4,4,6,5,False,Abandonada,False,1
2667,418,121,1,4,5,7,False,Finalizada,False,5
2668,750,12,4,4,6,5,False,Abandonada,False,1
2669,1071,127,5,4,5,4,False,Abandonada,False,2
2670,1637,364,1,5,5,7,False,Finalizada,False,3
2671,1128,323,4,1,7,15,False,Finalizada,True,5
2672,40,125,5,3,3,4,False,Finalizada,True,4
2673,756,319,5,1,1,7,False,Finalizada,True,5
2674,1726,92,4,4,5,4,False,Abandonada,False,2
2675,603,63,4,2,2,3,False,Finalizada,True,4
2676,1202,34,4,3,5,6,False,Finalizada,True,4
2677,897,267,1,3,3,5,False,Abandonada,False,2
2678,1869,98,5,1,7,12,False,Finalizada,False,3
2679,787,293,4,5,5,5,False,Abandonada,False,2
2680,1161,215,2,1,2,2,False,Abandonada,False,1
2681,719,128,3,4,3,4,False,Finalizada,False,5
2682,702,19,5,3,4,10,False,Finalizada,False,4
2683,1985,71,5,3,7,14,False,Finalizada,False,4
2684,1189,299,4,2,4,10,True,Finalizada,False,2
2685,755,320,1,5,4,12,False,Finalizada,True,5
2686,802,63,4,3,1,5,False,Finalizada,True,5
2687,833,122,5,5,1,6,False,Finalizada,False,3
2688,820,251,5,3,7,11,False,Finalizada,True,5
2689,1129,336,1,3,6,6,False,Abandonada,False,1
2690,1192,260,5,4,5,5,False,Finalizada,False,3
2691,613,104,5,5,5,5,False,Finalizada,True,5
2692,585,177,1,4,6,4,False,Finalizada,True,5
2693,425,270,2,3,3,5,False,Finalizada,False,4
2694,51,174,4,1,1,7,False,Finalizada,False,3
2695,1552,341,4,5,7,11,True,Finalizada,True,3
2696,889,38,4,4,4,13,False,Abandonada,False,2
2697,1507,164,2,4,7,14,False,Finalizada,False,5
2698,674,205,3,5,5,4,False,Finalizada,False,5
2699,120,142,1,3,1,7,False,Finalizada,False,4
2700,364,84,4,1,6,5,False,Finalizada,False,3
2701,600,189,5,1,7,18,False,Finalizada,True,5
2702,1229,191,1,5,3,5,False,Abandonada,False,1
2703,1211,155,5,5,1,7,False,Finalizada,False,4
2704,1552,298,4,3,7,15,False,Finalizada,True,5
2705,325,205,5,2,4,13,False,Finalizada,True,5
2706,923,59,4,2,7,10,False,Abandonada,False,1
2707,857,111,5,4,5,6,False,Abandonada,False,2
2708,698,220,1,4,2,3,False,Abandonada,False,2
2709,1354,343,2,1,6,5,False,Finalizada,True,4
2710,309,335,4,4,5,7,False,Finalizada,True,4
2711,967,284,4,3,7,16,False,Finalizada,True,5
2712,224,100,5,5,5,4,False,Finalizada,True,5
2713,1374,170,4,5,2,2,False,Abandonada,False,1
2714,603,135,5,1,1,5,True,Finalizada,True,2
2715,983,7,4,4,7,11,True,Finalizada,False,2
2716,48,337,3,3,7,11,False,Abandonada,False,1
2717,938,125,5,2,1,8,False,Finalizada,True,5
2718,1872,203,3,4,5,6,False,Finalizada,False,4
2719,1079,82,5,4,2,2,False,Abandonada,False,1
2720,1974,88,4,5,3,3,False,Finalizada,False,3
2721,1719,106,5,4,2,3,False,Finalizada,True,5
2722,1435,270,5,1,6,4,False,Finalizada,False,5
2723,1567,295,5,1,5,6,False,Finalizada,False,3
2724,1765,187,5,3,4,11,False,Finalizada,True,4
2725,523,162,4,3,4,12,True,Finalizada,True,2
2726,390,220,1,2,7,13,False,Finalizada,True,5
2727,691,291,3,2,3,5,False,Abandonada,False,1
2728,1365,343,1,1,1,7,False,Finalizada,False,3
2729,1126,332,2,1,5,5,False,Finalizada,False,5
2730,221,105,4,1,3,4,False,Finalizada,True,4
2731,242,238,1,3,2,4,False,Finalizada,False,3
2732,825,12,1,1,7,18,True,Finalizada,False,2
2733,1524,230,5,2,2,3,False,Finalizada,False,3
2734,277,328,5,1,5,7,False,Finalizada,False,5
2735,295,7,2,3,5,7,False,Finalizada,True,5
2736,1387,163,4,3,6,5,False,Finalizada,True,5
2737,1132,362,2,5,1,8,False,Finalizada,True,4
2738,86,66,5,5,7,16,True,Finalizada,False,2
2739,1263,80,3,2,3,3,False,Finalizada,True,5
2740,848,196,5,3,2,3,False,Finalizada,True,5
2741,698,249,5,5,2,2,False,Finalizada,True,5
2742,1189,49,1,4,2,3,False,Finalizada,False,5
2743,189,117,5,2,5,4,True,Finalizada,False,3
2744,1796,16,4,5,6,4,False,Finalizada,True,5
2745,1168,262,5,4,3,3,False,Finalizada,True,4
2746,1606,313,5,2,4,13,False,Finalizada,False,3
2747,337,225,5,5,3,4,False,Finalizada,True,5
2748,1744,175,4,4,5,6,False,Finalizada,True,4
2749,1307,173,5,1,4,10,False,Finalizada,False,4
2750,237,338,4,2,2,4,False,Finalizada,True,5
2751,1507,301,5,3,5,4,False,Finalizada,True,5
2752,294,199,5,5,7,18,False,Abandonada,False,2
2753,210,38,3,5,3,3,False,Finalizada,False,3
2754,1578,286,2,5,5,6,False,Finalizada,False,3
2755,1013,96,5,1,4,13,False,Finalizada,False,4
2756,215,11,5,5,3,5,False,Finalizada,True,5
2757,884,267,1,3,5,4,True,Abandonada,False,1
2758,1397,174,5,4,7,15,False,Finalizada,False,3
2759,1752,67,5,2,2,4,False,Finalizada,True,5
2760,88,284,4,3,6,5,True,Finalizada,True,1
2761,713,148,5,1,4,9,False,Finalizada,True,5
2762,393,245,4,2,6,6,False,Finalizada,False,3
2763,773,2,5,2,5,6,False,Finalizada,False,3
2764,839,53,5,2,1,8,False,Abandonada,False,2
2765,1759,17,1,5,7,16,True,Finalizada,False,2
2766,1194,197,5,3,6,4,False,Finalizada,True,5
2767,1208,243,4,3,2,2,False,Finalizada,False,5
2768,1826,26,4,1,1,5,False,Finalizada,False,3
2769,1189,149,5,5,3,4,False,Finalizada,True,5
2770,362,142,4,3,6,5,False,Finalizada,False,4
2771,165,14,4,4,5,7,False,Finalizada,True,4
2772,23,358,1,3,3,5,False,Abandonada,False,1
2773,479,177,5,3,7,18,False,Finalizada,True,5
2774,590,159,1,4,1,8,True,Finalizada,False,1
2775,4,70,3,5,2,3,False,Finalizada,True,4
2776,1367,138,1,3,2,2,False,Finalizada,False,4
2777,884,304,5,3,2,3,False,Finalizada,True,5
2778,924,305,4,3,4,14,True,Finalizada,False,2
2779,620,346,5,3,5,7,False,Finalizada,False,5
2780,365,325,4,3,7,11,False,Finalizada,False,4
2781,1527,169,4,4,7,16,False,Abandonada,False,1
2782,245,253,4,1,5,4,False,Finalizada,True,5
2783,1665,351,4,4,6,5,False,Finalizada,False,3
2784,1863,161,3,1,1,7,False,Finalizada,False,3
2785,1808,268,5,5,7,10,False,Finalizada,True,4
2786,993,148,2,2,6,6,False,Finalizada,False,3
2787,245,241,4,5,7,10,False,Abandonada,False,1
2788,798,264,4,3,3,4,False,Finalizada,False,3
2789,1082,28,1,1,2,4,False,Finalizada,False,3
2790,1070,150,5,2,2,4,False,Finalizada,True,5
2791,586,331,5,4,3,3,False,Finalizada,False,3
2792,1823,87,2,3,2,4,False,Finalizada,False,3
2793,1502,320,1,2,1,7,False,Finalizada,True,5
2794,1619,290,5,5,2,3,False,Finalizada,True,5
2795,798,293,4,3,4,10,False,Abandonada,False,1
2796,536,136,5,1,4,13,False,Finalizada,True,5
2797,1936,30,5,4,5,7,False,Finalizada,False,3
2798,1341,330,5,4,7,15,False,Finalizada,True,5
2799,192,14,4,2,6,6,False,Finalizada,True,4
2800,1034,164,4,1,1,6,False,Finalizada,False,4
2801,1205,275,4,1,6,5,False,Finalizada,True,4
2802,910,47,5,5,5,7,False,Finalizada,True,5
2803,594,53,5,1,7,16,False,Finalizada,True,5
2804,1702,251,4,4,4,15,False,Finalizada,False,4
2805,1972,308,4,1,1,8,False,Finalizada,False,4
2806,1610,52,3,5,6,6,False,Finalizada,True,5
2807,1594,182,5,5,1,5,False,Finalizada,False,5
2808,87,310,5,3,4,12,False,Finalizada,False,3
2809,438,17,1,4,7,13,False,Finalizada,False,3
2810,255,47,1,3,3,5,False,Abandonada,False,2
2811,1653,83,5,5,1,7,False,Finalizada,True,5
2812,943,26,4,1,7,15,False,Finalizada,False,4
2813,1233,78,2,5,6,5,False,Finalizada,False,5
2814,1335,14,5,5,1,6,False,Finalizada,True,5
2815,774,138,1,3,2,4,False,Finalizada,False,5
2816,1343,55,1,4,2,2,False,Finalizada,False,5
2817,1884,148,4,1,4,10,False,Finalizada,True,5
2818,1931,131,3,5,2,2,False,Abandonada,False,2
2819,1072,221,5,3,3,4,False,Abandonada,False,1
2820,697,291,5,3,6,6,False,Finalizada,True,4
2821,1750,291,4,3,1,8,False,Finalizada,False,4
2822,408,237,5,3,4,13,False,Abandonada,False,2
2823,865,212,4,2,2,3,False,Finalizada,False,5
2824,1140,300,5,5,4,11,False,Abandonada,False,1
2825,1015,248,1,2,3,4,False,Finalizada,False,5
2826,300,66,4,1,5,7,False,Finalizada,False,5
2827,1114,251,5,4,7,13,False,Finalizada,False,5
2828,1301,170,5,2,6,5,False,Finalizada,False,4
2829,238,274,4,4,7,17,False,Finalizada,False,5
2830,189,309,5,2,6,6,False,Finalizada,False,5
2831,1091,245,5,2,5,7,False,Abandonada,False,1
2832,1296,290,1,4,4,8,False,Finalizada,True,5
2833,660,332,1,5,7,16,True,Finalizada,True,3
2834,479,302,4,4,6,5,False,Finalizada,True,4
2835,1647,318,2,3,6,6,False,Finalizada,False,3
2836,427,365,5,1,5,6,False,Finalizada,False,3
2837,1224,267,4,5,2,2,False,Finalizada,True,5
2838,1571,347,4,5,2,3,False,Finalizada,True,5
2839,555,181,1,3,3,3,False,Abandonada,False,2
2840,531,194,5,3,6,5,False,Abandonada,False,1
2841,563,234,1,1,7,14,False,Finalizada,True,5
2842,1181,15,4,5,7,10,False,Abandonada,False,1
2843,1278,62,1,4,7,10,True,Finalizada,False,2
2844,1911,143,1,1,7,13,False,Abandonada,False,2
2845,1800,285,1,3,1,6,False,Finalizada,False,3
2846,477,274,3,4,7,17,True,Finalizada,False,2
2847,1169,33,5,3,5,4,False,Finalizada,True,5
2848,306,305,4,2,4,12,False,Finalizada,False,4
2849,1142,346,5,3,2,3,True,Finalizada,True,2
2850,235,100,2,2,7,18,False,Abandonada,False,1
2851,1723,161,5,2,5,6,False,Finalizada,False,5
2852,161,222,4,5,6,5,False,Finalizada,True,4
2853,256,239,4,4,2,4,False,Finalizada,False,5
2854,1301,42,5,3,1,8,False,Abandonada,False,1
2855,336,43,5,3,4,14,False,Finalizada,True,4
2856,1804,132,5,3,7,12,True,Abandonada,False,2
2857,867,224,4,4,1,5,False,Finalizada,True,4
2858,217,108,3,4,6,6,False,Finalizada,False,3
2859,1018,6,5,3,2,4,False,Finalizada,False,4
2860,810,297,5,3,5,5,False,Finalizada,False,3
2861,98,52,5,2,5,5,False,Finalizada,False,5
2862,449,135,4,3,1,7,True,Finalizada,False,2
2863,1339,259,5,5,2,4,False,Finalizada,False,4
2864,74,101,2,2,7,14,False,Abandonada,False,2
2865,1319,82,3,1,1,6,False,Finalizada,False,4
2866,1512,41,2,5,7,10,True,Abandonada,False,1
2867,102,292,2,3,1,6,False,Finalizada,True,4
2868,1023,292,3,1,3,5,False,Finalizada,True,5
2869,1966,287,5,5,3,3,False,Finalizada,True,4
2870,107,159,5,4,5,7,False,Finalizada,False,5
2871,1568,89,5,2,6,4,True,Finalizada,True,3
2872,343,87,5,1,3,3,False,Finalizada,True,5
2873,613,65,1,5,6,4,False,Finalizada,False,5
2874,1941,11,1,3,3,5,False,Finalizada,False,4
2875,574,15,4,3,4,15,False,Finalizada,False,4
2876,569,241,5,4,7,10,False,Finalizada,True,4
2877,649,209,4,5,7,10,False,Abandonada,False,1
2878,801,288,5,4,5,7,False,Abandonada,False,1
2879,1308,200,5,5,2,3,False,Abandonada,False,1
2880,308,103,3,5,3,4,False,Finalizada,False,3
2881,904,12,5,3,1,8,False,Abandonada,False,2
2882,1417,120,5,1,7,14,True,Finalizada,False,2
2883,1395,276,5,5,1,5,False,Finalizada,False,5
2884,974,229,1,1,2,2,False,Finalizada,True,5
2885,1783,358,5,4,1,5,False,Finalizada,True,5
2886,1384,137,5,2,1,7,False,Finalizada,True,4
2887,197,140,2,1,7,12,False,Abandonada,False,1
2888,1670,148,1,3,1,6,False,Finalizada,False,5
2889,1296,19,2,1,1,6,False,Finalizada,False,4
2890,1500,239,3,4,5,5,False,Finalizada,False,3
2891,999,346,5,1,7,11,False,Finalizada,False,4
2892,1725,332,4,5,6,5,False,Finalizada,False,3
2893,180,25,3,2,1,7,False,Finalizada,False,3
2894,711,4,5,3,1,6,False,Finalizada,False,5
2895,1684,238,5,2,1,6,False,Finalizada,True,5
2896,87,218,4,3,3,3,False,Finalizada,False,4
2897,982,152,4,3,4,14,False,Finalizada,True,5
2898,58,34,1,5,2,2,False,Finalizada,False,4
2899,1694,277,1,3,7,18,False,Finalizada,True,5
2900,1624,325,5,2,6,5,False,Abandonada,False,2
2901,1393,351,2,1,5,5,False,Finalizada,True,5
2902,236,52,2,1,5,7,True,Abandonada,False,1
2903,558,63,3,5,5,6,False,Finalizada,True,5
2904,1175,33,5,1,5,6,False,Abandonada,False,2
2905,348,365,4,5,1,8,False,Finalizada,True,5
2906,1534,93,4,2,7,15,False,Abandonada,False,1
2907,555,231,5,1,5,6,False,Abandonada,False,2
2908,538,125,1,2,1,5,False,Finalizada,False,4
2909,640,181,4,4,1,8,False,Finalizada,True,4
2910,1293,24,1,3,6,5,False,Finalizada,False,5
2911,1551,41,4,4,6,6,False,Finalizada,False,4
2912,1407,244,2,3,3,3,False,Finalizada,False,3
2913,1219,270,5,2,5,7,False,Finalizada,True,4
2914,941,212,5,2,2,2,False,Finalizada,False,4
2915,1048,322,5,1,6,4,False,Finalizada,False,4
2916,303,244,3,4,3,5,False,Abandonada,False,1
2917,1024,72,4,5,4,15,False,Finalizada,True,5
2918,1249,197,4,4,3,5,False,Abandonada,False,1
2919,1580,243,4,1,7,12,False,Finalizada,True,5
2920,85,19,4,5,7,17,False,Finalizada,True,5
2921,1959,334,5,4,1,8,False,Finalizada,False,4
2922,1167,39,2,1,3,3,False,Finalizada,False,4
2923,1374,245,1,4,3,5,False,Finalizada,True,5
2924,1328,203,4,3,7,18,False,Finalizada,False,4
2925,1840,184,4,1,5,5,False,Finalizada,True,4
2926,1993,299,3,4,7,16,False,Finalizada,False,4
2927,577,262,5,5,6,6,False,Finalizada,False,3
2928,1267,34,4,5,1,5,False,Finalizada,False,5
2929,1915,280,5,5,6,5,False,Finalizada,False,5
2930,1868,129,5,2,4,10,False,Finalizada,True,5
2931,1601,294,2,3,4,11,False,Finalizada,True,5
2932,544,260,5,5,2,2,False,Finalizada,True,5
2933,1570,255,2,5,4,11,True,Abandonada,False,1
2934,1300,50,4,4,5,4,False,Finalizada,True,5
2935,108,228,5,5,2,4,False,Finalizada,True,5
2936,548,253,4,4,5,6,True,Finalizada,True,2
2937,364,347,1,4,3,3,False,Finalizada,False,4
2938,961,45,4,2,6,6,False,Finalizada,True,5
2939,854,345,1,5,3,3,False,Finalizada,False,3
2940,458,247,5,2,7,16,True,Finalizada,False,1
2941,924,11,5,4,4,14,True,Finalizada,False,3
2942,440,95,3,4,7,10,False,Finalizada,True,4
2943,908,35,5,4,6,4,False,Abandonada,False,1
2944,1650,128,2,2,5,4,False,Abandonada,False,1
2945,1200,84,5,3,1,5,False,Finalizada,False,4
2946,1172,148,1,5,7,16,False,Finalizada,True,5
2947,101,213,5,5,7,17,False,Finalizada,False,4
2948,1997,263,5,4,5,5,False,Finalizada,False,3
2949,945,147,5,5,2,2,False,Finalizada,False,3
2950,783,201,1,4,4,15,False,Finalizada,False,5
2951,1288,144,2,5,5,6,False,Finalizada,False,5
2952,1492,259,4,3,2,2,False,Abandonada,False,2
2953,827,254,5,3,5,6,False,Finalizada,True,4
2954,1266,246,5,2,4,10,False,Finalizada,False,3
2955,1409,299,4,3,1,6,False,Finalizada,False,5
2956,851,362,5,2,6,6,False,Finalizada,False,3
2957,194,91,5,3,4,13,False,Finalizada,False,4
2958,1262,203,4,3,6,4,False,Abandonada,False,1
2959,1214,196,5,5,5,5,False,Abandonada,False,1
2960,717,201,5,2,4,8,False,Abandonada,False,1
2961,755,82,3,2,1,6,False,Finalizada,False,3
2962,654,305,4,4,2,2,False,Finalizada,True,5
2963,449,3,2,1,7,18,True,Abandonada,False,2
2964,1502,88,4,5,7,10,False,Abandonada,False,1
2965,910,324,1,1,3,5,False,Finalizada,False,4
2966,1713,302,5,1,4,12,False,Finalizada,True,5
2967,682,218,4,1,2,4,False,Finalizada,True,5
2968,1056,189,2,3,7,13,True,Finalizada,False,3
2969,1893,12,5,2,2,3,False,Finalizada,False,4
2970,213,142,5,2,2,3,True,Finalizada,False,2
2971,1929,264,4,2,2,2,False,Finalizada,False,4
2972,345,321,2,3,6,5,False,Finalizada,True,5
2973,1078,206,4,5,6,4,False,Abandonada,False,1
2974,273,81,1,2,7,13,True,Abandonada,False,1
2975,631,244,4,5,2,4,False,Abandonada,False,1
2976,1225,298,5,3,2,3,False,Finalizada,False,4
2977,135,353,3,5,2,4,False,Finalizada,True,5
2978,468,290,4,2,2,3,False,Finalizada,True,5
2979,371,203,2,5,7,16,False,Finalizada,False,3
2980,617,326,2,4,6,6,False,Finalizada,False,4
2981,262,197,5,2,6,6,False,Finalizada,True,5
2982,787,325,2,4,3,3,False,Finalizada,True,5
2983,1222,159,1,4,1,6,True,Finalizada,False,2
2984,445,343,5,3,6,4,False,Finalizada,False,5
2985,1506,127,4,4,2,4,False,Finalizada,False,3
2986,671,308,3,3,4,9,False,Abandonada,False,1
2987,1731,310,2,2,2,2,False,Abandonada,False,2
2988,1143,102,5,5,1,7,False,Abandonada,False,1
2989,384,215,4,3,6,5,False,Finalizada,True,4
2990,1934,354,4,2,4,15,False,Abandonada,False,1
2991,1545,6,4,4,5,5,False,Abandonada,False,1
2992,639,287,4,3,5,5,False,Finalizada,True,5
2993,1813,150,2,2,2,2,False,Finalizada,True,5
2994,602,281,4,2,1,7,False,Finalizada,True,5
2995,1388,160,5,4,3,5,False,Finalizada,False,4
2996,1385,96,4,1,2,4,False,Finalizada,False,4
2997,731,289,5,3,2,4,False,Abandonada,False,1
2998,1422,31,1,5,5,6,False,Finalizada,False,3
2999,1410,20,1,5,1,8,False,Finalizada,False,4
3000,698,235,5,1,1,6,False,Finalizada,True,5
3001,1578,101,2,4,4,9,False,Finalizada,False,4
3002,165,154,5,2,7,17,True,Abandonada,False,2
3003,1454,78,5,3,6,5,False,Finalizada,True,5
3004,1828,37,1,4,6,4,False,Finalizada,True,5
3005,1035,63,5,1,6,6,False,Finalizada,True,5
3006,1999,317,5,5,4,11,True,Finalizada,False,2
3007,1565,13,5,2,2,3,False,Finalizada,True,4
3008,423,190,5,3,7,18,False,Finalizada,True,5
3009,1123,211,2,3,5,6,False,Finalizada,False,5
3010,1039,309,5,5,3,3,False,Finalizada,False,5
3011,219,236,5,3,7,13,False,Finalizada,True,5
3012,1019,42,5,4,5,6,False,Finalizada,False,4
3013,1328,147,4,4,2,4,False,Abandonada,False,2
3014,1781,282,1,4,6,6,False,Finalizada,True,4
3015,912,94,1,5,4,8,False,Finalizada,False,5
3016,1252,138,5,1,1,5,False,Finalizada,False,3
3017,862,359,2,3,3,4,False,Finalizada,False,4
3018,1842,110,4,2,7,11,False,Finalizada,True,5
3019,1519,345,4,5,2,4,False,Finalizada,True,5
3020,1982,302,4,5,4,8,True,Finalizada,True,1
3021,1742,110,4,3,1,8,False,Finalizada,True,4
3022,1700,350,2,3,2,4,False,Finalizada,False,3
3023,399,83,4,3,5,7,False,Finalizada,True,5
3024,564,236,3,3,1,8,False,Finalizada,True,5
3025,1564,196,4,4,7,14,False,Finalizada,False,4
3026,207,154,5,2,6,4,False,Finalizada,False,4
3027,842,72,5,5,4,9,False,Abandonada,False,1
3028,1878,124,5,1,7,17,False,Abandonada,False,1
3029,1341,229,5,3,5,5,False,Finalizada,False,4
3030,1928,325,5,4,1,5,False,Finalizada,True,4
3031,1378,344,5,5,7,14,False,Finalizada,False,4
3032,476,132,4,3,3,5,False,Finalizada,False,3
3033,1504,353,5,2,4,11,True,Finalizada,True,2
3034,509,322,1,5,6,4,False,Finalizada,False,4
3035,546,53,4,2,6,6,False,Finalizada,True,5
3036,322,209,2,2,5,5,True,Finalizada,False,3
3037,324,287,1,2,7,11,False,Finalizada,True,5
3038,350,184,1,5,4,13,False,Finalizada,True,5
3039,604,340,4,3,3,5,False,Abandonada,False,1
3040,689,274,1,4,2,3,False,Finalizada,False,3
3041,1827,318,4,4,6,6,False,Finalizada,False,3
3042,619,158,2,3,3,4,False,Finalizada,True,5
3043,1205,199,1,1,3,5,False,Finalizada,False,3
3044,639,91,4,5,6,6,False,Finalizada,False,3
3045,725,250,5,4,1,5,False,Abandonada,False,1
3046,23,126,4,3,2,3,True,Finalizada,False,2
3047,297,69,5,2,7,12,False,Finalizada,False,4
3048,1068,83,1,3,3,5,False,Abandonada,False,2
3049,128,171,1,2,2,4,False,Finalizada,False,5
3050,1621,221,5,3,3,4,False,Abandonada,False,1
3051,1748,328,5,4,5,6,False,Finalizada,False,4
3052,68,164,4,5,6,5,False,Finalizada,False,3
3053,1344,45,5,5,7,11,False,Finalizada,True,5
3054,711,159,2,2,4,15,False,Finalizada,False,3
3055,396,202,5,3,3,3,False,Finalizada,True,5
3056,563,327,5,2,4,15,False,Finalizada,True,5
3057,717,64,2,2,1,5,False,Finalizada,True,5
3058,1870,289,3,3,2,4,False,Finalizada,False,3
3059,1900,109,4,3,3,4,False,Finalizada,True,4
3060,1466,300,4,4,3,3,False,Finalizada,True,5
3061,550,248,4,2,3,4,False,Finalizada,False,3
3062,33,222,4,4,5,6,False,Abandonada,False,1
3063,911,333,5,3,7,13,True,Finalizada,False,3
3064,1011,99,5,3,3,3,False,Finalizada,False,3
3065,63,297,4,1,7,14,True,Finalizada,True,1
3066,155,52,4,2,2,2,False,Finalizada,False,4
3067,1793,188,2,4,7,16,True,Finalizada,False,3
3068,22,257,1,5,2,4,False,Finalizada,True,5
3069,1195,78,5,1,1,7,False,Finalizada,False,4
3070,1315,224,5,2,5,5,False,Finalizada,False,4
3071,1395,197,4,3,4,9,False,Finalizada,True,5
3072,890,80,4,5,1,5,True,Abandonada,False,1
3073,491,233,5,2,6,5,False,Finalizada,False,3
3074,318,164,5,1,6,6,False,Finalizada,True,5
3075,52,203,5,4,5,7,False,Finalizada,True,5
3076,1194,280,4,3,4,14,True,Finalizada,True,2
3077,53,329,5,1,1,6,False,Finalizada,False,4
3078,1369,16,5,5,5,4,False,Finalizada,False,3
3079,1905,187,5,5,5,4,False,Finalizada,False,3
3080,548,62,5,1,4,15,False,Finalizada,True,5
3081,660,56,5,2,6,4,False,Finalizada,True,5
3082,1373,278,2,1,7,11,False,Abandonada,False,1
3083,158,114,5,5,6,5,False,Finalizada,False,4
3084,828,36,4,3,4,13,False,Finalizada,True,5
3085,42,270,5,3,3,4,False,Finalizada,True,4
3086,1714,330,2,5,4,14,False,Abandonada,False,1
3087,936,198,5,2,3,3,False,Finalizada,True,5
3088,1062,68,5,5,3,5,False,Finalizada,False,5
3089,314,268,5,3,7,14,True,Finalizada,True,3
3090,1231,250,4,5,7,18,False,Finalizada,True,4
3091,1414,176,5,1,4,14,False,Finalizada,True,5
3092,1647,335,5,1,7,13,True,Finalizada,False,2
3093,1977,4,5,1,1,5,True,Finalizada,True,3
3094,1694,348,5,2,2,4,False,Finalizada,False,5
3095,715,112,2,4,3,5,False,Finalizada,True,4
3096,458,112,5,1,4,13,False,Finalizada,True,5
3097,1197,35,4,3,1,7,False,Finalizada,False,4
3098,1408,72,5,2,6,5,False,Finalizada,False,3
3099,800,219,1,4,5,5,False,Abandonada,False,1
3100,422,176,5,5,1,5,False,Finalizada,False,5
3101,1708,186,3,5,7,18,True,Finalizada,False,1
3102,1822,352,4,2,4,9,False,Finalizada,True,5
3103,595,255,5,4,5,4,False,Finalizada,True,4
3104,1141,83,4,3,7,17,True,Finalizada,True,2
3105,798,69,1,1,1,8,False,Finalizada,False,4
3106,927,136,5,5,2,3,False,Finalizada,True,4
3107,920,191,4,1,5,4,False,Finalizada,True,5
3108,1686,360,1,4,7,12,False,Finalizada,False,5
3109,1615,296,4,4,2,3,True,Finalizada,True,1
3110,1473,332,3,5,5,4,False,Finalizada,False,5
3111,1397,34,4,3,6,5,False,Finalizada,False,4
3112,1100,297,4,5,1,5,False,Finalizada,False,5
3113,135,215,1,3,6,5,False,Abandonada,False,1
3114,474,269,5,1,4,13,False,Finalizada,True,5
3115,1925,156,5,5,1,5,False,Finalizada,True,5
3116,1570,202,5,1,6,5,False,Finalizada,False,3
3117,1798,122,4,3,6,5,False,Finalizada,True,4
3118,1861,320,4,2,2,2,False,Finalizada,False,5
3119,1419,87,5,5,3,5,False,Finalizada,True,5
3120,1796,78,4,1,2,2,False,Finalizada,False,3
3121,1076,134,5,5,6,6,False,Abandonada,False,1
3122,451,35,5,4,7,18,True,Finalizada,False,3
3123,969,360,5,5,5,4,False,Finalizada,False,5
3124,1899,214,5,5,7,13,False,Finalizada,False,5
3125,204,96,2,4,1,8,False,Abandonada,False,2
3126,523,191,5,4,7,15,False,Finalizada,True,5
3127,803,114,5,3,6,6,False,Finalizada,True,5
3128,1687,68,5,1,3,3,False,Finalizada,False,5
3129,11,214,5,2,5,5,False,Finalizada,False,3
3130,209,78,5,5,4,15,True,Finalizada,True,2
3131,273,8,4,5,2,3,False,Abandonada,False,1
3132,1878,65,5,5,4,11,False,Finalizada,True,5
3133,525,108,2,1,6,5,False,Finalizada,False,3
3134,711,48,1,4,6,6,False,Finalizada,True,5
3135,1387,77,4,4,1,5,False,Finalizada,False,4
3136,858,132,2,1,6,6,False,Finalizada,True,4
3137,1750,196,5,1,5,6,False,Finalizada,True,5
3138,167,294,2,2,5,7,False,Finalizada,True,5
3139,79,112,5,5,6,5,False,Finalizada,False,4
3140,857,115,5,4,2,4,False,Finalizada,True,5
3141,294,312,4,3,7,16,False,Finalizada,True,5
3142,1429,84,5,4,2,4,False,Finalizada,False,4
3143,513,351,5,4,5,6,False,Finalizada,False,3
3144,1858,203,4,1,6,6,False,Finalizada,True,5
3145,532,326,4,1,5,6,False,Finalizada,False,4
3146,100,210,4,3,4,10,False,Finalizada,True,4
3147,441,142,4,1,2,3,False,Finalizada,False,4
3148,868,62,5,2,2,3,True,Finalizada,False,2
3149,333,55,5,5,3,3,False,Finalizada,False,3
3150,1008,188,4,3,7,12,False,Abandonada,False,1
3151,1305,76,5,5,5,6,True,Finalizada,False,3
3152,1553,97,5,1,6,4,False,Finalizada,True,4
3153,996,67,4,5,6,4,True,Finalizada,False,1
3154,711,41,4,2,5,6,False,Finalizada,True,4
3155,817,295,5,3,6,5,False,Finalizada,False,4
3156,207,32,5,3,6,6,False,Finalizada,False,3
3157,1607,221,2,3,7,16,False,Finalizada,True,5
3158,1282,163,2,1,2,2,False,Abandonada,False,1
3159,481,319,4,4,3,4,False,Finalizada,False,4
3160,1066,70,4,1,5,7,False,Finalizada,True,5
3161,501,45,4,1,4,12,False,Abandonada,False,2
3162,1297,204,1,3,2,2,False,Finalizada,True,5
3163,1812,40,2,3,3,5,False,Abandonada,False,1
3164,614,51,1,5,6,5,False,Finalizada,True,5
3165,582,7,5,5,3,4,False,Abandonada,False,2
3166,1852,360,4,2,5,4,False,Finalizada,False,4
3167,881,233,4,1,2,3,True,Finalizada,True,2
3168,1708,190,3,4,3,5,False,Finalizada,True,5
3169,285,219,1,4,5,5,False,Finalizada,False,3
3170,1635,282,5,3,6,5,False,Finalizada,True,5
3171,477,278,4,4,1,5,True,Finalizada,True,2
3172,293,112,4,1,5,7,False,Finalizada,False,4
3173,1737,262,5,3,7,13,False,Finalizada,False,3
3174,635,38,4,5,2,2,False,Finalizada,True,4
3175,1168,257,5,1,2,2,False,Finalizada,False,3
3176,39,13,5,2,5,4,True,Finalizada,True,1
3177,1450,231,5,5,2,4,False,Finalizada,True,5
3178,844,93,5,5,5,5,False,Finalizada,True,5
3179,326,142,5,4,5,7,False,Finalizada,True,5
3180,752,56,5,1,5,4,False,Finalizada,False,4
3181,1710,340,4,4,7,16,False,Abandonada,False,1
3182,594,218,1,1,1,8,False,Finalizada,False,3
3183,1251,227,4,4,4,9,False,Abandonada,False,1
3184,1230,275,5,1,5,6,False,Finalizada,False,5
3185,1561,27,2,2,4,13,False,Abandonada,False,1
3186,408,65,4,4,5,5,False,Finalizada,True,5
3187,1861,208,4,1,5,7,False,Finalizada,False,5
3188,699,62,5,3,1,7,False,Abandonada,False,2
3189,246,13,5,1,7,11,True,Finalizada,True,2
3190,963,41,2,2,7,16,True,Finalizada,True,2
3191,1164,120,1,3,4,8,False,Finalizada,False,4
3192,1602,43,5,4,1,5,False,Finalizada,False,4
3193,1056,274,2,5,5,4,False,Finalizada,False,5
3194,1012,229,5,4,2,4,False,Finalizada,False,4
3195,189,327,5,3,6,5,False,Finalizada,False,5
3196,1433,102,5,2,7,16,False,Finalizada,True,5
3197,905,33,5,5,2,3,False,Finalizada,True,5
3198,1278,301,4,4,1,5,False,Finalizada,False,4
3199,726,155,5,1,3,5,False,Finalizada,False,4
3200,1848,151,5,3,6,5,True,Finalizada,True,1
3201,795,110,4,5,7,16,False,Finalizada,True,5
3202,1511,139,4,2,1,8,False,Finalizada,True,4
3203,975,310,5,3,7,16,False,Finalizada,True,4
3204,122,17,4,5,4,9,False,Finalizada,False,4
3205,1644,143,5,5,3,4,False,Finalizada,True,5
3206,1875,87,1,3,4,8,False,Finalizada,False,4
3207,763,181,5,2,4,14,True,Finalizada,True,3
3208,1148,303,5,3,5,4,False,Finalizada,False,5
3209,1253,55,1,5,7,15,False,Finalizada,False,3
3210,1777,193,5,2,5,7,False,Finalizada,False,5
3211,13,6,5,4,4,13,True,Finalizada,False,3
3212,1204,230,5,5,5,6,False,Finalizada,False,3
3213,1117,153,4,1,2,4,False,Finalizada,False,5
3214,423,318,4,3,2,3,True,Finalizada,False,3
3215,637,17,5,5,3,3,False,Finalizada,False,5
3216,1119,90,4,4,6,6,False,Abandonada,False,2
3217,1904,2,5,1,2,4,False,Abandonada,False,1
3218,587,44,2,4,3,4,False,Finalizada,True,5
3219,1853,333,5,5,2,2,False,Finalizada,True,5
3220,681,256,4,1,5,4,False,Finalizada,True,4
3221,1266,48,5,2,5,7,False,Finalizada,False,5
3222,869,313,5,2,3,4,False,Finalizada,True,5
3223,927,155,4,1,6,6,False,Finalizada,True,5
3224,1878,250,1,3,7,14,False,Abandonada,False,2
3225,1069,24,4,5,1,5,False,Finalizada,True,5
3226,983,18,5,5,6,5,False,Finalizada,True,5
3227,170,300,2,3,5,4,True,Finalizada,False,2
3228,1658,181,2,1,1,7,True,Finalizada,True,1
3229,75,47,5,1,6,5,False,Abandonada,False,1
3230,118,278,5,5,6,6,False,Finalizada,True,5
3231,209,62,5,2,2,4,False,Abandonada,False,1
3232,1849,337,1,2,3,5,False,Abandonada,False,1
3233,776,80,5,2,2,3,False,Finalizada,True,5
3234,440,82,2,5,6,4,False,Finalizada,False,3
3235,934,197,5,5,5,4,False,Finalizada,True,4
3236,1105,21,5,1,5,5,False,Abandonada,False,1
3237,1153,49,5,3,5,5,False,Abandonada,False,1
3238,586,199,5,3,3,4,False,Abandonada,False,2
3239,1528,156,5,4,4,8,True,Finalizada,False,1
3240,443,20,4,5,5,4,False,Finalizada,True,5
3241,326,13,5,1,7,11,False,Finalizada,True,5
3242,1203,212,3,3,1,7,False,Abandonada,False,1
3243,1859,286,5,3,3,5,False,Finalizada,False,4
3244,1003,288,4,2,5,7,False,Finalizada,False,4
3245,1104,223,5,5,6,5,False,Finalizada,True,5
3246,695,322,4,2,5,7,True,Finalizada,True,1
3247,1685,345,4,3,3,5,False,Finalizada,False,4
3248,233,330,2,2,2,3,False,Abandonada,False,1
3249,1245,146,5,3,7,10,True,Finalizada,False,2
3250,340,214,1,1,2,2,False,Finalizada,False,4
3251,840,343,5,1,6,5,False,Finalizada,False,4
3252,762,340,5,2,5,7,False,Finalizada,True,5
3253,1666,5,5,3,4,14,False,Abandonada,False,1
3254,311,299,5,2,7,14,False,Finalizada,True,5
3255,1394,273,5,3,3,4,False,Abandonada,False,1
3256,906,19,1,5,7,11,True,Finalizada,True,2
3257,1990,43,4,3,6,6,False,Finalizada,False,4
3258,1738,62,4,2,2,4,False,Finalizada,True,5
3259,811,92,5,4,3,3,False,Finalizada,False,3
3260,264,30,2,5,1,6,False,Finalizada,True,4
3261,675,288,2,1,1,8,False,Finalizada,True,5
3262,551,79,5,3,2,2,False,Finalizada,True,5
3263,1939,80,1,1,3,3,False,Finalizada,False,5
3264,1569,336,5,4,3,3,False,Finalizada,True,5
3265,155,18,4,4,2,3,False,Finalizada,False,3
3266,1557,188,4,2,4,13,False,Finalizada,True,5
3267,367,137,1,2,2,2,False,Finalizada,True,5
3268,1376,130,3,4,2,2,False,Finalizada,False,4
3269,1501,196,4,4,3,3,False,Finalizada,True,5
3270,1039,21,1,4,4,11,False,Abandonada,False,1
3271,553,130,1,3,6,5,False,Finalizada,False,5
3272,272,263,5,4,1,7,False,Finalizada,True,4
3273,142,242,4,3,2,3,False,Finalizada,True,5
3274,802,143,4,3,7,18,False,Finalizada,False,3
3275,1724,304,5,3,4,10,True,Finalizada,True,2
3276,137,72,4,4,2,4,False,Finalizada,True,5
3277,1458,93,2,1,6,6,False,Finalizada,False,3
3278,387,296,5,2,4,9,False,Finalizada,True,5
3279,449,48,5,3,7,16,True,Finalizada,True,2
3280,135,38,3,2,7,10,True,Finalizada,False,1
3281,209,251,1,1,3,3,False,Finalizada,True,5
3282,568,63,4,1,5,5,False,Finalizada,False,4
3283,190,148,4,3,1,7,False,Finalizada,True,5
3284,498,155,4,1,1,5,False,Finalizada,True,5
3285,40,36,4,2,1,8,False,Finalizada,False,3
3286,1430,91,5,1,6,6,False,Finalizada,False,4
3287,152,193,3,2,5,5,False,Finalizada,False,4
3288,45,216,5,5,3,3,False,Finalizada,False,3
3289,1662,177,1,3,3,5,False,Finalizada,False,3
3290,1610,243,5,5,5,4,False,Finalizada,False,3
3291,1655,135,3,5,7,10,False,Abandonada,False,1
3292,453,258,2,2,5,6,False,Finalizada,False,4
3293,918,80,2,4,1,6,False,Finalizada,False,3
3294,678,66,5,5,1,7,False,Finalizada,True,4
3295,455,347,2,5,1,6,False,Finalizada,False,4
3296,1183,4,4,2,3,4,False,Finalizada,False,4
3297,1999,182,1,3,5,4,False,Finalizada,False,3
3298,1655,324,2,2,1,5,False,Finalizada,True,5
3299,1092,22,5,1,5,7,False,Abandonada,False,2
3300,88,301,5,4,1,5,False,Finalizada,False,4
3301,1651,152,5,3,7,11,True,Finalizada,False,1
3302,545,229,5,1,6,4,False,Finalizada,True,5
3303,1476,161,5,3,7,17,True,Abandonada,False,1
3304,1397,217,4,3,5,4,False,Finalizada,False,4
3305,1423,222,5,1,3,4,False,Finalizada,True,5
3306,1138,72,1,5,5,4,True,Finalizada,False,3
3307,1504,304,5,2,7,14,False,Finalizada,True,5
3308,1776,17,5,3,6,4,False,Finalizada,False,4
3309,1526,290,5,2,1,6,False,Finalizada,True,4
3310,909,61,2,5,5,4,False,Finalizada,True,5
3311,1324,304,5,5,4,9,True,Finalizada,True,2
3312,1743,144,2,4,2,3,False,Abandonada,False,1
3313,919,191,4,1,7,12,False,Finalizada,False,3
3314,1495,75,5,3,7,13,True,Finalizada,True,1
3315,1129,306,5,1,3,3,False,Finalizada,True,4
3316,1352,352,5,1,5,5,False,Finalizada,True,5
3317,150,94,5,2,5,4,False,Finalizada,True,5
3318,365,324,5,5,5,7,False,Finalizada,False,3
3319,46,156,1,3,2,4,False,Finalizada,False,5
3320,1402,198,5,2,4,14,True,Finalizada,True,3
3321,1013,220,2,4,2,4,False,Abandonada,False,2
3322,775,22,4,3,4,10,False,Finalizada,True,5
3323,1606,159,1,3,4,13,False,Finalizada,True,5
3324,731,344,5,1,5,6,False,Finalizada,True,4
3325,482,58,5,2,2,3,False,Finalizada,False,3
3326,1549,283,1,3,2,3,False,Finalizada,True,5
3327,474,76,4,2,7,13,False,Finalizada,True,5
3328,1844,228,5,2,6,6,False,Finalizada,False,4
3329,692,365,5,2,4,13,False,Finalizada,False,5
3330,246,262,4,3,6,5,False,Finalizada,True,5
3331,1359,90,5,4,2,2,False,Finalizada,True,5
3332,1127,305,1,2,3,4,False,Finalizada,True,4
3333,657,122,5,5,6,6,False,Abandonada,False,2
3334,806,220,1,2,1,8,False,Finalizada,True,5
3335,816,83,1,3,4,10,False,Abandonada,False,1
3336,769,166,2,5,1,5,False,Finalizada,False,3
3337,1267,362,4,3,4,14,False,Finalizada,False,3
3338,1316,171,4,5,3,5,False,Finalizada,True,5
3339,1293,332,2,5,3,3,False,Finalizada,False,3
3340,1311,311,5,2,2,3,False,Finalizada,False,4
3341,895,338,5,4,7,18,False,Finalizada,True,5
3342,682,118,5,2,6,6,False,Finalizada,True,5
3343,617,22,4,3,5,7,False,Finalizada,False,3
3344,84,188,4,4,7,11,True,Abandonada,False,1
3345,753,65,5,1,6,5,False,Finalizada,True,5
3346,944,96,5,5,7,12,False,Finalizada,True,5
3347,502,258,5,5,5,4,False,Finalizada,True,5
3348,1714,306,5,4,5,7,False,Finalizada,False,5
3349,1886,283,4,1,2,4,False,Finalizada,True,5
3350,474,311,5,2,2,2,False,Abandonada,False,1
3351,1697,117,5,4,7,18,False,Finalizada,False,4
3352,1316,29,2,5,5,6,False,Finalizada,False,5
3353,582,214,5,2,7,10,False,Finalizada,True,5
3354,110,315,4,4,1,7,False,Abandonada,False,1
3355,411,257,5,4,4,13,True,Finalizada,True,3
3356,1938,50,5,4,1,7,True,Finalizada,False,2
3357,1615,365,4,2,2,3,False,Finalizada,True,4
3358,1903,287,4,4,6,4,False,Finalizada,False,5
3359,1510,297,4,3,2,2,False,Finalizada,True,5
3360,996,80,1,5,3,5,False,Finalizada,False,3
3361,1074,252,3,5,5,4,False,Finalizada,False,3
3362,758,357,5,2,2,2,False,Finalizada,True,5
3363,1568,224,5,3,2,3,False,Finalizada,True,5
3364,1375,131,3,5,1,7,False,Abandonada,False,1
3365,235,48,2,5,6,5,False,Finalizada,True,5
3366,1952,285,5,1,3,5,False,Finalizada,True,5
3367,535,227,5,4,4,13,True,Finalizada,False,2
3368,567,90,1,5,4,9,False,Finalizada,True,4
3369,1680,34,5,4,3,3,False,Finalizada,False,3
3370,960,244,5,1,6,4,False,Finalizada,True,5
3371,419,57,5,1,5,7,True,Finalizada,False,2
3372,1821,81,1,3,6,4,False,Abandonada,False,1
3373,738,166,5,2,3,3,False,Abandonada,False,1
3374,814,331,2,4,5,7,False,Finalizada,False,4
3375,963,124,5,4,2,4,False,Abandonada,False,2
3376,1887,65,5,5,7,11,False,Abandonada,False,1
3377,343,83,5,5,4,10,False,Finalizada,False,5
3378,1010,117,5,2,3,4,False,Finalizada,False,3
3379,601,87,5,5,3,5,False,Finalizada,True,5
3380,258,274,4,4,6,6,False,Finalizada,True,4
3381,1284,327,1,4,2,4,False,Finalizada,False,3
3382,846,190,4,5,4,10,False,Finalizada,False,5
3383,584,322,4,4,2,4,False,Finalizada,True,4
3384,1330,206,5,5,4,9,False,Finalizada,False,4
3385,1271,343,1,2,1,6,False,Finalizada,True,5
3386,1055,104,5,5,6,6,False,Finalizada,False,4
3387,147,285,1,2,6,4,False,Finalizada,True,5
3388,1438,228,1,2,1,7,False,Finalizada,True,5
3389,1760,268,4,4,5,6,False,Finalizada,True,4
3390,910,138,5,4,7,16,True,Abandonada,False,1
3391,752,243,4,1,7,16,False,Finalizada,True,5
3392,109,117,5,1,4,13,False,Finalizada,False,3
3393,1295,163,5,5,5,6,False,Finalizada,False,3
3394,1647,298,5,5,2,2,False,Finalizada,False,5
3395,1333,52,4,1,3,5,False,Finalizada,False,3
3396,1568,338,2,1,7,13,True,Finalizada,True,1
3397,200,138,4,2,4,13,False,Finalizada,False,4
3398,656,7,1,5,1,7,False,Finalizada,False,3
3399,790,187,3,4,5,4,False,Finalizada,False,3
3400,1401,106,5,5,5,6,False,Abandonada,False,1
3401,1732,8,1,1,5,7,False,Finalizada,False,5
3402,540,134,2,5,1,7,False,Finalizada,False,3
3403,1967,51,5,4,1,5,False,Finalizada,True,4
3404,1277,134,5,1,1,7,False,Finalizada,False,4
3405,708,15,1,1,5,4,True,Finalizada,True,2
3406,289,67,5,4,4,14,False,Finalizada,False,4
3407,904,38,5,2,4,15,False,Abandonada,False,2
3408,624,173,5,1,5,5,False,Finalizada,False,4
3409,505,338,4,5,3,3,False,Finalizada,True,5
3410,1391,186,1,3,2,4,False,Finalizada,True,5
3411,1720,148,4,1,2,2,False,Abandonada,False,1
3412,1287,171,1,4,6,6,True,Finalizada,False,1
3413,25,238,1,5,6,4,True,Finalizada,False,2
3414,902,67,1,1,6,5,False,Finalizada,False,3
3415,647,330,3,3,7,15,False,Abandonada,False,1
3416,909,138,2,1,4,12,False,Finalizada,False,4
3417,554,61,1,2,4,11,False,Finalizada,True,4
3418,572,259,5,2,4,8,False,Finalizada,True,5
3419,234,305,4,4,2,2,False,Finalizada,True,4
3420,511,52,2,5,2,4,False,Finalizada,False,3
3421,1385,126,4,4,6,4,False,Finalizada,True,5
3422,1638,123,4,2,1,6,False,Finalizada,False,3
3423,1490,95,2,4,3,5,False,Finalizada,True,5
3424,23,236,5,2,3,5,False,Finalizada,True,5
3425,383,157,3,5,6,6,False,Finalizada,True,4
3426,117,99,1,2,3,4,False,Finalizada,False,5
3427,947,139,4,3,1,8,False,Finalizada,False,3
3428,1661,212,4,1,5,6,False,Finalizada,False,5
3429,694,277,5,5,7,14,False,Abandonada,False,1
3430,236,74,4,5,3,5,False,Finalizada,True,5
3431,627,7,5,4,2,4,False,Finalizada,True,5
3432,129,186,1,3,2,3,False,Abandonada,False,1
3433,247,250,3,2,4,8,True,Abandonada,False,1
3434,1774,165,5,1,6,6,False,Finalizada,True,5
3435,692,58,4,2,1,8,False,Finalizada,False,5
3436,768,358,5,5,6,6,False,Finalizada,True,5
3437,818,116,4,4,6,5,False,Finalizada,True,5
3438,1953,287,5,3,1,8,False,Finalizada,True,5
3439,1577,257,5,2,3,5,False,Abandonada,False,2
3440,972,97,5,2,6,4,False,Finalizada,False,5
3441,1814,265,1,1,6,4,False,Finalizada,False,5
3442,1710,121,5,2,5,5,False,Finalizada,False,4
3443,442,68,1,1,5,7,False,Finalizada,False,3
3444,1240,342,4,3,1,7,False,Finalizada,True,5
3445,1943,47,1,2,7,17,False,Abandonada,False,1
3446,458,104,5,3,6,5,False,Finalizada,False,3
3447,615,362,5,4,7,14,False,Abandonada,False,2
3448,51,349,5,4,4,12,False,Finalizada,True,5
3449,684,82,5,2,3,4,False,Finalizada,True,5
3450,1863,228,4,1,1,6,False,Abandonada,False,1
3451,3,254,1,5,4,10,False,Finalizada,False,5
3452,318,243,4,5,3,5,False,Finalizada,True,4
3453,591,346,1,1,1,5,False,Finalizada,False,3
3454,695,84,5,2,6,4,False,Finalizada,False,5
3455,1361,133,3,2,1,8,False,Abandonada,False,1
3456,1889,72,5,1,6,6,False,Finalizada,True,5
3457,1652,94,4,5,5,4,False,Finalizada,True,4
3458,692,57,3,4,3,3,False,Finalizada,True,5
3459,243,301,4,3,1,8,False,Abandonada,False,2
3460,359,258,2,5,1,6,False,Finalizada,False,3
3461,121,6,1,5,1,5,False,Finalizada,False,5
3462,894,252,4,5,5,5,False,Finalizada,False,3
3463,14,183,5,3,5,6,False,Finalizada,False,4
3464,1839,155,1,1,2,4,False,Abandonada,False,2
3465,959,183,5,4,7,16,False,Finalizada,False,3
3466,26,363,5,1,6,4,False,Finalizada,True,4
3467,746,211,5,4,1,8,False,Finalizada,True,5
3468,262,21,3,4,1,7,True,Finalizada,False,3
3469,455,79,5,2,6,6,False,Finalizada,False,4
3470,888,80,4,3,2,2,False,Abandonada,False,1
3471,1320,163,4,3,4,9,False,Finalizada,False,4
3472,38,270,1,4,7,16,False,Finalizada,True,5
3473,1274,68,5,2,6,6,False,Abandonada,False,1
3474,1009,2,5,4,7,10,False,Finalizada,False,3
3475,442,152,3,4,1,7,False,Finalizada,False,5
3476,799,49,4,5,6,6,False,Abandonada,False,2
3477,312,55,4,5,5,4,False,Finalizada,True,4
3478,1808,35,5,5,5,7,False,Abandonada,False,1
3479,649,226,5,1,3,5,True,Finalizada,False,2
3480,340,237,3,4,4,11,False,Finalizada,True,5
3481,1717,150,2,2,6,6,False,Abandonada,False,2
3482,19,121,5,2,7,16,False,Abandonada,False,1
3483,1994,248,5,4,3,5,False,Finalizada,True,5
3484,309,57,5,4,4,9,False,Finalizada,False,4
3485,402,133,4,5,4,10,False,Finalizada,True,5
3486,708,52,4,1,5,5,False,Finalizada,False,4
3487,551,241,5,4,3,5,False,Finalizada,False,4
3488,1819,64,2,3,5,6,False,Finalizada,True,5
3489,1436,119,2,2,6,5,False,Finalizada,False,3
3490,1227,282,5,2,3,4,False,Finalizada,True,5
3491,1163,65,5,4,6,4,False,Finalizada,False,4
3492,435,106,1,3,3,3,False,Abandonada,False,2
3493,1634,288,1,3,5,5,False,Finalizada,True,5
3494,1076,290,5,5,2,4,False,Finalizada,True,5
3495,731,52,5,4,1,8,False,Finalizada,True,4
3496,158,57,2,5,5,6,False,Finalizada,False,4
3497,229,27,4,2,1,7,False,Abandonada,False,1
3498,912,309,2,3,3,4,False,Abandonada,False,1
3499,90,221,1,5,5,7,False,Finalizada,True,5
3500,537,93,4,4,7,18,True,Finalizada,False,2
3501,1061,351,4,2,2,2,False,Finalizada,True,5
3502,642,34,4,5,4,11,True,Finalizada,False,1
3503,933,209,5,3,4,12,False,Finalizada,False,3
3504,724,25,1,2,5,5,False,Abandonada,False,1
3505,1747,250,1,3,5,4,False,Finalizada,False,3
3506,337,102,4,4,2,4,False,Finalizada,True,5
3507,895,26,1,4,1,7,False,Finalizada,True,5
3508,210,282,1,2,6,4,False,Finalizada,False,5
3509,1536,132,5,2,7,13,True,Finalizada,False,1
3510,1968,124,5,2,4,9,False,Finalizada,True,5
3511,540,362,5,4,2,3,False,Finalizada,True,5
3512,728,45,5,5,1,6,False,Abandonada,False,1
3513,957,119,2,5,5,7,False,Finalizada,False,5
3514,1669,77,5,3,3,3,False,Finalizada,True,5
3515,1610,301,2,2,5,7,False,Finalizada,False,5
3516,778,356,4,4,4,13,False,Finalizada,True,5
3517,1296,312,1,5,5,5,False,Finalizada,True,5
3518,466,203,5,2,2,3,False,Finalizada,True,4
3519,1256,219,4,3,4,12,False,Finalizada,False,4
3520,1575,281,5,1,6,4,False,Abandonada,False,1
3521,332,67,4,2,5,4,False,Finalizada,False,4
3522,463,261,4,4,1,5,False,Abandonada,False,1
3523,668,219,5,4,4,15,False,Finalizada,False,4
3524,132,91,1,5,5,5,False,Finalizada,True,5
3525,1934,356,4,4,6,5,False,Finalizada,False,4
3526,1932,14,5,2,5,4,False,Finalizada,False,5
3527,1027,236,5,1,2,2,False,Finalizada,False,4
3528,1111,29,1,1,5,4,False,Finalizada,True,5
3529,654,327,4,1,7,17,False,Finalizada,False,3
3530,980,319,2,2,2,3,False,Finalizada,False,4
3531,133,308,4,4,5,6,False,Finalizada,True,4
3532,716,254,4,1,2,3,False,Finalizada,True,5
3533,1485,251,2,3,2,3,False,Finalizada,True,5
3534,1282,264,4,3,5,7,False,Finalizada,False,4
3535,784,311,5,2,7,14,False,Finalizada,False,3
3536,667,170,3,1,1,7,False,Finalizada,True,4
3537,846,312,4,3,6,4,True,Finalizada,True,2
3538,76,16,4,2,1,8,False,Finalizada,False,5
3539,947,356,5,5,5,5,False,Finalizada,True,4
3540,1477,211,2,1,1,6,False,Finalizada,False,4
3541,1882,13,1,5,7,13,False,Finalizada,True,5
3542,1707,284,5,1,3,3,False,Finalizada,False,5
3543,170,148,4,3,7,12,False,Finalizada,False,3
3544,822,244,5,4,2,4,False,Finalizada,False,4
3545,1558,37,5,2,6,4,False,Finalizada,False,3
3546,1502,186,4,1,1,5,True,Finalizada,True,3
3547,1616,210,5,3,3,4,False,Finalizada,True,5
3548,579,300,5,3,6,5,False,Finalizada,True,5
3549,570,67,5,5,7,12,False,Finalizada,False,4
3550,234,44,5,3,4,15,True,Finalizada,False,3
3551,913,246,5,4,1,5,True,Finalizada,False,2
3552,430,120,4,4,4,11,False,Finalizada,True,5
3553,479,190,4,5,1,7,False,Finalizada,False,3
3554,1827,174,4,5,1,7,True,Finalizada,False,1
3555,1324,70,2,2,6,4,False,Abandonada,False,1
3556,628,3,4,2,7,15,False,Abandonada,False,1
3557,1128,150,5,4,5,5,False,Abandonada,False,1
3558,1398,248,2,4,1,7,True,Finalizada,False,3
3559,206,59,1,3,5,7,False,Abandonada,False,1
3560,1460,305,4,5,6,5,False,Finalizada,True,5
3561,1126,145,5,4,6,5,False,Finalizada,True,5
3562,1086,160,4,4,1,5,False,Finalizada,True,5
3563,660,178,3,4,2,2,False,Finalizada,True,5
3564,103,201,5,1,7,16,False,Finalizada,False,4
3565,1581,276,1,4,6,5,False,Finalizada,False,3
3566,1326,42,3,3,7,14,True,Finalizada,False,3
3567,501,100,5,5,2,4,False,Finalizada,False,3
3568,641,115,2,1,1,8,False,Finalizada,False,3
3569,625,37,1,1,6,6,False,Finalizada,False,3
3570,1981,109,5,3,7,14,False,Abandonada,False,1
3571,1094,256,5,3,6,4,False,Finalizada,True,5
3572,863,261,2,3,1,8,False,Finalizada,False,3
3573,1960,33,5,1,5,6,False,Finalizada,True,4
3574,124,93,5,5,5,6,False,Finalizada,False,3
3575,110,214,5,1,7,18,True,Abandonada,False,1
3576,877,321,5,5,6,4,False,Finalizada,True,5
3577,1811,277,1,2,5,4,False,Finalizada,False,3
3578,1968,297,1,3,6,6,False,Finalizada,False,4
3579,963,275,1,5,5,4,False,Finalizada,False,3
3580,1509,239,1,2,3,4,False,Finalizada,True,4
3581,705,53,4,2,3,4,False,Finalizada,False,4
3582,753,363,5,1,6,6,False,Finalizada,True,5
3583,405,52,5,4,2,4,True,Finalizada,False,2
3584,1581,222,4,5,7,14,False,Abandonada,False,2
3585,1566,226,4,4,5,6,False,Finalizada,False,4
3586,564,239,5,1,4,9,True,Finalizada,True,2
3587,1487,50,5,1,5,5,False,Finalizada,False,4
3588,1951,162,1,3,4,9,False,Finalizada,False,4
3589,1344,77,5,5,2,3,False,Abandonada,False,1
3590,1290,33,1,2,1,6,False,Abandonada,False,1
3591,294,119,2,1,7,18,True,Finalizada,False,3
3592,774,68,4,5,5,7,False,Finalizada,False,3
3593,662,194,4,5,1,5,False,Finalizada,True,5
3594,1839,98,5,2,1,6,False,Finalizada,False,4
3595,749,48,5,3,7,18,True,Finalizada,True,1
3596,663,98,5,3,6,5,False,Abandonada,False,1
3597,1964,59,5,4,7,17,True,Finalizada,True,1
3598,879,331,4,3,1,8,False,Finalizada,False,4
3599,829,306,1,5,4,14,False,Finalizada,False,5
3600,1600,304,5,1,7,18,True,Finalizada,True,3
3601,975,125,5,4,5,5,False,Finalizada,False,4
3602,11,91,2,4,6,5,False,Finalizada,True,5
3603,907,19,2,4,6,4,False,Finalizada,False,4
3604,671,265,5,4,1,5,False,Finalizada,False,4
3605,1764,149,2,3,2,2,False,Finalizada,True,5
3606,28,118,1,4,6,6,False,Finalizada,False,3
3607,378,328,4,4,1,5,False,Finalizada,False,3
3608,417,16,4,5,4,13,False,Abandonada,False,1
3609,793,182,5,2,6,6,False,Finalizada,True,5
3610,1482,108,3,2,6,5,False,Finalizada,False,4
3611,503,269,5,2,3,3,False,Finalizada,True,5
3612,329,242,4,4,7,18,True,Finalizada,True,2
3613,408,297,5,3,7,14,True,Finalizada,False,2
3614,266,358,5,2,6,6,False,Abandonada,False,1
3615,234,235,4,4,4,13,False,Finalizada,False,4
3616,620,151,5,5,7,15,False,Abandonada,False,2
3617,1762,259,3,3,6,6,False,Finalizada,False,4
3618,167,89,2,1,5,7,True,Finalizada,False,2
3619,105,64,5,4,6,4,False,Finalizada,False,3
3620,1971,177,4,4,2,2,True,Finalizada,True,2
3621,1679,290,4,5,2,3,False,Abandonada,False,1
3622,1445,81,1,2,6,5,False,Finalizada,False,5
3623,1004,163,2,1,1,7,False,Finalizada,False,4
3624,175,42,5,1,3,3,False,Abandonada,False,2
3625,807,259,4,4,7,16,False,Finalizada,False,4
3626,211,130,5,4,1,5,False,Finalizada,False,3
3627,473,210,1,3,2,3,False,Abandonada,False,1
3628,733,360,4,2,5,5,False,Finalizada,False,5
3629,303,92,1,1,7,15,False,Finalizada,False,4
3630,1306,206,4,4,2,2,False,Finalizada,True,5
3631,747,57,5,5,6,4,False,Finalizada,True,5
3632,951,309,5,3,6,4,True,Finalizada,False,2
3633,984,268,2,4,4,14,False,Finalizada,False,3
3634,569,244,4,5,1,8,False,Finalizada,False,3
3635,1935,158,4,5,6,6,False,Finalizada,True,4
3636,952,201,3,3,7,17,False,Finalizada,False,4
3637,1177,203,5,4,7,13,False,Finalizada,True,4
3638,1929,78,4,4,2,4,True,Finalizada,True,2
3639,1870,81,4,5,6,5,True,Finalizada,False,2
3640,1106,31,3,4,5,6,False,Finalizada,False,4
3641,869,31,1,2,3,3,True,Abandonada,False,1
3642,418,302,1,4,2,4,False,Finalizada,True,5
3643,1174,300,3,3,5,6,False,Abandonada,False,1
3644,767,53,3,4,6,6,False,Finalizada,False,5
3645,1681,37,5,2,2,4,False,Finalizada,True,5
3646,538,204,4,4,6,4,True,Finalizada,False,2
3647,496,155,5,5,7,17,False,Finalizada,False,3
3648,897,31,4,4,1,5,False,Finalizada,False,3
3649,1394,349,4,5,1,7,False,Abandonada,False,2
3650,1424,30,4,1,2,2,False,Finalizada,True,5
3651,1859,84,3,4,7,15,True,Finalizada,False,1
3652,1787,307,2,4,3,5,False,Finalizada,False,3
3653,1191,124,5,3,3,3,False,Finalizada,False,3
3654,256,190,5,5,7,11,False,Abandonada,False,1
3655,1776,36,2,4,5,6,False,Finalizada,True,4
3656,259,25,5,2,4,9,False,Finalizada,True,4
3657,1034,54,5,3,5,5,False,Finalizada,False,3
3658,419,139,5,2,7,10,True,Finalizada,True,2
3659,837,365,5,1,4,8,False,Finalizada,True,5
3660,748,34,4,1,3,5,False,Finalizada,False,3
3661,1317,203,5,1,6,6,False,Abandonada,False,1
3662,914,208,5,4,1,7,False,Finalizada,False,3
3663,1939,211,5,4,6,6,False,Abandonada,False,1
3664,305,353,5,5,6,6,False,Finalizada,False,5
3665,128,292,4,4,7,11,False,Finalizada,False,3
3666,753,356,4,2,1,6,False,Finalizada,False,3
3667,1994,277,5,1,2,3,False,Finalizada,True,5
3668,653,65,2,2,2,3,False,Finalizada,False,5
3669,349,187,5,5,5,6,True,Finalizada,True,1
3670,1385,262,5,4,6,4,False,Finalizada,False,3
3671,1820,295,4,5,1,8,True,Finalizada,True,1
3672,1700,257,4,1,2,4,False,Finalizada,False,5
3673,873,259,5,5,1,8,False,Finalizada,False,4
3674,752,183,5,5,6,4,False,Abandonada,False,1
3675,1516,119,5,4,7,13,False,Finalizada,False,3
3676,1313,16,5,4,1,7,False,Finalizada,True,5
3677,1085,94,5,4,1,5,False,Finalizada,True,4
3678,1962,19,4,5,7,13,False,Finalizada,True,5
3679,1705,325,5,1,4,13,False,Finalizada,False,5
3680,257,289,1,4,6,6,False,Finalizada,True,5
3681,1264,21,5,4,5,4,False,Finalizada,False,4
3682,1590,123,5,1,7,16,True,Finalizada,True,3
3683,372,314,5,3,3,5,False,Finalizada,True,4
3684,919,71,5,5,2,4,False,Finalizada,True,5
3685,351,162,4,2,4,8,False,Finalizada,True,4
3686,828,16,5,3,4,8,True,Finalizada,False,2
3687,1232,109,2,5,1,8,True,Finalizada,True,1
3688,1463,274,5,3,5,5,False,Finalizada,False,4
3689,489,11,1,4,5,6,True,Finalizada,False,1
3690,748,115,2,3,4,14,False,Abandonada,False,2
3691,1487,61,5,1,4,15,False,Finalizada,True,5
3692,32,207,5,3,4,14,False,Finalizada,True,4
3693,1036,71,5,3,4,15,False,Abandonada,False,2
3694,29,219,4,1,5,4,False,Finalizada,False,3
3695,1665,356,4,5,1,5,False,Finalizada,False,3
3696,481,225,4,2,2,3,False,Finalizada,False,4
3697,614,302,5,3,3,5,False,Finalizada,False,3
3698,1492,315,2,2,7,15,False,Finalizada,False,4
3699,1919,337,1,4,3,4,False,Finalizada,False,4
3700,938,20,5,4,2,3,False,Finalizada,True,5
3701,355,93,3,1,6,6,True,Finalizada,False,2
3702,833,194,4,3,4,8,False,Finalizada,True,5
3703,1318,60,4,2,2,2,False,Finalizada,False,4
3704,498,61,2,2,6,5,False,Finalizada,False,3
3705,1032,261,5,5,3,3,False,Finalizada,True,5
3706,66,341,5,4,3,3,False,Finalizada,False,4
3707,292,29,5,1,3,5,False,Finalizada,True,5
3708,1177,183,5,5,5,6,False,Finalizada,True,5
3709,599,98,4,5,6,4,False,Finalizada,False,4
3710,544,39,5,1,1,5,False,Finalizada,False,4
3711,125,142,4,4,7,15,True,Finalizada,True,2
3712,1621,298,5,1,4,11,False,Finalizada,False,4
3713,937,178,5,3,2,3,False,Finalizada,True,5
3714,57,2,4,4,4,9,False,Abandonada,False,1
3715,1342,363,5,3,3,3,False,Finalizada,True,5
3716,1328,235,5,2,1,7,False,Finalizada,True,5
3717,299,274,5,1,7,12,True,Finalizada,True,3
3718,753,323,4,5,6,5,False,Finalizada,True,5
3719,41,114,4,1,6,5,False,Finalizada,False,5
3720,1368,243,3,3,2,4,False,Finalizada,False,3
3721,780,250,3,4,5,4,False,Finalizada,True,4
3722,1630,207,2,3,7,17,False,Finalizada,False,4
3723,1563,301,1,3,4,8,True,Finalizada,True,3
3724,578,274,5,3,7,10,False,Finalizada,False,4
3725,1787,59,4,1,1,7,False,Finalizada,False,5
3726,1145,142,5,3,4,14,False,Finalizada,True,4
3727,837,55,5,3,7,12,False,Finalizada,True,5
3728,1741,101,4,5,4,14,False,Finalizada,True,5
3729,1982,211,5,5,5,4,False,Abandonada,False,1
3730,1794,22,5,3,5,6,False,Finalizada,False,4
3731,1363,167,5,1,6,6,False,Abandonada,False,1
3732,159,13,5,3,6,4,False,Finalizada,True,5
3733,1637,354,1,5,3,4,False,Finalizada,False,4
3734,1472,313,5,1,6,5,False,Finalizada,False,4
3735,1183,180,5,2,3,3,False,Finalizada,False,3
3736,753,354,2,2,5,5,False,Finalizada,True,4
3737,1025,112,4,2,5,4,False,Finalizada,False,5
3738,1699,303,4,4,6,6,False,Finalizada,True,5
3739,1909,315,5,3,2,2,False,Finalizada,True,5
3740,1547,346,4,2,4,12,False,Finalizada,True,5
3741,1607,139,5,5,1,5,False,Finalizada,False,4
3742,1782,99,3,2,7,14,True,Finalizada,False,2
3743,1520,254,5,2,7,16,False,Finalizada,False,5
3744,1032,207,4,2,6,4,False,Finalizada,False,3
3745,1958,210,5,5,6,6,False,Finalizada,False,4
3746,530,126,4,1,7,13,False,Finalizada,False,3
3747,1805,258,5,5,4,13,True,Finalizada,True,3
3748,1177,266,1,1,2,4,False,Finalizada,True,5
3749,286,285,1,1,3,5,False,Finalizada,False,4
3750,1759,113,1,3,6,6,False,Finalizada,False,4
3751,1775,62,4,3,6,5,True,Abandonada,False,2
3752,291,212,5,5,3,3,False,Finalizada,True,4
3753,1515,50,4,3,7,10,True,Finalizada,False,3
3754,1913,102,4,2,3,3,False,Finalizada,False,3
3755,994,31,1,5,3,4,False,Finalizada,False,4
3756,15,288,4,1,1,7,False,Finalizada,True,5
3757,767,197,2,4,6,5,False,Finalizada,False,5
3758,1829,228,5,5,6,6,False,Finalizada,True,4
3759,57,210,5,1,3,3,False,Finalizada,True,4
3760,625,290,4,2,1,6,False,Abandonada,False,2
3761,397,132,4,1,6,4,False,Finalizada,False,5
3762,1103,123,2,2,5,5,False,Finalizada,True,4
3763,314,145,4,2,4,13,False,Finalizada,True,5
3764,947,279,1,5,4,10,False,Finalizada,False,5
3765,109,312,4,2,2,3,False,Finalizada,False,5
3766,1468,29,5,5,4,15,False,Finalizada,False,4
3767,1220,264,2,5,6,4,False,Finalizada,False,5
3768,751,70,4,5,5,7,False,Finalizada,False,5
3769,1562,180,1,3,6,4,True,Finalizada,False,2
3770,1615,203,5,2,4,14,True,Finalizada,True,3
3771,273,341,5,3,1,6,False,Abandonada,False,2
3772,1094,330,4,5,2,3,False,Finalizada,True,5
3773,448,118,5,2,6,4,False,Finalizada,True,4
3774,1577,76,5,1,6,4,False,Finalizada,False,3
3775,508,101,4,2,6,4,False,Finalizada,False,4
3776,1742,128,2,2,2,3,False,Abandonada,False,2
3777,474,111,5,3,1,5,False,Abandonada,False,1
3778,596,317,2,4,7,14,False,Finalizada,False,4
3779,329,154,5,4,3,3,False,Abandonada,False,2
3780,102,234,5,2,3,4,False,Finalizada,True,4
3781,843,240,5,2,4,10,False,Finalizada,True,4
3782,209,271,5,1,7,13,False,Finalizada,True,5
3783,1128,326,5,4,5,6,False,Finalizada,True,5
3784,1353,177,4,2,7,11,False,Finalizada,True,5
3785,1639,265,5,5,2,2,False,Finalizada,True,5
3786,1684,327,1,2,7,11,False,Finalizada,False,4
3787,1150,101,4,4,4,9,False,Finalizada,True,5
3788,1819,356,5,5,3,3,False,Abandonada,False,2
3789,1617,44,1,1,1,6,False,Finalizada,False,4
3790,609,133,5,3,7,18,False,Finalizada,False,4
3791,1103,207,5,4,7,12,True,Finalizada,False,2
3792,1599,205,4,4,7,12,False,Finalizada,True,5
3793,86,232,1,2,6,4,False,Abandonada,False,1
3794,1723,135,4,5,1,8,False,Finalizada,True,5
3795,325,313,1,2,1,5,True,Finalizada,False,2
3796,1539,219,2,1,2,2,False,Finalizada,False,3
3797,729,85,5,1,4,9,False,Finalizada,False,4
3798,1251,124,4,3,6,4,False,Finalizada,True,5
3799,648,2,4,2,3,4,False,Finalizada,False,3
3800,1225,269,1,1,5,6,False,Finalizada,False,4
3801,1461,168,2,4,2,3,False,Finalizada,True,5
3802,1191,108,1,1,3,5,False,Finalizada,True,5
3803,406,89,4,2,6,5,False,Finalizada,False,4
3804,227,332,1,5,1,8,False,Finalizada,False,3
3805,1081,263,1,2,2,3,False,Finalizada,True,5
3806,989,214,5,1,6,5,False,Finalizada,False,4
3807,479,166,5,5,7,17,False,Finalizada,True,4
3808,1171,10,5,5,1,5,False,Finalizada,False,4
3809,756,55,4,4,6,5,False,Finalizada,True,4
3810,885,20,2,1,1,8,True,Finalizada,True,2
3811,1571,48,4,3,1,6,False,Finalizada,False,4
3812,185,247,5,1,4,11,True,Finalizada,True,3
3813,1532,156,5,3,5,5,False,Abandonada,False,2
3814,496,336,4,3,4,12,True,Finalizada,True,2
3815,1709,160,5,2,2,4,False,Finalizada,False,3
3816,1759,107,1,5,2,3,False,Finalizada,False,5
3817,463,328,2,5,2,3,False,Finalizada,False,3
3818,1005,55,3,3,7,12,True,Finalizada,False,2
3819,924,83,1,3,4,15,True,Finalizada,True,2
3820,923,230,5,3,3,3,False,Finalizada,False,3
3821,1775,136,4,5,1,8,False,Finalizada,False,4
3822,1618,205,5,5,6,6,False,Finalizada,False,3
3823,1806,107,5,2,3,3,False,Finalizada,True,4
3824,282,285,5,1,4,14,False,Finalizada,False,4
3825,1575,191,3,5,2,3,False,Abandonada,False,1
3826,1124,361,5,1,4,8,False,Abandonada,False,1
3827,27,217,2,1,7,18,False,Finalizada,False,3
3828,1883,226,5,2,2,2,False,Finalizada,False,5
3829,275,197,2,5,1,8,False,Finalizada,False,3
3830,1290,134,1,3,2,2,False,Finalizada,False,4
3831,702,276,4,2,4,12,False,Abandonada,False,1
3832,505,109,5,4,5,6,False,Finalizada,True,5
3833,868,114,5,4,7,10,False,Finalizada,True,5
3834,882,349,5,2,1,7,False,Finalizada,False,4
3835,109,101,4,1,5,6,False,Finalizada,False,3
3836,1636,163,1,4,1,5,False,Finalizada,False,4
3837,1305,307,4,2,6,6,False,Finalizada,False,4
3838,1041,221,1,1,4,13,False,Finalizada,False,3
3839,767,70,4,4,1,6,False,Finalizada,False,5
3840,160,270,3,3,6,5,False,Finalizada,False,4
3841,162,352,4,1,4,9,False,Finalizada,False,4
3842,1094,137,4,2,3,5,False,Finalizada,True,4
3843,1990,12,4,2,3,4,False,Finalizada,False,3
3844,1877,74,5,3,2,2,False,Finalizada,False,4
3845,31,186,5,5,6,5,False,Finalizada,False,5
3846,970,231,1,4,7,17,False,Abandonada,False,2
3847,488,288,2,5,7,11,False,Finalizada,False,3
3848,1243,231,4,1,1,7,False,Abandonada,False,1
3849,995,131,4,3,1,7,False,Finalizada,True,4
3850,1721,139,2,2,2,2,True,Finalizada,True,1
3851,941,334,4,3,6,5,False,Finalizada,False,5
3852,1161,211,1,4,5,6,False,Finalizada,False,3
3853,7,200,2,2,5,7,False,Abandonada,False,2
3854,422,268,4,5,2,3,False,Finalizada,False,3
3855,1620,268,3,3,7,15,True,Finalizada,False,1
3856,1527,364,1,4,3,4,False,Finalizada,False,4
3857,259,98,5,4,4,9,True,Abandonada,False,1
3858,1529,139,5,4,1,8,False,Finalizada,False,3
3859,1565,322,4,4,7,16,False,Abandonada,False,2
3860,1518,101,4,1,2,4,False,Finalizada,False,5
3861,1893,49,1,3,5,7,False,Finalizada,True,5
3862,1742,257,5,1,6,4,False,Abandonada,False,1
3863,1723,155,4,2,1,5,False,Finalizada,True,4
3864,1585,121,1,1,6,5,False,Finalizada,False,3
3865,551,72,4,3,6,4,False,Finalizada,True,5
3866,1743,256,5,3,2,4,False,Finalizada,False,4
3867,1084,244,1,5,2,2,False,Finalizada,False,5
3868,1964,54,5,2,3,5,False,Finalizada,False,3
3869,185,6,1,4,3,4,False,Finalizada,False,5
3870,1715,211,2,3,7,17,False,Abandonada,False,2
3871,1944,121,5,5,2,3,False,Finalizada,False,5
3872,1397,313,5,4,6,5,False,Finalizada,True,4
3873,1388,119,4,4,6,5,False,Abandonada,False,1
3874,919,315,4,1,6,4,False,Abandonada,False,1
3875,552,161,5,2,6,4,False,Finalizada,False,3
3876,1445,312,1,3,5,4,False,Abandonada,False,1
3877,1525,123,5,3,6,6,False,Finalizada,True,5
3878,694,209,5,1,2,3,False,Abandonada,False,1
3879,71,194,5,4,3,5,False,Abandonada,False,1
3880,261,318,5,4,3,4,False,Finalizada,False,5
3881,35,300,4,1,4,12,False,Finalizada,False,4
3882,1378,359,1,5,3,3,False,Finalizada,False,5
3883,1218,47,2,1,1,7,True,Finalizada,False,1
3884,1096,189,1,1,4,15,True,Finalizada,False,2
3885,1314,168,5,2,4,8,False,Finalizada,True,4
3886,1675,340,3,2,7,15,False,Finalizada,False,3
3887,1875,213,5,3,5,4,False,Finalizada,False,5
3888,406,85,2,5,3,5,False,Finalizada,False,4
3889,1259,228,5,4,6,5,False,Finalizada,True,5
3890,1264,234,5,1,4,15,True,Abandonada,False,1
3891,411,54,5,2,7,13,False,Finalizada,True,4
3892,831,320,1,3,4,12,False,Finalizada,True,5
3893,683,32,5,4,4,15,False,Finalizada,False,4
3894,1601,136,5,5,7,18,True,Abandonada,False,1
3895,1483,169,1,2,6,5,False,Finalizada,False,4
3896,6,57,5,1,4,13,False,Finalizada,False,4
3897,948,129,5,2,6,4,False,Finalizada,True,5
3898,1163,312,4,2,6,5,False,Finalizada,True,5
3899,1682,117,3,4,5,6,True,Finalizada,True,1
3900,574,125,4,3,5,5,False,Finalizada,False,3
3901,1758,223,5,3,5,7,False,Finalizada,False,3
3902,1354,277,5,5,1,6,False,Abandonada,False,1
3903,1637,353,5,3,2,3,True,Finalizada,True,2
3904,92,264,4,5,4,11,False,Finalizada,False,4
3905,66,69,4,2,5,4,False,Finalizada,False,3
3906,1027,238,2,5,7,16,False,Finalizada,False,4
3907,1450,311,4,3,5,7,False,Finalizada,False,5
3908,1800,279,5,1,5,5,True,Finalizada,True,2
3909,252,178,5,5,3,4,False,Finalizada,True,4
3910,699,361,2,2,6,6,False,Abandonada,False,1
3911,72,199,1,5,1,8,False,Finalizada,True,5
3912,448,363,3,3,1,5,False,Finalizada,False,4
3913,520,258,5,5,3,5,False,Finalizada,True,4
3914,1134,161,5,4,6,5,False,Abandonada,False,1
3915,699,143,4,2,3,3,False,Finalizada,False,4
3916,1846,126,3,2,4,12,True,Finalizada,True,1
3917,1409,304,4,4,3,5,False,Finalizada,True,5
3918,385,147,4,2,3,5,True,Finalizada,False,2
3919,752,128,3,4,2,4,False,Finalizada,True,5
3920,695,10,1,1,3,5,False,Finalizada,True,5
3921,800,89,4,5,5,5,True,Finalizada,True,3
3922,1131,88,5,2,7,10,False,Finalizada,True,5
3923,1651,283,3,1,5,4,False,Abandonada,False,2
3924,1116,364,5,2,1,8,False,Finalizada,True,4
3925,1423,172,5,5,4,10,False,Finalizada,True,4
3926,227,347,3,4,2,4,False,Finalizada,False,3
3927,547,319,2,4,1,6,False,Finalizada,True,5
3928,1542,110,4,5,2,3,False,Finalizada,True,5
3929,1502,27,4,4,6,6,False,Finalizada,True,5
3930,1828,295,1,5,5,7,False,Finalizada,True,5
3931,1230,109,5,1,7,11,False,Finalizada,True,4
3932,1825,243,2,4,6,4,False,Finalizada,False,4
3933,1144,295,1,2,4,15,False,Finalizada,False,4
3934,1452,103,5,2,3,4,False,Finalizada,True,5
3935,1843,108,5,5,2,4,False,Finalizada,False,3
3936,286,334,5,2,1,5,False,Finalizada,False,4
3937,1542,182,5,4,4,15,True,Finalizada,False,2
3938,130,170,5,1,1,5,False,Finalizada,False,3
3939,369,186,1,1,5,5,False,Finalizada,True,4
3940,1613,250,5,3,6,5,False,Finalizada,False,4
3941,869,123,5,1,6,4,False,Abandonada,False,2
3942,1476,321,5,2,3,3,False,Finalizada,True,4
3943,156,31,4,4,6,5,False,Finalizada,False,3
3944,1282,124,3,4,1,7,False,Finalizada,False,5
3945,1975,332,2,5,3,4,False,Finalizada,False,4
3946,516,282,2,2,1,8,False,Finalizada,True,5
3947,413,356,2,2,6,6,False,Finalizada,False,3
3948,1617,149,4,2,2,2,False,Finalizada,False,4
3949,1686,273,2,2,5,5,False,Finalizada,False,4
3950,1933,138,1,4,3,5,False,Finalizada,True,5
3951,1363,188,5,5,2,3,False,Abandonada,False,1
3952,714,306,5,2,1,6,False,Abandonada,False,1
3953,1320,233,4,1,7,15,False,Finalizada,True,5
3954,1863,107,3,4,7,10,True,Finalizada,False,3
3955,1240,149,1,2,2,3,False,Finalizada,True,4
3956,1152,217,3,3,1,6,False,Finalizada,False,3
3957,955,283,4,5,3,4,False,Finalizada,True,5
3958,821,272,5,2,7,14,False,Finalizada,True,5
3959,188,132,2,4,7,11,False,Finalizada,False,4
3960,534,288,3,4,7,12,False,Abandonada,False,2
3961,990,146,5,2,2,4,False,Finalizada,True,5
3962,1966,18,5,1,7,15,False,Abandonada,False,2
3963,406,65,3,3,7,16,False,Finalizada,False,3
3964,1444,190,4,4,5,6,False,Abandonada,False,2
3965,788,191,1,1,3,4,False,Abandonada,False,1
3966,1351,257,5,5,2,4,False,Finalizada,False,3
3967,1839,232,4,4,1,8,False,Finalizada,True,5
3968,895,37,5,1,4,13,False,Abandonada,False,2
3969,1739,228,2,2,4,8,False,Finalizada,False,3
3970,1414,267,5,3,4,10,False,Finalizada,True,5
3971,1426,127,5,4,2,3,False,Finalizada,True,5
3972,177,267,1,4,1,8,False,Finalizada,False,4
3973,1511,323,4,2,6,4,False,Finalizada,True,5
3974,1712,133,5,1,2,2,False,Abandonada,False,1
3975,1065,86,5,3,3,3,False,Finalizada,True,5
3976,1209,280,1,1,2,3,False,Finalizada,False,3
3977,668,302,4,2,1,6,False,Finalizada,False,4
3978,1922,240,5,3,7,18,False,Finalizada,True,5
3979,781,170,3,5,3,4,False,Finalizada,False,5
3980,915,135,5,1,4,15,False,Abandonada,False,2
3981,344,321,4,5,4,11,False,Finalizada,False,4
3982,1578,178,4,4,3,3,False,Abandonada,False,1
3983,155,323,5,3,1,5,False,Finalizada,True,5
3984,1000,250,5,1,6,4,False,Finalizada,True,5
3985,672,361,3,2,2,2,True,Finalizada,False,2
3986,634,230,4,5,1,5,False,Finalizada,False,3
3987,1059,107,1,1,5,7,False,Abandonada,False,1
3988,1704,359,5,2,1,8,False,Finalizada,False,4
3989,756,300,2,3,7,13,False,Finalizada,False,4
3990,77,9,5,5,4,10,False,Abandonada,False,1
3991,1285,14,4,3,2,2,False,Abandonada,False,2
3992,274,119,5,4,2,4,False,Finalizada,True,5
3993,1542,167,5,5,2,2,False,Abandonada,False,1
3994,1759,210,4,4,1,8,True,Finalizada,False,3
3995,1980,66,4,1,4,8,False,Finalizada,False,3
3996,675,331,4,2,3,5,False,Finalizada,False,5
3997,725,349,5,4,5,6,False,Finalizada,False,5
3998,591,245,5,2,6,5,False,Finalizada,True,4
3999,1786,209,1,5,7,10,False,Finalizada,True,4
4000,1196,126,5,4,4,12,False,Finalizada,True,5
4001,252,21,1,3,6,5,True,Finalizada,False,3
4002,1952,154,1,3,7,15,False,Finalizada,False,4
4003,522,161,1,1,5,6,False,Finalizada,False,4
4004,1012,315,5,4,7,17,True,Finalizada,True,3
4005,198,64,5,2,6,5,False,Finalizada,True,5
4006,1887,190,5,4,1,8,False,Finalizada,True,5
4007,1705,215,4,5,1,8,False,Finalizada,True,5
4008,1149,182,1,5,7,17,True,Finalizada,False,2
4009,1462,246,1,1,4,13,True,Finalizada,False,2
4010,944,27,1,2,1,5,False,Abandonada,False,2
4011,317,316,5,3,5,7,False,Abandonada,False,1
4012,700,316,4,1,4,10,False,Finalizada,False,3
4013,1039,302,5,4,5,5,False,Finalizada,False,5
4014,1706,161,5,3,2,4,False,Finalizada,True,5
4015,668,30,5,5,3,5,False,Finalizada,True,5
4016,827,68,5,4,1,7,False,Finalizada,False,3
4017,1141,169,5,2,1,6,False,Finalizada,True,5
4018,242,229,2,4,6,4,False,Finalizada,False,3
4019,807,272,4,5,3,3,False,Finalizada,False,4
4020,1763,267,4,2,1,6,False,Finalizada,True,5
4021,1931,246,5,4,4,12,False,Finalizada,True,5
4022,1136,192,5,3,1,7,False,Finalizada,True,5
4023,1114,180,5,5,6,6,False,Finalizada,False,3
4024,1252,32,5,4,5,4,True,Finalizada,True,2
4025,1706,155,1,3,1,7,True,Abandonada,False,1
4026,1159,309,5,3,3,3,False,Finalizada,False,5
4027,1328,169,5,5,7,11,True,Finalizada,True,2
4028,725,344,2,1,2,4,False,Finalizada,False,4
4029,1076,285,1,2,7,18,False,Finalizada,False,4
4030,1004,140,2,3,3,3,False,Abandonada,False,1
4031,1,131,4,3,7,11,True,Finalizada,True,1
4032,1973,283,4,5,6,4,False,Abandonada,False,2
4033,839,265,5,2,4,9,True,Finalizada,False,1
4034,1729,2,5,2,5,7,True,Finalizada,False,2
4035,1860,18,5,4,7,10,True,Finalizada,True,2
4036,176,309,5,2,6,4,False,Finalizada,True,4
4037,1395,158,2,3,1,8,False,Finalizada,True,5
4038,419,208,4,3,3,4,False,Finalizada,False,4
4039,1594,331,5,1,2,2,False,Finalizada,False,4
4040,1364,85,4,5,7,14,True,Finalizada,True,2
4041,858,247,1,4,6,4,False,Finalizada,True,5
4042,1446,274,5,1,3,3,False,Finalizada,False,4
4043,1857,258,4,2,2,2,False,Abandonada,False,2
4044,477,138,2,1,4,15,False,Finalizada,False,4
4045,1292,171,4,3,6,4,False,Finalizada,True,5
4046,359,56,5,4,4,14,False,Finalizada,False,3
4047,1165,318,5,2,5,7,False,Finalizada,False,3
4048,1245,261,5,5,7,17,False,Finalizada,False,3
4049,1329,334,4,4,2,2,False,Finalizada,False,5
4050,1417,282,2,1,1,5,False,Finalizada,False,3
4051,1254,216,4,1,3,5,False,Finalizada,True,4
4052,1083,178,2,3,7,17,True,Finalizada,False,3
4053,1559,230,5,2,3,5,False,Finalizada,False,3
4054,757,225,1,1,1,5,False,Abandonada,False,1
4055,662,232,5,5,2,3,False,Finalizada,True,4
4056,354,322,1,1,3,5,False,Finalizada,False,3
4057,1711,258,4,3,1,8,False,Finalizada,True,5
4058,761,251,5,2,6,5,False,Finalizada,False,3
4059,313,70,1,4,1,5,False,Finalizada,False,5
4060,160,236,4,5,7,11,False,Finalizada,True,5
4061,243,27,4,2,3,3,False,Finalizada,False,4
4062,773,197,5,3,1,5,False,Finalizada,False,5
4063,37,259,5,5,4,14,False,Finalizada,True,4
4064,1747,213,5,3,4,13,True,Finalizada,True,1
4065,1790,302,2,3,2,4,False,Finalizada,False,4
4066,717,122,5,3,6,4,True,Finalizada,True,2
4067,278,149,5,4,6,5,False,Finalizada,True,4
4068,915,1,5,4,3,4,False,Finalizada,False,3
4069,109,16,5,3,3,5,False,Finalizada,False,4
4070,1435,315,1,3,2,3,False,Finalizada,False,5
4071,853,364,3,5,1,8,False,Finalizada,False,5
4072,1290,225,4,4,2,2,False,Abandonada,False,1
4073,43,234,5,3,2,3,False,Finalizada,True,4
4074,672,191,1,5,7,14,False,Finalizada,True,4
4075,24,142,2,3,5,4,False,Finalizada,True,5
4076,365,113,4,3,6,6,False,Finalizada,False,4
4077,669,348,4,4,3,3,False,Finalizada,True,5
4078,1321,1,1,1,2,3,False,Finalizada,False,4
4079,1035,64,3,3,7,15,True,Abandonada,False,2
4080,537,197,3,2,1,7,False,Finalizada,False,3
4081,689,349,5,5,1,5,True,Finalizada,True,2
4082,1558,203,5,5,7,18,False,Finalizada,False,4
4083,1032,175,5,4,1,8,False,Finalizada,False,3
4084,228,209,4,3,1,7,False,Finalizada,False,4
4085,539,196,1,1,6,6,False,Finalizada,True,5
4086,57,311,5,1,5,6,False,Finalizada,True,5
4087,1055,230,1,2,7,10,False,Finalizada,False,3
4088,173,263,1,5,5,4,False,Finalizada,False,4
4089,1987,116,5,4,1,8,False,Finalizada,True,5
4090,1925,3,5,4,2,2,False,Abandonada,False,1
4091,808,347,1,5,7,12,False,Finalizada,False,3
4092,1700,101,4,2,1,7,False,Finalizada,False,4
4093,1653,220,4,1,6,4,False,Abandonada,False,1
4094,1408,167,5,3,4,10,True,Finalizada,True,3
4095,83,38,4,4,4,10,False,Finalizada,True,5
4096,651,71,1,2,5,4,False,Finalizada,True,5
4097,165,63,3,3,7,15,True,Finalizada,False,2
4098,646,298,2,5,4,9,True,Finalizada,False,2
4099,197,106,5,2,3,5,False,Abandonada,False,2
4100,107,139,1,3,1,6,True,Finalizada,False,1
4101,759,342,2,1,3,3,False,Finalizada,True,5
4102,1946,123,3,1,7,18,True,Finalizada,False,2
4103,1528,276,5,1,3,4,False,Finalizada,False,4
4104,28,153,5,5,3,3,False,Finalizada,True,5
4105,967,93,5,5,1,7,False,Abandonada,False,1
4106,1483,162,5,5,4,15,False,Finalizada,True,5
4107,393,80,5,2,7,11,False,Abandonada,False,1
4108,182,123,1,4,5,4,False,Finalizada,True,5
4109,34,346,5,4,3,4,False,Finalizada,True,5
4110,1060,342,2,3,5,7,True,Finalizada,False,2
4111,1864,348,4,1,5,6,True,Finalizada,True,2
4112,701,82,5,4,5,5,True,Finalizada,True,1
4113,869,83,4,4,1,5,False,Finalizada,False,3
4114,516,53,5,4,5,6,True,Finalizada,True,2
4115,402,22,4,5,3,5,False,Abandonada,False,1
4116,1204,92,5,5,6,6,False,Finalizada,True,5
4117,1504,117,3,3,7,17,False,Finalizada,True,5
4118,1824,247,3,3,1,6,False,Finalizada,False,4
4119,784,220,1,4,7,18,True,Finalizada,True,1
4120,169,217,1,1,6,5,False,Finalizada,False,4
4121,145,214,4,3,7,11,False,Finalizada,True,5
4122,1507,293,5,2,7,10,True,Finalizada,True,3
4123,1710,154,4,2,2,3,False,Finalizada,False,4
4124,1280,162,5,4,7,16,False,Finalizada,False,3
4125,810,208,4,1,4,10,False,Finalizada,False,3
4126,344,294,4,4,2,3,False,Abandonada,False,1
4127,1436,85,4,5,4,10,False,Abandonada,False,2
4128,1246,85,5,2,2,3,True,Finalizada,False,2
4129,1007,332,5,1,4,13,False,Finalizada,False,3
4130,974,166,5,1,1,8,False,Abandonada,False,1
4131,450,19,2,3,7,12,False,Abandonada,False,1
4132,676,236,5,5,1,8,False,Finalizada,True,4
4133,1213,229,5,5,7,17,False,Finalizada,False,3
4134,587,149,5,3,1,8,False,Abandonada,False,1
4135,1649,219,1,5,7,15,False,Finalizada,False,3
4136,1722,244,3,1,3,3,False,Finalizada,True,5
4137,1564,124,5,1,7,11,False,Finalizada,True,5
4138,24,243,4,1,2,2,False,Finalizada,True,5
4139,1083,37,4,1,2,2,True,Finalizada,False,2
4140,1229,31,5,4,2,3,False,Finalizada,True,5
4141,446,362,5,3,7,18,True,Finalizada,True,2
4142,1262,196,5,1,7,14,True,Finalizada,False,2
4143,1207,47,1,5,4,8,True,Finalizada,False,2
4144,1256,145,2,2,3,4,True,Finalizada,False,3
4145,1469,106,5,2,7,14,False,Finalizada,False,3
4146,416,155,3,5,6,5,False,Finalizada,False,4
4147,1859,93,1,1,4,10,False,Finalizada,False,3
4148,1542,115,4,5,4,13,False,Finalizada,False,3
4149,1020,285,5,2,7,10,False,Finalizada,False,3
4150,1619,3,4,4,1,6,False,Finalizada,False,3
4151,756,63,1,5,5,6,False,Finalizada,True,5
4152,791,352,5,4,6,5,False,Finalizada,True,5
4153,1397,274,4,1,1,7,False,Abandonada,False,1
4154,928,204,5,2,2,4,False,Finalizada,False,5
4155,1460,69,5,3,1,7,False,Finalizada,True,5
4156,1538,74,1,5,4,12,False,Finalizada,True,5
4157,1475,205,5,3,4,15,False,Abandonada,False,1
4158,691,13,4,1,3,3,False,Abandonada,False,1
4159,1888,20,2,4,7,11,False,Abandonada,False,1
4160,717,212,5,3,7,12,False,Finalizada,True,5
4161,1439,323,5,3,1,8,False,Finalizada,False,4
4162,203,24,1,1,3,3,False,Abandonada,False,1
4163,1798,35,2,5,6,5,False,Finalizada,False,4
4164,929,221,1,2,7,15,False,Finalizada,False,3
4165,802,112,1,5,1,7,False,Finalizada,True,5
4166,1771,159,1,2,5,5,False,Finalizada,True,5
4167,1448,196,5,2,1,7,False,Abandonada,False,1
4168,560,95,4,1,5,4,False,Finalizada,False,4
4169,1281,261,1,1,6,5,False,Finalizada,False,3
4170,518,318,4,3,3,4,False,Finalizada,False,4
4171,116,320,5,5,2,4,False,Finalizada,True,4
4172,1123,6,1,1,7,13,False,Finalizada,False,4
4173,1497,204,5,2,1,6,False,Finalizada,True,5
4174,1457,243,4,4,1,8,False,Finalizada,False,4
4175,407,261,5,4,7,12,False,Finalizada,False,5
4176,1785,37,5,5,2,4,True,Finalizada,False,2
4177,118,9,1,5,2,3,False,Finalizada,False,4
4178,496,128,1,2,2,4,False,Finalizada,False,5
4179,1583,337,4,1,5,7,True,Finalizada,True,2
4180,137,156,4,2,3,5,False,Finalizada,True,5
4181,1334,334,1,4,5,4,False,Finalizada,True,5
4182,1387,345,5,4,3,5,False,Finalizada,True,5
4183,490,226,1,2,5,4,False,Finalizada,False,4
4184,231,136,1,3,1,5,False,Finalizada,False,4
4185,2000,205,5,3,5,7,False,Finalizada,True,5
4186,1225,353,4,2,2,3,False,Finalizada,False,4
4187,244,256,5,1,3,4,False,Finalizada,True,4
4188,1039,227,5,4,6,4,False,Finalizada,False,5
4189,963,157,5,4,4,14,False,Finalizada,False,3
4190,1177,5,1,4,4,13,False,Finalizada,False,4
4191,138,43,5,1,5,7,False,Finalizada,True,5
4192,370,111,5,3,3,4,False,Abandonada,False,1
4193,807,31,5,3,1,8,False,Finalizada,True,5
4194,417,137,4,3,3,3,False,Finalizada,False,3
4195,1739,309,2,5,7,15,False,Abandonada,False,1
4196,691,222,5,5,3,5,False,Finalizada,True,5
4197,583,29,1,2,2,4,False,Finalizada,False,4
4198,1305,55,3,5,7,16,False,Finalizada,False,3
4199,809,228,1,4,2,3,False,Finalizada,False,3
4200,62,83,5,3,6,6,False,Finalizada,True,5
4201,1542,163,4,3,6,6,False,Abandonada,False,1
4202,1972,292,1,2,2,4,False,Finalizada,False,3
4203,122,160,5,1,5,4,True,Finalizada,False,1
4204,1494,216,2,3,6,6,False,Finalizada,False,4
4205,270,206,5,3,3,4,False,Finalizada,True,5
4206,690,295,5,1,4,8,False,Finalizada,True,5
4207,1582,352,5,5,5,5,False,Finalizada,False,4
4208,1930,76,5,4,3,4,False,Finalizada,False,4
4209,675,109,5,2,5,4,False,Abandonada,False,2
4210,1557,129,5,1,2,2,False,Finalizada,False,3
4211,56,93,4,1,5,5,True,Finalizada,False,2
4212,455,253,2,1,7,10,True,Finalizada,False,3
4213,128,283,2,4,2,2,False,Finalizada,False,5
4214,710,28,5,3,6,4,False,Finalizada,False,4
4215,114,193,1,4,1,6,False,Finalizada,False,5
4216,699,326,3,5,7,10,False,Abandonada,False,1
4217,1534,256,5,2,5,4,False,Finalizada,True,5
4218,1340,105,2,1,1,8,False,Abandonada,False,1
4219,1358,128,5,2,4,12,False,Abandonada,False,1
4220,1219,292,4,3,2,3,False,Finalizada,True,5
4221,981,201,1,2,7,11,False,Finalizada,False,4
4222,1835,301,5,5,4,11,False,Finalizada,True,4
4223,1641,153,5,3,6,5,False,Finalizada,False,5
4224,1446,332,2,2,5,5,False,Abandonada,False,2
4225,832,351,2,2,5,4,True,Finalizada,False,1
4226,1059,305,5,2,3,3,False,Finalizada,False,4
4227,1054,12,5,5,7,13,True,Finalizada,False,2
4228,1876,232,3,4,7,11,False,Finalizada,False,5
4229,357,317,4,1,2,4,False,Finalizada,False,4
4230,1557,63,5,1,5,6,True,Finalizada,True,2
4231,332,322,4,2,5,5,False,Finalizada,False,4
4232,1364,198,5,2,1,6,False,Finalizada,True,5
4233,1457,360,1,3,1,6,False,Abandonada,False,1
4234,1346,187,5,3,5,4,False,Finalizada,True,5
4235,676,122,4,2,7,13,True,Finalizada,True,3
4236,184,250,2,1,4,12,False,Abandonada,False,1
4237,903,301,5,4,3,4,False,Finalizada,True,4
4238,1615,78,5,3,1,6,False,Finalizada,True,5
4239,316,116,5,3,1,6,False,Finalizada,True,5
4240,909,7,4,1,7,10,False,Finalizada,True,5
4241,1810,277,2,3,7,12,False,Finalizada,False,4
4242,167,28,5,1,2,4,False,Finalizada,True,5
4243,1026,4,5,1,6,6,True,Finalizada,True,3
4244,939,121,5,3,3,5,False,Abandonada,False,1
4245,350,344,2,4,7,17,False,Finalizada,False,3
4246,1639,118,5,2,1,7,False,Finalizada,True,4
4247,970,285,2,1,7,17,False,Finalizada,False,3
4248,987,182,4,3,5,7,False,Finalizada,True,5
4249,366,177,3,2,1,6,False,Abandonada,False,1
4250,1553,236,5,2,3,5,False,Finalizada,True,5
4251,1359,285,4,4,7,16,True,Finalizada,True,1
4252,469,57,5,5,1,6,False,Finalizada,True,5
4253,153,189,5,1,2,3,True,Finalizada,True,1
4254,1331,320,3,2,6,6,False,Finalizada,False,5
4255,469,215,5,1,1,8,False,Finalizada,False,5
4256,1013,60,5,4,1,7,False,Finalizada,False,3
4257,1806,293,1,5,4,9,True,Finalizada,False,1
4258,557,93,2,5,1,7,False,Finalizada,True,4
4259,1709,30,5,3,1,6,False,Finalizada,True,4
4260,1417,291,3,5,1,5,False,Finalizada,False,4
4261,167,40,5,4,6,6,False,Finalizada,False,4
4262,1245,260,5,4,2,2,False,Finalizada,True,5
4263,562,47,4,2,7,16,True,Finalizada,True,3
4264,459,338,4,1,6,6,False,Finalizada,False,4
4265,549,250,1,3,6,5,False,Finalizada,True,5
4266,187,271,5,5,4,8,False,Finalizada,False,3
4267,1364,130,1,3,1,5,False,Finalizada,True,5
4268,256,314,5,5,7,16,True,Finalizada,False,3
4269,1547,11,5,1,2,3,False,Finalizada,False,3
4270,1901,75,5,3,5,7,False,Finalizada,True,5
4271,1617,19,2,3,6,6,False,Finalizada,True,5
4272,1005,227,5,3,6,4,False,Abandonada,False,1
4273,170,12,4,5,5,6,False,Finalizada,True,5
4274,945,46,3,3,2,2,False,Finalizada,False,4
4275,47,88,5,4,2,2,False,Abandonada,False,1
4276,88,139,1,1,7,16,False,Finalizada,False,5
4277,1065,293,5,5,6,5,False,Finalizada,True,5
4278,8,154,4,5,5,4,False,Finalizada,False,5
4279,1039,275,1,1,4,14,False,Finalizada,True,5
4280,1355,359,4,4,3,5,False,Finalizada,True,4
4281,805,5,4,5,6,4,False,Finalizada,False,4
4282,1559,308,5,2,3,3,False,Abandonada,False,2
4283,285,131,1,4,5,5,True,Finalizada,True,2
4284,795,83,5,3,1,7,False,Finalizada,True,5
4285,1341,9,5,5,2,4,False,Abandonada,False,1
4286,1768,201,4,3,2,4,False,Abandonada,False,1
4287,248,285,1,2,4,11,False,Finalizada,False,4
4288,1761,119,4,2,2,3,False,Finalizada,False,3
4289,940,155,4,2,1,7,False,Finalizada,False,4
4290,84,262,1,1,4,14,True,Finalizada,False,2
4291,1367,40,4,3,1,8,False,Finalizada,True,5
4292,1613,110,2,5,7,15,False,Finalizada,False,3
4293,1193,76,2,3,4,8,True,Finalizada,True,2
4294,1938,173,2,1,6,5,False,Finalizada,False,4
4295,467,320,1,1,2,2,False,Finalizada,True,5
4296,331,228,5,4,5,4,False,Finalizada,False,4
4297,10,32,5,3,7,14,False,Finalizada,False,5
4298,818,348,5,3,3,3,False,Finalizada,True,4
4299,334,116,5,3,5,4,True,Finalizada,True,2
4300,1543,128,1,3,3,4,False,Abandonada,False,1
4301,167,283,4,5,3,4,False,Abandonada,False,1
4302,703,242,5,3,7,10,True,Finalizada,True,1
4303,1593,123,5,2,5,7,False,Finalizada,False,4
4304,1557,301,5,5,6,6,False,Finalizada,False,3
4305,154,343,5,2,4,15,False,Abandonada,False,1
4306,1564,94,4,2,5,7,False,Finalizada,True,5
4307,231,327,5,1,7,10,True,Abandonada,False,2
4308,469,39,5,5,5,6,False,Finalizada,False,3
4309,1090,222,5,4,7,16,False,Finalizada,True,5
4310,783,289,4,3,4,12,True,Finalizada,False,2
4311,636,106,2,3,2,2,False,Finalizada,False,3
4312,183,57,5,1,7,17,False,Finalizada,True,5
4313,679,127,5,1,7,17,True,Finalizada,False,3
4314,253,73,5,5,5,6,True,Finalizada,True,2
4315,1499,23,2,1,2,4,False,Finalizada,False,4
4316,1694,124,5,1,4,12,False,Finalizada,True,5
4317,519,284,5,3,6,4,False,Finalizada,True,5
4318,641,280,4,5,7,14,False,Abandonada,False,1
4319,1373,309,5,5,6,5,False,Finalizada,False,4
4320,1987,289,1,1,6,4,False,Finalizada,False,4
4321,1697,117,1,2,6,5,False,Finalizada,False,4
4322,1989,58,5,2,3,4,False,Finalizada,True,4
4323,1900,135,4,3,2,2,False,Abandonada,False,1
4324,1309,36,4,2,7,10,False,Finalizada,False,3
4325,1355,260,1,4,6,5,False,Abandonada,False,1
4326,335,133,1,1,2,2,False,Finalizada,False,4
4327,1297,130,5,4,1,6,False,Abandonada,False,2
4328,1031,342,5,1,3,3,False,Finalizada,False,5
4329,1656,346,3,1,6,4,True,Abandonada,False,1
4330,751,52,1,5,6,4,False,Abandonada,False,1
4331,433,326,5,1,4,10,False,Finalizada,True,4
4332,1011,200,4,3,2,2,False,Finalizada,True,5
4333,178,301,1,2,2,2,False,Finalizada,True,5
4334,389,337,2,5,7,13,True,Abandonada,False,1
4335,1992,162,5,5,3,4,False,Finalizada,True,5
4336,364,18,4,1,3,4,False,Finalizada,True,4
4337,1106,353,3,2,3,3,False,Finalizada,False,3
4338,879,126,5,4,7,10,False,Finalizada,True,5
4339,664,128,5,4,3,4,False,Abandonada,False,1
4340,1308,336,5,4,3,3,False,Finalizada,False,3
4341,1343,140,5,3,7,14,True,Finalizada,False,2
4342,1245,262,3,5,2,4,False,Finalizada,False,4
4343,945,273,1,1,6,6,False,Finalizada,False,4
4344,72,287,5,4,5,5,False,Finalizada,True,5
4345,654,217,5,2,4,10,False,Finalizada,False,5
4346,1878,30,3,5,1,7,False,Finalizada,False,5
4347,1391,339,1,4,6,6,False,Finalizada,True,5
4348,1855,76,1,5,7,13,False,Finalizada,False,3
4349,1395,267,5,3,5,6,False,Finalizada,False,3
4350,640,68,5,2,2,3,False,Abandonada,False,1
4351,706,15,5,5,6,5,False,Finalizada,True,5
4352,1678,51,5,4,4,12,False,Finalizada,True,5
4353,10,130,5,3,4,15,False,Finalizada,True,4
4354,1910,38,5,5,4,14,False,Finalizada,True,4
4355,181,190,5,3,2,2,False,Finalizada,False,3
4356,936,143,5,5,1,7,False,Finalizada,False,3
4357,1804,215,5,4,3,5,False,Finalizada,True,4
4358,1979,147,5,3,7,16,False,Abandonada,False,2
4359,15,183,5,2,2,3,False,Finalizada,False,5
4360,602,364,5,2,2,2,False,Finalizada,False,4
4361,1640,10,5,2,7,12,False,Finalizada,True,5
4362,925,83,2,1,4,14,False,Abandonada,False,1
4363,1131,325,1,4,5,4,False,Finalizada,False,3
4364,237,106,3,4,6,6,False,Finalizada,False,5
4365,838,182,3,2,7,16,False,Finalizada,False,5
4366,1148,95,5,3,3,5,False,Finalizada,False,4
4367,1702,206,5,3,3,5,False,Finalizada,True,4
4368,473,84,4,2,3,5,False,Finalizada,False,3
4369,1818,135,4,4,5,6,False,Abandonada,False,1
4370,819,68,5,3,3,3,False,Finalizada,True,5
4371,242,186,2,4,7,17,False,Finalizada,False,3
4372,1438,185,5,3,3,5,False,Finalizada,False,3
4373,843,81,3,5,4,8,False,Finalizada,True,5
4374,1673,337,4,2,6,5,False,Abandonada,False,2
4375,329,61,5,4,5,7,False,Finalizada,False,3
4376,936,118,2,4,1,5,False,Abandonada,False,2
4377,348,339,1,4,7,16,False,Finalizada,True,5
4378,1665,298,5,3,1,5,False,Finalizada,False,4
4379,1829,318,5,1,5,6,False,Finalizada,False,4
4380,164,306,5,3,3,5,False,Abandonada,False,1
4381,563,300,4,2,2,2,False,Finalizada,False,3
4382,1012,128,5,3,6,5,False,Abandonada,False,2
4383,193,218,4,4,2,4,False,Finalizada,True,5
4384,41,138,5,4,4,11,True,Finalizada,False,2
4385,1151,105,5,5,6,4,False,Finalizada,False,5
4386,42,365,5,3,3,4,False,Finalizada,False,5
4387,1538,349,4,3,4,13,False,Finalizada,True,4
4388,743,57,4,2,3,4,False,Finalizada,True,4
4389,33,235,1,5,6,5,False,Finalizada,True,5
4390,1933,228,5,3,2,3,False,Finalizada,True,5
4391,1141,17,5,3,6,5,False,Finalizada,True,4
4392,329,354,4,4,4,13,False,Abandonada,False,1
4393,762,267,4,4,5,4,False,Finalizada,False,3
4394,1916,297,5,1,7,18,True,Finalizada,False,1
4395,1854,177,2,5,5,5,False,Finalizada,False,4
4396,706,104,4,2,2,2,False,Finalizada,True,5
4397,538,5,5,3,6,6,False,Abandonada,False,1
4398,1894,161,5,3,7,11,False,Finalizada,True,4
4399,190,105,2,2,5,5,False,Finalizada,True,5
4400,1372,184,5,5,1,5,False,Finalizada,True,5
4401,1961,121,5,1,6,4,False,Finalizada,True,5
4402,25,35,1,1,7,10,False,Finalizada,False,4
4403,476,111,5,5,2,4,False,Finalizada,True,5
4404,1036,237,2,3,3,5,False,Finalizada,True,5
4405,586,4,5,4,6,4,False,Abandonada,False,1
4406,1078,181,5,2,2,2,False,Finalizada,False,3
4407,1972,12,1,4,2,3,False,Finalizada,False,3
4408,69,358,5,5,2,4,False,Finalizada,True,4
4409,360,289,1,3,4,8,True,Finalizada,True,2
4410,1454,20,3,2,2,2,False,Finalizada,True,5
4411,1029,214,1,4,1,7,False,Abandonada,False,1
4412,623,39,1,3,4,12,False,Finalizada,False,3
4413,60,156,3,4,3,5,False,Finalizada,True,5
4414,43,301,4,3,5,4,False,Finalizada,True,5
4415,1404,153,5,3,2,4,False,Abandonada,False,2
4416,507,81,5,3,2,2,False,Finalizada,False,5
4417,1958,326,2,5,4,10,False,Finalizada,False,3
4418,554,137,4,3,7,18,True,Finalizada,True,2
4419,159,311,1,5,3,3,False,Finalizada,False,3
4420,1709,273,5,4,7,11,False,Finalizada,True,5
4421,1775,105,1,2,3,4,False,Finalizada,False,4
4422,1003,77,3,3,7,15,False,Finalizada,False,3
4423,156,317,2,5,2,2,False,Finalizada,False,4
4424,889,64,4,2,2,4,True,Finalizada,True,1
4425,73,130,1,2,1,5,False,Finalizada,False,3
4426,465,235,1,4,7,14,True,Finalizada,True,3
4427,157,244,4,2,1,7,False,Abandonada,False,1
4428,930,229,5,1,4,13,False,Finalizada,False,3
4429,1977,175,3,1,6,6,False,Finalizada,True,5
4430,522,244,4,3,5,7,False,Finalizada,True,5
4431,1327,166,4,4,1,7,False,Abandonada,False,2
4432,1462,47,5,2,4,10,False,Finalizada,False,4
4433,1796,78,1,2,4,9,False,Finalizada,True,5
4434,603,123,5,1,3,5,False,Finalizada,False,3
4435,1904,257,1,5,7,11,False,Finalizada,False,3
4436,1531,46,2,1,1,8,False,Abandonada,False,1
4437,1087,171,1,3,1,8,False,Finalizada,False,4
4438,1862,56,5,1,2,2,False,Finalizada,True,5
4439,339,189,1,5,6,4,False,Abandonada,False,1
4440,1012,239,5,3,2,2,False,Abandonada,False,2
4441,1452,10,4,4,2,4,False,Finalizada,False,4
4442,1491,164,4,5,4,9,False,Finalizada,True,4
4443,62,286,2,2,7,10,False,Abandonada,False,1
4444,485,45,5,4,3,4,False,Abandonada,False,1
4445,7,29,5,4,5,7,False,Abandonada,False,2
4446,1930,314,5,4,7,10,False,Abandonada,False,1
4447,1299,75,2,3,7,12,True,Finalizada,False,1
4448,1975,333,3,3,2,4,False,Abandonada,False,1
4449,667,182,3,4,6,5,False,Finalizada,True,4
4450,1170,234,5,4,6,5,False,Finalizada,False,4
4451,21,140,5,3,7,11,False,Finalizada,True,5
4452,1834,23,5,2,4,14,False,Finalizada,True,4
4453,643,302,3,1,7,11,False,Finalizada,False,4
4454,725,135,2,1,6,5,False,Abandonada,False,2
4455,1396,144,5,1,3,3,False,Abandonada,False,1
4456,1796,54,3,2,6,4,False,Abandonada,False,1
4457,926,362,5,1,6,5,False,Finalizada,True,5
4458,1608,148,1,2,4,9,False,Finalizada,False,3
4459,1654,252,5,4,4,13,False,Finalizada,False,4
4460,461,173,1,3,4,8,True,Finalizada,False,1
4461,282,213,1,2,3,5,False,Finalizada,True,4
4462,455,258,5,5,1,7,False,Abandonada,False,1
4463,1550,244,5,1,2,3,False,Abandonada,False,2
4464,472,130,5,5,2,4,False,Finalizada,True,5
4465,642,85,1,5,7,13,False,Finalizada,False,4
4466,1716,242,3,4,4,13,False,Finalizada,False,5
4467,1016,38,4,5,5,7,False,Finalizada,False,4
4468,1911,258,5,1,6,6,False,Abandonada,False,1
4469,600,7,5,3,7,11,True,Finalizada,False,2
4470,1159,319,5,5,7,17,True,Finalizada,True,2
4471,1444,22,5,4,6,6,False,Abandonada,False,1
4472,547,16,5,4,1,6,False,Finalizada,True,4
4473,1631,60,4,3,3,3,False,Abandonada,False,1
4474,1175,159,4,4,2,2,False,Abandonada,False,2
4475,1708,364,5,4,3,3,False,Finalizada,False,4
4476,224,290,4,5,7,17,False,Finalizada,True,5
4477,1173,316,5,1,6,5,False,Finalizada,True,5
4478,1587,188,5,3,7,15,False,Finalizada,True,4
4479,216,319,5,4,4,10,False,Finalizada,False,4
4480,548,240,5,2,3,3,False,Finalizada,True,5
4481,700,205,2,1,2,4,False,Abandonada,False,1
4482,1632,260,2,2,7,13,False,Finalizada,False,3
4483,1335,160,5,2,2,2,False,Finalizada,True,5
4484,21,39,3,3,6,5,False,Abandonada,False,2
4485,259,29,4,5,5,4,False,Finalizada,True,5
4486,1258,132,5,4,4,12,False,Finalizada,True,5
4487,1770,283,5,1,5,7,False,Abandonada,False,2
4488,908,93,5,2,2,4,False,Finalizada,False,5
4489,1846,38,1,2,7,15,False,Finalizada,True,4
4490,1878,181,1,5,6,5,False,Abandonada,False,1
4491,669,349,5,5,1,8,False,Finalizada,False,4
4492,858,13,3,5,7,12,True,Finalizada,True,3
4493,843,242,4,1,2,2,False,Finalizada,False,5
4494,299,172,4,3,1,8,False,Finalizada,True,4
4495,1525,70,5,3,2,2,True,Finalizada,True,3
4496,1565,125,5,2,6,5,False,Finalizada,True,5
4497,1333,227,5,3,4,15,False,Abandonada,False,1
4498,1264,217,2,2,3,3,False,Abandonada,False,2
4499,570,184,1,2,3,4,False,Finalizada,True,4
4500,1873,283,5,5,4,11,True,Finalizada,False,1
4501,1338,90,5,1,6,4,False,Finalizada,False,5
4502,874,237,5,5,5,4,False,Finalizada,True,5
4503,723,300,2,3,5,4,False,Finalizada,False,5
4504,146,177,5,1,7,11,True,Abandonada,False,2
4505,805,36,1,2,4,14,False,Finalizada,False,5
4506,1693,117,5,2,6,6,False,Finalizada,True,5
4507,1564,12,3,1,3,5,False,Abandonada,False,2
4508,566,300,1,5,4,8,False,Finalizada,False,4
4509,53,117,5,3,3,3,False,Finalizada,True,4
4510,1994,164,2,1,7,14,False,Abandonada,False,1
4511,1147,315,1,3,1,5,False,Finalizada,False,3
4512,662,120,5,4,2,3,False,Abandonada,False,2
4513,108,340,5,1,7,18,False,Finalizada,False,4
4514,1293,95,5,3,6,6,False,Finalizada,True,4
4515,105,162,5,4,6,6,False,Abandonada,False,1
4516,1033,173,5,3,3,5,True,Finalizada,False,1
4517,1034,138,4,1,5,6,False,Finalizada,False,3
4518,550,78,4,1,6,4,False,Finalizada,False,4
4519,1259,225,5,1,5,5,False,Finalizada,True,4
4520,741,3,4,3,7,12,True,Finalizada,True,2
4521,1739,98,4,1,3,4,False,Abandonada,False,2
4522,1638,336,2,2,1,5,False,Finalizada,False,5
4523,1305,88,4,1,5,6,False,Finalizada,False,4
4524,1098,130,4,5,3,5,False,Finalizada,True,5
4525,135,243,5,1,4,11,False,Finalizada,True,5
4526,1979,206,5,5,6,5,False,Finalizada,True,4
4527,49,268,2,5,6,4,False,Finalizada,False,5
4528,1430,67,3,3,1,8,False,Abandonada,False,1
4529,1013,188,4,3,5,5,False,Finalizada,True,5
4530,707,122,5,5,1,7,False,Finalizada,True,5
4531,417,360,5,5,5,4,False,Finalizada,False,3
4532,1137,11,1,1,4,11,False,Finalizada,True,5
4533,1504,201,5,1,1,8,False,Finalizada,True,4
4534,1623,318,1,5,2,4,False,Abandonada,False,1
4535,904,162,4,2,1,6,False,Finalizada,False,4
4536,1975,89,4,3,3,4,False,Finalizada,False,4
4537,7,200,3,4,1,6,False,Finalizada,True,5
4538,329,228,1,5,1,6,False,Finalizada,False,3
4539,1820,49,4,1,7,12,False,Finalizada,False,3
4540,168,244,5,1,1,8,False,Finalizada,True,4
4541,1075,242,4,2,3,3,False,Finalizada,False,3
4542,987,323,5,3,5,6,True,Finalizada,False,2
4543,642,305,2,5,5,5,False,Finalizada,False,4
4544,219,360,2,5,4,9,True,Abandonada,False,1
4545,704,96,3,5,3,3,False,Finalizada,True,5
4546,334,312,3,2,7,12,True,Finalizada,False,1
4547,1670,238,4,2,1,5,False,Finalizada,False,4
4548,1590,20,4,5,7,13,True,Finalizada,True,3
4549,1977,287,4,5,3,4,False,Finalizada,True,5
4550,131,342,1,5,7,13,False,Finalizada,False,4
4551,681,190,5,2,1,8,False,Finalizada,True,5
4552,811,287,4,2,1,7,False,Finalizada,False,5
4553,153,137,5,4,2,4,False,Finalizada,True,5
4554,1185,231,4,4,1,6,False,Finalizada,True,5
4555,1305,143,1,1,4,8,False,Finalizada,False,5
4556,1644,348,2,2,4,12,False,Finalizada,True,5
4557,1957,264,5,4,5,7,False,Abandonada,False,1
4558,767,156,5,5,6,5,False,Abandonada,False,2
4559,469,179,4,5,2,4,False,Finalizada,True,5
4560,416,255,4,4,3,3,False,Finalizada,True,5
4561,1401,128,2,5,7,18,True,Finalizada,False,1
4562,799,225,5,2,6,4,False,Abandonada,False,1
4563,773,190,5,1,6,6,False,Finalizada,True,5
4564,856,197,5,3,3,4,False,Finalizada,True,5
4565,1190,51,2,1,6,6,False,Finalizada,False,4
4566,1405,283,3,3,5,4,False,Finalizada,False,4
4567,339,240,2,5,5,5,False,Finalizada,True,5
4568,1628,298,5,3,2,3,False,Finalizada,False,3
4569,63,228,5,3,1,6,False,Finalizada,True,5
4570,1400,270,3,3,7,15,False,Finalizada,False,4
4571,1919,268,1,4,5,5,False,Finalizada,False,5
4572,1054,319,5,2,1,7,False,Finalizada,True,5
4573,1283,314,2,1,1,5,False,Abandonada,False,1
4574,1619,204,5,3,3,5,False,Finalizada,False,5
4575,1565,360,4,4,6,4,False,Abandonada,False,2
4576,126,185,2,1,6,4,False,Finalizada,False,4
4577,1228,322,4,4,2,4,False,Finalizada,False,4
4578,41,64,4,5,3,4,False,Finalizada,True,4
4579,1722,333,5,2,3,5,False,Finalizada,True,5
4580,972,168,1,4,4,9,True,Abandonada,False,1
4581,764,61,4,4,1,6,False,Abandonada,False,1
4582,1855,278,5,1,4,14,False,Finalizada,False,5
4583,620,253,5,1,3,5,False,Finalizada,False,5
4584,1018,46,5,1,5,4,False,Abandonada,False,1
4585,1043,44,5,4,4,8,False,Abandonada,False,2
4586,1576,29,5,3,5,4,False,Finalizada,False,4
4587,372,22,5,2,6,6,False,Finalizada,True,5
4588,1388,32,4,2,7,12,False,Finalizada,False,4
4589,1597,156,5,1,2,3,False,Finalizada,False,4
4590,710,349,4,2,4,9,True,Abandonada,False,1
4591,851,265,4,1,2,4,False,Finalizada,False,4
4592,1587,36,4,3,4,12,False,Finalizada,False,4
4593,300,343,5,3,5,7,False,Finalizada,False,4
4594,1089,44,1,3,7,10,False,Finalizada,False,4
4595,1650,207,5,1,5,7,False,Abandonada,False,2
4596,252,48,4,1,4,11,False,Finalizada,False,3
4597,1457,60,5,5,2,2,False,Abandonada,False,1
4598,1856,363,4,3,2,3,False,Finalizada,False,5
4599,1400,161,5,2,3,3,False,Abandonada,False,1
4600,818,354,5,3,2,2,False,Finalizada,True,5
4601,997,278,5,1,5,4,False,Finalizada,True,4
4602,627,91,4,1,1,8,False,Finalizada,False,3
4603,345,100,1,1,5,4,False,Finalizada,False,5
4604,1867,116,5,4,2,3,False,Finalizada,False,3
4605,482,306,5,5,7,10,False,Finalizada,False,3
4606,484,126,5,4,7,11,False,Finalizada,False,4
4607,212,273,2,5,4,8,True,Finalizada,False,2
4608,156,128,5,4,7,17,False,Finalizada,False,4
4609,836,33,4,2,1,8,False,Finalizada,True,5
4610,1855,12,5,2,1,8,False,Finalizada,True,4
4611,1446,242,5,1,6,4,False,Finalizada,False,4
4612,294,45,5,3,7,17,False,Finalizada,True,5
4613,1025,147,4,1,1,7,False,Finalizada,True,5
4614,457,31,4,4,3,5,False,Finalizada,True,5
4615,437,195,4,5,4,13,True,Finalizada,False,2
4616,1907,237,1,3,5,6,False,Abandonada,False,2
4617,1584,340,5,4,2,4,False,Finalizada,True,4
4618,1928,309,4,2,7,13,False,Finalizada,False,5
4619,1071,317,5,3,3,5,False,Abandonada,False,2
4620,1952,250,5,3,5,5,False,Finalizada,True,4
4621,1950,98,2,4,5,7,False,Finalizada,False,5
4622,1035,93,5,4,4,10,False,Abandonada,False,1
4623,1460,323,2,1,1,7,True,Abandonada,False,1
4624,1257,147,5,4,6,4,False,Finalizada,False,3
4625,970,298,2,4,2,2,False,Finalizada,False,3
4626,240,54,5,1,1,5,False,Finalizada,True,5
4627,1147,187,5,5,6,5,False,Finalizada,False,4
4628,519,345,4,1,2,3,False,Finalizada,True,5
4629,136,241,5,5,7,15,False,Finalizada,True,5
4630,751,238,4,4,5,6,False,Abandonada,False,1
4631,1225,24,1,4,3,5,False,Finalizada,True,5
4632,1647,278,4,2,6,5,False,Finalizada,True,4
4633,863,309,5,3,5,7,False,Finalizada,True,5
4634,1369,249,5,1,5,4,False,Abandonada,False,1
4635,1732,66,1,1,4,10,False,Finalizada,False,4
4636,943,292,5,4,7,10,False,Abandonada,False,1
4637,1159,207,2,4,7,10,False,Finalizada,True,5
4638,1211,114,5,4,3,5,False,Abandonada,False,1
4639,42,80,4,2,4,12,False,Finalizada,False,4
4640,1913,91,4,2,2,4,False,Finalizada,False,4
4641,1001,54,4,1,5,6,True,Abandonada,False,2
4642,1121,346,5,4,5,7,False,Finalizada,True,5
4643,1814,3,2,3,7,16,False,Finalizada,True,5
4644,689,175,4,5,1,8,False,Abandonada,False,2
4645,1878,250,4,1,7,14,True,Finalizada,False,1
4646,1265,41,3,3,1,6,False,Finalizada,True,5
4647,190,190,4,5,4,8,True,Finalizada,False,2
4648,1938,131,4,1,6,6,False,Abandonada,False,1
4649,157,287,4,1,1,5,False,Finalizada,True,5
4650,1264,126,2,1,3,3,False,Finalizada,False,4
4651,678,56,5,2,5,7,False,Finalizada,True,5
4652,1983,258,4,4,2,2,False,Finalizada,True,5
4653,1301,209,5,4,4,8,False,Finalizada,False,5
4654,1676,63,5,4,4,9,False,Finalizada,False,4
4655,617,90,1,4,6,6,False,Finalizada,False,3
4656,1737,319,2,3,4,13,True,Finalizada,False,2
4657,145,338,1,2,1,5,False,Finalizada,True,5
4658,812,290,1,5,7,17,False,Finalizada,False,4
4659,404,19,1,3,3,3,False,Finalizada,False,4
4660,233,313,4,2,2,3,True,Finalizada,False,1
4661,1487,94,5,1,6,6,True,Finalizada,True,1
4662,1818,35,4,1,3,4,False,Finalizada,False,3
4663,1781,78,4,3,7,11,True,Abandonada,False,1
4664,1691,201,5,3,5,7,False,Finalizada,False,3
4665,1277,257,2,5,6,4,False,Finalizada,False,3
4666,450,259,1,1,1,5,False,Finalizada,False,3
4667,1563,77,1,5,5,7,False,Finalizada,True,4
4668,120,299,4,3,2,4,False,Abandonada,False,1
4669,635,137,3,5,7,11,False,Finalizada,False,4
4670,1349,192,5,5,1,8,False,Finalizada,True,5
4671,1803,270,2,5,3,5,False,Abandonada,False,1
4672,1532,101,4,5,6,4,False,Abandonada,False,1
4673,671,241,5,5,2,2,True,Finalizada,False,2
4674,426,110,5,5,5,4,False,Finalizada,True,5
4675,279,42,4,3,4,10,True,Finalizada,True,2
4676,189,189,5,5,4,10,False,Finalizada,False,4
4677,1659,128,1,5,2,4,True,Finalizada,True,2
4678,1007,155,1,3,3,5,False,Finalizada,True,5
4679,1003,5,1,3,7,18,False,Finalizada,False,4
4680,1172,337,2,4,1,6,False,Finalizada,False,4
4681,1211,28,5,3,5,7,False,Finalizada,True,4
4682,1506,103,5,5,3,3,False,Abandonada,False,2
4683,1100,220,5,2,4,8,False,Finalizada,False,4
4684,1717,318,5,4,4,13,True,Finalizada,False,2
4685,1906,265,5,3,7,16,True,Abandonada,False,2
4686,1769,126,1,2,7,16,False,Finalizada,True,5
4687,1677,107,3,4,4,15,False,Finalizada,False,4
4688,32,137,5,3,4,13,False,Finalizada,False,3
4689,681,127,5,4,3,3,False,Finalizada,True,5
4690,128,202,4,1,5,5,False,Finalizada,False,4
4691,1416,220,5,2,4,8,False,Finalizada,True,4
4692,377,172,4,2,7,14,False,Abandonada,False,1
4693,598,105,4,2,6,5,False,Finalizada,True,4
4694,11,291,3,2,4,13,True,Finalizada,True,2
4695,1118,8,5,2,1,7,False,Finalizada,False,3
4696,1552,187,4,1,1,6,False,Abandonada,False,1
4697,1620,319,3,4,5,7,True,Finalizada,False,3
4698,90,22,5,4,5,5,False,Finalizada,False,4
4699,1108,360,4,1,6,4,False,Finalizada,True,5
4700,1066,288,5,3,3,5,False,Finalizada,False,4
4701,248,96,1,2,7,17,False,Finalizada,False,3
4702,90,104,2,5,6,5,False,Finalizada,False,3
4703,1746,251,4,2,4,9,False,Abandonada,False,1
4704,1079,320,1,4,3,5,False,Finalizada,True,4
4705,147,289,4,1,7,14,False,Abandonada,False,1
4706,1018,284,5,3,4,13,True,Finalizada,False,3
4707,1899,253,5,4,3,5,False,Abandonada,False,2
4708,102,33,2,1,5,6,False,Abandonada,False,1
4709,1158,274,4,4,4,10,True,Finalizada,True,2
4710,1214,213,1,3,7,12,False,Abandonada,False,2
4711,1269,229,4,2,5,4,False,Finalizada,False,5
4712,581,126,5,4,4,13,False,Finalizada,True,5
4713,855,321,3,2,7,15,False,Finalizada,False,5
4714,1789,289,5,3,2,3,False,Finalizada,True,5
4715,775,177,4,5,3,4,False,Finalizada,True,5
4716,1120,254,4,2,5,7,False,Finalizada,False,4
4717,1798,232,4,5,3,3,False,Finalizada,False,4
4718,1554,76,1,2,5,7,False,Finalizada,False,4
4719,1879,36,5,2,4,13,False,Finalizada,False,4
4720,831,84,4,3,4,9,False,Finalizada,True,5
4721,1391,146,5,5,6,4,False,Finalizada,True,5
4722,458,8,1,3,5,5,False,Finalizada,False,4
4723,71,79,4,1,1,5,False,Abandonada,False,2
4724,1431,292,5,3,7,13,False,Finalizada,False,4
4725,393,147,4,4,1,7,False,Finalizada,True,5
4726,1105,336,5,1,6,4,False,Finalizada,True,5
4727,1385,110,1,1,1,8,False,Finalizada,True,5
4728,266,331,4,3,4,15,False,Finalizada,False,3
4729,619,96,5,3,6,6,False,Finalizada,False,4
4730,1512,290,2,4,6,6,True,Finalizada,False,2
4731,1527,37,5,4,6,6,False,Finalizada,False,3
4732,1239,293,2,3,3,4,False,Finalizada,True,5
4733,1804,78,5,4,4,14,False,Finalizada,True,4
4734,899,174,1,1,6,5,False,Finalizada,False,4
4735,751,215,4,2,5,7,False,Finalizada,False,3
4736,1541,69,5,1,1,6,False,Finalizada,True,4
4737,594,163,5,3,6,6,False,Finalizada,True,5
4738,1073,343,5,5,6,6,False,Finalizada,True,5
4739,1802,132,4,4,1,7,False,Finalizada,True,4
4740,1210,101,4,1,5,4,True,Abandonada,False,1
4741,417,354,5,3,3,5,False,Finalizada,True,5
4742,1861,274,4,2,3,5,False,Finalizada,True,5
4743,278,199,4,1,3,3,False,Finalizada,False,4
4744,947,83,5,3,7,10,True,Finalizada,True,2
4745,843,289,5,5,1,8,False,Finalizada,True,5
4746,407,330,4,5,6,4,False,Finalizada,True,4
4747,1860,171,4,2,4,10,False,Finalizada,True,5
4748,403,270,5,4,1,8,False,Finalizada,False,5
4749,1902,65,5,2,6,5,False,Finalizada,False,4
4750,639,45,5,4,2,2,False,Finalizada,False,3
4751,1389,47,1,5,6,6,False,Finalizada,True,5
4752,1079,92,1,1,7,11,False,Abandonada,False,1
4753,65,216,3,2,4,11,False,Finalizada,True,5
4754,359,329,2,2,5,7,False,Finalizada,False,3
4755,664,187,5,1,1,7,False,Finalizada,False,3
4756,863,265,2,2,1,6,False,Abandonada,False,2
4757,241,135,5,4,5,7,False,Abandonada,False,1
4758,1228,290,5,1,7,12,False,Finalizada,False,4
4759,1169,99,4,1,5,6,False,Finalizada,True,5
4760,1405,1,4,2,5,4,False,Finalizada,True,5
4761,808,169,1,4,4,14,False,Finalizada,False,5
4762,938,160,2,3,5,7,False,Finalizada,True,5
4763,1888,223,5,5,7,15,True,Finalizada,False,2
4764,1187,6,5,3,7,18,False,Abandonada,False,1
4765,23,279,5,5,4,13,False,Finalizada,True,5
4766,1618,167,5,4,1,5,False,Finalizada,False,4
4767,1957,303,4,5,2,3,False,Abandonada,False,1
4768,1893,10,5,1,7,12,False,Finalizada,True,5
4769,104,308,5,4,1,5,False,Finalizada,True,4
4770,1852,32,5,3,6,4,False,Finalizada,False,4
4771,1334,131,5,5,4,8,False,Finalizada,True,4
4772,564,311,5,3,4,9,False,Finalizada,True,5
4773,1656,186,1,4,2,4,False,Finalizada,True,5
4774,1772,30,4,1,1,7,False,Finalizada,False,3
4775,1021,64,5,2,3,3,False,Abandonada,False,1
4776,843,114,5,5,6,5,False,Finalizada,True,5
4777,1955,326,4,5,5,6,False,Finalizada,False,4
4778,879,193,5,4,7,13,True,Finalizada,False,2
4779,146,293,5,1,1,8,False,Finalizada,False,3
4780,926,247,1,4,2,2,True,Finalizada,True,1
4781,526,238,4,1,6,4,False,Finalizada,False,4
4782,1503,136,4,3,5,7,False,Finalizada,False,3
4783,302,77,1,3,3,3,False,Finalizada,False,5
4784,1226,334,5,4,5,5,True,Finalizada,False,1
4785,1325,140,5,5,3,4,False,Finalizada,False,3
4786,1410,237,4,4,7,12,False,Finalizada,False,3
4787,1401,323,5,1,6,6,False,Finalizada,False,4
4788,1079,120,2,5,5,6,False,Finalizada,True,5
4789,1003,364,4,3,4,12,False,Finalizada,True,5
4790,1784,80,5,5,2,2,True,Abandonada,False,1
4791,363,291,5,1,6,6,False,Finalizada,False,4
4792,506,167,5,1,7,11,False,Finalizada,False,3
4793,904,113,5,2,7,18,False,Finalizada,False,5
4794,675,67,3,1,6,5,False,Finalizada,False,4
4795,794,78,1,4,2,4,False,Finalizada,False,3
4796,1820,16,4,1,3,5,False,Finalizada,False,4
4797,1802,197,4,3,2,2,False,Abandonada,False,1
4798,1447,351,5,1,7,12,True,Finalizada,True,1
4799,825,352,3,5,4,15,True,Finalizada,False,1
4800,1348,240,1,4,3,5,False,Finalizada,True,4
4801,172,263,4,5,2,4,False,Finalizada,True,5
4802,1396,22,1,4,1,8,False,Finalizada,True,5
4803,1833,170,4,1,6,4,False,Abandonada,False,1
4804,1307,149,4,3,6,5,False,Finalizada,False,3
4805,1695,328,4,2,2,2,False,Finalizada,True,5
4806,1777,268,4,5,4,15,False,Finalizada,True,5
4807,199,273,2,2,4,8,False,Finalizada,False,3
4808,1719,144,4,5,3,3,False,Finalizada,True,5
4809,1635,159,4,3,7,10,False,Finalizada,False,4
4810,23,338,2,1,6,4,False,Finalizada,True,5
4811,438,186,5,3,2,4,False,Finalizada,True,5
4812,954,104,4,4,5,6,False,Finalizada,True,5
4813,339,337,2,1,3,4,False,Abandonada,False,1
4814,235,18,2,1,3,5,False,Finalizada,True,5
4815,1506,232,2,5,4,14,False,Finalizada,False,4
4816,1578,112,4,1,3,3,False,Finalizada,False,3
4817,684,80,1,3,7,10,False,Finalizada,True,5
4818,174,296,4,2,5,4,False,Finalizada,True,5
4819,1948,217,2,1,6,5,False,Finalizada,False,5
4820,1880,172,5,1,1,5,False,Finalizada,False,4
4821,1927,243,4,5,1,6,False,Finalizada,True,4
4822,1211,126,5,5,4,11,True,Finalizada,True,2
4823,1012,154,5,3,1,8,False,Abandonada,False,2
4824,888,26,2,3,3,5,False,Finalizada,False,5
4825,1248,144,5,2,7,14,False,Finalizada,False,3
4826,1871,313,3,2,4,12,False,Finalizada,False,3
4827,1675,119,2,3,5,6,False,Finalizada,False,5
4828,1558,288,5,4,7,13,False,Finalizada,False,5
4829,643,57,5,4,2,3,False,Abandonada,False,1
4830,456,90,1,2,2,2,False,Finalizada,True,4
4831,439,180,5,5,6,6,False,Finalizada,True,4
4832,1144,295,1,1,5,5,False,Finalizada,True,5
4833,977,291,5,2,1,7,False,Finalizada,True,5
4834,298,352,1,5,1,5,False,Finalizada,False,5
4835,197,249,2,2,3,4,False,Finalizada,False,4
4836,1193,7,1,2,7,13,True,Finalizada,True,2
4837,1538,317,3,4,4,14,False,Finalizada,False,4
4838,1949,273,5,5,6,5,False,Finalizada,True,5
4839,936,290,4,1,2,3,False,Abandonada,False,2
4840,1532,91,4,1,7,16,False,Abandonada,False,2
4841,944,279,1,2,4,15,False,Finalizada,False,4
4842,752,6,5,2,6,6,False,Finalizada,True,5
4843,637,344,2,3,7,10,True,Finalizada,True,2
4844,232,246,4,2,7,16,False,Finalizada,True,5
4845,1518,220,2,1,4,11,False,Finalizada,False,3
4846,1783,141,2,5,1,7,False,Finalizada,True,5
4847,51,61,5,4,3,4,False,Finalizada,False,3
4848,1095,45,4,2,3,4,False,Finalizada,False,3
4849,83,163,5,5,4,13,False,Finalizada,True,5
4850,1539,274,5,4,3,5,True,Finalizada,True,3
4851,302,86,5,3,7,15,False,Finalizada,True,5
4852,716,109,5,2,3,4,False,Abandonada,False,2
4853,1932,277,5,1,5,5,False,Finalizada,True,5
4854,1257,31,2,3,6,4,False,Abandonada,False,2
4855,189,328,4,4,2,2,False,Finalizada,False,4
4856,1644,346,4,4,7,17,False,Finalizada,False,4
4857,359,16,2,3,2,4,False,Finalizada,False,5
4858,416,215,5,4,4,11,False,Finalizada,False,5
4859,1947,201,4,2,7,12,True,Finalizada,True,2
4860,474,263,1,3,2,2,False,Finalizada,True,5
4861,210,231,4,5,5,7,False,Finalizada,True,5
4862,1222,39,4,5,6,5,False,Finalizada,False,3
4863,423,239,4,4,7,11,False,Finalizada,True,5
4864,819,45,1,1,5,6,False,Finalizada,False,4
4865,1723,70,5,2,3,4,False,Finalizada,False,3
4866,1233,65,4,3,7,12,False,Finalizada,True,5
4867,373,134,5,4,2,4,False,Abandonada,False,2
4868,567,281,5,4,3,3,False,Finalizada,True,4
4869,1036,205,1,5,7,12,True,Finalizada,True,2
4870,1537,164,5,3,2,2,False,Finalizada,False,3
4871,352,130,2,1,7,11,False,Finalizada,False,3
4872,127,266,1,3,2,2,False,Finalizada,False,4
4873,925,225,5,2,5,6,True,Finalizada,False,2
4874,1419,190,1,3,3,5,False,Finalizada,False,3
4875,1142,317,5,1,6,6,False,Finalizada,True,4
4876,630,155,5,4,6,5,False,Finalizada,False,3
4877,923,151,2,5,6,5,False,Abandonada,False,2
4878,1883,151,2,4,7,16,False,Finalizada,False,4
4879,461,353,2,2,7,12,False,Finalizada,False,4
4880,227,311,5,1,4,10,False,Finalizada,False,3
4881,1557,14,1,4,4,8,False,Finalizada,False,3
4882,1350,350,1,2,1,5,False,Finalizada,True,5
4883,297,278,2,4,5,4,False,Finalizada,True,5
4884,548,245,2,3,2,3,False,Finalizada,False,4
4885,1497,299,1,5,4,13,True,Finalizada,True,2
4886,1590,142,2,4,3,3,False,Finalizada,True,5
4887,664,56,5,2,4,15,False,Abandonada,False,1
4888,1189,180,2,5,7,17,False,Finalizada,False,4
4889,1660,13,5,3,3,4,False,Abandonada,False,1
4890,304,299,2,3,7,18,True,Finalizada,False,2
4891,1455,145,5,3,5,6,False,Finalizada,False,3
4892,1319,341,5,5,6,5,False,Finalizada,False,4
4893,111,347,1,2,2,3,False,Abandonada,False,2
4894,909,61,1,4,3,3,False,Abandonada,False,2
4895,525,358,4,1,7,16,True,Finalizada,True,1
4896,1752,340,1,5,1,7,False,Abandonada,False,1
4897,1720,318,1,4,7,10,True,Finalizada,False,2
4898,1496,333,3,4,2,4,False,Finalizada,True,5
4899,1338,220,5,1,1,6,False,Finalizada,False,5
4900,202,172,5,4,5,7,False,Finalizada,False,3
4901,534,321,3,4,6,4,False,Abandonada,False,2
4902,1537,310,4,2,5,5,False,Abandonada,False,2
4903,189,41,4,5,1,6,False,Finalizada,False,4
4904,1181,242,5,4,3,5,False,Finalizada,True,5
4905,1181,102,5,5,4,15,True,Finalizada,False,3
4906,395,49,2,4,5,5,False,Finalizada,False,5
4907,1103,358,5,2,2,4,False,Finalizada,False,4
4908,746,122,5,3,6,6,False,Finalizada,False,4
4909,1133,200,4,2,2,3,False,Finalizada,True,5
4910,1175,258,5,2,7,12,False,Finalizada,True,4
4911,1302,344,2,1,4,13,False,Finalizada,True,4
4912,827,208,5,2,1,8,False,Finalizada,True,4
4913,216,273,5,2,1,6,False,Finalizada,False,4
4914,1030,282,2,3,4,13,True,Finalizada,False,1
4915,1832,36,4,2,4,13,True,Finalizada,True,2
4916,28,284,4,5,1,7,False,Finalizada,False,3
4917,1736,342,1,5,4,10,False,Abandonada,False,1
4918,1632,109,1,2,1,5,False,Finalizada,False,5
4919,1802,257,2,3,7,13,False,Finalizada,False,4
4920,890,40,2,5,1,6,False,Finalizada,False,4
4921,1141,187,5,5,1,5,False,Finalizada,True,5
4922,11,90,4,1,5,7,False,Finalizada,True,5
4923,790,155,5,2,1,8,False,Finalizada,False,3
4924,1970,304,4,1,6,5,False,Finalizada,True,5
4925,533,154,5,4,7,11,False,Finalizada,False,5
4926,658,125,4,4,5,7,False,Finalizada,True,5
4927,425,212,4,4,3,3,False,Finalizada,True,5
4928,448,145,4,5,4,14,False,Finalizada,True,4
4929,1260,16,4,1,5,4,False,Finalizada,True,5
4930,1794,188,1,5,4,14,True,Finalizada,True,3
4931,495,243,1,2,3,3,False,Finalizada,False,4
4932,1250,120,4,5,2,4,False,Finalizada,True,4
4933,1931,220,5,3,2,3,True,Finalizada,False,3
4934,1402,290,5,1,4,12,True,Abandonada,False,1
4935,1154,121,1,3,3,4,False,Abandonada,False,2
4936,377,162,5,5,6,6,True,Finalizada,False,2
4937,1345,164,5,1,2,4,False,Finalizada,True,5
4938,1422,219,5,1,7,14,False,Abandonada,False,2
4939,1523,63,1,1,4,9,False,Finalizada,False,3
4940,1700,205,2,4,3,3,False,Finalizada,False,3
4941,1977,94,2,2,5,4,False,Abandonada,False,2
4942,1669,302,5,4,6,5,False,Finalizada,False,4
4943,577,8,5,3,4,9,False,Finalizada,True,5
4944,983,293,5,2,7,14,True,Abandonada,False,2
4945,342,308,1,1,7,16,False,Finalizada,False,3
4946,387,227,4,4,7,14,True,Abandonada,False,1
4947,67,352,5,5,3,3,False,Finalizada,True,5
4948,694,182,5,1,2,3,False,Abandonada,False,2
4949,1082,263,5,5,7,15,False,Finalizada,False,4
4950,643,28,2,4,2,4,True,Abandonada,False,1
4951,217,231,5,5,7,17,False,Abandonada,False,1
4952,772,8,5,5,2,3,False,Finalizada,False,3
4953,559,178,5,5,6,4,False,Finalizada,False,4
4954,1525,276,5,3,6,4,False,Finalizada,True,5
4955,1232,238,1,3,7,17,False,Finalizada,True,5
4956,1906,204,5,1,5,5,False,Finalizada,True,5
4957,14,120,5,1,7,16,False,Finalizada,False,3
4958,1311,40,4,5,3,5,False,Finalizada,False,4
4959,304,145,1,4,2,3,False,Abandonada,False,2
4960,1594,338,5,4,1,6,False,Finalizada,False,5
4961,1686,234,2,2,1,8,False,Abandonada,False,1
4962,914,336,3,5,1,6,False,Finalizada,False,5
4963,1864,25,5,3,7,17,False,Finalizada,True,5
4964,795,214,5,5,2,2,True,Abandonada,False,1
4965,1947,36,2,3,7,12,False,Finalizada,False,3
4966,376,268,3,3,4,10,False,Finalizada,False,5
4967,436,170,1,5,2,3,False,Finalizada,True,4
4968,1697,315,5,1,1,7,False,Finalizada,False,3
4969,405,186,4,3,6,6,False,Abandonada,False,2
4970,1110,350,5,2,4,9,True,Finalizada,False,1
4971,1822,71,2,4,3,4,False,Finalizada,True,4
4972,1377,92,5,4,7,10,False,Finalizada,True,5
4973,1118,147,5,2,7,10,True,Finalizada,False,3
4974,347,325,5,5,7,15,False,Finalizada,False,4
4975,1799,144,1,4,6,4,False,Finalizada,True,5
4976,1910,242,4,4,7,18,False,Finalizada,False,4
4977,458,243,4,1,4,12,False,Finalizada,True,5
4978,271,208,4,2,3,5,False,Finalizada,True,5
4979,1289,246,5,5,3,4,False,Finalizada,True,5
4980,958,223,4,2,7,17,False,Finalizada,True,5
4981,1653,234,5,5,6,6,False,Abandonada,False,1
4982,496,175,5,3,6,5,False,Finalizada,False,3
4983,1896,171,2,3,6,5,False,Finalizada,False,4
4984,1668,100,5,2,3,5,False,Abandonada,False,2
4985,1477,112,2,2,1,7,False,Finalizada,True,4
4986,1311,163,5,1,7,17,False,Finalizada,False,5
4987,275,17,5,5,7,11,False,Finalizada,False,4
4988,1062,66,1,2,5,7,True,Finalizada,False,2
4989,160,40,4,1,3,4,False,Finalizada,False,4
4990,1898,232,5,4,3,4,False,Finalizada,True,5
4991,183,281,5,1,7,15,False,Finalizada,False,5
4992,352,239,5,3,7,15,False,Abandonada,False,2
4993,1949,335,2,5,4,15,False,Finalizada,False,4
4994,201,329,1,3,1,6,False,Finalizada,False,4
4995,411,343,4,2,5,7,False,Finalizada,False,4
4996,82,100,5,2,7,15,True,Finalizada,False,3
4997,421,280,1,3,2,2,False,Finalizada,True,5
4998,930,286,2,1,4,13,False,Finalizada,False,4
4999,121,216,5,2,2,4,False,Finalizada,False,3
5000,1743,214,1,3,3,4,False,Finalizada,False,4
5001,652,337,5,2,5,5,False,Finalizada,False,3
5002,1405,195,5,3,6,6,False,Finalizada,True,5
5003,1932,347,1,3,6,4,False,Finalizada,False,4
5004,32,39,1,1,4,14,False,Finalizada,False,4
5005,1392,57,4,5,2,4,False,Finalizada,False,3
5006,1974,239,3,2,3,5,False,Finalizada,False,4
5007,702,251,5,1,1,8,False,Abandonada,False,2
5008,560,330,5,5,6,4,False,Abandonada,False,1
5009,1478,346,5,4,7,14,False,Abandonada,False,1
5010,980,120,4,1,1,6,False,Abandonada,False,1
5011,921,196,4,2,1,7,False,Abandonada,False,1
5012,1389,216,4,3,3,3,False,Finalizada,False,3
5013,294,73,3,5,5,5,True,Abandonada,False,2
5014,83,289,4,2,6,5,False,Finalizada,True,5
5015,657,137,4,4,1,7,False,Finalizada,False,3
5016,1028,338,5,4,7,15,False,Finalizada,False,4
5017,594,286,4,2,1,7,True,Finalizada,False,2
5018,160,76,5,1,6,4,False,Finalizada,True,4
5019,1629,306,5,4,1,8,False,Finalizada,False,3
5020,1270,24,1,5,1,8,False,Finalizada,False,4
5021,526,54,5,1,3,4,False,Finalizada,False,4
5022,1529,223,4,5,1,8,False,Finalizada,False,3
5023,1798,171,2,5,6,5,False,Finalizada,False,3
5024,1796,340,5,1,3,4,False,Finalizada,False,3
5025,338,237,4,4,2,2,False,Finalizada,False,4
5026,1331,62,5,4,4,8,False,Finalizada,False,3
5027,87,93,2,2,3,3,False,Finalizada,False,4
5028,617,184,1,1,2,2,False,Finalizada,False,4
5029,1070,193,4,2,6,4,False,Abandonada,False,1
5030,438,107,1,4,6,6,False,Finalizada,True,5
5031,307,252,5,1,4,11,False,Finalizada,True,4
5032,933,287,1,5,2,3,False,Finalizada,False,4
5033,172,354,4,5,4,14,False,Finalizada,True,5
5034,1218,216,5,4,4,11,False,Finalizada,True,5
5035,829,10,4,3,5,4,False,Finalizada,False,3
5036,1471,347,3,2,4,12,False,Finalizada,False,4
5037,422,201,5,5,3,3,False,Finalizada,False,3
5038,220,69,5,4,5,4,False,Finalizada,True,5
5039,750,327,5,5,1,7,False,Finalizada,True,5
5040,1344,289,2,1,2,2,False,Finalizada,True,5
5041,1021,324,4,2,2,4,False,Finalizada,True,5
5042,1313,47,5,5,3,5,False,Finalizada,False,5
5043,582,110,5,3,2,2,False,Finalizada,True,5
5044,992,13,5,4,1,5,False,Finalizada,False,3
5045,1047,119,5,4,5,5,False,Finalizada,False,3
5046,523,284,1,3,7,10,True,Finalizada,True,2
5047,1678,153,5,5,4,11,False,Finalizada,False,4
5048,1719,307,5,5,6,4,False,Finalizada,True,5
5049,1773,225,5,1,4,15,False,Finalizada,False,4
5050,1825,206,4,2,1,7,False,Finalizada,True,5
5051,1732,227,5,2,7,14,True,Finalizada,True,3
5052,960,154,5,5,1,8,False,Finalizada,False,5
5053,1389,191,5,1,6,4,False,Abandonada,False,1
5054,1401,66,5,4,1,6,True,Finalizada,False,2
5055,758,46,4,2,6,5,False,Finalizada,False,3
5056,10,326,4,5,5,5,False,Abandonada,False,1
5057,1621,170,5,3,6,6,False,Finalizada,False,4
5058,19,185,5,3,7,13,False,Abandonada,False,2
5059,450,25,5,2,1,8,False,Finalizada,True,4
5060,681,260,2,3,6,4,False,Finalizada,True,5
5061,1211,97,5,1,6,6,False,Finalizada,True,5
5062,117,216,1,2,6,6,False,Finalizada,False,3
5063,878,270,5,2,3,4,False,Abandonada,False,1
5064,1448,14,4,3,1,6,False,Finalizada,False,4
5065,335,277,4,5,2,3,False,Finalizada,True,5
5066,179,283,1,5,4,10,True,Finalizada,False,2
5067,1530,262,5,4,3,5,False,Finalizada,True,5
5068,845,320,3,3,6,4,False,Finalizada,False,4
5069,1798,233,1,1,3,3,False,Finalizada,False,3
5070,1790,344,5,1,2,3,False,Finalizada,False,5
5071,911,95,1,1,1,5,False,Finalizada,True,5
5072,1111,298,5,1,3,3,False,Finalizada,True,5
5073,1441,28,3,1,3,4,False,Finalizada,True,5
5074,1264,327,5,5,4,14,True,Finalizada,False,2
5075,431,280,5,3,7,11,False,Finalizada,False,3
5076,395,185,2,2,5,7,False,Abandonada,False,2
5077,84,234,5,2,2,2,False,Abandonada,False,2
5078,1838,35,1,5,6,4,False,Finalizada,True,5
5079,1712,239,4,2,7,17,False,Finalizada,True,4
5080,960,152,5,4,7,18,False,Finalizada,False,4
5081,459,204,1,5,3,3,False,Finalizada,False,3
5082,1261,185,1,2,5,6,False,Finalizada,False,4
5083,638,20,4,1,5,7,False,Finalizada,False,5
5084,1378,156,5,5,3,4,False,Finalizada,True,4
5085,209,59,3,2,2,3,False,Finalizada,False,5
5086,1793,164,5,4,3,3,False,Finalizada,True,5
5087,1279,297,5,1,3,5,False,Finalizada,True,5
5088,490,324,2,2,3,4,False,Finalizada,True,4
5089,1657,152,1,2,6,6,False,Finalizada,False,4
5090,757,326,5,1,6,6,False,Finalizada,False,4
5091,217,343,5,2,2,4,False,Finalizada,True,5
5092,1592,216,5,4,2,4,False,Finalizada,False,4
5093,1181,293,5,2,5,4,False,Finalizada,True,5
5094,1681,109,4,3,6,4,False,Abandonada,False,1
5095,95,335,5,4,4,8,False,Finalizada,True,5
5096,1270,285,2,5,1,5,False,Abandonada,False,1
5097,1657,134,5,3,7,17,True,Abandonada,False,1
5098,1712,50,5,2,7,11,False,Finalizada,True,5
5099,544,3,3,4,1,5,False,Finalizada,False,3
5100,1142,165,2,3,1,5,False,Abandonada,False,1
5101,749,268,2,5,7,17,True,Finalizada,False,1
5102,1862,33,1,5,5,7,False,Finalizada,True,5
5103,987,92,1,4,2,3,False,Finalizada,True,5
5104,383,61,5,5,5,5,True,Finalizada,True,3
5105,1921,306,5,4,7,16,True,Finalizada,False,2
5106,62,215,1,2,6,5,False,Finalizada,False,3
5107,1889,301,4,2,5,4,False,Finalizada,False,4
5108,39,343,4,5,7,11,True,Finalizada,False,3
5109,1156,45,5,1,3,4,False,Finalizada,False,4
5110,1188,175,4,4,6,6,False,Finalizada,False,4
5111,1573,212,3,1,5,5,False,Finalizada,True,5
5112,467,273,5,4,6,6,False,Finalizada,True,5
5113,1709,98,4,3,6,6,False,Finalizada,False,3
5114,201,212,4,3,3,5,False,Finalizada,True,5
5115,239,48,5,2,3,5,False,Finalizada,False,4
5116,648,16,5,1,5,4,False,Finalizada,True,5
5117,926,251,5,1,2,4,False,Finalizada,True,4
5118,1217,199,5,5,4,14,False,Finalizada,True,4
5119,1892,40,5,1,7,13,False,Finalizada,True,5
5120,869,16,5,2,2,2,False,Finalizada,False,3
5121,138,299,5,4,6,4,False,Finalizada,True,5
5122,1299,52,5,2,5,6,False,Finalizada,True,5
5123,637,24,5,3,2,2,False,Abandonada,False,1
5124,575,326,5,2,5,7,False,Finalizada,False,4
5125,1100,178,5,1,4,13,False,Abandonada,False,2
5126,1985,261,2,1,6,4,False,Finalizada,False,4
5127,1697,328,5,5,5,6,False,Finalizada,False,4
5128,1523,321,5,5,6,5,False,Finalizada,True,5
5129,718,101,5,5,6,5,False,Abandonada,False,1
5130,1775,26,1,4,3,5,False,Finalizada,False,3
5131,1391,148,5,1,3,4,False,Abandonada,False,1
5132,1803,86,1,5,7,12,True,Abandonada,False,2
5133,1953,2,5,3,2,4,False,Finalizada,True,5
5134,570,114,4,1,4,14,False,Abandonada,False,1
5135,1584,25,4,4,1,8,False,Finalizada,True,5
5136,907,318,2,3,2,4,False,Finalizada,False,3
5137,1835,52,1,1,2,3,False,Abandonada,False,1
5138,39,252,5,1,7,17,False,Abandonada,False,1
5139,1254,32,3,5,6,5,False,Finalizada,False,3
5140,662,2,5,1,5,6,False,Finalizada,True,5
5141,1279,125,1,3,5,4,False,Finalizada,True,5
5142,1571,8,5,2,2,4,False,Finalizada,True,5
5143,1457,23,1,2,5,7,False,Finalizada,False,5
5144,1599,174,5,2,4,15,False,Finalizada,True,5
5145,507,306,2,1,7,11,False,Finalizada,False,5
5146,776,191,2,5,5,5,False,Finalizada,False,5
5147,361,229,5,5,4,10,False,Finalizada,False,3
5148,1568,9,5,2,1,5,False,Finalizada,True,5
5149,437,222,4,4,2,4,False,Finalizada,False,4
5150,374,84,5,3,6,5,False,Abandonada,False,1
5151,928,96,1,3,5,6,False,Finalizada,False,3
5152,663,275,1,3,4,15,False,Finalizada,False,4
5153,636,262,1,3,4,15,False,Finalizada,False,4
5154,337,295,1,2,5,6,True,Abandonada,False,2
5155,999,52,1,2,5,7,False,Finalizada,False,3
5156,1136,317,5,4,7,15,True,Finalizada,False,3
5157,143,267,3,2,2,2,False,Finalizada,False,3
5158,615,85,2,4,5,6,False,Finalizada,False,4
5159,1357,287,3,2,5,6,False,Finalizada,False,3
5160,1165,344,5,4,6,6,False,Finalizada,True,4
5161,1320,100,5,1,5,4,False,Finalizada,True,5
5162,1960,100,4,4,6,4,False,Finalizada,False,4
5163,742,3,2,4,2,3,False,Finalizada,False,4
5164,1895,157,4,2,1,5,False,Finalizada,False,4
5165,1084,340,3,4,5,5,False,Finalizada,False,4
5166,1895,146,1,3,5,6,False,Finalizada,False,4
5167,371,79,1,4,6,5,False,Abandonada,False,1
5168,1472,69,5,1,2,4,False,Finalizada,False,3
5169,1433,45,5,4,5,7,False,Finalizada,False,4
5170,558,205,5,1,7,11,False,Abandonada,False,1
5171,1091,50,1,3,7,12,False,Abandonada,False,1
5172,6,267,4,2,5,4,False,Finalizada,True,5
5173,1755,122,1,3,1,7,False,Finalizada,False,4
5174,1847,30,5,5,6,6,False,Finalizada,False,4
5175,424,68,1,5,2,3,False,Finalizada,True,5
5176,1949,314,1,3,3,3,False,Finalizada,False,5
5177,1436,274,5,1,1,8,False,Finalizada,False,3
5178,875,78,5,3,6,4,False,Finalizada,False,5
5179,1761,286,4,5,4,11,False,Abandonada,False,1
5180,1413,198,1,5,7,15,False,Finalizada,False,4
5181,503,342,1,1,7,14,True,Finalizada,False,2
5182,339,233,1,4,3,5,False,Abandonada,False,2
5183,986,164,5,2,2,2,False,Finalizada,True,5
5184,556,98,5,4,5,4,False,Finalizada,True,4
5185,863,285,4,5,5,6,False,Finalizada,True,5
5186,380,188,4,2,7,11,False,Finalizada,False,3
5187,1600,364,5,4,5,6,False,Finalizada,False,3
5188,1041,162,2,2,7,16,False,Finalizada,False,4
5189,842,249,2,5,6,6,False,Finalizada,True,5
5190,567,297,3,5,4,9,False,Finalizada,False,5
5191,1213,267,4,1,6,4,False,Abandonada,False,2
5192,656,259,5,2,7,12,False,Finalizada,False,3
5193,1372,204,4,2,6,5,False,Finalizada,True,4
5194,1409,283,5,5,1,6,False,Finalizada,False,3
5195,689,140,3,3,4,9,False,Finalizada,False,4
5196,1647,98,5,2,6,4,False,Finalizada,True,5
5197,1489,83,5,1,6,4,False,Abandonada,False,1
5198,1229,167,1,3,7,10,False,Abandonada,False,2
5199,1107,20,5,3,4,10,False,Finalizada,True,5
5200,877,20,5,4,2,4,False,Finalizada,True,5
5201,943,297,3,4,2,4,False,Finalizada,True,5
5202,1652,154,1,4,6,5,False,Abandonada,False,1
5203,1169,222,1,1,2,2,False,Finalizada,True,5
5204,1387,266,1,5,2,4,False,Finalizada,False,5
5205,995,67,5,2,1,6,False,Finalizada,True,5
5206,265,196,2,4,7,11,False,Abandonada,False,1
5207,1164,322,5,2,3,4,False,Finalizada,False,5
5208,1040,60,3,1,5,6,False,Finalizada,True,5
5209,1848,349,5,5,6,4,False,Finalizada,True,4
5210,1271,59,5,5,3,5,False,Finalizada,True,4
5211,346,62,1,3,3,4,False,Finalizada,True,4
5212,1755,43,1,1,7,10,True,Finalizada,True,3
5213,857,279,2,5,2,3,False,Finalizada,False,4
5214,1119,250,4,3,6,6,False,Abandonada,False,2
5215,1559,101,1,4,3,3,True,Finalizada,False,1
5216,1422,245,5,4,1,8,False,Finalizada,False,4
5217,271,285,5,1,4,11,False,Finalizada,False,3
5218,1295,231,4,2,5,6,False,Finalizada,True,4
5219,830,87,5,5,6,6,False,Finalizada,True,4
5220,1168,259,4,3,3,4,False,Abandonada,False,2
5221,1571,151,4,5,1,5,False,Abandonada,False,2
5222,1752,348,4,2,3,3,False,Finalizada,False,5
5223,599,90,5,4,1,6,False,Abandonada,False,2
5224,473,96,5,2,5,4,False,Abandonada,False,1
5225,1313,139,5,4,3,4,False,Abandonada,False,1
5226,1897,340,5,2,7,16,False,Finalizada,False,3
5227,290,92,5,5,4,8,False,Abandonada,False,1
5228,797,364,5,3,5,5,True,Finalizada,False,2
5229,1314,37,5,1,3,5,False,Finalizada,False,5
5230,1293,151,5,2,5,5,False,Finalizada,False,5
5231,1558,235,5,3,1,6,False,Finalizada,False,3
5232,422,349,2,3,7,10,False,Finalizada,False,3
5233,1138,165,5,4,1,8,False,Finalizada,True,5
5234,776,316,1,3,4,14,False,Finalizada,False,3
5235,1863,241,5,4,3,4,False,Finalizada,False,3
5236,306,144,5,3,2,4,False,Finalizada,False,5
5237,1487,200,5,2,2,3,False,Abandonada,False,1
5238,823,8,1,3,1,7,False,Finalizada,False,4
5239,315,178,2,3,1,5,False,Finalizada,True,5
5240,262,222,5,5,7,13,False,Abandonada,False,1
5241,1357,171,4,5,6,4,False,Finalizada,False,4
5242,1718,131,1,4,1,6,False,Finalizada,True,4
5243,1360,98,4,2,6,6,False,Finalizada,False,3
5244,505,307,2,2,7,16,True,Abandonada,False,2
5245,917,356,5,4,7,17,False,Finalizada,True,5
5246,1143,115,4,4,7,10,True,Finalizada,True,3
5247,1025,150,5,4,1,8,False,Finalizada,False,5
5248,1148,196,5,1,6,5,False,Finalizada,True,5
5249,1344,269,5,4,5,5,False,Finalizada,True,4
5250,1975,11,1,2,6,5,False,Finalizada,True,5
5251,878,73,5,2,1,7,False,Finalizada,False,4
5252,769,339,5,3,6,5,False,Finalizada,True,4
5253,718,223,1,4,3,4,False,Finalizada,False,3
5254,1160,246,5,5,3,4,False,Finalizada,True,5
5255,1100,29,1,2,7,11,True,Finalizada,False,2
5256,647,349,4,2,1,5,False,Abandonada,False,2
5257,1150,191,2,5,7,16,False,Finalizada,False,3
5258,1842,205,5,1,7,15,False,Finalizada,True,5
5259,466,233,5,1,7,14,True,Finalizada,True,2
5260,1365,70,5,3,6,5,False,Abandonada,False,1
5261,1213,236,5,1,5,4,False,Finalizada,False,5
5262,1168,188,1,5,5,6,False,Finalizada,False,4
5263,52,72,1,2,4,12,False,Finalizada,True,4
5264,686,171,5,4,4,12,True,Abandonada,False,1
5265,1305,43,5,4,1,7,False,Finalizada,False,4
5266,672,351,4,3,7,16,False,Finalizada,False,3
5267,400,357,5,2,3,3,False,Finalizada,True,4
5268,178,99,1,5,2,4,False,Finalizada,True,4
5269,1695,36,5,1,5,6,False,Abandonada,False,1
5270,1481,94,5,4,4,12,False,Finalizada,True,5
5271,1780,251,5,1,4,8,False,Abandonada,False,1
5272,1540,251,1,4,6,4,False,Finalizada,True,5
5273,1203,327,4,4,4,8,False,Finalizada,False,4
5274,1849,359,5,1,6,4,False,Finalizada,True,5
5275,1884,51,2,3,3,3,False,Abandonada,False,2
5276,1546,334,5,3,7,11,False,Abandonada,False,1
5277,861,161,5,5,7,16,False,Finalizada,True,5
5278,1511,151,5,5,4,15,False,Finalizada,True,5
5279,1338,40,3,2,2,4,False,Finalizada,True,5
5280,1576,57,2,4,6,6,False,Finalizada,False,4
5281,664,145,5,1,6,4,False,Finalizada,True,4
5282,51,160,3,3,3,5,False,Finalizada,False,5
5283,39,175,5,2,4,15,False,Finalizada,True,5
5284,670,247,3,3,6,5,False,Finalizada,False,4
5285,1599,144,5,5,4,9,False,Finalizada,True,5
5286,1724,152,5,5,3,3,True,Finalizada,False,3
5287,822,70,1,4,2,4,False,Finalizada,False,4
5288,1738,289,5,3,7,12,False,Finalizada,True,5
5289,495,143,5,4,7,12,True,Abandonada,False,2
5290,1836,185,4,3,4,15,False,Finalizada,False,4
5291,1849,32,5,4,5,6,False,Finalizada,True,5
5292,1512,321,5,5,3,5,False,Abandonada,False,1
5293,749,304,3,5,5,6,False,Finalizada,False,5
5294,1794,33,5,4,1,8,True,Abandonada,False,2
5295,1829,51,5,5,2,2,False,Finalizada,True,4
5296,458,184,1,3,2,4,False,Finalizada,False,4
5297,1299,106,5,5,6,6,False,Abandonada,False,2
5298,148,25,5,4,5,7,False,Finalizada,False,4
5299,1299,139,1,5,6,5,False,Finalizada,True,4
5300,91,62,5,1,3,4,False,Finalizada,False,3
5301,574,26,2,1,1,6,False,Finalizada,False,3
5302,1491,12,5,5,4,10,False,Finalizada,True,5
5303,1420,254,3,5,2,2,False,Finalizada,False,3
5304,1579,207,3,5,1,5,False,Finalizada,False,4
5305,1487,209,5,4,7,17,False,Finalizada,True,4
5306,1332,358,5,1,6,5,False,Finalizada,True,5
5307,733,335,2,2,3,5,False,Finalizada,False,5
5308,20,233,1,1,4,10,False,Finalizada,True,5
5309,1453,80,5,5,3,3,False,Finalizada,False,4
5310,197,119,1,2,1,5,False,Finalizada,True,5
5311,968,322,5,2,2,3,True,Finalizada,False,2
5312,1417,29,5,4,4,9,False,Finalizada,True,5
5313,231,68,4,1,6,4,False,Finalizada,False,3
5314,1250,221,5,3,7,12,False,Finalizada,False,4
5315,1343,239,1,3,6,4,False,Finalizada,False,5
5316,1488,241,4,5,4,14,False,Finalizada,True,5
5317,1526,200,3,3,5,7,False,Finalizada,True,5
5318,1557,214,5,2,3,5,False,Abandonada,False,1
5319,266,254,1,5,4,8,False,Finalizada,False,3
5320,1737,166,2,2,2,3,True,Finalizada,False,2
5321,1422,265,1,1,6,5,False,Abandonada,False,1
5322,266,162,5,5,1,6,False,Abandonada,False,2
5323,1479,363,1,3,4,8,False,Finalizada,False,3
5324,917,57,5,5,5,6,False,Finalizada,True,5
5325,1776,307,5,5,2,3,True,Abandonada,False,1
5326,225,92,5,1,1,8,False,Abandonada,False,1
5327,1493,361,4,4,2,3,False,Abandonada,False,1
5328,61,16,5,5,2,3,False,Finalizada,True,4
5329,1766,121,4,4,2,3,False,Abandonada,False,2
5330,1004,347,1,4,3,3,False,Finalizada,True,5
5331,941,268,2,2,3,5,False,Finalizada,False,4
5332,375,166,5,4,1,7,False,Abandonada,False,1
5333,1971,40,1,5,6,6,False,Finalizada,False,5
5334,1269,95,5,2,4,13,False,Finalizada,False,5
5335,457,136,2,2,4,15,True,Finalizada,True,3
5336,1635,141,4,4,7,14,False,Finalizada,False,4
5337,463,47,5,2,6,4,False,Abandonada,False,2
5338,1285,147,4,1,2,4,False,Abandonada,False,1
5339,638,332,5,3,5,7,False,Finalizada,True,5
5340,1497,275,4,1,7,12,False,Abandonada,False,1
5341,385,106,4,1,5,5,False,Finalizada,False,3
5342,1382,163,5,5,6,6,False,Finalizada,False,3
5343,758,297,4,1,3,3,False,Finalizada,False,4
5344,356,162,3,4,1,5,False,Finalizada,True,5
5345,670,255,4,5,5,5,False,Finalizada,False,3
5346,1144,108,4,3,7,16,False,Finalizada,False,5
5347,684,64,4,1,1,6,False,Abandonada,False,1
5348,427,216,3,2,4,10,False,Finalizada,False,4
5349,1893,285,4,5,4,9,False,Finalizada,True,5
5350,422,87,5,3,7,12,False,Abandonada,False,2
5351,1489,116,5,3,2,4,False,Finalizada,True,5
5352,1550,236,4,1,4,8,False,Abandonada,False,1
5353,1935,152,5,3,4,9,False,Finalizada,False,4
5354,8,205,1,4,4,9,False,Finalizada,True,5
5355,1776,219,5,5,4,15,True,Finalizada,True,2
5356,545,97,4,2,2,2,False,Finalizada,True,5
5357,1374,292,2,1,7,17,False,Abandonada,False,1
5358,1716,275,5,5,4,10,False,Finalizada,False,3
5359,1848,86,5,5,3,5,False,Finalizada,False,3
5360,1040,110,3,5,6,5,True,Finalizada,False,3
5361,272,60,2,4,1,7,False,Finalizada,False,5
5362,1349,279,2,4,4,15,False,Finalizada,False,3
5363,180,315,5,3,2,3,False,Finalizada,True,5
5364,43,356,5,1,2,2,False,Finalizada,False,3
5365,1324,290,4,2,2,2,False,Abandonada,False,2
5366,203,215,4,5,5,6,False,Finalizada,False,3
5367,1278,183,1,5,5,5,False,Finalizada,True,5
5368,1975,349,5,1,6,4,False,Finalizada,True,5
5369,38,95,1,2,5,6,False,Finalizada,False,5
5370,343,187,5,1,7,10,True,Finalizada,False,1
5371,1246,3,4,3,3,5,True,Finalizada,False,1
5372,372,77,5,4,7,13,True,Finalizada,False,2
5373,159,359,5,4,5,6,False,Finalizada,True,5
5374,1795,29,4,3,4,13,False,Finalizada,False,3
5375,1277,314,4,2,1,7,False,Abandonada,False,1
5376,1328,55,1,5,4,15,False,Finalizada,False,4
5377,1650,199,1,1,2,3,False,Finalizada,True,5
5378,1653,352,2,4,4,12,False,Finalizada,False,4
5379,526,321,1,3,2,4,False,Finalizada,False,3
5380,641,38,4,4,7,10,False,Abandonada,False,1
5381,872,316,5,4,5,5,False,Finalizada,True,4
5382,1492,330,5,1,5,5,False,Finalizada,False,3
5383,8,341,1,5,5,7,False,Finalizada,True,5
5384,1495,153,1,1,3,5,False,Finalizada,True,4
5385,339,233,5,4,7,13,False,Finalizada,False,3
5386,1159,359,5,2,3,4,False,Finalizada,False,3
5387,672,355,4,1,3,5,False,Abandonada,False,1
5388,822,187,5,3,7,18,True,Finalizada,True,2
5389,1602,201,4,1,2,2,False,Finalizada,True,5
5390,1857,28,5,1,2,2,False,Finalizada,True,5
5391,259,100,5,5,2,4,False,Finalizada,True,5
5392,1727,78,1,5,3,4,False,Finalizada,True,5
5393,262,123,5,5,1,7,False,Abandonada,False,1
5394,1294,240,4,3,4,12,True,Abandonada,False,2
5395,1904,183,1,2,2,2,False,Abandonada,False,2
5396,511,348,4,3,6,5,False,Finalizada,True,5
5397,628,270,5,5,6,6,False,Finalizada,False,4
5398,1717,100,5,4,3,4,False,Finalizada,True,5
5399,161,156,4,4,7,17,False,Finalizada,False,3
5400,1579,326,1,3,2,4,False,Finalizada,False,3
5401,1475,19,5,2,7,12,True,Finalizada,False,2
5402,774,254,2,2,2,4,False,Finalizada,True,5
5403,817,161,2,2,4,10,False,Finalizada,False,3
5404,1293,49,4,1,1,6,False,Finalizada,True,4
5405,1507,71,5,2,6,4,False,Finalizada,True,4
5406,1425,236,4,4,1,5,False,Finalizada,False,4
5407,1766,290,5,4,2,3,False,Finalizada,False,5
5408,1902,282,4,5,2,3,False,Finalizada,False,4
5409,476,78,5,2,3,5,False,Abandonada,False,1
5410,1044,231,3,3,1,8,True,Finalizada,False,2
5411,830,123,3,2,6,4,False,Finalizada,False,4
5412,439,55,1,5,1,8,True,Abandonada,False,1
5413,651,45,1,2,5,4,False,Finalizada,True,4
5414,1764,200,5,2,4,15,False,Finalizada,True,5
5415,471,30,5,5,6,6,False,Finalizada,True,4
5416,1500,242,5,2,1,5,False,Finalizada,True,4
5417,1577,290,5,1,2,2,True,Finalizada,False,3
5418,1190,58,5,5,1,5,True,Finalizada,False,3
5419,1734,21,5,4,7,15,False,Finalizada,True,5
5420,819,14,5,3,7,17,True,Finalizada,True,3
5421,1874,177,4,3,2,3,False,Finalizada,True,5
5422,246,295,1,2,5,5,False,Finalizada,True,5
5423,910,206,2,4,1,5,False,Abandonada,False,1
5424,1475,281,1,5,2,4,False,Finalizada,False,3
5425,207,134,5,4,1,6,True,Finalizada,True,2
5426,791,316,4,4,2,3,False,Finalizada,True,5
5427,1753,317,1,1,4,10,False,Finalizada,False,4
5428,1249,233,4,5,3,4,False,Finalizada,False,4
5429,1794,9,5,3,3,4,True,Finalizada,True,1
5430,1911,92,4,1,5,4,False,Abandonada,False,2
5431,947,22,4,4,6,5,False,Finalizada,False,4
5432,504,273,5,3,6,4,False,Finalizada,True,5
5433,1369,182,4,2,7,13,False,Finalizada,True,5
5434,582,28,1,5,4,12,True,Finalizada,False,2
5435,1082,356,1,3,1,6,True,Finalizada,True,1
5436,1138,306,5,5,1,5,False,Finalizada,True,5
5437,441,290,2,1,3,3,False,Finalizada,False,4
5438,269,12,4,4,3,4,False,Abandonada,False,1
5439,1233,188,5,3,2,3,False,Finalizada,True,4
5440,1570,218,1,3,5,5,False,Finalizada,True,5
5441,977,305,4,5,1,7,False,Finalizada,False,3
5442,194,6,5,2,1,8,False,Abandonada,False,1
5443,523,247,3,4,2,4,False,Abandonada,False,1
5444,299,54,5,3,5,6,False,Finalizada,True,5
5445,1181,252,1,4,2,3,False,Finalizada,False,4
5446,835,142,5,1,4,12,False,Finalizada,False,3
5447,1151,155,1,2,3,5,False,Finalizada,False,4
5448,488,107,4,3,5,4,False,Finalizada,False,3
5449,1261,293,4,4,3,3,False,Finalizada,False,3
5450,1549,28,5,2,4,14,False,Finalizada,True,5
5451,1862,312,2,5,6,4,False,Finalizada,True,5
5452,1673,24,4,2,4,14,False,Finalizada,False,3
5453,1355,243,5,3,1,6,False,Finalizada,True,4
5454,736,212,1,5,5,4,False,Finalizada,False,3
5455,1946,328,5,2,2,2,True,Finalizada,True,2
5456,1333,24,4,1,7,14,False,Finalizada,True,5
5457,1975,224,5,3,7,16,False,Finalizada,False,3
5458,1178,295,4,5,7,11,False,Finalizada,True,4
5459,97,182,5,4,1,7,False,Finalizada,False,5
5460,297,89,1,4,5,4,False,Finalizada,True,4
5461,940,105,1,2,6,4,False,Finalizada,False,3
5462,54,299,5,3,4,8,False,Finalizada,True,5
5463,938,319,4,3,4,11,False,Abandonada,False,1
5464,1763,360,1,4,5,7,False,Finalizada,False,5
5465,801,99,5,2,1,7,False,Finalizada,False,4
5466,1055,176,2,1,5,7,False,Finalizada,False,5
5467,264,263,5,2,6,5,False,Finalizada,True,5
5468,904,171,5,1,5,5,False,Finalizada,False,3
5469,1639,204,4,2,6,6,False,Abandonada,False,1
5470,1009,315,5,4,7,17,False,Finalizada,False,4
5471,659,76,5,3,5,6,False,Abandonada,False,1
5472,401,120,5,2,5,5,False,Finalizada,False,3
5473,762,189,3,5,2,4,False,Finalizada,False,4
5474,1147,35,5,4,2,4,False,Finalizada,False,3
5475,246,88,5,4,3,5,False,Finalizada,True,4
5476,1701,104,5,1,6,5,False,Abandonada,False,2
5477,612,68,1,5,3,5,False,Finalizada,False,3
5478,1976,269,5,2,5,5,False,Abandonada,False,1
5479,525,207,2,1,7,18,True,Finalizada,False,2
5480,1447,310,5,5,3,4,False,Finalizada,True,5
5481,526,225,1,3,5,4,False,Abandonada,False,1
5482,1944,13,2,5,3,5,False,Finalizada,False,4
5483,1627,118,2,3,7,16,False,Finalizada,False,4
5484,727,125,5,3,1,6,False,Finalizada,False,4
5485,1638,47,5,1,5,7,False,Finalizada,True,4
5486,461,186,4,4,2,2,False,Finalizada,False,3
5487,137,205,5,4,2,2,False,Finalizada,False,3
5488,41,109,4,2,1,5,False,Finalizada,True,5
5489,1310,30,4,3,4,8,False,Abandonada,False,1
5490,784,356,5,2,7,10,False,Finalizada,False,3
5491,934,301,4,3,5,5,False,Finalizada,True,5
5492,1867,226,4,4,3,3,False,Finalizada,False,4
5493,421,209,5,5,7,12,False,Finalizada,False,3
5494,1521,223,4,5,4,11,False,Abandonada,False,2
5495,1940,112,1,2,1,7,False,Finalizada,False,3
5496,669,339,5,3,4,9,True,Finalizada,True,3
5497,530,123,5,3,4,12,False,Finalizada,True,5
5498,358,174,2,5,7,13,False,Finalizada,True,5
5499,359,360,1,5,7,10,True,Abandonada,False,2
5500,304,149,5,4,5,5,False,Finalizada,True,5
5501,1686,291,1,4,7,18,True,Finalizada,True,1
5502,735,115,2,5,4,9,True,Finalizada,False,2
5503,919,137,2,5,3,5,False,Finalizada,True,5
5504,1416,26,5,4,2,3,False,Finalizada,False,4
5505,935,132,4,4,6,5,False,Finalizada,False,3
5506,945,230,5,5,2,4,False,Finalizada,False,3
5507,628,265,1,5,1,6,False,Finalizada,False,3
5508,997,34,4,2,4,13,True,Abandonada,False,1
5509,1207,55,5,2,7,18,True,Finalizada,False,2
5510,1971,237,4,2,3,3,False,Finalizada,False,3
5511,735,180,5,3,7,18,True,Finalizada,False,3
5512,1181,213,3,5,3,5,False,Finalizada,False,4
5513,1427,278,5,3,5,5,False,Finalizada,False,5
5514,1478,243,5,4,6,5,False,Finalizada,False,3
5515,1028,80,5,4,1,8,False,Finalizada,False,4
5516,575,118,5,4,5,7,False,Finalizada,True,5
5517,742,126,5,3,1,6,False,Abandonada,False,2
5518,495,302,4,1,6,4,False,Finalizada,False,3
5519,537,97,4,5,1,7,False,Finalizada,False,4
5520,722,282,5,3,5,6,False,Finalizada,True,5
5521,1138,135,4,4,2,3,False,Finalizada,False,3
5522,1368,116,5,5,6,5,False,Finalizada,True,4
5523,1870,37,2,5,5,5,True,Finalizada,False,3
5524,1024,4,5,4,2,4,False,Finalizada,True,5
5525,1014,168,5,5,2,3,False,Finalizada,False,3
5526,1304,312,5,4,5,5,False,Finalizada,True,5
5527,1306,42,4,4,6,4,False,Finalizada,False,3
5528,1234,149,4,1,4,10,False,Abandonada,False,2
5529,1592,97,4,4,6,5,False,Finalizada,True,5
5530,304,303,4,1,2,3,False,Finalizada,False,4
5531,1607,259,5,2,3,3,False,Finalizada,True,5
5532,62,113,5,4,6,5,False,Finalizada,True,4
5533,1139,284,5,1,4,12,False,Finalizada,False,3
5534,103,277,2,4,2,4,False,Finalizada,False,4
5535,260,37,3,5,6,5,False,Finalizada,False,3
5536,1087,223,5,5,1,5,False,Abandonada,False,1
5537,1413,156,4,5,7,13,True,Abandonada,False,1
5538,1794,163,5,4,3,3,False,Finalizada,False,5
5539,1835,354,5,2,3,4,False,Finalizada,False,3
5540,1581,214,5,2,7,11,False,Finalizada,True,5
5541,676,327,1,4,3,4,False,Finalizada,False,3
5542,1014,38,5,3,7,18,True,Finalizada,True,1
5543,789,259,5,1,6,6,False,Finalizada,False,5
5544,1641,9,4,5,4,12,False,Finalizada,False,3
5545,1779,105,4,5,7,16,False,Finalizada,False,4
5546,1260,215,5,4,3,5,False,Finalizada,False,4
5547,682,292,5,1,2,3,False,Abandonada,False,1
5548,1628,259,3,5,2,4,False,Finalizada,False,3
5549,1009,241,5,2,3,3,False,Abandonada,False,1
5550,767,106,4,1,4,9,False,Finalizada,False,5
5551,1850,27,5,2,4,11,False,Finalizada,False,4
5552,923,96,3,5,6,6,False,Finalizada,False,4
5553,1874,199,5,4,3,4,False,Abandonada,False,1
5554,1485,345,1,3,2,4,False,Finalizada,True,4
5555,152,283,5,2,2,4,False,Abandonada,False,2
5556,1391,174,5,4,1,6,False,Finalizada,True,4
5557,1418,253,5,3,6,6,False,Finalizada,False,4
5558,747,209,1,4,3,3,False,Abandonada,False,2
5559,1129,148,4,3,4,10,False,Finalizada,False,4
5560,1515,223,5,1,1,5,False,Finalizada,False,4
5561,839,84,1,1,6,5,False,Finalizada,False,5
5562,1355,228,5,1,7,18,False,Finalizada,True,5
5563,6,60,1,1,5,7,False,Finalizada,True,5
5564,1606,221,5,5,6,4,False,Finalizada,True,5
5565,532,15,5,2,5,7,False,Finalizada,True,4
5566,894,286,5,3,7,18,False,Finalizada,False,4
5567,629,313,3,1,1,7,False,Finalizada,True,5
5568,1004,268,5,5,7,14,False,Abandonada,False,1
5569,424,282,3,5,2,2,False,Abandonada,False,1
5570,788,102,2,4,5,5,False,Finalizada,False,4
5571,890,216,5,1,5,5,False,Finalizada,True,4
5572,1257,276,4,3,6,5,False,Abandonada,False,1
5573,657,89,5,2,7,18,False,Finalizada,True,5
5574,68,37,5,4,5,4,False,Finalizada,True,4
5575,594,28,1,1,2,2,False,Finalizada,False,3
5576,485,169,4,4,2,4,False,Finalizada,False,3
5577,1895,327,4,3,1,6,False,Finalizada,False,3
5578,1616,359,5,4,7,16,False,Finalizada,True,4
5579,514,229,5,4,3,5,False,Abandonada,False,1
5580,1157,216,5,5,6,6,False,Abandonada,False,2
5581,1600,89,5,4,5,6,True,Abandonada,False,1
5582,176,178,4,5,4,12,True,Abandonada,False,2
5583,1756,11,3,5,4,9,False,Finalizada,False,3
5584,1463,202,1,1,5,5,False,Finalizada,False,5
5585,1532,189,4,2,6,6,False,Finalizada,False,5
5586,982,202,5,4,1,7,False,Finalizada,True,5
5587,814,97,5,5,6,6,False,Finalizada,False,4
5588,1351,241,3,2,6,6,False,Finalizada,False,5
5589,1102,45,4,3,7,15,True,Finalizada,True,2
5590,394,300,5,2,6,4,False,Finalizada,True,5
5591,858,276,4,3,6,5,False,Finalizada,True,4
5592,630,269,5,5,2,4,False,Finalizada,False,5
5593,759,58,1,4,4,11,False,Finalizada,False,3
5594,1317,275,4,5,4,12,True,Finalizada,False,1
5595,1250,79,1,1,1,8,False,Finalizada,True,5
5596,1588,221,1,1,2,3,False,Abandonada,False,1
5597,117,268,5,1,4,9,True,Finalizada,True,2
5598,817,141,5,3,1,8,False,Abandonada,False,1
5599,836,315,1,1,3,4,False,Abandonada,False,1
5600,378,325,1,1,4,14,False,Finalizada,False,3
5601,243,23,1,4,6,6,False,Finalizada,False,4
5602,1062,315,5,2,1,6,False,Abandonada,False,2
5603,1421,19,4,3,3,5,False,Finalizada,False,4
5604,1258,316,5,5,1,7,False,Abandonada,False,1
5605,879,343,2,3,1,8,True,Abandonada,False,1
5606,803,102,5,4,5,4,False,Abandonada,False,1
5607,393,65,1,3,6,4,False,Abandonada,False,1
5608,602,64,4,3,1,6,False,Finalizada,False,5
5609,1706,260,4,3,3,5,False,Finalizada,False,4
5610,638,337,5,4,6,4,False,Finalizada,True,5
5611,1651,54,4,4,2,4,False,Finalizada,False,4
5612,47,352,5,5,1,8,False,Finalizada,False,4
5613,1525,200,2,4,4,15,False,Abandonada,False,1
5614,176,66,2,1,6,4,False,Finalizada,False,4
5615,1815,177,4,3,6,6,False,Abandonada,False,1
5616,1422,101,2,1,2,2,True,Finalizada,False,3
5617,435,335,4,3,4,9,True,Finalizada,False,2
5618,736,313,3,1,5,7,False,Finalizada,False,3
5619,379,273,5,2,7,12,False,Abandonada,False,2
5620,463,72,5,5,4,13,False,Finalizada,False,3
5621,1981,327,4,4,2,3,False,Finalizada,False,5
5622,973,178,2,2,7,18,False,Finalizada,False,4
5623,124,153,5,1,6,4,False,Finalizada,True,4
5624,753,365,3,4,4,13,True,Finalizada,False,2
5625,261,12,4,5,4,11,False,Abandonada,False,2
5626,504,303,4,1,3,5,False,Abandonada,False,1
5627,1321,27,5,3,2,2,False,Finalizada,True,5
5628,998,302,5,3,2,2,False,Abandonada,False,1
5629,225,63,4,2,7,11,True,Abandonada,False,2
5630,143,196,4,3,2,3,False,Abandonada,False,1
5631,1728,274,5,4,2,4,False,Finalizada,False,3
5632,1761,339,4,3,6,5,False,Finalizada,False,4
5633,1157,95,5,1,1,5,False,Finalizada,True,4
5634,431,221,5,4,3,4,False,Finalizada,True,5
5635,632,121,5,3,4,15,True,Abandonada,False,2
5636,711,143,5,1,2,3,False,Finalizada,True,4
5637,1212,328,1,4,3,4,False,Finalizada,True,5
5638,932,160,1,3,1,6,False,Finalizada,False,4
5639,1235,219,1,2,5,4,False,Finalizada,False,3
5640,1262,7,5,2,3,5,False,Finalizada,False,4
5641,1239,71,3,4,5,6,False,Finalizada,False,3
5642,1838,279,1,2,5,7,False,Abandonada,False,1
5643,1412,129,5,2,1,6,False,Finalizada,False,5
5644,12,89,5,4,7,15,False,Finalizada,True,5
5645,1713,218,5,1,2,4,False,Finalizada,True,5
5646,464,261,5,1,2,2,False,Finalizada,False,3
5647,405,253,2,4,2,4,False,Finalizada,True,5
5648,833,74,5,5,1,6,False,Finalizada,True,5
5649,1111,232,5,3,7,12,False,Finalizada,True,4
5650,1051,235,2,5,4,15,False,Finalizada,False,4
5651,1199,3,2,1,6,4,False,Finalizada,False,3
5652,1708,154,5,3,5,6,False,Finalizada,False,5
5653,1900,319,5,2,1,8,False,Finalizada,True,5
5654,251,202,4,2,4,8,False,Finalizada,True,5
5655,1693,278,4,1,4,14,False,Finalizada,True,5
5656,166,116,5,4,5,6,True,Finalizada,False,3
5657,1849,241,4,2,2,4,False,Abandonada,False,1
5658,196,197,5,1,1,7,False,Finalizada,True,5
5659,153,296,1,5,7,13,False,Finalizada,True,5
5660,1855,14,1,3,3,3,False,Finalizada,False,4
5661,15,346,5,1,5,7,False,Abandonada,False,1
5662,230,259,5,1,4,8,False,Finalizada,True,5
5663,243,184,2,5,5,7,False,Finalizada,False,3
5664,920,85,2,5,5,4,False,Abandonada,False,2
5665,1432,100,5,2,5,4,True,Finalizada,True,1
5666,1131,365,4,4,6,5,False,Abandonada,False,1
5667,784,282,4,3,6,4,False,Abandonada,False,1
5668,1332,68,5,2,3,3,False,Finalizada,False,4
5669,294,70,5,4,7,14,False,Abandonada,False,1
5670,1858,7,5,3,4,11,False,Finalizada,True,5
5671,520,26,4,2,7,15,True,Abandonada,False,1
5672,838,116,4,1,2,4,False,Finalizada,True,4
5673,1158,220,2,5,1,5,False,Finalizada,False,3
5674,23,139,5,5,5,6,True,Abandonada,False,2
5675,816,36,2,5,7,17,True,Finalizada,False,3
5676,1626,271,2,3,3,4,False,Finalizada,False,5
5677,717,347,5,5,2,2,False,Finalizada,False,3
5678,1941,300,5,5,6,4,False,Finalizada,True,5
5679,858,312,2,2,7,13,False,Finalizada,False,3
5680,1724,206,4,2,4,13,False,Abandonada,False,1
5681,425,58,5,1,6,6,False,Finalizada,True,5
5682,1780,182,5,4,7,18,False,Finalizada,True,5
5683,1470,169,5,1,4,13,True,Abandonada,False,1
5684,657,223,1,3,5,7,False,Abandonada,False,1
5685,363,239,4,5,1,8,False,Finalizada,False,5
5686,751,21,5,1,4,12,False,Finalizada,False,5
5687,455,244,4,1,1,8,False,Abandonada,False,2
5688,1721,305,4,1,6,4,False,Abandonada,False,1
5689,1849,246,4,2,4,8,False,Finalizada,True,5
5690,776,265,2,2,2,3,False,Finalizada,False,4
5691,17,147,4,5,4,14,False,Finalizada,True,4
5692,754,144,4,4,6,5,False,Finalizada,False,3
5693,701,305,5,1,3,3,False,Finalizada,False,5
5694,1914,74,4,4,1,7,False,Finalizada,False,3
5695,1215,136,1,2,2,4,False,Finalizada,False,4
5696,1699,37,5,5,6,5,False,Finalizada,True,4
5697,1363,336,5,3,3,5,False,Abandonada,False,1
5698,1176,131,1,1,6,4,False,Finalizada,False,3
5699,1596,48,1,5,7,11,True,Finalizada,True,1
5700,757,263,5,3,4,10,False,Finalizada,False,5
5701,469,85,5,2,1,6,True,Abandonada,False,1
5702,457,18,1,3,4,8,False,Finalizada,True,4
5703,487,219,4,1,4,9,False,Abandonada,False,1
5704,1732,38,5,1,1,6,False,Finalizada,False,4
5705,1788,254,4,4,3,4,False,Finalizada,False,5
5706,132,297,5,3,5,7,False,Finalizada,False,3
5707,1758,290,5,1,3,4,False,Abandonada,False,1
5708,1384,84,4,4,1,8,False,Finalizada,True,5
5709,1522,265,2,2,3,3,False,Finalizada,False,5
5710,302,220,4,2,5,6,True,Finalizada,True,2
5711,1591,75,5,4,2,3,False,Finalizada,False,4
5712,1553,144,4,4,3,4,False,Finalizada,True,5
5713,283,267,4,5,2,3,False,Finalizada,False,3
5714,552,359,4,1,1,5,False,Finalizada,False,5
5715,235,218,2,3,5,5,False,Finalizada,True,5
5716,958,275,1,3,7,16,False,Finalizada,False,5
5717,1617,191,5,1,7,14,True,Finalizada,False,2
5718,1942,347,4,3,6,6,False,Abandonada,False,2
5719,1471,63,1,1,7,15,True,Finalizada,False,1
5720,378,54,2,1,5,5,False,Abandonada,False,1
5721,1059,80,5,1,1,8,False,Finalizada,True,5
5722,1169,349,5,1,4,8,False,Finalizada,True,5
5723,116,204,5,2,5,4,False,Finalizada,True,5
5724,1800,314,5,3,4,8,True,Finalizada,False,2
5725,1970,113,1,2,3,3,False,Finalizada,False,5
5726,1435,360,2,3,2,2,False,Finalizada,False,3
5727,469,55,1,4,6,5,False,Finalizada,False,3
5728,624,277,1,5,5,7,False,Finalizada,False,4
5729,444,174,5,3,3,3,False,Finalizada,True,5
5730,649,39,5,4,6,6,False,Finalizada,True,5
5731,1673,24,5,2,1,7,False,Finalizada,False,4
5732,1122,341,1,2,1,8,False,Finalizada,True,5
5733,30,199,5,4,2,2,False,Finalizada,True,5
5734,312,351,5,4,4,9,True,Finalizada,False,1
5735,1241,170,1,1,5,5,False,Abandonada,False,1
5736,1501,47,5,3,4,10,False,Finalizada,True,5
5737,559,128,1,1,3,3,False,Finalizada,True,5
5738,356,3,5,5,7,13,False,Finalizada,True,5
5739,1253,168,4,2,1,5,False,Abandonada,False,2
5740,385,281,2,2,3,5,False,Finalizada,False,3
5741,103,22,5,2,4,14,False,Abandonada,False,1
5742,187,50,4,5,7,10,False,Finalizada,False,5
5743,1304,306,4,5,1,8,False,Finalizada,False,4
5744,1112,112,5,2,3,5,False,Finalizada,False,5
5745,1273,146,4,4,7,15,False,Finalizada,False,3
5746,567,150,4,1,2,2,False,Finalizada,False,3
5747,424,345,2,3,7,17,True,Finalizada,True,3
5748,280,363,1,2,4,9,False,Finalizada,False,3
5749,263,256,1,1,3,5,False,Finalizada,False,4
5750,1153,362,5,4,7,18,True,Abandonada,False,1
5751,1927,122,1,2,1,6,False,Finalizada,False,4
5752,54,295,1,1,2,3,False,Finalizada,False,3
5753,382,95,4,3,1,5,False,Finalizada,True,5
5754,1876,34,4,3,7,14,False,Finalizada,True,5
5755,1034,278,2,5,7,12,False,Finalizada,False,5
5756,1086,110,2,2,4,15,False,Finalizada,False,3
5757,1015,246,5,4,2,2,False,Finalizada,False,5
5758,1291,197,5,4,1,5,False,Finalizada,True,4
5759,781,58,3,3,5,4,False,Finalizada,False,4
5760,1329,154,5,1,1,5,False,Finalizada,False,3
5761,451,134,1,2,2,4,True,Finalizada,False,2
5762,602,213,5,1,3,4,False,Finalizada,True,5
5763,661,251,4,5,6,6,False,Abandonada,False,2
5764,148,56,4,1,1,6,False,Finalizada,False,3
5765,145,186,1,3,2,2,False,Finalizada,True,5
5766,1833,337,5,4,5,7,False,Finalizada,False,4
5767,766,309,1,5,1,5,False,Finalizada,True,4
5768,1543,269,4,5,3,3,False,Finalizada,False,3
5769,1668,44,2,1,6,4,False,Finalizada,True,5
5770,1578,100,5,2,1,6,False,Finalizada,True,4
5771,1616,189,3,1,6,6,False,Abandonada,False,1
5772,1124,207,4,2,2,4,False,Finalizada,False,3
5773,645,283,4,5,7,13,False,Finalizada,False,3
5774,564,279,1,2,2,2,True,Finalizada,True,2
5775,998,337,4,3,2,3,True,Finalizada,False,3
5776,568,270,5,5,4,8,False,Finalizada,False,5
5777,1042,3,1,2,2,3,False,Finalizada,True,5
5778,432,364,5,3,7,14,True,Abandonada,False,2
5779,613,63,2,5,5,7,False,Abandonada,False,1
5780,1731,15,4,1,5,5,False,Finalizada,True,5
5781,1486,152,5,2,1,5,False,Finalizada,True,5
5782,1071,45,5,5,2,4,False,Finalizada,False,5
5783,301,254,4,1,3,5,False,Finalizada,False,4
5784,440,17,1,4,6,5,False,Finalizada,False,3
5785,1721,308,3,1,2,4,False,Abandonada,False,1
5786,744,68,1,2,7,16,False,Finalizada,True,5
5787,1726,110,4,1,4,14,True,Abandonada,False,2
5788,1991,205,2,4,7,13,False,Finalizada,True,5
5789,1897,302,4,2,7,11,True,Finalizada,False,2
5790,996,66,1,5,7,14,True,Finalizada,False,3
5791,1378,254,4,4,3,4,False,Abandonada,False,2
5792,681,304,4,2,5,7,False,Abandonada,False,2
5793,675,305,5,5,5,7,False,Finalizada,True,5
5794,88,128,4,5,2,2,False,Abandonada,False,1
5795,504,207,2,4,2,4,True,Finalizada,False,2
5796,1977,174,3,4,2,3,False,Finalizada,True,5
5797,1769,204,3,3,2,4,False,Finalizada,True,5
5798,559,227,3,4,3,3,False,Abandonada,False,2
5799,955,94,4,4,5,7,False,Finalizada,True,5
5800,1295,132,5,3,7,11,False,Finalizada,True,4
5801,314,352,5,3,4,15,False,Finalizada,True,5
5802,949,147,5,4,2,3,False,Finalizada,True,4
5803,1015,125,4,1,3,3,False,Finalizada,True,5
5804,541,112,3,5,4,12,False,Finalizada,False,3
5805,1346,155,4,2,3,3,False,Finalizada,True,5
5806,1526,137,5,2,6,5,False,Finalizada,True,5
5807,1799,60,5,3,3,5,False,Abandonada,False,2
5808,395,140,1,2,7,13,True,Finalizada,False,2
5809,822,127,2,2,1,5,False,Finalizada,False,4
5810,1869,252,2,1,6,5,False,Finalizada,False,5
5811,1927,260,5,4,6,5,False,Finalizada,False,4
5812,1655,138,5,5,3,4,False,Finalizada,True,5
5813,1789,4,1,2,5,7,False,Abandonada,False,1
5814,1460,125,4,2,7,17,False,Abandonada,False,2
5815,1843,109,4,2,3,3,False,Finalizada,True,5
5816,1681,334,4,3,6,5,False,Finalizada,True,5
5817,499,16,4,3,2,4,False,Finalizada,False,4
5818,960,298,2,2,5,6,False,Abandonada,False,1
5819,997,363,5,5,7,12,False,Finalizada,False,4
5820,455,50,5,3,7,15,False,Finalizada,False,5
5821,165,315,1,5,7,12,False,Abandonada,False,1
5822,156,171,4,5,3,3,False,Abandonada,False,1
5823,1487,195,5,2,7,14,False,Finalizada,True,5
5824,344,114,4,1,5,5,False,Finalizada,True,5
5825,1896,131,1,4,2,2,False,Finalizada,False,3
5826,1924,230,5,1,5,6,False,Abandonada,False,2
5827,1704,348,4,1,2,2,False,Abandonada,False,1
5828,702,294,1,5,6,4,False,Finalizada,False,4
5829,1444,233,4,3,2,3,False,Finalizada,False,3
5830,1798,237,5,1,6,4,True,Abandonada,False,1
5831,57,152,5,2,2,4,False,Finalizada,False,5
5832,530,277,3,2,3,4,False,Finalizada,False,3
5833,460,19,4,5,6,6,False,Finalizada,False,3
5834,1927,62,5,5,2,4,False,Abandonada,False,1
5835,227,184,5,4,1,6,False,Finalizada,False,4
5836,1525,161,5,2,2,2,False,Abandonada,False,1
5837,1338,137,5,1,6,5,False,Finalizada,False,3
5838,458,359,5,5,1,7,False,Finalizada,False,5
5839,1177,58,4,1,5,4,False,Finalizada,True,4
5840,937,68,5,1,3,3,False,Finalizada,False,5
5841,428,104,5,1,5,5,False,Finalizada,False,3
5842,1954,225,1,4,3,4,False,Finalizada,True,5
5843,318,124,5,1,7,14,False,Abandonada,False,1
5844,1474,236,1,1,3,4,False,Finalizada,False,5
5845,1060,129,3,2,2,3,True,Abandonada,False,2
5846,868,325,5,4,5,7,False,Finalizada,True,5
5847,241,136,1,4,5,5,False,Finalizada,True,5
5848,1084,191,5,5,3,3,False,Abandonada,False,1
5849,1277,172,3,5,1,8,False,Finalizada,False,3
5850,1143,95,3,3,3,4,False,Finalizada,True,5
5851,1511,15,5,5,3,4,False,Abandonada,False,1
5852,675,137,5,2,6,5,False,Abandonada,False,1
5853,855,76,4,1,7,17,False,Finalizada,False,4
5854,1889,72,2,4,6,5,False,Finalizada,False,3
5855,275,343,4,5,3,5,False,Finalizada,False,4
5856,914,74,2,2,3,3,False,Abandonada,False,1
5857,1337,170,5,1,4,15,False,Finalizada,True,5
5858,1514,237,3,3,3,3,False,Finalizada,False,3
5859,263,101,4,1,2,4,False,Finalizada,True,5
5860,1411,206,2,2,5,5,False,Finalizada,True,4
5861,968,210,4,2,5,5,False,Finalizada,False,4
5862,519,127,5,4,2,3,False,Finalizada,False,5
5863,116,35,4,2,1,5,False,Finalizada,True,5
5864,1483,135,1,4,2,3,False,Finalizada,False,4
5865,1522,215,4,2,2,3,False,Abandonada,False,1
5866,1682,286,5,1,4,11,False,Finalizada,True,5
5867,1669,17,1,1,5,5,False,Abandonada,False,1
5868,1058,77,5,5,2,3,False,Finalizada,True,5
5869,1218,308,4,2,6,5,False,Abandonada,False,2
5870,1626,361,5,5,3,4,False,Finalizada,False,4
5871,1259,241,5,3,6,5,False,Finalizada,True,5
5872,945,291,4,4,4,8,False,Abandonada,False,1
5873,1007,202,4,1,3,3,False,Abandonada,False,2
5874,29,314,5,3,5,7,False,Finalizada,True,4
5875,1538,171,4,5,3,3,False,Finalizada,True,5
5876,66,256,4,1,7,14,False,Finalizada,False,4
5877,1681,222,4,2,2,2,False,Finalizada,False,3
5878,132,276,5,2,4,11,False,Finalizada,True,5
5879,1420,7,4,2,4,9,False,Finalizada,False,5
5880,1573,129,2,2,2,3,False,Finalizada,True,5
5881,1342,348,1,5,2,3,False,Finalizada,False,4
5882,1430,337,2,4,3,4,False,Abandonada,False,1
5883,1845,288,4,3,1,8,False,Finalizada,False,3
5884,624,93,2,5,4,9,False,Finalizada,False,4
5885,1874,280,1,5,6,6,False,Finalizada,True,5
5886,1993,42,4,2,2,4,False,Finalizada,True,5
5887,634,72,5,1,2,3,False,Finalizada,False,4
5888,822,167,3,2,1,6,False,Abandonada,False,2
5889,1492,185,5,4,7,10,False,Finalizada,True,5
5890,1428,149,5,3,6,5,False,Finalizada,True,5
5891,1718,130,5,4,3,4,False,Finalizada,True,5
5892,1699,226,4,2,3,4,False,Finalizada,False,3
5893,607,290,1,1,1,6,False,Finalizada,False,4
5894,1155,265,2,2,4,9,False,Finalizada,True,5
5895,1140,359,5,3,6,6,False,Finalizada,False,4
5896,684,47,5,5,3,3,False,Finalizada,False,4
5897,779,240,5,3,2,3,False,Abandonada,False,1
5898,1325,91,1,3,3,3,False,Finalizada,False,5
5899,952,64,4,2,4,11,False,Finalizada,False,3
5900,1840,151,1,4,4,13,False,Finalizada,True,5
5901,878,127,5,4,2,3,False,Finalizada,False,4
5902,372,271,5,3,6,4,False,Finalizada,True,5
5903,1604,55,5,2,5,7,False,Finalizada,True,5
5904,1148,79,5,3,4,10,False,Finalizada,True,5
5905,319,245,5,2,1,8,False,Finalizada,True,5
5906,1715,266,4,2,4,13,True,Finalizada,True,1
5907,704,133,1,5,3,3,False,Finalizada,False,3
5908,1155,187,1,1,4,12,False,Finalizada,False,5
5909,1087,281,4,5,3,5,False,Finalizada,False,3
5910,337,115,5,1,6,4,False,Abandonada,False,2
5911,465,300,5,5,5,4,False,Abandonada,False,1
5912,1616,111,2,2,5,7,False,Finalizada,True,5
5913,1368,24,5,1,3,5,False,Finalizada,True,5
5914,1587,269,4,3,2,3,False,Finalizada,True,5
5915,1172,33,5,5,5,4,True,Finalizada,False,1
5916,1583,223,5,4,7,18,True,Finalizada,True,3
5917,857,51,5,3,2,2,False,Finalizada,False,4
5918,403,86,5,5,5,5,False,Finalizada,True,5
5919,660,238,1,1,1,7,False,Finalizada,False,4
5920,822,92,1,3,2,2,False,Finalizada,False,4
5921,1875,330,1,1,6,4,False,Finalizada,False,4
5922,770,78,4,3,2,4,False,Abandonada,False,1
5923,900,77,1,5,7,11,False,Finalizada,False,3
5924,1363,106,4,5,7,11,False,Finalizada,True,5
5925,651,241,3,2,7,15,False,Abandonada,False,2
5926,890,229,1,2,6,4,False,Finalizada,False,4
5927,1495,305,5,3,4,9,False,Finalizada,False,4
5928,1601,172,3,4,3,5,False,Finalizada,True,5
5929,290,129,4,4,5,4,False,Finalizada,False,4
5930,779,310,4,4,2,2,False,Abandonada,False,1
5931,975,340,4,1,3,3,False,Abandonada,False,1
5932,819,148,3,1,1,8,False,Finalizada,False,5
5933,1040,231,4,5,6,5,False,Finalizada,False,4
5934,1686,181,4,1,3,3,False,Abandonada,False,2
5935,626,143,5,2,2,3,False,Abandonada,False,2
5936,1504,20,2,5,7,11,True,Finalizada,True,1
5937,1138,185,1,1,7,12,False,Finalizada,False,3
5938,768,41,5,4,2,2,False,Finalizada,False,5
5939,1438,348,5,5,2,2,False,Abandonada,False,1
5940,367,310,4,4,5,4,False,Abandonada,False,2
5941,205,20,5,2,3,4,False,Finalizada,True,5
5942,1512,243,4,4,4,15,True,Finalizada,True,2
5943,1551,80,4,3,7,13,True,Finalizada,False,2
5944,803,266,2,4,3,4,False,Finalizada,False,3
5945,1767,141,2,4,1,7,False,Finalizada,False,3
5946,1971,299,2,4,3,4,False,Abandonada,False,1
5947,410,295,4,4,7,10,False,Finalizada,False,3
5948,1358,126,2,4,4,12,False,Abandonada,False,2
5949,1551,84,4,3,4,14,False,Finalizada,True,5
5950,1910,167,1,1,1,6,False,Abandonada,False,2
5951,1521,258,4,2,7,16,False,Finalizada,True,5
5952,966,39,1,4,1,8,False,Finalizada,True,4
5953,315,157,4,2,6,5,False,Finalizada,False,5
5954,1755,249,5,5,5,4,False,Finalizada,False,5
5955,960,310,4,3,1,5,False,Finalizada,False,4
5956,1691,86,5,3,4,9,True,Abandonada,False,1
5957,595,86,5,2,3,4,False,Finalizada,False,4
5958,1891,331,5,5,5,7,False,Finalizada,True,5
5959,261,281,4,5,4,15,False,Abandonada,False,1
5960,1143,47,5,1,6,5,False,Finalizada,True,5
5961,626,218,4,3,5,6,False,Finalizada,False,4
5962,126,173,5,3,4,15,False,Finalizada,False,5
5963,499,304,5,5,1,7,False,Finalizada,True,5
5964,266,3,1,1,6,5,False,Abandonada,False,2
5965,564,270,1,4,3,4,False,Finalizada,False,4
5966,623,203,3,2,5,6,False,Abandonada,False,1
5967,777,295,5,5,2,2,False,Abandonada,False,1
5968,377,311,2,4,4,8,False,Finalizada,True,4
5969,637,102,2,4,1,5,False,Finalizada,True,5
5970,702,130,4,5,3,5,False,Finalizada,True,5
5971,560,96,1,4,4,9,True,Abandonada,False,1
5972,1960,134,4,4,6,6,False,Finalizada,True,5
5973,1504,53,5,4,6,4,False,Finalizada,True,5
5974,1660,166,1,5,3,4,False,Abandonada,False,2
5975,566,19,4,3,1,5,False,Finalizada,False,5
5976,1866,62,5,5,6,5,False,Finalizada,True,5
5977,221,130,4,5,1,8,False,Abandonada,False,2
5978,1028,343,5,1,1,7,False,Finalizada,False,5
5979,1210,140,4,1,4,9,False,Abandonada,False,2
5980,376,287,4,3,1,8,False,Abandonada,False,1
5981,1861,260,5,2,6,6,False,Abandonada,False,2
5982,327,153,5,1,4,11,False,Abandonada,False,1
5983,845,108,3,5,3,5,False,Finalizada,True,4
5984,1218,197,4,1,2,4,False,Finalizada,False,5
5985,1540,290,2,4,2,3,False,Finalizada,True,5
5986,1344,330,5,2,5,5,False,Abandonada,False,1
5987,140,1,4,4,7,18,False,Finalizada,False,3
5988,238,80,4,2,1,7,False,Finalizada,False,3
5989,384,78,4,3,1,6,False,Abandonada,False,2
5990,846,128,1,3,5,7,False,Abandonada,False,2
5991,4,44,1,5,1,8,False,Abandonada,False,1
5992,149,26,5,2,6,5,False,Finalizada,True,5
5993,733,129,5,5,6,6,False,Finalizada,True,5
5994,928,188,4,4,5,7,False,Abandonada,False,2
5995,1528,271,4,1,4,14,False,Finalizada,True,4
5996,1176,318,5,1,2,3,False,Finalizada,True,5
5997,1986,365,1,5,3,4,False,Finalizada,True,5
5998,1758,64,4,4,6,5,False,Finalizada,False,3
5999,790,266,5,1,4,9,False,Finalizada,True,4
6000,978,54,5,1,3,4,False,Finalizada,True,5
6001,1026,254,5,3,3,3,False,Finalizada,True,4
6002,257,215,4,3,7,12,True,Finalizada,False,2
6003,736,315,5,3,2,3,False,Finalizada,False,3
6004,669,279,4,5,1,5,False,Abandonada,False,1
6005,374,50,1,2,3,4,False,Finalizada,False,3
6006,1503,55,1,2,5,7,False,Finalizada,False,4
6007,1648,154,5,5,1,5,False,Abandonada,False,1
6008,1848,227,1,5,1,7,False,Finalizada,False,5
6009,1168,42,5,5,5,5,False,Finalizada,False,3
6010,16,362,5,2,6,4,False,Finalizada,True,5
6011,1489,117,2,1,4,13,False,Finalizada,False,3
6012,254,20,5,3,5,4,False,Finalizada,False,4
6013,1924,80,5,1,1,8,True,Finalizada,True,3
6014,210,64,5,4,5,4,False,Finalizada,False,3
6015,1125,210,4,2,2,2,False,Finalizada,True,5
6016,213,138,5,1,3,5,False,Abandonada,False,1
6017,374,181,5,2,5,7,False,Finalizada,True,5
6018,1924,231,1,2,7,16,False,Finalizada,False,5
6019,762,338,4,5,4,14,False,Finalizada,False,5
6020,1187,356,5,1,6,6,True,Finalizada,False,2
6021,169,145,1,2,4,14,False,Finalizada,False,4
6022,101,254,1,2,2,2,False,Finalizada,False,5
6023,1832,338,2,4,7,14,False,Abandonada,False,1
6024,1094,67,2,2,1,6,False,Finalizada,False,4
6025,341,328,1,5,4,13,False,Finalizada,False,5
6026,691,47,5,3,6,4,False,Abandonada,False,1
6027,1116,46,5,1,2,4,False,Finalizada,True,5
6028,1042,154,1,4,3,4,False,Finalizada,False,3
6029,1184,111,1,1,1,7,False,Finalizada,False,3
6030,1976,206,5,1,4,15,False,Finalizada,True,5
6031,612,51,1,3,5,7,False,Abandonada,False,1
6032,1017,24,5,4,5,7,False,Abandonada,False,1
6033,970,98,4,3,5,6,False,Finalizada,False,3
6034,1685,361,5,2,3,4,False,Finalizada,True,5
6035,1647,292,4,1,5,5,True,Finalizada,False,3
6036,1074,219,1,4,3,4,False,Finalizada,True,5
6037,1950,170,5,4,1,5,False,Finalizada,False,3
6038,1249,293,5,2,3,4,False,Abandonada,False,1
6039,1709,363,2,4,2,4,False,Finalizada,False,5
6040,1552,171,5,4,6,6,False,Finalizada,True,5
6041,1168,138,5,3,6,5,False,Finalizada,True,5
6042,865,48,5,4,7,10,True,Abandonada,False,1
6043,1169,323,5,1,4,14,False,Finalizada,True,4
6044,424,325,4,4,3,5,False,Finalizada,True,5
6045,50,72,5,2,1,5,False,Finalizada,False,3
6046,457,2,5,5,3,3,False,Abandonada,False,1
6047,98,362,5,4,3,3,False,Finalizada,False,5
6048,1279,30,2,2,5,6,False,Finalizada,True,5
6049,513,31,5,1,4,8,True,Abandonada,False,1
6050,1947,14,5,3,3,3,False,Finalizada,True,5
6051,915,170,5,4,3,5,False,Finalizada,False,4
6052,1781,264,4,5,3,5,False,Abandonada,False,1
6053,987,13,4,3,4,14,False,Abandonada,False,1
6054,1849,341,5,2,6,5,False,Finalizada,False,3
6055,1735,134,5,3,7,15,True,Finalizada,True,3
6056,1671,220,5,5,6,6,False,Finalizada,False,3
6057,1088,92,5,1,1,8,False,Finalizada,False,4
6058,1756,160,4,1,7,14,True,Finalizada,False,1
6059,1322,121,5,4,5,4,False,Finalizada,True,5
6060,1748,12,4,3,5,6,False,Finalizada,True,5
6061,1793,66,4,1,5,6,False,Abandonada,False,1
6062,1791,167,4,5,7,11,False,Finalizada,True,5
6063,433,293,4,2,4,14,True,Abandonada,False,1
6064,1789,158,5,2,4,8,False,Finalizada,False,4
6065,727,79,4,4,6,5,False,Finalizada,False,4
6066,743,272,5,3,7,14,False,Finalizada,False,5
6067,743,181,4,1,3,5,True,Finalizada,False,1
6068,671,21,5,4,1,7,False,Finalizada,True,5
6069,1247,126,5,1,1,8,False,Finalizada,True,5
6070,457,252,5,5,7,16,True,Finalizada,True,1
6071,303,252,1,4,6,5,False,Abandonada,False,1
6072,1535,111,5,5,5,6,False,Finalizada,False,3
6073,735,307,4,3,1,7,True,Finalizada,False,2
6074,40,50,1,2,7,18,True,Finalizada,True,2
6075,315,297,5,5,6,5,False,Finalizada,False,4
6076,81,159,5,4,6,5,False,Finalizada,False,4
6077,1246,124,5,3,2,2,False,Abandonada,False,1
6078,1241,350,1,2,5,6,False,Finalizada,False,4
6079,1087,87,1,5,1,7,False,Finalizada,True,4
6080,1990,19,2,4,2,4,False,Finalizada,False,3
6081,601,8,4,2,5,5,False,Finalizada,True,4
6082,1527,167,5,2,5,5,False,Finalizada,False,4
6083,418,94,3,2,3,5,False,Finalizada,False,4
6084,1192,272,5,1,4,10,False,Finalizada,False,3
6085,1023,98,1,4,3,5,False,Abandonada,False,2
6086,1745,343,5,3,4,11,True,Finalizada,False,2
6087,934,181,5,2,4,15,True,Finalizada,True,2
6088,726,233,4,2,5,4,False,Finalizada,False,3
6089,1736,196,5,5,5,7,False,Finalizada,False,3
6090,1287,116,2,3,3,3,False,Finalizada,False,3
6091,1650,215,4,3,1,8,False,Finalizada,False,3
6092,1710,98,4,2,1,6,False,Finalizada,True,5
6093,914,135,1,5,1,7,False,Finalizada,False,4
6094,360,21,5,2,1,6,False,Abandonada,False,1
6095,1259,206,4,4,5,7,False,Finalizada,False,5
6096,1313,244,4,5,3,3,False,Abandonada,False,1
6097,1279,75,5,1,2,3,False,Finalizada,True,5
6098,1892,241,5,4,4,10,False,Finalizada,True,4
6099,56,24,4,2,4,13,False,Finalizada,True,4
6100,42,284,4,5,5,5,False,Finalizada,False,4
6101,318,172,5,4,4,9,False,Finalizada,True,4
6102,1378,274,4,2,3,5,False,Finalizada,False,3
6103,501,124,5,3,3,3,False,Abandonada,False,2
6104,444,37,5,1,1,7,False,Finalizada,True,5
6105,1140,69,5,2,5,4,False,Finalizada,False,3
6106,15,323,4,4,7,10,False,Finalizada,True,5
6107,64,127,1,5,3,4,False,Finalizada,False,5
6108,1561,79,5,5,2,3,False,Abandonada,False,2
6109,1734,187,4,5,1,6,False,Finalizada,False,4
6110,326,121,2,2,6,5,False,Finalizada,False,5
6111,1397,177,5,1,4,9,False,Finalizada,True,5
6112,1271,185,4,2,1,5,False,Abandonada,False,2
6113,952,178,5,4,4,9,False,Finalizada,True,5
6114,1772,296,4,3,5,7,False,Abandonada,False,2
6115,384,57,5,4,5,6,False,Finalizada,True,5
6116,104,57,5,4,7,13,True,Finalizada,False,2
6117,1815,50,5,2,3,4,False,Finalizada,True,5
6118,1006,116,4,3,4,12,False,Finalizada,False,5
6119,1568,175,1,1,6,6,False,Finalizada,True,5
6120,1559,352,5,1,7,18,True,Abandonada,False,1
6121,934,253,1,5,4,13,True,Finalizada,True,2
6122,1566,246,5,1,7,17,False,Finalizada,False,4
6123,610,146,1,2,7,15,False,Finalizada,False,4
6124,1954,296,5,1,1,8,False,Finalizada,False,3
6125,712,249,5,2,7,17,False,Finalizada,True,5
6126,1048,339,4,5,5,4,False,Abandonada,False,2
6127,135,308,5,5,2,2,False,Finalizada,True,5
6128,108,196,5,3,7,17,True,Finalizada,False,2
6129,142,140,3,4,3,3,False,Finalizada,False,5
6130,758,165,5,1,7,16,False,Finalizada,True,5
6131,1352,357,5,3,5,4,False,Abandonada,False,2
6132,654,173,5,1,1,7,False,Finalizada,False,4
6133,1286,32,5,5,4,15,False,Abandonada,False,1
6134,229,237,2,1,3,4,False,Finalizada,False,3
6135,574,231,2,4,1,6,False,Finalizada,False,3
6136,1138,288,2,5,6,4,False,Finalizada,False,4
6137,1209,348,4,3,7,14,False,Finalizada,True,5
6138,1581,104,5,5,5,4,False,Finalizada,False,4
6139,494,317,3,5,6,5,False,Abandonada,False,1
6140,1393,137,5,4,2,4,False,Finalizada,True,5
6141,1231,5,5,2,7,12,True,Finalizada,False,3
6142,573,123,4,2,4,8,True,Finalizada,False,1
6143,404,232,4,2,5,4,True,Finalizada,True,2
6144,1637,257,4,4,2,2,False,Finalizada,True,5
6145,732,363,1,1,1,6,True,Finalizada,False,2
6146,228,81,5,1,1,8,False,Abandonada,False,2
6147,462,175,5,4,7,10,False,Finalizada,True,4
6148,1045,115,5,5,1,7,False,Finalizada,False,3
6149,133,59,1,5,1,8,False,Finalizada,False,4
6150,1522,352,5,3,3,3,False,Finalizada,True,4
6151,1802,106,5,1,5,7,False,Abandonada,False,1
6152,516,120,4,4,6,6,False,Abandonada,False,2
6153,1620,137,4,3,4,15,False,Finalizada,True,5
6154,1676,289,1,4,5,7,False,Finalizada,False,3
6155,1190,87,2,3,6,5,False,Finalizada,False,4
6156,1183,104,5,2,4,9,False,Finalizada,False,4
6157,889,116,4,2,3,3,False,Abandonada,False,2
6158,1354,352,5,2,4,15,False,Abandonada,False,2
6159,878,90,5,5,6,4,False,Finalizada,True,5
6160,27,319,5,1,4,14,False,Finalizada,True,4
6161,39,307,5,1,3,3,False,Finalizada,False,3
6162,1934,224,2,5,3,4,False,Finalizada,True,5
6163,16,351,1,2,4,11,False,Finalizada,False,5
6164,1351,32,5,1,3,3,False,Finalizada,False,3
6165,675,337,3,3,4,14,False,Finalizada,True,5
6166,1022,194,3,1,1,8,False,Finalizada,True,5
6167,1288,365,5,2,1,8,False,Finalizada,False,3
6168,386,328,1,4,7,15,False,Finalizada,False,4
6169,1264,194,1,3,5,4,False,Finalizada,False,4
6170,1152,347,2,4,2,4,False,Finalizada,False,5
6171,1913,350,5,4,5,7,False,Abandonada,False,1
6172,1466,257,5,1,1,7,False,Finalizada,True,4
6173,1037,85,4,4,6,5,False,Abandonada,False,1
6174,441,159,1,3,7,13,False,Finalizada,True,5
6175,729,118,4,3,1,6,False,Finalizada,False,4
6176,1875,361,5,5,6,5,False,Finalizada,True,5
6177,868,220,5,5,5,7,False,Finalizada,True,5
6178,1201,276,5,2,4,14,False,Finalizada,False,5
6179,281,75,4,5,5,6,False,Finalizada,True,4
6180,1155,291,5,1,6,4,False,Abandonada,False,1
6181,765,315,5,3,6,4,False,Abandonada,False,2
6182,256,262,4,4,7,14,False,Abandonada,False,1
6183,1389,327,1,1,5,4,True,Finalizada,False,3
6184,1640,4,5,4,6,5,False,Finalizada,True,5
6185,1673,277,2,5,7,12,False,Finalizada,True,4
6186,908,226,5,3,6,5,False,Finalizada,False,5
6187,236,127,5,3,1,6,False,Finalizada,False,3
6188,1222,147,3,3,7,14,True,Finalizada,False,2
6189,293,197,5,5,4,15,True,Finalizada,True,2
6190,1121,282,5,5,3,5,False,Abandonada,False,1
6191,597,44,1,4,1,8,False,Finalizada,True,5
6192,1031,155,1,4,3,4,False,Finalizada,False,3
6193,1355,363,5,3,1,5,False,Abandonada,False,1
6194,950,292,1,3,1,8,False,Finalizada,False,3
6195,1545,108,3,3,3,3,False,Finalizada,False,4
6196,1002,207,5,5,5,7,False,Finalizada,False,4
6197,1257,228,1,4,1,7,False,Finalizada,False,4
6198,1405,307,5,5,6,4,False,Finalizada,True,5
6199,1491,70,5,5,3,4,False,Finalizada,True,5
6200,1819,103,5,4,6,6,False,Finalizada,False,5
6201,1878,161,5,5,2,3,False,Finalizada,False,3
6202,83,172,4,1,4,13,False,Finalizada,False,4
6203,1445,238,4,3,5,4,False,Finalizada,False,4
6204,1818,57,5,4,3,5,False,Finalizada,False,5
6205,1011,356,5,2,6,5,False,Abandonada,False,1
6206,1319,49,1,4,5,7,False,Finalizada,False,5
6207,1724,30,3,4,2,2,False,Finalizada,True,4
6208,1893,166,5,1,2,4,False,Finalizada,True,5
6209,843,144,1,2,4,9,False,Finalizada,True,5
6210,1533,19,2,4,1,8,False,Finalizada,False,4
6211,1887,69,4,1,5,5,False,Finalizada,False,4
6212,1115,34,5,3,5,6,False,Abandonada,False,1
6213,664,3,5,2,5,4,False,Finalizada,True,5
6214,1348,43,4,1,7,11,True,Finalizada,False,3
6215,1809,277,5,5,2,2,False,Finalizada,False,4
6216,1560,332,5,2,6,5,False,Finalizada,False,4
6217,1130,81,1,4,3,4,False,Finalizada,True,5
6218,547,42,5,5,2,4,False,Finalizada,True,5
6219,854,140,5,4,2,2,False,Finalizada,True,5
6220,870,254,1,1,4,13,True,Finalizada,True,3
6221,277,331,4,3,7,10,False,Abandonada,False,2
6222,1888,321,5,3,7,11,False,Finalizada,False,4
6223,558,41,3,1,2,2,False,Finalizada,False,4
6224,1573,324,5,1,4,9,False,Finalizada,False,3
6225,1066,40,5,2,5,7,True,Finalizada,True,1
6226,951,160,1,2,2,2,False,Finalizada,True,5
6227,418,8,5,1,2,3,True,Finalizada,False,1
6228,302,17,1,3,1,8,False,Abandonada,False,2
6229,509,365,5,1,1,6,False,Abandonada,False,1
6230,627,114,5,5,4,15,False,Finalizada,True,4
6231,780,138,1,3,6,4,True,Finalizada,True,1
6232,387,35,5,3,6,4,False,Abandonada,False,1
6233,1204,152,1,3,2,4,False,Finalizada,False,3
6234,130,315,1,2,6,4,False,Finalizada,False,4
6235,844,108,3,4,7,12,False,Finalizada,False,4
6236,927,231,5,5,6,4,False,Finalizada,False,3
6237,290,258,5,5,6,4,True,Finalizada,False,2
6238,616,324,1,5,7,13,True,Finalizada,True,2
6239,1572,131,5,5,4,11,False,Finalizada,False,4
6240,855,78,5,4,1,5,False,Finalizada,True,5
6241,506,187,5,4,6,6,False,Abandonada,False,1
6242,217,3,1,2,3,4,False,Finalizada,True,5
6243,1409,37,2,1,2,3,False,Finalizada,False,3
6244,431,176,5,1,1,7,False,Finalizada,False,3
6245,192,255,1,4,4,9,True,Finalizada,True,3
6246,1547,38,4,3,3,4,False,Finalizada,True,5
6247,582,157,4,5,7,12,False,Abandonada,False,2
6248,949,114,3,3,4,11,True,Finalizada,False,1
6249,1839,255,1,1,3,4,False,Finalizada,True,5
6250,636,310,5,1,1,8,False,Finalizada,True,4
6251,628,15,5,4,1,8,False,Finalizada,True,5
6252,63,149,1,4,2,3,False,Finalizada,False,3
6253,1798,59,4,1,1,6,False,Finalizada,False,5
6254,790,333,4,4,3,3,False,Abandonada,False,2
6255,1098,287,4,2,3,4,False,Finalizada,True,5
6256,1896,335,5,3,5,7,False,Finalizada,False,3
6257,436,195,1,3,6,5,False,Finalizada,False,3
6258,1888,270,5,5,3,3,False,Finalizada,False,4
6259,1164,170,5,4,1,5,False,Abandonada,False,1
6260,1834,362,2,4,2,2,False,Finalizada,False,3
6261,1295,304,5,1,5,4,True,Finalizada,True,2
6262,953,245,1,4,6,6,False,Abandonada,False,1
6263,729,229,5,2,2,4,False,Abandonada,False,1
6264,647,200,5,1,3,4,False,Finalizada,True,5
6265,1241,226,5,3,6,6,False,Finalizada,True,5
6266,440,115,2,4,1,7,False,Finalizada,True,5
6267,1290,70,5,4,2,4,False,Finalizada,False,3
6268,1674,10,4,1,7,13,False,Finalizada,False,4
6269,419,275,1,4,1,8,False,Finalizada,False,5
6270,895,11,1,1,3,3,False,Finalizada,True,5
6271,748,252,1,2,1,8,False,Finalizada,True,5
6272,1699,161,4,2,1,5,False,Finalizada,True,5
6273,1771,54,1,5,2,3,True,Finalizada,False,1
6274,8,10,2,2,5,6,False,Finalizada,True,4
6275,1443,60,5,4,5,6,False,Finalizada,True,5
6276,1625,16,4,1,1,5,False,Finalizada,False,4
6277,497,248,5,1,7,16,False,Finalizada,False,4
6278,1925,290,3,3,4,9,True,Finalizada,True,1
6279,440,295,1,4,4,9,False,Finalizada,True,5
6280,138,125,4,2,1,5,False,Finalizada,True,5
6281,1322,110,5,1,3,3,False,Finalizada,True,5
6282,1652,248,4,5,5,4,False,Finalizada,True,5
6283,646,302,4,4,5,4,False,Finalizada,False,4
6284,50,311,5,1,5,7,False,Finalizada,False,5
6285,1742,19,5,2,6,6,False,Finalizada,True,5
6286,1976,364,3,2,4,15,True,Finalizada,False,1
6287,558,317,1,1,4,14,False,Finalizada,False,3
6288,429,11,5,1,5,6,False,Finalizada,True,5
6289,1663,33,5,3,6,4,False,Finalizada,False,3
6290,800,196,5,3,1,7,False,Abandonada,False,1
6291,209,306,5,5,3,4,False,Finalizada,False,3
6292,645,46,4,5,5,6,False,Finalizada,True,5
6293,29,165,4,2,4,11,False,Finalizada,False,4
6294,1992,208,4,5,2,3,False,Finalizada,False,5
6295,1334,294,5,3,2,3,False,Abandonada,False,1
6296,1864,68,5,3,1,6,False,Abandonada,False,1
6297,105,140,4,2,3,3,False,Finalizada,False,4
6298,1716,25,5,5,2,3,False,Finalizada,False,4
6299,525,42,4,4,7,14,False,Abandonada,False,1
6300,715,215,4,5,6,4,False,Finalizada,True,5
6301,1325,181,2,1,7,18,True,Finalizada,False,3
6302,680,161,5,3,4,14,False,Finalizada,False,3
6303,435,276,5,2,5,5,False,Finalizada,True,5
6304,1760,354,1,3,2,4,False,Finalizada,False,4
6305,122,38,2,3,6,4,False,Finalizada,False,4
6306,828,114,1,1,7,11,True,Finalizada,True,3
6307,790,124,4,3,5,5,False,Finalizada,False,4
6308,457,330,2,5,5,4,False,Abandonada,False,1
6309,1829,211,4,4,6,4,True,Finalizada,False,3
6310,477,344,5,5,5,7,False,Finalizada,False,5
6311,380,203,3,2,3,4,False,Finalizada,True,5
6312,1664,13,4,1,4,8,False,Finalizada,True,4
6313,293,342,1,4,1,5,False,Finalizada,False,3
6314,1922,315,4,2,4,13,False,Finalizada,False,3
6315,512,172,5,3,3,5,False,Abandonada,False,2
6316,773,115,5,1,2,3,False,Finalizada,False,5
6317,1989,93,5,3,5,7,False,Finalizada,False,4
6318,1661,249,5,1,6,6,False,Finalizada,True,5
6319,1262,179,5,2,5,7,False,Abandonada,False,1
6320,1104,359,1,2,3,3,False,Finalizada,False,4
6321,939,67,2,1,1,7,False,Finalizada,False,4
6322,1130,142,5,1,3,4,False,Finalizada,True,5
6323,1506,126,1,3,7,15,True,Finalizada,True,1
6324,1567,188,3,2,5,5,False,Finalizada,False,4
6325,1597,109,4,5,5,5,False,Finalizada,True,5
6326,1124,341,5,5,2,4,False,Finalizada,True,5
6327,946,235,1,5,6,4,False,Finalizada,True,4
6328,1035,95,3,1,3,4,False,Finalizada,False,3
6329,1451,235,4,4,4,10,False,Finalizada,False,5
6330,1946,281,2,4,7,15,True,Abandonada,False,2
6331,1609,173,4,1,5,7,False,Finalizada,False,4
6332,908,203,5,4,3,5,False,Finalizada,False,4
6333,720,8,4,2,5,7,False,Finalizada,True,4
6334,1891,185,5,2,5,5,False,Finalizada,True,4
6335,561,258,5,1,3,3,False,Finalizada,True,5
6336,868,226,4,1,6,5,False,Abandonada,False,1
6337,1348,126,4,2,1,7,False,Finalizada,False,3
6338,496,188,5,2,4,10,False,Finalizada,False,4
6339,451,261,2,3,2,2,False,Finalizada,True,5
6340,1552,117,5,1,5,7,False,Finalizada,False,3
6341,135,123,5,4,1,5,False,Finalizada,True,5
6342,733,104,5,4,5,7,False,Abandonada,False,1
6343,80,246,5,5,3,5,False,Finalizada,True,5
6344,1089,335,5,3,5,6,False,Finalizada,True,4
6345,1696,104,5,5,1,8,True,Finalizada,True,2
6346,1429,47,4,4,6,6,False,Finalizada,True,4
6347,490,352,1,1,6,4,False,Finalizada,True,5
6348,910,83,5,4,4,8,False,Finalizada,True,5
6349,1657,273,4,5,7,14,False,Finalizada,True,5
6350,1895,345,1,2,2,4,False,Finalizada,False,3
6351,1688,180,2,4,6,5,False,Abandonada,False,2
6352,122,180,5,2,6,4,False,Finalizada,True,5
6353,575,153,5,1,2,3,False,Finalizada,False,4
6354,697,131,3,5,5,7,False,Finalizada,False,4
6355,1782,7,4,4,1,6,False,Finalizada,True,5
6356,1285,324,5,3,7,13,False,Finalizada,True,5
6357,1061,20,5,5,5,6,False,Finalizada,False,3
6358,1559,245,5,3,6,4,False,Finalizada,False,3
6359,1769,163,4,4,2,4,False,Finalizada,True,4
6360,2000,222,1,4,3,5,False,Finalizada,True,5
6361,234,83,5,4,1,6,True,Abandonada,False,1
6362,1744,356,5,1,4,11,False,Finalizada,False,4
6363,1989,208,4,1,2,4,False,Finalizada,False,4
6364,505,70,4,5,5,6,False,Finalizada,False,3
6365,1662,303,5,1,2,2,False,Finalizada,True,5
6366,1720,214,5,2,3,4,False,Abandonada,False,1
6367,274,327,4,3,1,5,False,Abandonada,False,1
6368,1798,335,5,5,1,7,False,Finalizada,True,5
6369,526,245,4,5,5,5,False,Abandonada,False,1
6370,1212,136,1,4,5,5,False,Abandonada,False,2
6371,1752,193,2,1,7,13,False,Finalizada,True,4
6372,1405,226,4,3,7,12,True,Finalizada,True,2
6373,1223,147,4,4,2,3,False,Abandonada,False,1
6374,690,254,5,1,3,5,False,Finalizada,True,5
6375,342,234,4,5,7,13,False,Finalizada,True,5
6376,1765,28,4,3,4,10,True,Abandonada,False,2
6377,1468,145,4,5,7,15,False,Finalizada,False,4
6378,1274,142,4,3,6,5,False,Finalizada,False,3
6379,1937,121,5,2,7,18,True,Finalizada,True,1
6380,925,163,5,5,7,15,False,Finalizada,False,3
6381,1132,20,5,2,4,11,False,Abandonada,False,1
6382,1354,251,5,1,1,8,False,Finalizada,False,5
6383,206,39,5,3,7,15,True,Abandonada,False,2
6384,998,24,2,1,1,7,False,Finalizada,False,4
6385,1851,157,4,2,4,11,False,Finalizada,True,4
6386,1186,280,4,4,7,12,False,Finalizada,True,5
6387,1202,171,4,1,4,13,False,Finalizada,True,5
6388,490,45,4,2,6,6,False,Finalizada,False,3
6389,147,261,4,5,4,13,False,Finalizada,True,4
6390,414,63,2,4,1,5,False,Finalizada,False,3
6391,1600,241,3,5,3,4,False,Finalizada,False,3
6392,1024,17,4,5,2,3,False,Finalizada,True,5
6393,243,203,4,4,7,11,False,Finalizada,False,3
6394,1501,231,2,1,3,3,False,Abandonada,False,2
6395,750,91,3,1,7,11,True,Finalizada,True,2
6396,1431,162,5,1,2,4,False,Finalizada,True,5
6397,1140,128,5,4,3,3,False,Finalizada,True,5
6398,1527,161,5,3,7,18,True,Finalizada,True,2
6399,33,53,4,2,6,4,False,Finalizada,True,5
6400,479,33,4,4,3,3,False,Finalizada,True,5
6401,981,66,5,1,5,6,False,Finalizada,False,3
6402,498,310,4,3,3,4,False,Finalizada,False,4
6403,408,244,3,5,3,4,False,Finalizada,False,3
6404,103,251,4,5,4,10,True,Finalizada,False,2
6405,1765,156,4,2,1,6,False,Finalizada,True,5
6406,427,118,1,3,2,2,False,Abandonada,False,1
6407,461,322,3,4,1,7,False,Finalizada,False,3
6408,1143,18,4,4,1,6,False,Finalizada,True,4
6409,67,327,3,2,5,4,False,Abandonada,False,2
6410,1289,2,1,3,4,9,True,Finalizada,False,2
6411,369,205,5,1,4,14,False,Finalizada,True,4
6412,905,363,4,4,7,11,False,Finalizada,True,5
6413,1959,171,4,1,1,6,False,Finalizada,True,4
6414,660,138,5,1,5,7,True,Finalizada,True,2
6415,1226,294,5,1,5,5,True,Finalizada,True,2
6416,539,283,5,3,2,4,False,Finalizada,True,5
6417,683,19,5,3,5,5,False,Finalizada,False,3
6418,1431,252,4,4,4,14,False,Finalizada,False,4
6419,1474,20,5,2,4,14,False,Finalizada,False,3
6420,915,51,2,2,6,5,False,Finalizada,False,4
6421,426,3,1,2,2,3,False,Abandonada,False,2
6422,807,361,5,5,5,7,False,Finalizada,True,5
6423,457,115,4,5,7,14,False,Finalizada,False,3
6424,702,188,3,3,5,6,True,Finalizada,True,2
6425,1582,129,5,5,1,8,False,Finalizada,False,4
6426,1518,113,5,5,2,2,False,Finalizada,False,5
6427,1104,122,5,3,7,17,False,Finalizada,True,5
6428,410,167,5,3,1,5,False,Finalizada,False,4
6429,1998,255,5,2,2,2,False,Abandonada,False,2
6430,1080,83,1,3,1,6,False,Finalizada,True,5
6431,1739,206,5,2,1,6,True,Abandonada,False,1
6432,1378,208,2,5,4,8,True,Finalizada,False,1
6433,1618,117,5,4,6,4,False,Finalizada,False,4
6434,1161,197,3,1,1,8,False,Abandonada,False,2
6435,730,241,5,2,3,5,False,Finalizada,True,5
6436,1785,141,5,4,1,5,True,Finalizada,True,2
6437,1326,115,4,1,6,6,False,Finalizada,False,4
6438,1576,4,4,4,1,8,False,Finalizada,False,5
6439,740,364,4,2,2,3,False,Finalizada,False,4
6440,1649,352,1,5,6,5,False,Abandonada,False,1
6441,289,172,4,1,3,3,False,Finalizada,False,4
6442,749,214,1,3,5,6,False,Finalizada,False,5
6443,854,97,2,1,4,14,False,Finalizada,True,4
6444,328,304,5,2,6,4,False,Finalizada,False,4
6445,875,259,5,2,6,6,False,Abandonada,False,1
6446,393,210,1,1,4,9,False,Finalizada,True,5
6447,1281,348,5,5,3,5,False,Finalizada,False,3
6448,316,323,4,2,6,6,False,Finalizada,True,5
6449,851,216,1,1,6,5,False,Finalizada,True,5
6450,17,121,5,2,4,11,False,Abandonada,False,1
6451,1180,16,1,1,5,6,False,Finalizada,False,3
6452,73,134,5,4,6,6,False,Finalizada,True,5
6453,859,280,5,4,6,5,False,Abandonada,False,1
6454,1930,210,1,3,5,5,False,Finalizada,True,5
6455,1488,56,4,4,7,15,False,Finalizada,True,5
6456,239,304,1,5,4,11,False,Finalizada,False,4
6457,348,9,5,4,4,13,True,Finalizada,True,2
6458,1535,365,4,2,7,11,False,Finalizada,True,5
6459,1497,234,2,3,6,4,False,Finalizada,False,3
6460,987,209,4,3,4,9,False,Finalizada,True,5
6461,1299,272,1,2,1,7,False,Abandonada,False,1
6462,643,43,1,2,7,11,False,Finalizada,True,5
6463,1419,134,5,3,4,15,True,Finalizada,True,1
6464,585,258,2,1,2,2,False,Finalizada,False,4
6465,1026,206,4,2,1,6,False,Finalizada,True,5
6466,1183,261,4,1,3,3,False,Finalizada,False,4
6467,213,194,3,2,7,12,False,Finalizada,False,4
6468,863,240,4,5,3,4,False,Finalizada,False,3
6469,693,249,4,1,7,12,False,Finalizada,False,3
6470,471,359,1,1,7,14,False,Finalizada,True,5
6471,1606,49,4,3,6,6,False,Finalizada,False,3
6472,1591,25,5,4,7,18,False,Finalizada,True,5
6473,881,124,3,1,1,6,False,Finalizada,True,5
6474,855,37,4,3,6,5,False,Finalizada,False,4
6475,596,201,4,5,1,8,False,Finalizada,False,5
6476,809,297,2,5,6,4,False,Finalizada,False,5
6477,45,58,4,2,5,7,False,Abandonada,False,2
6478,73,101,4,4,6,6,False,Finalizada,False,5
6479,1597,87,1,2,5,7,False,Finalizada,False,3
6480,1729,251,5,1,5,5,False,Finalizada,True,5
6481,1609,21,5,1,7,18,False,Finalizada,False,3
6482,307,308,5,1,6,6,False,Abandonada,False,2
6483,1654,49,2,1,6,6,False,Finalizada,False,4
6484,1618,73,1,1,7,11,True,Finalizada,False,2
6485,914,337,1,2,1,7,False,Finalizada,False,4
6486,36,239,1,3,3,4,False,Finalizada,False,5
6487,1204,239,1,5,7,11,False,Abandonada,False,2
6488,1849,308,5,1,6,4,False,Finalizada,True,5
6489,1627,146,1,5,3,5,False,Finalizada,False,3
6490,744,159,5,5,1,8,False,Abandonada,False,1
6491,1601,308,5,3,4,10,False,Finalizada,True,5
6492,1705,212,3,5,2,4,False,Finalizada,False,4
6493,674,200,5,4,2,3,True,Finalizada,False,2
6494,613,317,5,1,5,5,False,Finalizada,False,3
6495,1073,285,2,2,6,4,False,Finalizada,True,5
6496,945,130,5,5,7,15,True,Finalizada,False,3
6497,1629,61,1,3,7,12,False,Finalizada,False,4
6498,443,256,2,1,4,13,False,Finalizada,False,4
6499,246,85,4,2,3,5,False,Finalizada,True,5
6500,1678,133,4,1,1,6,False,Finalizada,False,5
6501,1408,176,2,4,3,4,False,Finalizada,False,4
6502,88,220,5,3,1,8,False,Finalizada,False,3
6503,1982,249,1,3,5,7,False,Finalizada,False,3
6504,1000,333,4,3,4,8,False,Finalizada,False,3
6505,1690,188,4,4,5,6,False,Finalizada,False,5
6506,716,27,5,4,2,4,False,Finalizada,True,4
6507,830,351,2,3,6,5,False,Finalizada,False,4
6508,1360,47,4,4,4,8,False,Finalizada,False,3
6509,160,323,4,4,1,6,False,Finalizada,False,4
6510,538,238,3,2,5,5,False,Finalizada,False,4
6511,317,85,4,2,4,10,True,Finalizada,True,3
6512,1984,48,5,1,5,4,False,Finalizada,True,5
6513,1527,141,5,2,6,5,False,Finalizada,False,4
6514,445,244,5,1,6,4,False,Abandonada,False,2
6515,1996,73,4,2,1,5,False,Finalizada,False,3
6516,1101,215,5,4,2,2,False,Finalizada,True,5
6517,832,303,5,4,5,6,True,Abandonada,False,1
6518,1430,308,5,3,2,3,False,Finalizada,False,3
6519,263,284,5,1,3,3,False,Finalizada,True,5
6520,624,218,3,1,7,13,True,Finalizada,False,2
6521,56,49,4,2,5,6,False,Finalizada,False,3
6522,166,58,5,3,7,12,False,Finalizada,False,3
6523,914,299,4,1,6,5,True,Finalizada,False,3
6524,1827,75,5,1,1,7,True,Abandonada,False,2
6525,1822,184,5,1,6,4,False,Finalizada,True,4
6526,168,199,5,2,1,6,False,Finalizada,False,3
6527,1751,247,4,2,2,3,False,Finalizada,False,4
6528,1425,297,4,2,2,2,False,Abandonada,False,2
6529,1535,344,5,5,1,5,False,Finalizada,True,5
6530,1785,355,3,2,4,13,True,Finalizada,True,3
6531,910,258,4,4,2,3,False,Finalizada,True,5
6532,391,232,4,3,2,4,False,Finalizada,False,4
6533,935,221,5,3,2,4,False,Finalizada,True,4
6534,634,248,5,3,7,12,False,Abandonada,False,1
6535,1631,57,2,3,4,8,True,Finalizada,True,2
6536,148,181,1,4,3,4,False,Finalizada,False,3
6537,103,73,2,2,3,3,False,Finalizada,True,5
6538,1518,224,1,4,1,8,True,Finalizada,False,2
6539,1141,40,5,2,6,4,False,Finalizada,True,4
6540,1509,237,1,5,2,4,False,Finalizada,False,4
6541,55,208,5,1,6,6,False,Finalizada,True,5
6542,78,168,2,1,5,7,False,Finalizada,False,5
6543,1498,156,5,1,7,15,False,Abandonada,False,2
6544,1733,89,4,1,5,6,False,Finalizada,False,5
6545,1840,246,5,2,6,5,False,Finalizada,False,3
6546,1995,362,2,1,5,4,False,Finalizada,False,4
6547,494,28,5,4,2,4,False,Finalizada,False,3
6548,1666,275,4,2,6,5,False,Finalizada,True,5
6549,1612,189,5,1,2,2,False,Abandonada,False,2
6550,563,200,1,4,5,6,False,Finalizada,False,5
6551,1591,226,2,2,3,4,False,Finalizada,False,4
6552,1678,141,4,1,6,6,False,Finalizada,False,4
6553,264,139,4,2,1,6,False,Finalizada,False,4
6554,1501,226,1,1,4,14,True,Finalizada,True,2
6555,1571,148,5,5,2,2,False,Finalizada,True,5
6556,1318,93,1,4,7,17,False,Finalizada,False,4
6557,1125,65,1,5,2,2,False,Finalizada,True,5
6558,899,34,4,2,1,5,False,Finalizada,True,4
6559,136,318,4,2,1,5,False,Finalizada,True,5
6560,398,48,4,1,7,13,False,Finalizada,False,5
6561,577,188,4,1,5,4,False,Finalizada,False,3
6562,799,249,3,1,1,6,False,Finalizada,False,3
6563,1581,8,5,5,5,4,False,Finalizada,True,5
6564,79,3,4,1,4,12,False,Abandonada,False,1
6565,1401,206,4,5,7,14,True,Finalizada,False,2
6566,560,89,5,4,4,14,True,Finalizada,True,3
6567,1480,222,2,4,5,4,False,Finalizada,False,3
6568,1721,337,5,3,6,6,True,Abandonada,False,2
6569,1462,341,2,4,3,5,False,Abandonada,False,1
6570,288,254,5,5,4,12,False,Finalizada,False,3
6571,1960,219,4,2,1,6,False,Finalizada,True,5
6572,1469,58,4,5,1,5,False,Finalizada,True,5
6573,1301,311,1,3,5,7,False,Abandonada,False,1
6574,192,234,2,3,5,5,False,Abandonada,False,1
6575,1181,176,5,2,3,3,False,Abandonada,False,1
6576,1667,239,1,2,6,4,False,Abandonada,False,1
6577,1086,212,3,2,5,7,False,Finalizada,False,5
6578,1603,260,5,4,2,4,False,Finalizada,False,3
6579,751,158,2,1,7,12,False,Abandonada,False,1
6580,858,232,5,4,4,11,False,Abandonada,False,1
6581,1143,167,4,2,5,7,False,Abandonada,False,1
6582,772,154,5,2,4,12,False,Finalizada,True,5
6583,1272,6,1,4,1,8,False,Abandonada,False,1
6584,1753,120,5,2,3,3,False,Finalizada,True,5
6585,1182,38,2,4,6,5,False,Finalizada,False,4
6586,688,198,4,2,4,15,True,Finalizada,False,2
6587,1659,184,1,5,7,11,False,Finalizada,True,5
6588,941,303,5,5,1,7,False,Finalizada,False,3
6589,1960,179,5,5,2,2,True,Finalizada,True,1
6590,584,164,4,5,7,16,False,Finalizada,False,3
6591,318,232,4,5,5,7,False,Finalizada,False,4
6592,1099,144,5,4,2,3,False,Finalizada,False,4
6593,1159,65,5,4,5,6,True,Finalizada,False,2
6594,1715,145,5,1,6,5,False,Finalizada,False,3
6595,1164,150,5,3,3,4,True,Abandonada,False,1
6596,1632,146,2,1,3,3,False,Finalizada,False,4
6597,1619,113,4,1,6,4,False,Finalizada,False,5
6598,679,290,4,1,2,2,False,Abandonada,False,1
6599,513,246,1,4,4,10,True,Finalizada,False,3
6600,932,188,5,3,1,6,True,Finalizada,False,2
6601,185,114,2,4,4,14,True,Abandonada,False,1
6602,1329,32,1,3,7,13,False,Finalizada,True,5
6603,1893,207,5,2,5,7,False,Finalizada,True,5
6604,1653,278,5,5,5,5,False,Finalizada,True,4
6605,1186,146,5,4,1,8,True,Finalizada,False,2
6606,1612,325,1,1,6,5,True,Finalizada,True,1
6607,405,246,3,2,3,4,False,Abandonada,False,2
6608,35,68,5,1,1,6,False,Finalizada,True,5
6609,1003,30,5,4,3,5,False,Finalizada,False,3
6610,1131,158,5,5,7,14,False,Finalizada,True,4
6611,686,102,5,4,3,5,False,Finalizada,False,3
6612,796,217,4,2,2,4,False,Finalizada,True,5
6613,1540,271,2,1,7,11,True,Finalizada,False,1
6614,1390,312,2,5,4,10,False,Finalizada,False,4
6615,977,286,1,4,7,17,False,Finalizada,False,4
6616,992,245,5,2,3,4,False,Finalizada,True,4
6617,1479,258,4,4,7,10,True,Finalizada,True,1
6618,1617,328,5,5,3,5,False,Finalizada,False,3
6619,1707,173,3,5,6,6,False,Abandonada,False,1
6620,1125,352,1,1,1,5,False,Finalizada,True,5
6621,296,263,4,4,6,6,False,Finalizada,False,4
6622,1127,267,5,4,5,6,False,Finalizada,True,5
6623,1887,175,5,1,7,16,True,Finalizada,False,3
6624,1331,246,4,2,3,5,False,Finalizada,True,5
6625,1441,222,5,2,4,13,False,Finalizada,True,5
6626,208,162,4,5,1,8,False,Finalizada,True,4
6627,1520,111,2,4,5,4,False,Abandonada,False,1
6628,3,202,4,2,7,13,False,Finalizada,False,3
6629,899,73,4,1,1,7,False,Finalizada,True,5
6630,1029,328,5,1,2,3,False,Finalizada,True,4
6631,833,69,5,2,4,11,False,Abandonada,False,1
6632,371,243,4,5,5,6,False,Finalizada,False,3
6633,1737,282,1,2,6,4,False,Finalizada,False,5
6634,1791,262,4,5,1,8,False,Abandonada,False,1
6635,181,211,5,5,7,17,False,Finalizada,False,4
6636,829,64,4,3,4,11,False,Finalizada,True,5
6637,7,57,5,3,5,5,False,Finalizada,False,4
6638,1178,60,1,4,6,6,True,Finalizada,True,1
6639,1031,15,5,3,7,17,False,Finalizada,True,4
6640,1885,296,1,1,2,2,False,Finalizada,False,5
6641,256,202,5,2,5,4,False,Finalizada,False,4
6642,1475,317,1,3,6,4,False,Finalizada,False,4
6643,1245,115,2,1,6,4,False,Abandonada,False,2
6644,1478,19,5,3,1,7,False,Finalizada,True,5
6645,1515,209,5,1,2,4,False,Finalizada,True,5
6646,7,194,5,2,3,4,False,Finalizada,True,5
6647,1797,221,5,2,7,11,False,Finalizada,False,4
6648,1936,83,4,3,7,15,False,Finalizada,False,4
6649,1413,266,5,5,5,6,True,Finalizada,True,3
6650,1971,362,4,5,3,3,False,Finalizada,False,4
6651,227,312,5,5,2,3,False,Finalizada,True,4
6652,680,272,5,4,6,4,False,Finalizada,False,3
6653,1813,260,1,2,2,4,False,Finalizada,False,3
6654,1705,302,1,4,6,6,False,Finalizada,False,5
6655,811,304,4,3,1,7,False,Abandonada,False,1
6656,699,242,5,5,3,5,False,Abandonada,False,2
6657,871,326,5,1,3,3,False,Abandonada,False,2
6658,1139,65,2,2,3,3,False,Finalizada,False,5
6659,1091,153,2,5,4,15,False,Finalizada,False,3
6660,1534,63,2,3,2,4,False,Finalizada,True,5
6661,1643,352,1,4,5,4,False,Finalizada,True,5
6662,1752,251,4,3,3,5,False,Finalizada,False,3
6663,1159,308,5,5,1,8,False,Finalizada,False,3
6664,1324,293,4,5,3,3,False,Finalizada,False,4
6665,185,134,5,3,3,4,False,Finalizada,False,5
6666,1485,333,5,1,1,5,False,Finalizada,True,5
6667,1495,262,1,3,1,7,False,Finalizada,False,4
6668,1249,209,4,1,2,4,False,Finalizada,True,5
6669,394,173,4,3,3,5,False,Finalizada,True,4
6670,1751,283,1,3,2,3,False,Finalizada,False,3
6671,389,75,5,3,3,5,False,Abandonada,False,1
6672,118,293,2,3,4,8,False,Finalizada,False,4
6673,1229,179,1,3,2,4,False,Finalizada,True,5
6674,1290,54,5,4,6,6,False,Finalizada,False,4
6675,1151,38,1,3,4,8,False,Finalizada,False,3
6676,1709,172,3,2,6,5,False,Finalizada,False,3
6677,259,272,5,4,3,5,False,Finalizada,True,5
6678,1952,231,5,3,6,6,False,Finalizada,False,5
6679,163,79,1,4,2,4,False,Finalizada,True,5
6680,1232,204,2,3,7,13,True,Finalizada,True,2
6681,1049,49,5,2,2,2,False,Finalizada,True,5
6682,780,35,5,2,2,2,False,Abandonada,False,1
6683,977,172,1,2,2,3,False,Finalizada,False,4
6684,1523,137,4,5,6,6,False,Finalizada,True,5
6685,1759,161,4,4,5,4,False,Finalizada,True,4
6686,800,271,5,2,5,4,False,Abandonada,False,1
6687,1965,251,5,1,3,3,False,Finalizada,False,5
6688,1664,323,5,5,6,6,False,Abandonada,False,1
6689,1187,272,5,1,1,8,False,Finalizada,True,5
6690,1790,364,5,1,3,5,True,Finalizada,True,1
6691,1598,200,4,5,7,16,True,Abandonada,False,1
6692,1902,134,1,5,4,15,True,Finalizada,False,2
6693,1218,175,5,2,4,15,True,Finalizada,False,1
6694,121,185,5,5,6,5,False,Finalizada,False,4
6695,508,267,4,5,2,4,False,Finalizada,True,5
6696,1595,52,3,3,3,3,False,Finalizada,False,3
6697,1311,164,5,5,3,3,False,Finalizada,True,5
6698,1508,251,2,1,6,4,False,Abandonada,False,1
6699,6,168,5,3,6,6,False,Finalizada,False,3
6700,717,328,2,1,5,4,False,Finalizada,False,4
6701,497,218,1,5,3,5,False,Finalizada,False,5
6702,919,324,4,1,4,14,False,Finalizada,True,5
6703,1685,262,1,4,5,5,False,Finalizada,False,3
6704,1991,211,5,2,4,8,False,Finalizada,False,4
6705,212,357,5,4,4,13,True,Finalizada,False,2
6706,205,186,5,4,5,5,False,Finalizada,False,4
6707,265,256,5,4,2,4,False,Finalizada,False,5
6708,412,228,3,5,7,10,False,Abandonada,False,1
6709,457,263,5,1,5,6,False,Finalizada,True,5
6710,100,321,5,5,4,12,False,Finalizada,True,5
6711,1783,272,5,4,6,5,False,Finalizada,True,4
6712,440,208,4,4,7,12,False,Finalizada,True,5
6713,844,282,5,3,7,11,True,Finalizada,True,1
6714,700,27,5,2,4,10,True,Abandonada,False,1
6715,339,247,5,1,1,8,False,Abandonada,False,1
6716,70,243,4,1,4,11,False,Finalizada,True,4
6717,306,348,5,3,4,9,False,Finalizada,False,3
6718,735,41,1,1,5,6,True,Finalizada,False,3
6719,1613,6,5,3,1,6,True,Finalizada,True,2
6720,133,56,5,3,3,5,False,Finalizada,True,5
6721,774,3,5,2,5,5,False,Finalizada,True,4
6722,522,304,3,2,3,4,False,Finalizada,False,4
6723,1649,129,4,4,7,14,True,Finalizada,False,2
6724,223,2,1,3,5,4,True,Finalizada,False,1
6725,611,147,4,1,3,4,False,Abandonada,False,1
6726,896,317,3,3,2,4,False,Finalizada,True,5
6727,200,230,4,2,6,5,False,Finalizada,True,5
6728,80,175,4,1,2,4,False,Finalizada,False,3
6729,536,150,5,2,3,4,False,Finalizada,True,5
6730,577,22,5,1,2,4,False,Finalizada,False,4
6731,1106,292,1,2,5,5,False,Finalizada,True,5
6732,1411,242,1,5,3,4,False,Finalizada,False,5
6733,1450,86,4,5,2,3,False,Finalizada,True,4
6734,1109,139,5,1,4,14,False,Finalizada,True,4
6735,202,73,5,1,3,3,False,Finalizada,False,5
6736,22,139,1,3,4,8,False,Finalizada,True,5
6737,141,350,3,2,4,10,True,Finalizada,False,2
6738,1373,133,5,2,6,6,False,Abandonada,False,2
6739,102,118,5,2,3,4,False,Finalizada,True,4
6740,1074,164,4,4,6,6,False,Finalizada,True,5
6741,1763,58,5,4,4,12,False,Finalizada,False,4
6742,1457,83,5,5,7,15,True,Finalizada,True,2
6743,1947,49,5,4,4,10,False,Abandonada,False,1
6744,1818,340,5,2,7,12,False,Finalizada,False,5
6745,1666,315,4,2,4,9,True,Finalizada,True,3
6746,1551,9,4,4,6,4,False,Finalizada,True,4
6747,722,7,4,2,3,5,False,Abandonada,False,1
6748,787,62,1,3,2,3,False,Abandonada,False,1
6749,434,310,5,1,3,5,False,Finalizada,False,3
6750,1040,270,5,3,6,6,False,Finalizada,True,5
6751,1502,88,1,4,2,3,False,Finalizada,True,5
6752,1901,145,1,4,5,5,False,Finalizada,False,5
6753,1181,218,5,2,2,3,False,Finalizada,False,3
6754,984,55,2,1,3,4,False,Finalizada,False,4
6755,799,214,2,2,6,6,False,Finalizada,False,4
6756,114,224,5,1,1,6,False,Finalizada,False,4
6757,438,148,5,3,1,7,False,Finalizada,False,4
6758,1441,25,5,5,7,16,False,Finalizada,True,5
6759,1511,105,4,2,4,11,True,Finalizada,False,2
6760,1575,24,5,3,6,6,False,Finalizada,True,5
6761,1828,215,2,1,6,6,False,Finalizada,False,3
6762,1698,220,5,4,3,3,False,Finalizada,False,5
6763,700,95,5,3,7,15,False,Abandonada,False,2
6764,1224,269,4,4,5,4,False,Finalizada,True,4
6765,1312,215,5,5,4,11,False,Finalizada,True,5
6766,1796,249,5,3,5,6,False,Finalizada,False,3
6767,1366,38,5,5,4,12,False,Finalizada,True,5
6768,1372,287,4,5,1,6,False,Abandonada,False,1
6769,501,33,1,3,5,7,False,Finalizada,False,4
6770,1890,172,4,3,1,6,False,Abandonada,False,1
6771,1992,259,4,1,6,5,False,Finalizada,False,5
6772,1648,158,5,5,5,7,False,Finalizada,True,5
6773,1651,299,4,1,1,8,True,Abandonada,False,2
6774,769,358,1,5,5,5,False,Finalizada,False,3
6775,490,25,5,1,3,3,False,Abandonada,False,1
6776,1620,111,3,2,2,4,True,Finalizada,True,2
6777,206,26,2,5,7,11,False,Finalizada,False,4
6778,1376,127,2,3,6,6,False,Finalizada,False,4
6779,1238,358,4,2,3,4,False,Abandonada,False,2
6780,912,185,4,1,7,10,False,Finalizada,True,5
6781,305,203,4,2,5,7,False,Abandonada,False,2
6782,605,336,5,2,5,6,False,Finalizada,True,5
6783,809,193,1,5,2,2,False,Finalizada,False,4
6784,776,303,5,3,1,6,False,Finalizada,False,3
6785,985,149,5,5,6,6,False,Finalizada,True,5
6786,730,111,4,3,7,11,True,Finalizada,False,3
6787,17,47,5,2,7,17,False,Finalizada,True,5
6788,240,137,5,2,1,7,False,Finalizada,False,3
6789,1279,341,4,4,5,7,False,Finalizada,True,5
6790,933,351,1,5,2,3,False,Finalizada,True,5
6791,1105,288,5,3,5,6,True,Finalizada,False,1
6792,1060,96,4,3,1,7,False,Finalizada,False,4
6793,891,229,5,5,6,4,False,Finalizada,True,5
6794,1976,41,1,1,5,4,False,Finalizada,False,4
6795,962,289,1,2,5,4,False,Finalizada,False,4
6796,1853,127,2,3,3,4,False,Finalizada,True,5
6797,331,52,2,4,5,4,False,Finalizada,False,4
6798,1605,301,5,1,3,4,False,Finalizada,False,4
6799,1155,224,3,5,3,3,False,Finalizada,True,4
6800,1596,56,4,5,6,5,False,Finalizada,False,5
6801,1391,236,1,1,1,7,True,Abandonada,False,2
6802,36,168,5,1,1,7,False,Abandonada,False,1
6803,281,6,4,4,1,8,False,Finalizada,True,5
6804,427,92,5,2,6,5,False,Finalizada,True,5
6805,1424,196,5,4,5,5,False,Finalizada,True,5
6806,652,48,5,5,5,7,True,Abandonada,False,1
6807,289,295,4,1,7,16,False,Finalizada,False,4
6808,176,288,5,2,7,15,False,Finalizada,False,4
6809,50,46,4,3,3,3,False,Finalizada,False,5
6810,1196,360,5,2,3,3,False,Finalizada,False,3
6811,794,10,2,5,4,12,False,Finalizada,False,4
6812,1807,60,5,1,3,3,False,Finalizada,False,3
6813,461,255,5,3,3,4,False,Finalizada,True,5
6814,1502,321,4,1,1,5,False,Finalizada,True,5
6815,1866,229,2,1,5,4,False,Finalizada,False,3
6816,468,120,4,2,1,8,False,Finalizada,True,4
6817,671,128,5,3,2,2,False,Finalizada,True,4
6818,1802,235,4,2,1,5,False,Finalizada,False,5
6819,255,89,5,3,5,4,False,Abandonada,False,2
6820,1601,255,4,3,7,11,False,Finalizada,True,5
6821,1388,35,5,5,2,2,False,Finalizada,True,5
6822,1830,339,2,5,5,6,False,Finalizada,False,3
6823,557,13,1,2,7,15,False,Finalizada,True,5
6824,1603,215,5,1,4,12,False,Abandonada,False,1
6825,1643,36,2,1,4,12,True,Finalizada,False,2
6826,1338,38,2,3,5,7,True,Finalizada,False,2
6827,486,90,4,4,7,13,True,Finalizada,True,2
6828,1003,356,5,2,6,6,False,Abandonada,False,2
6829,1938,288,5,5,4,13,False,Finalizada,False,3
6830,1397,166,5,5,3,3,False,Abandonada,False,1
6831,312,45,2,1,4,14,False,Finalizada,True,4
6832,1763,245,4,2,2,2,False,Abandonada,False,1
6833,1391,360,2,3,5,5,False,Finalizada,True,5
6834,188,35,1,2,5,5,False,Finalizada,False,4
6835,1742,283,1,1,3,5,False,Finalizada,True,4
6836,64,243,5,1,1,5,False,Finalizada,True,4
6837,414,355,5,4,2,2,False,Finalizada,True,5
6838,686,244,4,4,4,14,False,Finalizada,False,3
6839,1842,183,1,2,2,2,False,Abandonada,False,2
6840,1018,69,5,5,1,6,False,Abandonada,False,1
6841,1167,13,5,4,3,5,False,Finalizada,False,4
6842,1358,271,4,1,5,5,True,Finalizada,True,1
6843,1317,42,4,2,6,4,False,Finalizada,True,4
6844,1372,216,4,5,5,6,False,Finalizada,False,3
6845,1480,224,5,4,2,3,False,Abandonada,False,1
6846,106,121,5,1,5,5,False,Finalizada,False,3
6847,957,100,5,1,5,5,False,Finalizada,True,5
6848,164,152,5,3,6,6,False,Finalizada,False,5
6849,1718,49,2,3,5,4,False,Finalizada,True,5
6850,67,18,4,4,6,6,False,Abandonada,False,2
6851,255,328,5,5,6,4,False,Abandonada,False,2
6852,1146,49,4,2,6,5,False,Finalizada,False,3
6853,588,25,5,3,6,6,False,Finalizada,True,5
6854,1275,320,3,4,3,3,False,Finalizada,False,5
6855,231,37,1,2,5,4,False,Finalizada,False,4
6856,1270,302,5,2,4,12,False,Abandonada,False,1
6857,214,325,5,3,1,6,False,Finalizada,False,4
6858,1976,204,5,5,3,3,True,Finalizada,False,2
6859,283,91,1,4,1,5,False,Finalizada,False,3
6860,112,181,4,4,1,8,False,Abandonada,False,1
6861,220,181,1,2,7,12,True,Finalizada,False,2
6862,46,153,1,1,3,4,False,Abandonada,False,1
6863,1726,280,4,3,3,3,False,Finalizada,True,5
6864,683,251,4,1,3,3,False,Finalizada,False,4
6865,284,131,5,2,3,3,False,Finalizada,True,5
6866,914,305,5,2,4,8,False,Finalizada,True,4
6867,596,148,2,4,2,3,False,Abandonada,False,2
6868,92,114,4,4,2,3,False,Finalizada,False,4
6869,1977,16,2,2,6,6,False,Finalizada,False,4
6870,1697,145,2,4,3,4,False,Finalizada,True,4
6871,1939,336,2,3,3,3,False,Finalizada,False,4
6872,173,122,2,4,6,6,False,Finalizada,False,4
6873,75,117,1,2,4,13,False,Finalizada,True,5
6874,724,2,2,4,2,2,False,Finalizada,False,3
6875,672,100,5,4,2,4,False,Finalizada,False,4
6876,961,37,5,4,1,7,False,Finalizada,True,5
6877,1146,142,2,4,3,4,False,Finalizada,False,5
6878,1150,113,4,5,4,9,True,Finalizada,False,3
6879,1482,19,5,2,5,6,True,Finalizada,True,1
6880,1024,359,5,1,3,4,False,Finalizada,True,5
6881,374,309,5,3,4,12,True,Finalizada,False,1
6882,21,18,2,2,7,13,False,Finalizada,False,4
6883,350,249,2,2,5,4,True,Finalizada,False,1
6884,553,165,4,3,1,7,False,Finalizada,False,4
6885,617,320,5,4,4,14,False,Finalizada,False,4
6886,1597,8,2,4,4,9,False,Finalizada,False,4
6887,1573,308,5,1,2,4,False,Abandonada,False,1
6888,1263,168,3,3,2,2,False,Finalizada,False,3
6889,981,206,5,2,5,5,False,Finalizada,True,5
6890,1973,298,5,5,4,12,False,Finalizada,True,5
6891,542,165,5,4,6,6,True,Finalizada,False,2
6892,679,329,4,1,4,10,False,Finalizada,False,3
6893,1285,18,4,5,4,13,False,Abandonada,False,1
6894,845,361,1,2,5,7,False,Finalizada,True,5
6895,913,265,5,4,6,6,False,Finalizada,False,4
6896,757,120,5,1,6,6,False,Finalizada,False,5
6897,1821,16,5,4,4,15,False,Abandonada,False,1
6898,214,230,5,1,6,4,False,Abandonada,False,1
6899,823,68,5,5,5,4,False,Finalizada,False,3
6900,672,50,2,2,6,5,True,Finalizada,False,2
6901,1667,29,5,3,4,8,False,Abandonada,False,2
6902,1224,246,4,1,7,13,False,Abandonada,False,2
6903,886,301,4,3,5,7,False,Finalizada,True,5
6904,782,169,5,2,4,8,False,Finalizada,True,5
6905,687,228,5,1,5,4,False,Finalizada,False,5
6906,383,123,4,2,4,9,True,Finalizada,True,2
6907,799,55,5,3,4,9,False,Abandonada,False,2
6908,221,30,5,3,4,9,True,Finalizada,False,2
6909,1117,114,4,3,6,4,False,Finalizada,False,3
6910,246,148,2,3,4,12,True,Finalizada,True,1
6911,902,288,5,3,1,6,False,Finalizada,True,4
6912,1252,259,5,2,2,2,False,Finalizada,False,3
6913,1369,54,5,3,6,6,False,Finalizada,True,4
6914,1538,240,2,5,5,6,True,Finalizada,False,2
6915,1952,90,5,3,1,8,False,Abandonada,False,1
6916,717,275,1,1,4,10,False,Abandonada,False,1
6917,1636,230,5,4,1,5,False,Finalizada,True,4
6918,319,51,5,2,1,6,False,Finalizada,True,5
6919,298,323,1,5,5,7,False,Finalizada,False,3
6920,136,25,5,3,5,5,True,Finalizada,False,3
6921,528,1,5,3,1,8,False,Abandonada,False,2
6922,796,216,4,3,3,4,False,Finalizada,True,5
6923,1325,230,5,5,5,4,False,Finalizada,True,5
6924,199,319,5,4,7,16,True,Finalizada,True,2
6925,1950,127,5,2,6,5,False,Finalizada,True,5
6926,1066,363,5,2,6,4,False,Finalizada,False,3
6927,690,119,4,5,7,10,False,Finalizada,True,5
6928,1287,199,5,4,7,18,False,Finalizada,False,3
6929,4,88,5,3,2,3,False,Finalizada,False,4
6930,1689,262,4,4,7,12,False,Finalizada,True,4
6931,1689,53,5,1,5,4,False,Finalizada,True,5
6932,1369,90,1,1,6,4,False,Finalizada,False,4
6933,1285,318,4,4,6,5,False,Finalizada,True,4
6934,1057,230,2,4,6,6,False,Finalizada,False,4
6935,1710,158,2,1,7,17,True,Finalizada,False,2
6936,406,167,2,2,4,9,False,Finalizada,False,4
6937,504,119,1,4,1,7,False,Finalizada,False,4
6938,1330,33,3,5,6,5,False,Abandonada,False,1
6939,1544,354,2,1,1,7,False,Finalizada,True,5
6940,438,79,3,4,3,4,False,Finalizada,False,4
6941,297,140,5,4,7,11,False,Finalizada,True,5
6942,498,361,4,5,6,6,False,Abandonada,False,2
6943,1443,322,5,2,2,4,False,Abandonada,False,2
6944,557,292,5,4,3,3,False,Finalizada,True,5
6945,13,310,3,3,5,6,False,Finalizada,False,3
6946,713,260,2,1,1,7,False,Finalizada,False,4
6947,1815,22,4,2,7,16,True,Finalizada,False,3
6948,1600,143,5,2,3,3,False,Finalizada,False,4
6949,127,303,5,3,7,17,True,Finalizada,True,2
6950,1541,244,5,5,2,2,False,Finalizada,True,5
6951,733,94,4,2,1,6,False,Finalizada,False,3
6952,1703,252,4,3,2,2,False,Finalizada,True,5
6953,836,356,4,5,3,4,False,Abandonada,False,1
6954,300,290,5,4,4,11,True,Finalizada,False,2
6955,1505,191,4,2,1,8,False,Finalizada,True,5
6956,94,73,4,5,3,5,False,Finalizada,False,4
6957,1927,334,5,1,4,9,True,Finalizada,True,2
6958,1199,122,3,4,4,12,False,Finalizada,False,4
6959,1543,303,3,1,6,5,False,Finalizada,False,3
6960,1610,294,4,4,3,4,False,Finalizada,True,5
6961,1766,269,4,5,5,5,False,Finalizada,False,3
6962,213,234,4,2,4,13,False,Finalizada,False,3
6963,9,45,5,4,4,14,True,Finalizada,True,3
6964,628,62,5,5,2,4,False,Finalizada,False,4
6965,1486,348,5,3,4,8,False,Finalizada,False,5
6966,1703,342,5,4,3,5,False,Finalizada,True,5
6967,1297,109,1,2,5,4,False,Finalizada,True,4
6968,1661,202,4,3,6,6,False,Finalizada,True,5
6969,1166,315,5,3,5,7,False,Abandonada,False,1
6970,1552,153,3,3,4,15,True,Abandonada,False,1
6971,448,40,3,1,2,3,True,Finalizada,False,1
6972,950,64,2,3,4,11,False,Abandonada,False,2
6973,1178,135,5,5,2,2,False,Finalizada,True,4
6974,1900,180,4,4,1,5,False,Finalizada,False,5
6975,668,68,4,1,3,3,False,Finalizada,False,4
6976,1115,97,5,4,6,4,False,Finalizada,False,4
6977,1912,134,4,2,7,17,False,Finalizada,True,5
6978,708,172,5,5,7,13,False,Finalizada,True,5
6979,1683,215,5,3,2,3,False,Finalizada,False,3
6980,1778,268,2,1,4,10,False,Finalizada,True,5
6981,86,63,5,1,7,16,False,Finalizada,False,4
6982,67,236,2,3,6,4,False,Finalizada,True,5
6983,320,116,1,1,4,14,False,Finalizada,False,3
6984,1207,214,4,3,6,4,False,Finalizada,False,5
6985,871,80,4,2,4,9,True,Finalizada,True,2
6986,1043,188,5,2,1,5,False,Abandonada,False,2
6987,1728,352,3,2,4,12,False,Finalizada,False,3
6988,156,319,5,2,2,2,False,Finalizada,True,5
6989,1491,6,3,3,4,10,False,Finalizada,False,5
6990,1768,185,3,2,2,3,True,Finalizada,False,3
6991,782,347,5,3,4,13,False,Finalizada,False,3
6992,661,19,5,5,5,5,False,Finalizada,False,4
6993,327,175,5,4,2,3,False,Finalizada,False,5
6994,635,250,2,1,6,4,False,Abandonada,False,2
6995,210,304,2,4,7,18,False,Finalizada,True,5
6996,538,48,2,4,5,7,False,Finalizada,True,5
6997,1785,261,2,2,3,3,False,Finalizada,False,4
6998,377,174,4,1,7,15,True,Abandonada,False,2
6999,84,307,2,3,4,13,False,Finalizada,True,5
7000,1100,41,1,2,5,5,False,Finalizada,True,5
7001,836,249,1,3,4,15,False,Abandonada,False,2
7002,900,129,5,3,5,6,False,Finalizada,True,5
7003,290,195,5,2,5,4,False,Finalizada,True,5
7004,909,167,4,3,4,9,True,Abandonada,False,1
7005,1127,41,5,2,1,5,False,Finalizada,True,5
7006,900,329,1,2,1,5,False,Finalizada,False,3
7007,241,232,4,3,2,3,False,Finalizada,True,4
7008,128,312,1,4,6,6,False,Abandonada,False,2
7009,99,209,2,1,6,4,False,Finalizada,False,3
7010,1654,241,5,2,6,5,False,Finalizada,True,5
7011,1425,224,5,1,1,8,True,Abandonada,False,1
7012,63,120,2,2,5,7,False,Finalizada,False,4
7013,1167,183,1,2,7,14,False,Finalizada,False,4
7014,976,16,5,4,1,5,False,Finalizada,False,4
7015,1298,355,4,2,6,5,False,Finalizada,False,3
7016,1814,285,4,5,2,3,False,Finalizada,True,5
7017,1918,335,4,1,6,4,False,Finalizada,True,5
7018,908,221,5,1,3,3,False,Finalizada,True,5
7019,1586,359,5,3,6,5,False,Finalizada,True,5
7020,40,204,2,1,7,12,True,Finalizada,False,2
7021,941,102,5,3,7,17,False,Abandonada,False,1
7022,1225,118,1,2,4,8,False,Finalizada,False,5
7023,1567,73,1,3,5,5,False,Abandonada,False,1
7024,91,175,4,4,7,15,False,Abandonada,False,1
7025,377,79,5,1,4,14,False,Finalizada,False,3
7026,294,196,5,4,6,4,False,Finalizada,False,4
7027,539,248,5,4,3,4,False,Abandonada,False,2
7028,1063,285,5,1,4,8,False,Abandonada,False,1
7029,1458,27,3,5,2,3,False,Finalizada,False,5
7030,97,90,4,1,7,11,True,Abandonada,False,2
7031,1509,7,4,5,5,6,False,Finalizada,True,5
7032,641,283,5,4,2,3,False,Finalizada,False,4
7033,843,126,5,2,4,8,False,Finalizada,True,5
7034,1325,109,4,5,4,11,False,Finalizada,True,5
7035,538,7,4,4,1,7,False,Finalizada,False,4
7036,1272,231,5,1,4,9,True,Abandonada,False,1
7037,1460,166,2,2,1,8,True,Finalizada,True,2
7038,1938,120,5,4,4,14,False,Abandonada,False,1
7039,403,82,5,4,1,5,False,Finalizada,True,4
7040,489,190,4,4,2,3,False,Finalizada,True,5
7041,783,21,4,5,3,4,False,Finalizada,False,3
7042,1483,96,5,2,5,4,False,Abandonada,False,1
7043,389,301,5,3,2,2,False,Finalizada,False,3
7044,1518,233,5,3,1,6,False,Finalizada,False,3
7045,1821,334,5,5,1,7,False,Finalizada,False,4
7046,1490,108,4,4,6,4,False,Finalizada,True,5
7047,837,149,4,1,7,17,True,Finalizada,False,1
7048,1798,352,5,1,6,4,False,Finalizada,False,5
7049,1379,49,5,4,5,6,False,Finalizada,False,5
7050,849,315,3,3,6,5,False,Abandonada,False,2
7051,1146,200,1,3,4,9,False,Finalizada,False,4
7052,1004,268,5,3,5,5,False,Abandonada,False,1
7053,725,184,1,4,3,5,False,Finalizada,False,5
7054,628,143,5,2,4,10,False,Abandonada,False,1
7055,598,189,2,3,6,4,False,Finalizada,False,3
7056,1698,245,4,5,5,5,False,Finalizada,True,5
7057,657,262,5,4,4,8,False,Finalizada,True,5
7058,1512,114,1,5,3,4,False,Finalizada,True,5
7059,1179,91,5,3,7,18,False,Abandonada,False,2
7060,380,51,5,2,6,4,False,Finalizada,False,3
7061,1359,243,3,1,3,3,False,Abandonada,False,1
7062,1124,259,5,3,2,3,False,Finalizada,True,4
7063,1867,304,4,4,6,6,False,Finalizada,False,5
7064,1899,332,5,5,7,13,True,Abandonada,False,2
7065,1398,279,5,5,7,16,False,Abandonada,False,1
7066,491,63,4,5,3,4,False,Abandonada,False,1
7067,912,307,5,3,1,5,True,Finalizada,True,3
7068,1067,16,2,1,7,13,False,Finalizada,False,4
7069,1933,293,1,2,5,7,False,Finalizada,False,4
7070,1828,193,5,4,3,4,False,Finalizada,True,5
7071,1283,103,5,3,1,8,False,Finalizada,True,5
7072,1074,62,3,5,3,5,False,Finalizada,True,5
7073,293,64,3,2,7,17,True,Finalizada,False,3
7074,1255,318,4,3,2,3,False,Finalizada,True,5
7075,685,287,4,2,2,4,False,Finalizada,True,4
7076,1551,68,4,2,1,6,True,Finalizada,False,2
7077,1075,147,5,3,6,5,False,Finalizada,False,4
7078,1669,59,5,4,4,12,True,Finalizada,True,2
7079,254,47,1,2,6,4,False,Finalizada,False,3
7080,682,229,5,4,3,5,False,Finalizada,True,5
7081,1052,126,5,5,3,5,False,Finalizada,False,3
7082,613,172,2,5,6,6,False,Finalizada,False,4
7083,668,260,5,4,7,17,True,Finalizada,True,1
7084,1769,228,4,5,2,4,False,Finalizada,True,5
7085,108,183,5,4,3,5,False,Finalizada,True,5
7086,767,336,2,4,3,4,True,Finalizada,True,3
7087,237,99,5,5,2,2,False,Finalizada,True,4
7088,317,361,1,4,3,5,False,Finalizada,True,5
7089,1675,161,5,4,1,7,False,Abandonada,False,1
7090,821,37,1,2,3,5,False,Finalizada,True,4
7091,490,110,5,5,6,4,False,Finalizada,False,4
7092,1336,255,5,4,5,4,False,Finalizada,False,4
7093,1576,110,4,3,2,4,False,Finalizada,False,3
7094,868,99,5,2,5,4,False,Abandonada,False,1
7095,1403,230,4,3,5,7,False,Abandonada,False,2
7096,1210,235,5,4,6,5,False,Finalizada,True,5
7097,706,318,5,3,4,10,True,Finalizada,True,2
7098,1235,152,1,2,4,11,False,Abandonada,False,1
7099,1578,162,5,2,4,13,False,Finalizada,True,5
7100,1812,174,2,3,1,5,False,Finalizada,False,5
7101,1446,227,5,5,5,6,False,Finalizada,True,5
7102,993,231,1,4,7,10,False,Finalizada,False,3
7103,895,206,5,5,3,5,False,Finalizada,True,5
7104,1830,195,5,2,1,7,False,Abandonada,False,1
7105,1275,30,2,3,7,17,True,Abandonada,False,2
7106,1109,129,5,1,6,6,False,Finalizada,True,5
7107,1111,57,5,4,7,18,False,Finalizada,True,5
7108,1413,184,2,5,1,6,False,Finalizada,False,5
7109,1145,139,4,1,4,15,True,Finalizada,False,1
7110,74,352,5,5,3,5,False,Finalizada,False,5
7111,652,312,5,3,4,11,True,Finalizada,False,2
7112,523,1,2,4,7,15,True,Finalizada,True,2
7113,1685,238,5,2,3,4,False,Finalizada,True,5
7114,874,188,4,1,4,9,False,Finalizada,True,5
7115,733,27,1,3,7,14,False,Finalizada,False,4
7116,1919,200,1,2,7,14,False,Finalizada,False,3
7117,1211,84,5,5,1,6,False,Finalizada,False,5
7118,1073,361,2,1,2,2,False,Finalizada,False,3
7119,1465,5,5,5,7,14,True,Finalizada,False,2
7120,1617,214,5,3,3,4,False,Finalizada,True,5
7121,1217,3,1,1,4,9,False,Finalizada,False,4
7122,725,232,4,5,7,13,False,Finalizada,False,3
7123,196,321,5,4,7,17,False,Finalizada,False,5
7124,691,29,5,1,1,6,False,Finalizada,False,3
7125,11,88,4,5,4,13,False,Finalizada,True,5
7126,1533,211,5,3,3,4,False,Finalizada,False,4
7127,1578,18,1,4,1,8,False,Abandonada,False,2
7128,1413,160,5,4,1,7,False,Finalizada,False,3
7129,589,105,5,4,4,9,True,Finalizada,False,1
7130,1549,156,5,2,3,3,True,Finalizada,True,1
7131,1009,283,1,5,3,5,False,Finalizada,False,3
7132,1853,290,1,1,3,5,False,Finalizada,True,5
7133,1599,64,2,5,4,15,True,Finalizada,True,1
7134,1227,357,4,3,2,3,False,Finalizada,False,3
7135,740,134,4,5,5,6,False,Finalizada,True,5
7136,1012,40,4,4,2,4,False,Abandonada,False,2
7137,562,188,2,2,4,14,True,Finalizada,False,1
7138,678,345,5,4,3,5,False,Finalizada,True,5
7139,645,49,5,3,1,8,False,Finalizada,False,4
7140,928,281,5,2,1,5,False,Finalizada,True,5
7141,1117,230,5,5,2,4,False,Finalizada,True,4
7142,132,323,4,1,2,2,True,Abandonada,False,1
7143,725,73,5,5,1,5,False,Finalizada,False,4
7144,176,14,5,4,1,8,False,Finalizada,False,4
7145,1842,72,5,2,3,3,False,Finalizada,True,5
7146,324,9,4,1,5,6,False,Finalizada,False,4
7147,233,6,4,5,4,14,False,Abandonada,False,2
7148,1527,348,5,2,6,6,False,Finalizada,True,5
7149,227,338,5,4,1,8,False,Finalizada,True,5
7150,1804,256,1,5,5,4,False,Finalizada,False,3
7151,525,327,4,4,1,6,False,Abandonada,False,1
7152,741,357,5,5,4,8,False,Finalizada,True,5
7153,1727,350,4,3,7,16,True,Finalizada,True,2
7154,809,257,5,2,7,14,False,Finalizada,False,5
7155,995,329,5,1,7,15,True,Finalizada,True,3
7156,1814,37,1,1,5,6,False,Finalizada,True,5
7157,803,309,4,4,4,12,False,Abandonada,False,1
7158,969,310,4,5,7,16,True,Finalizada,True,3
7159,130,272,5,5,4,13,False,Finalizada,False,4
7160,550,302,5,1,3,4,False,Finalizada,True,5
7161,1071,352,5,3,5,7,False,Finalizada,False,3
7162,1343,151,5,3,3,5,False,Abandonada,False,1
7163,1146,121,1,5,4,10,False,Abandonada,False,1
7164,1237,175,2,1,1,8,False,Finalizada,False,4
7165,186,225,1,1,7,14,False,Finalizada,False,4
7166,535,228,5,1,2,2,False,Finalizada,False,4
7167,1751,91,5,2,5,7,False,Abandonada,False,1
7168,1862,111,4,5,4,9,True,Finalizada,False,1
7169,1142,256,2,4,2,4,True,Finalizada,True,2
7170,1951,312,4,5,2,2,False,Finalizada,False,4
7171,1250,211,1,2,7,11,False,Finalizada,True,4
7172,1894,201,5,2,3,5,False,Finalizada,True,5
7173,1073,277,5,3,7,18,False,Finalizada,True,5
7174,611,353,5,3,1,8,False,Finalizada,False,3
7175,197,59,4,3,6,4,False,Finalizada,True,5
7176,494,63,5,5,2,4,False,Finalizada,True,4
7177,906,39,4,5,7,13,False,Finalizada,True,5
7178,1776,216,5,5,5,7,False,Abandonada,False,1
7179,1308,364,4,5,6,6,False,Finalizada,False,3
7180,859,30,1,5,4,14,True,Abandonada,False,2
7181,886,149,2,3,5,4,False,Finalizada,True,4
7182,751,19,5,4,3,5,False,Finalizada,True,5
7183,1520,270,5,2,7,17,True,Finalizada,False,1
7184,262,34,1,1,3,4,False,Finalizada,False,3
7185,1134,223,5,2,4,12,True,Abandonada,False,1
7186,1635,243,4,4,3,5,False,Finalizada,False,5
7187,636,123,5,3,5,4,False,Abandonada,False,1
7188,1471,60,4,5,6,4,False,Finalizada,True,4
7189,1602,119,1,1,7,14,False,Abandonada,False,2
7190,1942,41,4,2,6,5,False,Finalizada,False,3
7191,1159,248,1,1,1,7,False,Finalizada,True,4
7192,1906,247,1,3,4,12,False,Finalizada,True,5
7193,1489,123,5,4,5,7,True,Finalizada,True,3
7194,556,349,1,2,2,3,False,Finalizada,False,5
7195,1539,167,2,5,5,4,False,Finalizada,True,5
7196,563,267,5,1,2,3,False,Finalizada,True,5
7197,272,118,1,2,7,11,True,Abandonada,False,2
7198,94,255,5,3,4,8,False,Finalizada,False,3
7199,547,282,4,1,2,3,False,Finalizada,True,5
7200,156,25,2,5,3,5,False,Finalizada,False,3
7201,1351,340,4,5,3,3,False,Finalizada,True,5
7202,633,295,5,1,6,4,False,Finalizada,False,4
7203,731,94,1,4,5,4,False,Finalizada,True,4
7204,1698,285,4,4,2,3,False,Finalizada,False,3
7205,264,340,5,3,6,6,False,Finalizada,True,5
7206,638,338,5,2,3,4,False,Abandonada,False,2
7207,34,244,4,2,6,5,False,Finalizada,False,3
7208,1703,243,4,2,5,5,False,Finalizada,True,5
7209,1109,49,2,3,1,8,False,Abandonada,False,1
7210,1415,218,4,1,4,13,False,Finalizada,False,3
7211,490,172,4,3,1,5,False,Finalizada,False,3
7212,1025,131,5,5,2,3,False,Finalizada,False,3
7213,1053,257,4,1,4,11,False,Finalizada,False,4
7214,1771,214,5,3,1,8,False,Finalizada,True,5
7215,8,238,5,4,5,5,False,Finalizada,True,5
7216,1206,310,2,5,4,11,False,Finalizada,False,4
7217,1054,173,4,5,3,5,False,Finalizada,False,4
7218,664,7,1,2,5,6,False,Finalizada,False,5
7219,1582,50,2,5,1,8,False,Finalizada,True,4
7220,117,102,2,5,7,13,False,Abandonada,False,2
7221,670,69,1,3,2,2,False,Finalizada,False,4
7222,1185,32,5,4,2,2,False,Finalizada,True,5
7223,628,302,5,2,6,5,False,Finalizada,True,4
7224,461,164,5,4,4,8,False,Finalizada,True,5
7225,1260,278,5,1,5,7,False,Finalizada,True,5
7226,1631,332,4,3,5,6,True,Finalizada,False,2
7227,1925,268,2,2,7,12,False,Finalizada,True,5
7228,1563,289,5,1,2,3,False,Abandonada,False,1
7229,1617,288,4,3,6,4,False,Finalizada,False,4
7230,1085,353,4,2,5,5,False,Finalizada,True,5
7231,127,356,5,3,3,3,False,Finalizada,True,5
7232,430,353,1,3,4,11,False,Finalizada,True,4
7233,1528,67,4,2,3,5,False,Finalizada,True,4
7234,464,140,5,1,3,5,False,Finalizada,False,3
7235,1861,212,5,2,6,6,False,Finalizada,False,4
7236,1247,325,5,5,2,4,False,Finalizada,False,3
7237,1811,278,5,5,2,3,False,Finalizada,True,5
7238,556,165,3,2,7,15,False,Finalizada,True,5
7239,837,46,4,2,6,6,False,Finalizada,False,3
7240,1536,184,5,4,4,14,False,Finalizada,True,4
7241,1313,112,5,5,5,6,False,Finalizada,True,4
7242,684,13,5,1,6,4,False,Finalizada,True,4
7243,915,97,4,3,7,11,False,Finalizada,False,4
7244,1215,222,5,4,6,6,False,Finalizada,False,5
7245,1265,101,1,2,4,9,False,Abandonada,False,2
7246,1024,78,4,3,3,5,False,Finalizada,True,5
7247,287,319,5,1,1,6,False,Finalizada,True,5
7248,1425,49,5,1,4,8,True,Finalizada,True,1
7249,1674,73,2,3,1,5,False,Abandonada,False,2
7250,375,294,5,2,7,17,False,Finalizada,True,5
7251,1224,268,5,3,2,4,False,Finalizada,False,3
7252,1763,117,5,2,6,4,False,Finalizada,True,5
7253,1921,65,1,3,4,15,False,Abandonada,False,1
7254,276,296,5,2,6,5,False,Finalizada,True,4
7255,1246,53,5,3,5,4,False,Finalizada,False,4
7256,1377,279,4,4,1,5,False,Finalizada,False,3
7257,1268,365,5,4,7,11,False,Finalizada,True,4
7258,83,318,3,4,1,5,False,Finalizada,False,4
7259,1088,81,5,1,5,7,False,Finalizada,True,5
7260,1732,233,4,2,6,4,False,Finalizada,True,5
7261,94,123,5,4,2,3,False,Finalizada,False,3
7262,117,203,4,5,6,5,False,Abandonada,False,1
7263,117,210,1,2,2,3,False,Finalizada,False,5
7264,205,20,4,4,6,5,False,Abandonada,False,2
7265,1255,347,1,4,3,3,False,Finalizada,False,3
7266,1649,286,4,5,2,3,False,Finalizada,False,5
7267,1916,347,1,5,2,2,False,Finalizada,True,5
7268,28,31,5,1,7,13,False,Finalizada,False,3
7269,461,79,5,2,4,8,True,Finalizada,False,2
7270,613,104,1,5,2,4,False,Finalizada,False,5
7271,1503,112,5,2,4,9,True,Finalizada,False,1
7272,236,306,5,5,4,8,False,Finalizada,False,4
7273,686,146,5,4,4,15,False,Finalizada,True,4
7274,1728,230,5,4,5,6,True,Finalizada,True,2
7275,679,226,4,4,5,4,False,Abandonada,False,2
7276,516,127,1,5,5,4,False,Finalizada,True,4
7277,1979,328,1,4,1,8,False,Finalizada,True,4
7278,134,274,2,1,1,5,False,Finalizada,False,3
7279,1979,299,5,2,6,4,False,Finalizada,False,5
7280,514,280,2,1,4,15,False,Finalizada,True,5
7281,1975,302,5,5,5,5,False,Finalizada,True,5
7282,617,255,5,4,4,12,False,Finalizada,True,5
7283,90,70,1,4,3,5,False,Finalizada,True,4
7284,730,65,5,4,2,2,False,Abandonada,False,1
7285,1608,100,4,2,2,4,False,Finalizada,True,5
7286,1624,212,4,1,6,4,True,Finalizada,True,2
7287,549,319,4,1,6,6,False,Abandonada,False,1
7288,1445,274,5,1,5,4,False,Finalizada,True,5
7289,1737,55,5,1,1,5,False,Finalizada,False,3
7290,1543,73,5,1,2,2,False,Finalizada,True,5
7291,1520,86,5,5,7,11,True,Abandonada,False,1
7292,856,349,5,2,5,7,False,Finalizada,False,4
7293,1432,28,4,5,7,16,False,Finalizada,False,3
7294,1601,12,4,3,4,13,False,Abandonada,False,1
7295,685,175,5,5,3,5,False,Finalizada,False,3
7296,909,321,5,5,3,3,False,Finalizada,False,3
7297,402,107,2,4,5,5,False,Finalizada,True,5
7298,1107,346,1,2,5,4,False,Finalizada,False,5
7299,969,294,5,5,2,3,False,Finalizada,False,4
7300,1367,245,2,5,2,3,False,Finalizada,True,5
7301,39,242,2,5,2,4,False,Abandonada,False,2
7302,1917,157,5,4,3,4,False,Finalizada,True,5
7303,17,212,2,4,5,7,False,Finalizada,True,4
7304,1595,358,5,4,1,5,False,Finalizada,True,5
7305,1662,54,4,2,6,6,False,Finalizada,True,5
7306,85,246,5,4,4,14,False,Finalizada,False,3
7307,1400,184,2,5,3,3,False,Finalizada,True,4
7308,408,361,1,4,4,14,False,Finalizada,False,4
7309,1874,90,5,4,7,13,False,Finalizada,True,5
7310,10,267,4,1,7,12,False,Finalizada,False,4
7311,1355,168,5,4,7,14,False,Finalizada,True,5
7312,1012,213,2,4,2,4,False,Finalizada,True,4
7313,1196,17,4,3,6,4,False,Finalizada,False,5
7314,845,230,4,2,6,4,False,Finalizada,False,3
7315,1762,52,2,5,6,6,False,Finalizada,False,4
7316,1151,77,2,5,5,4,False,Finalizada,True,5
7317,67,28,5,3,5,5,False,Finalizada,True,5
7318,1744,84,5,3,6,4,False,Finalizada,True,5
7319,668,88,2,3,1,6,False,Finalizada,True,4
7320,1286,141,5,4,3,3,False,Finalizada,False,3
7321,813,328,5,1,2,4,False,Finalizada,False,5
7322,1158,175,1,2,2,3,False,Finalizada,False,4
7323,747,40,4,3,4,9,True,Finalizada,False,1
7324,1210,24,4,2,5,4,False,Finalizada,True,5
7325,1033,245,5,2,7,12,False,Finalizada,True,5
7326,1912,341,1,4,4,9,False,Finalizada,True,4
7327,401,332,5,2,3,4,False,Finalizada,True,5
7328,1623,309,5,4,6,5,False,Finalizada,False,5
7329,1688,357,4,4,3,5,False,Finalizada,True,5
7330,1326,296,5,4,6,5,False,Finalizada,True,5
7331,1912,279,5,3,7,18,False,Finalizada,True,5
7332,303,197,3,3,6,5,False,Finalizada,False,4
7333,814,79,4,5,3,5,False,Finalizada,False,4
7334,1330,198,2,2,5,6,False,Finalizada,False,4
7335,1039,249,2,2,6,6,False,Finalizada,True,4
7336,951,163,1,4,3,4,False,Finalizada,True,5
7337,1726,1,5,4,3,4,False,Finalizada,True,5
7338,489,306,4,2,5,5,False,Finalizada,False,3
7339,1978,8,5,5,6,6,False,Finalizada,False,3
7340,1998,58,4,5,4,10,False,Finalizada,False,4
7341,1669,155,5,3,6,6,False,Finalizada,True,5
7342,963,85,5,2,2,3,False,Finalizada,False,3
7343,1072,295,4,5,2,3,False,Finalizada,True,4
7344,1673,281,2,5,1,8,False,Finalizada,False,4
7345,696,193,5,3,5,6,False,Abandonada,False,2
7346,1313,56,5,3,2,3,False,Finalizada,False,5
7347,1666,114,2,2,6,4,False,Finalizada,True,5
7348,1991,99,1,4,4,9,False,Finalizada,True,5
7349,794,271,4,1,7,15,False,Finalizada,False,4
7350,145,70,4,3,4,10,True,Finalizada,True,3
7351,1543,362,5,4,6,6,False,Finalizada,False,3
7352,53,265,4,3,3,3,False,Abandonada,False,1
7353,573,205,4,2,3,3,False,Abandonada,False,1
7354,1572,307,1,4,1,8,False,Abandonada,False,1
7355,841,118,1,2,4,9,False,Finalizada,False,3
7356,1825,246,5,5,7,17,True,Finalizada,False,2
7357,1314,114,5,1,1,8,False,Finalizada,True,5
7358,202,58,5,1,5,7,False,Abandonada,False,2
7359,1810,119,4,5,4,15,False,Finalizada,False,3
7360,541,122,1,1,2,2,False,Abandonada,False,1
7361,1846,267,4,5,1,6,False,Finalizada,False,4
7362,211,320,5,3,6,5,False,Finalizada,True,4
7363,684,235,5,2,1,6,False,Finalizada,True,5
7364,1850,301,2,3,7,10,False,Finalizada,False,5
7365,1596,77,5,4,7,10,False,Finalizada,False,3
7366,648,340,4,4,6,5,False,Finalizada,True,5
7367,609,96,4,5,6,6,False,Finalizada,False,4
7368,557,252,1,3,6,5,False,Abandonada,False,2
7369,1870,266,5,4,3,5,False,Finalizada,False,5
7370,871,304,2,4,4,15,True,Finalizada,False,1
7371,406,212,5,5,7,18,True,Finalizada,True,2
7372,1963,15,5,3,3,4,False,Finalizada,True,5
7373,1279,38,2,4,3,5,False,Finalizada,True,5
7374,1068,290,4,4,1,8,False,Abandonada,False,2
7375,1233,260,5,2,3,5,False,Finalizada,True,5
7376,275,276,5,2,1,7,False,Finalizada,False,3
7377,1494,139,4,2,4,13,False,Finalizada,True,4
7378,1401,295,5,1,1,5,False,Finalizada,True,4
7379,221,328,4,3,4,13,False,Finalizada,False,4
7380,1552,361,4,1,3,5,False,Finalizada,True,5
7381,1972,340,4,4,5,5,False,Finalizada,True,5
7382,1997,8,4,1,3,4,False,Finalizada,False,4
7383,929,21,2,1,2,2,False,Abandonada,False,1
7384,1551,134,1,1,1,7,False,Finalizada,True,4
7385,354,124,5,2,3,3,False,Finalizada,False,3
7386,1048,132,4,4,5,5,False,Finalizada,False,4
7387,1097,28,3,1,6,6,False,Abandonada,False,1
7388,875,90,4,5,2,3,False,Finalizada,True,5
7389,780,195,5,3,7,16,False,Finalizada,True,5
7390,1,332,5,4,6,5,False,Abandonada,False,1
7391,1724,46,4,1,4,8,False,Finalizada,False,3
7392,360,123,5,5,5,5,False,Finalizada,True,5
7393,1456,167,5,1,1,6,False,Finalizada,False,3
7394,1382,87,5,1,5,7,False,Abandonada,False,1
7395,1477,250,5,2,3,5,False,Finalizada,True,5
7396,1256,224,5,5,7,12,False,Finalizada,False,4
7397,929,101,5,4,2,2,False,Finalizada,True,5
7398,1673,148,1,2,2,2,True,Finalizada,False,3
7399,422,23,5,3,4,11,True,Abandonada,False,2
7400,1542,207,5,3,7,13,True,Finalizada,False,2
7401,273,309,5,1,2,3,False,Finalizada,True,4
7402,1878,138,5,2,3,5,False,Finalizada,False,3
7403,1435,204,2,1,6,4,False,Abandonada,False,1
7404,1663,147,1,4,4,11,False,Abandonada,False,2
7405,770,199,1,1,1,7,True,Finalizada,False,2
7406,1539,111,2,3,5,5,False,Finalizada,False,4
7407,397,183,3,5,4,9,True,Finalizada,False,1
7408,1641,41,5,5,6,6,False,Finalizada,True,5
7409,1681,359,3,1,2,4,False,Finalizada,True,4
7410,357,2,5,1,3,3,False,Abandonada,False,1
7411,85,138,2,1,5,6,False,Finalizada,False,3
7412,907,89,1,4,2,2,False,Finalizada,False,5
7413,714,256,4,5,6,5,False,Abandonada,False,1
7414,1508,314,2,4,3,4,False,Finalizada,False,4
7415,1654,291,5,3,6,6,False,Abandonada,False,2
7416,1891,123,5,5,1,8,False,Finalizada,False,4
7417,666,283,2,2,6,4,False,Finalizada,False,3
7418,515,104,2,2,3,5,False,Abandonada,False,1
7419,199,43,5,2,3,3,False,Finalizada,True,5
7420,1729,6,4,1,1,7,False,Finalizada,True,5
7421,1848,130,5,4,3,5,False,Finalizada,False,3
7422,820,78,4,2,5,5,False,Finalizada,True,5
7423,1924,309,4,3,4,14,False,Finalizada,True,4
7424,413,222,2,2,5,4,False,Finalizada,False,4
7425,1310,175,1,2,6,4,False,Abandonada,False,2
7426,1019,359,2,4,6,4,False,Abandonada,False,1
7427,225,90,5,2,7,12,True,Finalizada,False,2
7428,344,292,5,2,1,8,False,Finalizada,True,5
7429,1250,64,5,2,5,6,False,Finalizada,True,5
7430,727,106,4,1,5,7,False,Finalizada,True,4
7431,594,330,5,5,4,11,False,Finalizada,False,3
7432,731,165,1,5,5,7,False,Finalizada,True,5
7433,94,145,5,5,6,4,True,Finalizada,True,1
7434,9,217,2,4,1,8,False,Finalizada,True,5
7435,1336,257,5,4,6,4,False,Finalizada,True,5
7436,1733,31,4,2,1,8,False,Abandonada,False,1
7437,380,63,5,1,1,5,True,Finalizada,False,1
7438,728,124,4,1,1,8,False,Finalizada,False,4
7439,1062,208,2,5,1,7,False,Finalizada,False,4
7440,687,211,2,2,7,16,False,Finalizada,False,3
7441,1880,287,5,2,1,5,False,Finalizada,True,4
7442,1143,332,5,5,3,3,False,Finalizada,True,4
7443,1675,106,5,2,2,3,False,Finalizada,False,5
7444,1799,251,5,1,3,4,False,Abandonada,False,2
7445,168,206,4,5,3,5,False,Finalizada,False,5
7446,950,71,5,4,5,7,True,Finalizada,False,1
7447,1354,160,5,5,7,10,False,Finalizada,False,4
7448,1894,142,2,4,3,5,False,Finalizada,False,4
7449,1010,295,5,5,4,9,False,Finalizada,False,5
7450,1296,355,4,3,6,5,False,Finalizada,False,5
7451,1985,264,5,4,5,4,False,Finalizada,True,4
7452,1524,174,5,5,2,3,False,Abandonada,False,1
7453,530,309,1,1,3,5,False,Finalizada,False,4
7454,1187,260,1,3,4,10,False,Finalizada,True,5
7455,49,142,5,2,4,10,True,Finalizada,True,2
7456,1467,192,3,1,5,4,False,Finalizada,False,3
7457,1343,200,5,4,2,2,False,Finalizada,False,5
7458,725,67,5,5,2,2,False,Finalizada,False,3
7459,2000,80,4,4,4,15,False,Abandonada,False,2
7460,791,175,4,4,6,5,False,Finalizada,True,4
7461,1260,227,1,5,4,15,True,Finalizada,True,3
7462,1253,128,2,4,5,7,False,Finalizada,True,5
7463,395,251,2,3,4,12,False,Finalizada,False,4
7464,586,206,4,3,2,3,False,Finalizada,False,4
7465,1021,205,4,2,6,4,False,Abandonada,False,2
7466,299,339,4,2,6,4,False,Abandonada,False,2
7467,1711,19,5,4,5,6,False,Finalizada,True,4
7468,1315,266,5,1,2,2,False,Finalizada,False,5
7469,1138,311,1,4,7,12,False,Finalizada,True,5
7470,1627,2,2,4,7,12,False,Finalizada,False,3
7471,1557,226,4,1,6,4,True,Finalizada,True,2
7472,1375,351,4,5,4,12,True,Finalizada,False,2
7473,1134,296,1,3,3,5,False,Finalizada,True,5
7474,2000,140,1,4,6,4,False,Finalizada,False,4
7475,1779,249,3,3,2,2,False,Finalizada,False,3
7476,1427,29,5,5,2,4,False,Finalizada,False,4
7477,1315,244,5,3,1,6,False,Abandonada,False,1
7478,413,279,5,4,4,13,False,Finalizada,False,3
7479,342,246,4,2,7,12,True,Finalizada,True,1
7480,1939,195,5,3,2,2,True,Finalizada,False,3
7481,1175,37,4,2,1,5,False,Abandonada,False,1
7482,1930,276,4,3,6,4,False,Finalizada,True,5
7483,1694,49,5,4,2,2,False,Abandonada,False,1
7484,740,52,1,5,6,6,False,Finalizada,False,3
7485,211,305,4,2,5,6,True,Finalizada,True,1
7486,872,311,1,1,2,4,False,Finalizada,True,5
7487,1213,350,5,2,1,5,False,Finalizada,False,3
7488,798,7,4,4,6,5,False,Finalizada,False,5
7489,804,243,5,1,1,7,False,Finalizada,True,5
7490,121,354,5,5,2,4,False,Abandonada,False,1
7491,139,174,5,2,7,17,False,Finalizada,False,5
7492,454,101,4,2,2,4,False,Finalizada,False,3
7493,192,64,5,1,2,4,False,Finalizada,False,4
7494,1792,123,5,2,5,7,True,Finalizada,False,3
7495,606,248,5,4,3,4,False,Finalizada,False,3
7496,724,281,4,4,4,10,False,Finalizada,False,3
7497,11,168,4,4,7,17,False,Finalizada,False,3
7498,705,265,5,4,3,3,False,Abandonada,False,2
7499,1703,175,4,4,2,2,False,Finalizada,False,4
7500,698,116,5,2,3,4,False,Abandonada,False,1
7501,1531,140,3,3,6,5,False,Abandonada,False,2
7502,305,9,2,1,4,11,False,Abandonada,False,1
7503,1371,162,5,1,2,4,False,Finalizada,True,5
7504,665,86,2,1,3,5,False,Abandonada,False,1
7505,1754,319,1,4,3,5,False,Finalizada,False,5
7506,1063,324,5,3,6,6,False,Finalizada,False,5
7507,1839,96,1,5,6,6,False,Finalizada,False,3
7508,1922,8,5,5,7,12,False,Finalizada,False,5
7509,1362,164,5,4,7,16,True,Finalizada,False,1
7510,1708,160,1,5,5,6,False,Finalizada,False,3
7511,1773,184,2,1,3,5,False,Finalizada,False,3
7512,665,202,5,2,3,3,False,Finalizada,True,5
7513,1919,129,5,1,6,4,False,Finalizada,True,5
7514,350,229,5,2,5,4,False,Finalizada,True,4
7515,500,77,4,5,4,12,False,Abandonada,False,1
7516,1756,199,4,5,5,4,False,Finalizada,False,3
7517,1092,202,5,1,3,4,False,Finalizada,True,5
7518,867,364,1,1,1,7,False,Finalizada,True,5
7519,1468,200,5,5,3,5,False,Finalizada,True,5
7520,110,113,4,2,2,4,False,Finalizada,False,3
7521,1004,188,2,1,1,6,False,Abandonada,False,1
7522,820,307,5,5,5,5,False,Finalizada,False,3
7523,762,236,5,3,6,6,False,Finalizada,False,5
7524,1298,22,4,2,3,5,False,Finalizada,False,3
7525,849,106,2,2,2,3,False,Finalizada,True,4
7526,984,7,1,5,5,6,False,Finalizada,True,5
7527,372,246,4,3,1,6,False,Finalizada,True,5
7528,986,267,1,5,5,6,False,Finalizada,False,3
7529,934,253,4,4,7,15,False,Abandonada,False,1
7530,125,35,1,5,5,7,False,Finalizada,True,4
7531,1764,121,2,5,5,5,False,Finalizada,False,4
7532,1350,280,5,3,1,6,False,Finalizada,True,5
7533,729,14,5,4,3,5,False,Finalizada,True,4
7534,1096,95,5,3,4,12,True,Finalizada,True,2
7535,120,291,5,1,1,7,False,Finalizada,False,4
7536,929,254,5,4,2,4,False,Finalizada,False,3
7537,1099,361,5,5,6,5,False,Finalizada,False,3
7538,124,328,4,2,5,5,False,Finalizada,True,5
7539,1565,164,2,3,3,4,False,Finalizada,False,4
7540,793,91,5,1,5,6,False,Finalizada,True,5
7541,1267,322,2,4,1,8,True,Abandonada,False,2
7542,605,145,5,5,7,18,False,Abandonada,False,1
7543,1899,200,5,3,3,4,False,Finalizada,True,4
7544,1175,183,2,3,1,8,False,Finalizada,True,5
7545,1980,232,5,2,5,4,False,Finalizada,True,5
7546,1920,11,2,1,1,8,False,Finalizada,True,5
7547,1886,338,4,1,3,5,False,Finalizada,True,5
7548,1930,290,5,3,3,3,False,Finalizada,True,4
7549,1118,169,4,5,3,4,False,Finalizada,False,3
7550,832,344,4,3,1,5,False,Finalizada,False,4
7551,1225,162,1,4,5,7,False,Finalizada,False,3
7552,1398,338,2,2,5,6,False,Finalizada,False,4
7553,1930,330,5,1,3,3,False,Finalizada,True,4
7554,747,173,1,1,6,5,False,Finalizada,False,3
7555,131,89,4,5,3,3,False,Finalizada,False,3
7556,552,62,5,2,6,5,False,Finalizada,True,5
7557,1896,362,5,2,1,7,False,Finalizada,False,3
7558,569,86,4,5,2,3,False,Finalizada,True,5
7559,1381,21,4,2,2,4,False,Finalizada,True,5
7560,898,339,5,3,6,6,False,Abandonada,False,1
7561,567,112,5,2,5,6,False,Abandonada,False,2
7562,519,225,5,5,2,4,False,Finalizada,False,5
7563,1735,223,4,3,5,4,False,Finalizada,False,4
7564,1322,168,5,4,6,5,False,Finalizada,True,5
7565,1034,252,5,1,4,15,False,Finalizada,False,4
7566,1977,84,5,2,4,12,False,Finalizada,True,4
7567,588,312,4,4,5,6,False,Finalizada,True,5
7568,1175,229,1,3,3,3,False,Abandonada,False,2
7569,1574,314,5,2,1,8,False,Finalizada,True,5
7570,1953,60,2,5,2,2,False,Finalizada,True,5
7571,1843,347,4,5,6,5,False,Finalizada,True,4
7572,1403,23,5,2,7,17,False,Abandonada,False,2
7573,659,210,5,1,7,13,False,Finalizada,True,5
7574,568,65,5,2,6,4,False,Finalizada,False,3
7575,659,269,5,1,5,5,False,Finalizada,False,4
7576,1166,112,5,2,4,10,False,Finalizada,False,3
7577,1249,330,1,5,6,4,False,Finalizada,False,5
7578,681,132,1,3,2,2,False,Finalizada,False,5
7579,1210,2,2,3,1,7,False,Finalizada,False,4
7580,862,287,3,1,3,5,False,Finalizada,False,3
7581,365,32,5,2,6,5,False,Finalizada,False,4
7582,876,35,4,5,7,13,False,Finalizada,True,5
7583,686,358,4,1,5,4,False,Finalizada,True,5
7584,810,69,5,2,7,18,False,Finalizada,False,3
7585,452,183,5,2,7,13,True,Abandonada,False,2
7586,505,259,5,5,3,3,True,Abandonada,False,1
7587,784,279,2,2,5,6,False,Finalizada,True,4
7588,407,185,5,3,6,5,False,Finalizada,False,5
7589,1078,315,4,1,5,4,True,Finalizada,False,2
7590,1810,259,5,2,3,3,False,Finalizada,True,5
7591,1147,237,4,4,4,8,True,Finalizada,False,2
7592,1839,192,5,5,1,5,False,Finalizada,False,3
7593,740,33,5,3,7,15,False,Finalizada,False,5
7594,587,118,5,4,7,18,False,Finalizada,False,4
7595,1528,245,4,5,2,4,False,Abandonada,False,1
7596,1996,244,1,4,3,4,False,Finalizada,False,4
7597,1811,257,5,5,2,4,False,Finalizada,True,5
7598,1045,234,1,4,5,7,False,Abandonada,False,2
7599,647,312,1,2,6,6,False,Finalizada,False,3
7600,460,205,4,3,1,5,False,Finalizada,False,5
7601,1615,314,1,4,4,15,False,Finalizada,True,5
7602,1797,115,1,3,2,2,False,Abandonada,False,1
7603,1350,51,5,2,7,15,False,Finalizada,True,5
7604,932,63,5,2,7,14,True,Finalizada,False,1
7605,1038,270,4,4,2,3,False,Finalizada,False,3
7606,1085,354,1,4,7,11,False,Finalizada,True,5
7607,786,35,1,5,3,3,False,Finalizada,False,4
7608,1505,15,4,1,5,7,False,Finalizada,True,4
7609,766,202,4,5,4,15,False,Finalizada,False,3
7610,1394,203,2,3,1,7,False,Abandonada,False,1
7611,1224,21,2,4,6,5,False,Finalizada,True,4
7612,842,102,5,4,1,5,False,Finalizada,True,4
7613,582,71,1,3,5,6,False,Finalizada,True,5
7614,853,154,1,5,7,16,True,Finalizada,True,2
7615,150,131,5,3,7,17,False,Finalizada,True,4
7616,1361,354,4,3,6,5,False,Finalizada,False,4
7617,988,318,5,1,1,8,False,Finalizada,True,5
7618,1923,231,5,1,6,6,False,Finalizada,True,5
7619,849,48,3,4,4,12,True,Finalizada,True,2
7620,1,233,5,1,7,15,True,Finalizada,False,2
7621,800,37,4,3,7,16,False,Finalizada,True,5
7622,1009,298,4,2,6,6,False,Abandonada,False,1
7623,917,178,1,3,1,6,False,Finalizada,True,4
7624,342,61,4,5,4,13,False,Finalizada,False,4
7625,320,88,5,2,4,9,True,Finalizada,False,1
7626,1498,212,4,3,6,5,False,Finalizada,True,5
7627,372,292,5,3,6,4,False,Finalizada,True,5
7628,1077,339,5,2,1,5,False,Finalizada,False,5
7629,456,302,5,3,4,9,False,Abandonada,False,1
7630,421,141,5,5,5,5,True,Finalizada,False,2
7631,767,135,3,4,1,6,False,Finalizada,True,5
7632,545,284,4,2,2,4,False,Finalizada,False,4
7633,1691,225,2,1,2,4,False,Finalizada,False,4
7634,263,120,5,1,1,8,False,Finalizada,True,5
7635,750,119,1,2,1,7,False,Finalizada,False,5
7636,1434,225,4,3,3,5,False,Finalizada,False,3
7637,943,209,5,1,7,18,True,Abandonada,False,1
7638,1552,14,1,1,4,13,True,Finalizada,True,1
7639,1219,255,1,3,3,5,False,Finalizada,False,3
7640,1329,31,1,4,5,6,False,Abandonada,False,2
7641,1844,241,4,4,6,6,False,Finalizada,True,5
7642,1468,174,5,1,4,15,False,Abandonada,False,1
7643,808,5,1,2,6,6,False,Finalizada,False,4
7644,855,203,4,3,5,4,False,Finalizada,False,4
7645,214,293,1,4,4,15,False,Finalizada,False,4
7646,1908,195,4,1,1,8,False,Finalizada,True,5
7647,1290,76,5,2,6,6,False,Finalizada,False,5
7648,1408,115,1,3,1,6,False,Abandonada,False,1
7649,1818,174,5,4,1,7,False,Finalizada,True,5
7650,820,180,4,4,7,10,True,Abandonada,False,2
7651,63,126,1,4,3,4,False,Finalizada,True,5
7652,555,284,4,3,6,4,False,Finalizada,False,5
7653,668,319,1,4,7,18,False,Finalizada,False,5
7654,528,247,5,1,1,8,False,Finalizada,False,5
7655,1828,238,4,5,5,4,False,Finalizada,True,5
7656,1730,93,5,3,2,3,False,Finalizada,False,5
7657,339,323,2,2,6,4,False,Abandonada,False,2
7658,1624,97,3,4,7,15,False,Finalizada,False,5
7659,1994,238,4,5,3,5,False,Finalizada,True,5
7660,684,156,1,2,5,6,False,Abandonada,False,2
7661,376,221,1,1,4,9,False,Finalizada,False,4
7662,542,142,4,2,6,5,False,Finalizada,True,5
7663,1617,250,1,2,7,16,False,Finalizada,True,5
7664,445,138,5,2,6,5,False,Finalizada,False,5
7665,175,294,1,5,7,10,False,Finalizada,False,3
7666,1258,125,4,3,5,7,False,Finalizada,False,3
7667,1955,177,1,2,1,7,False,Finalizada,True,4
7668,326,177,4,5,4,13,False,Finalizada,False,3
7669,1872,188,1,4,4,14,False,Abandonada,False,1
7670,1933,142,1,3,1,7,False,Abandonada,False,1
7671,1854,109,4,1,5,4,False,Finalizada,False,3
7672,1370,22,1,1,4,11,False,Finalizada,True,5
7673,833,230,5,5,6,5,False,Abandonada,False,2
7674,1908,188,4,4,4,10,False,Finalizada,True,4
7675,251,318,4,5,4,9,False,Finalizada,True,5
7676,1870,339,1,4,3,3,False,Finalizada,True,5
7677,1578,62,4,5,3,5,False,Finalizada,False,3
7678,1774,158,2,2,5,4,False,Finalizada,False,4
7679,1751,282,3,3,7,11,True,Finalizada,True,2
7680,1838,133,4,5,7,17,False,Finalizada,True,4
7681,1156,280,5,1,3,3,False,Finalizada,True,4
7682,1156,332,1,1,5,4,False,Finalizada,False,5
7683,629,328,5,3,1,5,False,Finalizada,False,3
7684,1547,342,5,2,2,2,False,Finalizada,True,5
7685,1070,243,4,4,3,5,False,Abandonada,False,1
7686,989,12,4,1,5,5,False,Finalizada,True,4
7687,1753,304,4,4,2,2,False,Abandonada,False,1
7688,1777,58,2,1,3,4,False,Finalizada,False,3
7689,164,123,2,2,6,6,False,Finalizada,False,5
7690,1184,41,4,4,2,4,False,Finalizada,False,3
7691,1649,225,4,2,6,6,False,Finalizada,True,5
7692,996,221,5,3,3,3,False,Finalizada,True,5
7693,628,343,5,2,1,5,False,Finalizada,True,5
7694,1224,331,5,2,2,4,False,Finalizada,False,3
7695,1507,328,1,3,1,8,False,Abandonada,False,1
7696,1717,239,1,3,2,2,True,Finalizada,True,1
7697,1930,313,1,1,3,3,False,Finalizada,False,4
7698,884,69,5,1,6,4,False,Finalizada,False,3
7699,1956,349,1,3,3,3,False,Abandonada,False,1
7700,1939,334,1,3,4,12,False,Abandonada,False,1
7701,998,306,1,3,5,5,False,Finalizada,True,5
7702,752,286,5,1,6,4,False,Abandonada,False,1
7703,926,195,5,1,5,5,False,Finalizada,False,5
7704,1607,363,5,1,1,7,False,Finalizada,False,5
7705,1190,42,4,2,3,5,False,Finalizada,False,5
7706,675,326,5,1,3,4,False,Finalizada,True,5
7707,1010,277,4,1,1,8,False,Finalizada,True,5
7708,830,204,2,4,5,5,False,Finalizada,False,4
7709,223,327,5,5,7,12,True,Finalizada,False,2
7710,1758,44,5,2,3,3,False,Finalizada,True,4
7711,1918,102,5,3,4,14,False,Abandonada,False,1
7712,992,93,5,1,3,4,False,Finalizada,False,3
7713,919,266,5,4,4,8,True,Finalizada,False,2
7714,94,55,5,4,2,3,False,Abandonada,False,2
7715,43,248,5,4,6,4,False,Finalizada,True,5
7716,344,64,5,5,4,13,False,Finalizada,False,3
7717,998,118,5,4,5,5,False,Finalizada,True,4
7718,1375,72,4,2,7,13,False,Finalizada,True,5
7719,1381,123,4,1,4,12,False,Finalizada,True,5
7720,1747,126,1,1,2,4,True,Finalizada,False,1
7721,1749,145,1,2,7,17,True,Finalizada,False,3
7722,253,267,5,2,1,8,False,Finalizada,False,4
7723,1883,204,4,1,4,11,True,Finalizada,False,2
7724,784,120,5,4,6,6,False,Finalizada,False,4
7725,741,212,5,1,3,4,True,Finalizada,True,3
7726,1353,171,3,3,4,15,True,Finalizada,True,3
7727,1773,252,4,5,6,6,False,Finalizada,True,5
7728,804,251,4,4,6,4,False,Finalizada,False,5
7729,528,97,5,5,2,4,False,Finalizada,False,4
7730,1622,299,5,2,2,3,False,Finalizada,True,5
7731,185,236,5,3,6,5,False,Finalizada,False,3
7732,431,31,4,1,6,6,False,Finalizada,True,5
7733,383,302,4,3,5,6,False,Finalizada,False,4
7734,891,55,1,4,5,4,False,Finalizada,True,5
7735,1348,282,5,4,5,7,False,Finalizada,False,3
7736,1033,13,5,5,7,18,False,Finalizada,False,4
7737,525,216,5,2,6,6,False,Finalizada,False,4
7738,1835,239,2,4,1,7,False,Finalizada,True,5
7739,470,264,5,3,7,16,False,Finalizada,True,5
7740,840,342,4,2,2,4,False,Finalizada,False,3
7741,1173,169,5,3,5,7,False,Finalizada,True,5
7742,1059,96,1,4,7,17,True,Finalizada,True,1
7743,750,334,4,1,1,8,False,Finalizada,True,5
7744,1419,337,1,5,4,8,True,Finalizada,False,2
7745,1414,4,2,3,4,9,False,Finalizada,False,5
7746,1367,12,4,1,4,14,False,Finalizada,True,5
7747,1296,280,5,4,7,12,False,Finalizada,False,3
7748,1534,114,4,1,2,2,False,Finalizada,True,4
7749,1037,349,2,2,5,5,True,Finalizada,False,1
7750,49,58,5,1,3,3,False,Finalizada,False,3
7751,1448,221,2,3,7,14,True,Finalizada,False,1
7752,836,363,5,4,2,3,False,Abandonada,False,1
7753,222,242,5,3,6,6,False,Finalizada,True,5
7754,1101,313,1,5,3,3,False,Finalizada,False,3
7755,1431,108,2,3,4,10,False,Finalizada,False,4
7756,1711,259,4,1,3,3,False,Abandonada,False,1
7757,855,139,1,2,2,4,False,Finalizada,False,5
7758,1113,223,5,4,4,12,False,Abandonada,False,2
7759,1047,172,2,5,4,9,False,Finalizada,True,5
7760,1518,133,1,4,5,5,False,Abandonada,False,1
7761,1902,230,5,1,1,7,False,Finalizada,False,4
7762,1663,115,4,1,3,5,False,Abandonada,False,1
7763,1323,311,4,4,2,3,False,Abandonada,False,2
7764,844,338,4,1,7,15,False,Finalizada,True,4
7765,274,278,4,4,5,5,False,Finalizada,True,5
7766,746,142,4,5,5,4,False,Finalizada,False,3
7767,942,74,5,1,7,18,False,Finalizada,False,4
7768,1309,24,4,4,7,11,False,Finalizada,False,3
7769,315,32,3,3,6,6,False,Finalizada,False,3
7770,643,194,4,3,5,4,False,Finalizada,True,4
7771,391,296,2,2,6,4,False,Finalizada,True,5
7772,688,325,5,1,3,4,False,Finalizada,False,3
7773,1366,16,4,4,6,4,False,Finalizada,True,4
7774,600,236,2,2,3,4,False,Abandonada,False,2
7775,1950,305,5,1,1,6,False,Finalizada,True,5
7776,1885,264,3,1,4,11,True,Abandonada,False,1
7777,1878,236,4,2,4,15,False,Finalizada,False,3
7778,897,330,5,3,3,4,False,Finalizada,True,4
7779,428,69,5,1,4,8,True,Finalizada,False,2
7780,1784,88,5,2,1,5,False,Finalizada,False,4
7781,456,176,3,3,1,7,False,Finalizada,True,5
7782,1724,191,5,3,6,5,False,Abandonada,False,2
7783,700,215,3,2,2,4,False,Finalizada,False,5
7784,896,309,4,5,4,12,False,Finalizada,False,4
7785,1495,149,5,5,7,14,False,Finalizada,False,4
7786,856,295,5,5,6,6,False,Finalizada,True,4
7787,1877,248,4,4,7,14,False,Finalizada,False,3
7788,1754,328,1,5,3,3,False,Abandonada,False,1
7789,340,246,4,3,3,5,False,Abandonada,False,1
7790,1027,43,2,4,4,11,False,Abandonada,False,1
7791,1051,31,5,4,7,14,True,Abandonada,False,1
7792,525,205,4,2,3,3,False,Finalizada,False,4
7793,1076,136,5,2,4,15,True,Abandonada,False,1
7794,88,64,4,5,3,5,False,Finalizada,True,5
7795,691,299,5,4,7,11,False,Finalizada,False,3
7796,290,315,4,3,5,6,False,Finalizada,False,3
7797,1183,39,5,1,3,4,False,Finalizada,False,4
7798,529,279,4,3,1,6,False,Finalizada,False,3
7799,998,97,5,4,1,6,False,Abandonada,False,1
7800,1518,290,4,2,5,4,False,Finalizada,False,5
7801,518,260,5,4,5,7,False,Finalizada,False,3
7802,239,297,5,4,6,5,False,Finalizada,True,5
7803,364,196,1,1,6,6,False,Finalizada,False,4
7804,605,301,1,1,1,7,False,Finalizada,True,5
7805,308,6,1,4,2,3,False,Finalizada,False,5
7806,1222,308,1,5,1,7,True,Finalizada,True,2
7807,1581,256,5,4,2,4,False,Finalizada,False,3
7808,980,116,4,2,3,4,False,Finalizada,False,4
7809,1113,338,4,2,1,7,False,Finalizada,False,3
7810,1903,279,5,3,1,7,False,Finalizada,False,4
7811,1125,341,2,1,3,4,False,Finalizada,False,3
7812,1993,328,1,3,3,3,False,Finalizada,False,5
7813,1306,161,4,1,6,5,False,Finalizada,True,5
7814,1181,103,4,4,1,8,False,Finalizada,False,4
7815,1617,167,5,1,5,7,False,Finalizada,False,4
7816,123,54,5,5,4,9,False,Finalizada,False,4
7817,617,86,1,1,1,7,False,Finalizada,True,5
7818,950,282,3,2,2,2,False,Finalizada,False,3
7819,975,249,5,2,1,8,False,Finalizada,False,3
7820,1477,257,4,3,2,3,False,Finalizada,True,5
7821,872,59,4,5,3,3,False,Abandonada,False,1
7822,1587,311,4,1,5,5,False,Finalizada,True,4
7823,67,159,5,1,2,2,False,Finalizada,True,5
7824,211,133,4,5,7,16,False,Finalizada,False,3
7825,38,363,5,1,7,14,True,Finalizada,True,1
7826,1718,270,5,4,6,6,False,Finalizada,False,3
7827,1329,167,4,4,7,10,False,Finalizada,True,5
7828,48,40,5,4,4,13,False,Finalizada,True,5
7829,319,290,5,4,5,5,False,Abandonada,False,1
7830,474,298,2,2,5,4,False,Finalizada,True,5
7831,1886,266,4,3,7,18,True,Finalizada,True,2
7832,815,138,5,5,6,6,False,Finalizada,True,5
7833,375,62,4,2,6,6,False,Finalizada,False,5
7834,1769,158,5,4,5,6,False,Finalizada,True,5
7835,494,68,4,1,2,4,True,Finalizada,False,2
7836,1567,311,5,2,4,8,False,Finalizada,True,5
7837,1807,160,5,5,3,5,False,Finalizada,True,5
7838,1902,88,4,2,4,14,False,Finalizada,True,4
7839,1178,241,4,3,5,4,False,Abandonada,False,1
7840,1593,290,3,4,6,6,False,Finalizada,False,3
7841,764,207,3,5,2,4,False,Finalizada,True,5
7842,1478,106,1,5,3,4,False,Finalizada,False,3
7843,1168,98,5,5,3,3,False,Finalizada,False,4
7844,1794,306,5,5,1,5,False,Finalizada,True,4
7845,798,35,5,1,3,5,False,Finalizada,False,5
7846,1529,13,5,1,5,4,False,Finalizada,False,4
7847,1472,10,4,1,7,13,True,Finalizada,False,2
7848,102,240,5,3,1,7,False,Finalizada,True,5
7849,1880,260,5,5,5,7,False,Finalizada,False,3
7850,1732,129,2,3,5,4,False,Finalizada,False,3
7851,1337,209,1,3,7,10,False,Abandonada,False,1
7852,1907,331,4,2,3,5,False,Finalizada,False,3
7853,238,53,2,3,2,2,True,Finalizada,True,2
7854,1782,91,4,5,5,7,False,Finalizada,False,4
7855,1833,302,5,4,7,14,False,Abandonada,False,2
7856,1510,71,4,4,2,4,False,Finalizada,True,5
7857,1965,349,5,5,5,6,False,Abandonada,False,2
7858,10,312,2,1,3,4,False,Abandonada,False,2
7859,767,159,5,3,5,7,False,Finalizada,True,5
7860,1966,332,2,1,4,12,False,Finalizada,False,3
7861,8,82,1,4,1,6,False,Finalizada,True,5
7862,624,149,5,3,2,3,False,Finalizada,True,4
7863,1204,291,5,4,5,4,False,Finalizada,False,3
7864,1158,70,4,5,6,5,False,Finalizada,False,5
7865,5,127,5,2,1,6,False,Finalizada,False,4
7866,316,55,4,1,6,5,False,Finalizada,True,5
7867,1141,169,4,4,3,4,False,Finalizada,True,5
7868,955,197,4,1,2,4,False,Finalizada,True,4
7869,1448,101,4,5,3,5,False,Finalizada,False,5
7870,632,171,5,4,2,4,False,Finalizada,True,5
7871,1312,168,5,2,2,4,False,Finalizada,False,4
7872,267,297,5,5,2,2,False,Finalizada,False,5
7873,889,69,1,2,5,7,False,Finalizada,False,4
7874,936,216,5,3,6,4,False,Abandonada,False,2
7875,384,63,5,4,2,3,False,Finalizada,True,4
7876,255,254,5,5,3,3,False,Finalizada,True,4
7877,1478,345,5,5,2,4,False,Abandonada,False,1
7878,1178,341,1,2,5,5,False,Abandonada,False,1
7879,1991,21,5,2,4,8,False,Finalizada,True,4
7880,1289,194,5,2,2,2,False,Finalizada,False,4
7881,646,253,5,4,2,4,False,Abandonada,False,1
7882,1179,223,2,3,3,5,False,Abandonada,False,1
7883,1447,33,4,5,7,13,True,Finalizada,True,2
7884,172,92,5,2,6,6,False,Finalizada,True,5
7885,1214,275,4,1,5,4,False,Finalizada,True,5
7886,23,157,3,3,5,5,False,Finalizada,True,5
7887,586,256,4,2,4,11,False,Finalizada,False,4
7888,134,109,2,2,1,5,False,Finalizada,True,5
7889,1530,194,5,3,6,6,False,Abandonada,False,1
7890,769,132,2,1,6,6,True,Finalizada,False,1
7891,1908,158,4,2,3,3,False,Finalizada,False,5
7892,1930,212,5,4,5,4,False,Finalizada,False,3
7893,86,53,5,3,6,6,False,Finalizada,False,3
7894,898,340,5,2,3,5,False,Finalizada,False,4
7895,400,65,1,2,1,6,False,Finalizada,True,5
7896,1983,251,4,4,4,13,True,Finalizada,True,2
7897,1341,319,4,5,6,5,True,Finalizada,True,2
7898,916,76,1,5,5,7,False,Finalizada,False,4
7899,1313,32,5,3,5,6,False,Finalizada,True,5
7900,1820,81,5,2,5,6,False,Finalizada,True,5
7901,129,297,1,3,2,4,False,Finalizada,False,3
7902,1006,120,2,5,1,5,False,Finalizada,False,4
7903,1060,60,5,3,3,3,False,Abandonada,False,2
7904,1049,72,5,5,4,12,False,Abandonada,False,2
7905,599,76,5,3,7,17,True,Finalizada,False,2
7906,1989,102,5,2,2,2,False,Finalizada,False,4
7907,607,316,4,3,4,12,True,Abandonada,False,1
7908,1783,204,5,3,1,5,False,Finalizada,False,3
7909,1163,140,5,4,3,3,False,Abandonada,False,2
7910,1298,346,5,5,4,11,False,Finalizada,False,5
7911,301,272,5,5,2,3,False,Finalizada,True,4
7912,1884,272,3,5,7,16,False,Finalizada,True,4
7913,1011,137,5,2,3,4,False,Finalizada,True,5
7914,262,223,5,2,1,8,False,Finalizada,True,4
7915,1871,65,5,2,7,13,False,Abandonada,False,1
7916,1615,122,5,2,7,17,True,Finalizada,True,2
7917,1285,335,4,2,2,4,False,Abandonada,False,1
7918,800,45,4,3,4,15,False,Finalizada,True,5
7919,752,173,5,3,2,3,False,Finalizada,True,5
7920,59,96,4,5,4,8,True,Abandonada,False,1
7921,1472,203,5,2,3,5,False,Finalizada,False,3
7922,28,208,3,1,6,6,False,Finalizada,False,3
7923,440,266,5,1,2,2,False,Finalizada,True,5
7924,928,98,5,4,1,6,False,Abandonada,False,1
7925,1607,129,5,5,7,14,False,Abandonada,False,1
7926,1049,252,1,2,4,12,False,Finalizada,True,5
7927,115,309,5,1,2,2,False,Finalizada,True,5
7928,1903,148,4,1,7,12,False,Abandonada,False,2
7929,29,178,5,2,5,4,False,Finalizada,True,5
7930,903,102,4,4,3,3,False,Finalizada,True,5
7931,632,329,1,5,7,11,False,Finalizada,False,3
7932,609,339,5,5,4,15,False,Finalizada,False,3
7933,473,332,3,1,4,13,False,Finalizada,False,3
7934,687,198,4,2,3,4,False,Finalizada,True,5
7935,1506,74,1,4,5,6,False,Finalizada,True,5
7936,1796,282,5,4,5,6,False,Finalizada,False,4
7937,408,279,5,2,7,15,False,Finalizada,False,3
7938,1659,63,4,2,5,5,False,Finalizada,True,5
7939,1928,111,5,5,5,6,False,Abandonada,False,1
7940,1412,68,5,4,4,13,False,Finalizada,True,5
7941,218,122,4,4,4,11,False,Finalizada,False,3
7942,666,204,5,4,7,11,True,Finalizada,False,2
7943,1921,355,1,3,1,7,False,Abandonada,False,1
7944,695,74,5,4,7,12,False,Finalizada,True,5
7945,207,348,2,4,5,5,True,Finalizada,False,2
7946,1518,182,4,2,5,6,False,Finalizada,False,3
7947,1332,62,4,4,2,3,True,Finalizada,False,2
7948,1199,313,4,3,5,6,False,Finalizada,False,4
7949,906,103,1,4,2,3,False,Finalizada,False,4
7950,292,135,1,3,5,5,False,Finalizada,False,3
7951,1312,39,4,1,1,6,False,Finalizada,True,5
7952,116,49,4,5,4,11,False,Finalizada,True,5
7953,839,321,3,4,3,5,False,Finalizada,True,4
7954,891,273,5,1,4,9,False,Finalizada,True,5
7955,1437,185,4,4,6,6,False,Abandonada,False,1
7956,77,290,5,5,4,14,False,Finalizada,True,4
7957,710,293,5,3,6,4,False,Finalizada,False,5
7958,33,100,5,4,5,7,False,Finalizada,True,5
7959,1315,108,2,2,4,10,False,Finalizada,True,5
7960,698,139,5,5,5,5,True,Finalizada,False,1
7961,551,299,5,3,2,2,False,Finalizada,True,5
7962,413,50,5,2,7,18,True,Finalizada,False,3
7963,865,244,4,2,1,7,True,Finalizada,True,2
7964,1458,351,5,3,7,11,False,Finalizada,False,5
7965,225,39,4,3,6,6,False,Abandonada,False,1
7966,254,207,2,5,1,8,False,Finalizada,False,5
7967,47,212,4,4,2,4,False,Abandonada,False,1
7968,1616,73,5,3,7,18,True,Finalizada,False,1
7969,941,315,4,1,1,7,False,Abandonada,False,1
7970,859,303,4,3,7,13,True,Finalizada,False,3
7971,1087,31,1,5,2,3,True,Finalizada,False,2
7972,1493,329,5,1,7,17,True,Finalizada,False,1
7973,1057,153,5,5,1,7,False,Finalizada,False,4
7974,1437,73,5,4,3,3,False,Finalizada,True,5
7975,141,93,3,5,4,15,False,Abandonada,False,1
7976,1716,83,4,5,7,11,False,Finalizada,False,3
7977,1369,25,5,5,7,18,False,Finalizada,False,3
7978,1108,113,1,3,5,4,False,Finalizada,True,5
7979,169,116,1,2,1,7,False,Finalizada,True,5
7980,738,297,5,4,7,15,True,Finalizada,False,1
7981,709,13,4,4,6,5,False,Finalizada,True,5
7982,1132,168,5,4,2,3,False,Finalizada,True,5
7983,694,226,4,4,3,4,False,Finalizada,True,5
7984,780,54,4,4,5,5,False,Finalizada,True,5
7985,579,167,4,1,6,6,False,Abandonada,False,1
7986,1231,4,4,2,7,18,False,Finalizada,True,5
7987,702,174,5,4,3,4,False,Finalizada,False,3
7988,199,57,5,3,6,4,False,Abandonada,False,1
7989,917,121,2,4,5,6,True,Finalizada,True,1
7990,1348,17,4,1,2,3,True,Finalizada,False,3
7991,678,87,4,5,6,4,False,Finalizada,True,4
7992,1318,337,5,4,7,11,True,Finalizada,False,3
7993,1458,100,3,4,5,7,False,Finalizada,False,4
7994,1589,112,4,2,2,4,False,Finalizada,True,5
7995,1337,342,4,4,7,10,False,Finalizada,True,5
7996,1410,161,4,4,5,7,False,Finalizada,False,5
7997,1751,145,5,4,6,4,False,Finalizada,False,4
7998,39,187,5,2,5,7,False,Finalizada,True,5
7999,1483,332,4,4,5,5,False,Finalizada,True,4
8000,194,152,1,4,2,3,False,Finalizada,False,4
8001,546,334,4,2,6,4,False,Finalizada,False,4
8002,418,17,4,4,2,2,False,Abandonada,False,1
8003,1656,167,5,5,4,13,False,Finalizada,True,5
8004,1504,316,1,4,5,5,True,Finalizada,True,1
8005,1759,314,5,5,2,2,False,Finalizada,True,4
8006,45,246,5,1,3,4,False,Finalizada,False,4
8007,886,25,2,1,1,8,False,Abandonada,False,1
8008,1967,336,1,2,2,3,False,Finalizada,False,4
8009,1424,52,5,2,2,3,False,Finalizada,False,4
8010,45,159,4,5,1,8,False,Finalizada,False,5
8011,1785,230,3,5,3,5,False,Finalizada,False,4
8012,1458,276,5,5,1,7,False,Finalizada,False,3
8013,1983,348,5,2,4,15,False,Finalizada,True,5
8014,342,169,4,3,7,18,False,Finalizada,False,4
8015,539,243,5,4,3,4,False,Abandonada,False,2
8016,942,29,5,3,5,6,False,Finalizada,False,3
8017,1398,115,3,1,1,5,False,Finalizada,True,5
8018,1203,53,5,2,5,5,True,Finalizada,False,1
8019,794,248,1,4,5,4,False,Finalizada,False,3
8020,830,40,4,4,6,6,False,Finalizada,False,5
8021,765,36,1,4,5,4,False,Finalizada,True,4
8022,16,361,5,5,1,5,False,Finalizada,False,4
8023,889,88,4,4,3,4,False,Finalizada,True,5
8024,678,297,5,4,3,5,False,Finalizada,False,5
8025,1363,123,1,1,7,10,False,Finalizada,False,3
8026,1185,118,4,3,5,6,False,Abandonada,False,1
8027,380,84,1,4,6,4,False,Finalizada,False,4
8028,1575,340,5,3,3,5,False,Finalizada,True,5
8029,382,34,4,4,6,6,False,Finalizada,True,5
8030,492,216,4,4,4,9,True,Finalizada,True,1
8031,36,25,5,2,2,3,False,Finalizada,False,4
8032,1526,203,3,3,6,6,False,Finalizada,False,3
8033,1908,128,4,5,5,5,False,Finalizada,False,4
8034,1303,341,5,5,5,5,False,Abandonada,False,1
8035,682,109,5,1,3,5,False,Finalizada,True,5
8036,664,295,5,2,7,13,False,Finalizada,True,5
8037,1489,349,5,4,4,15,True,Finalizada,True,2
8038,1792,143,2,3,7,14,False,Abandonada,False,1
8039,1814,105,4,5,3,5,False,Finalizada,True,5
8040,939,125,2,5,6,5,False,Finalizada,False,4
8041,829,249,4,4,7,11,True,Finalizada,True,2
8042,1392,285,4,3,6,6,False,Finalizada,True,5
8043,589,317,5,1,7,13,True,Finalizada,False,1
8044,769,176,5,4,7,18,False,Finalizada,False,3
8045,622,95,2,3,7,10,False,Finalizada,False,5
8046,1762,350,5,1,6,4,False,Finalizada,True,5
8047,506,275,4,2,4,10,False,Finalizada,True,5
8048,1037,252,4,4,4,13,False,Finalizada,True,4
8049,1786,346,5,5,5,6,False,Finalizada,True,5
8050,927,339,4,3,3,4,False,Finalizada,False,4
8051,1531,103,5,4,6,5,False,Finalizada,True,5
8052,602,188,4,1,2,2,False,Finalizada,True,5
8053,762,222,5,2,7,11,True,Finalizada,False,2
8054,415,84,5,2,5,5,False,Finalizada,False,4
8055,1379,258,5,5,4,9,False,Finalizada,False,5
8056,1309,142,4,2,2,2,False,Abandonada,False,2
8057,917,268,5,2,3,4,False,Finalizada,True,5
8058,116,240,1,4,5,7,False,Finalizada,False,4
8059,1695,321,5,4,1,8,False,Finalizada,False,4
8060,593,319,4,5,6,5,False,Finalizada,False,4
8061,706,312,1,3,6,5,False,Finalizada,False,3
8062,1983,21,5,5,3,4,False,Abandonada,False,1
8063,925,73,4,1,7,15,False,Finalizada,True,4
8064,41,54,5,5,7,12,False,Finalizada,True,5
8065,227,51,2,3,7,14,False,Finalizada,False,5
8066,201,39,5,4,1,5,False,Finalizada,False,3
8067,1457,329,2,4,2,3,False,Finalizada,True,5
8068,1772,71,5,4,2,4,False,Finalizada,True,5
8069,1184,113,5,3,3,3,False,Finalizada,True,5
8070,704,48,4,5,1,6,False,Abandonada,False,1
8071,459,287,5,2,7,17,False,Finalizada,True,5
8072,1801,127,2,2,2,3,False,Finalizada,False,4
8073,1944,167,1,4,4,9,False,Finalizada,False,4
8074,393,142,5,2,3,3,False,Finalizada,True,5
8075,1242,23,4,4,3,5,False,Finalizada,True,5
8076,1701,144,1,3,5,5,False,Finalizada,False,3
8077,1799,68,3,4,3,4,False,Finalizada,True,5
8078,334,82,5,4,1,7,False,Finalizada,False,3
8079,549,337,5,3,6,4,False,Finalizada,True,5
8080,122,90,5,3,2,2,False,Finalizada,False,4
8081,380,75,1,4,2,4,False,Finalizada,True,4
8082,1973,219,5,5,1,5,False,Finalizada,True,5
8083,1146,289,2,2,7,14,False,Finalizada,False,4
8084,1452,324,1,2,7,13,True,Finalizada,False,2
8085,1908,305,5,4,3,5,False,Finalizada,False,3
8086,385,80,4,1,7,17,True,Abandonada,False,2
8087,1821,297,5,5,3,4,False,Finalizada,True,5
8088,452,276,1,3,7,10,False,Abandonada,False,2
8089,36,128,5,3,3,3,True,Finalizada,False,1
8090,1378,206,5,3,3,4,False,Finalizada,False,4
8091,227,304,5,2,3,5,False,Finalizada,True,5
8092,267,219,5,5,7,16,False,Finalizada,True,4
8093,406,47,3,2,1,8,False,Finalizada,False,3
8094,1148,25,4,5,5,5,False,Finalizada,True,5
8095,1485,164,1,4,3,5,False,Finalizada,True,5
8096,686,253,5,2,4,14,False,Finalizada,True,5
8097,852,234,5,5,1,5,True,Finalizada,True,2
8098,573,55,4,3,6,6,False,Abandonada,False,2
8099,318,219,1,2,3,5,False,Finalizada,True,5
8100,1190,233,5,2,1,7,False,Finalizada,False,5
8101,550,219,5,5,1,7,False,Finalizada,False,5
8102,1305,251,4,3,4,9,False,Finalizada,False,4
8103,464,317,1,2,6,4,False,Finalizada,False,3
8104,1956,176,1,3,2,4,False,Finalizada,False,4
8105,1380,351,4,1,6,5,False,Finalizada,True,4
8106,1462,324,5,2,6,4,True,Finalizada,False,2
8107,1455,295,1,2,6,6,False,Finalizada,False,3
8108,256,141,1,1,1,8,False,Abandonada,False,1
8109,832,115,5,3,6,6,False,Finalizada,False,3
8110,1501,90,5,2,3,4,False,Finalizada,False,3
8111,400,139,5,1,6,4,False,Finalizada,True,5
8112,635,120,4,2,7,10,False,Finalizada,True,5
8113,801,139,4,5,6,6,False,Finalizada,False,4
8114,813,66,5,2,2,3,False,Finalizada,False,3
8115,860,145,4,1,2,4,False,Abandonada,False,1
8116,1886,200,4,4,1,5,False,Finalizada,True,4
8117,507,117,5,1,4,14,False,Finalizada,True,5
8118,1338,356,4,2,4,8,False,Finalizada,False,3
8119,1084,229,1,2,5,4,False,Finalizada,False,3
8120,366,324,3,4,6,6,False,Finalizada,True,5
8121,1370,352,1,5,3,5,False,Abandonada,False,2
8122,1494,250,4,2,2,2,False,Finalizada,False,3
8123,58,136,2,1,2,3,False,Finalizada,False,4
8124,253,126,4,1,7,15,True,Finalizada,True,1
8125,947,300,5,4,2,3,False,Finalizada,False,4
8126,1016,79,1,5,6,6,False,Abandonada,False,1
8127,619,301,5,3,4,10,False,Finalizada,True,5
8128,1324,159,5,5,1,5,True,Finalizada,False,2
8129,1697,295,5,2,1,6,False,Finalizada,True,5
8130,570,14,2,4,6,6,False,Finalizada,False,3
8131,978,20,2,4,4,14,True,Finalizada,False,2
8132,1855,353,5,4,5,5,True,Finalizada,True,2
8133,1502,139,5,4,3,4,False,Abandonada,False,2
8134,453,242,1,5,2,2,False,Finalizada,True,5
8135,1961,167,4,5,7,13,False,Finalizada,True,5
8136,430,363,5,5,6,5,False,Abandonada,False,1
8137,1594,225,2,3,1,7,False,Finalizada,False,3
8138,1450,126,2,1,3,4,False,Finalizada,True,5
8139,1079,308,5,5,4,9,True,Abandonada,False,2
8140,828,281,4,3,4,9,False,Finalizada,True,5
8141,1288,192,4,2,3,3,False,Abandonada,False,2
8142,893,314,2,4,7,14,False,Finalizada,False,4
8143,59,33,5,3,5,4,False,Finalizada,True,5
8144,857,86,1,4,2,3,False,Finalizada,False,4
8145,637,315,2,5,4,9,False,Finalizada,False,3
8146,1530,26,4,2,3,3,False,Finalizada,False,4
8147,461,88,5,2,6,6,False,Finalizada,False,3
8148,300,334,4,5,7,14,False,Finalizada,True,5
8149,1747,217,5,4,3,5,False,Finalizada,False,4
8150,1475,240,4,2,3,4,False,Finalizada,True,5
8151,316,248,5,5,2,4,False,Finalizada,True,5
8152,1385,129,5,2,7,11,False,Abandonada,False,2
8153,698,191,5,3,7,11,False,Finalizada,True,4
8154,1573,33,5,1,5,4,False,Abandonada,False,2
8155,685,16,5,5,3,5,False,Abandonada,False,2
8156,1560,352,1,3,6,4,False,Finalizada,True,5
8157,1644,50,5,5,6,4,False,Abandonada,False,1
8158,739,36,5,2,2,2,False,Finalizada,True,5
8159,1136,5,4,5,7,17,False,Finalizada,True,5
8160,26,130,5,3,6,4,False,Finalizada,False,3
8161,1703,231,5,1,3,4,False,Finalizada,True,5
8162,1704,17,5,5,5,5,False,Finalizada,False,3
8163,759,286,4,5,4,14,True,Abandonada,False,2
8164,1337,100,4,2,5,4,False,Finalizada,False,4
8165,761,321,5,1,4,8,False,Finalizada,True,5
8166,718,108,4,5,7,15,False,Abandonada,False,1
8167,520,324,5,4,7,18,False,Finalizada,True,5
8168,1080,27,2,3,2,2,False,Finalizada,False,4
8169,1580,7,1,5,6,5,False,Finalizada,False,3
8170,719,46,1,4,6,6,False,Finalizada,True,5
8171,602,176,1,3,2,2,False,Finalizada,True,5
8172,69,14,1,1,4,15,False,Finalizada,False,3
8173,222,1,5,5,1,6,False,Finalizada,False,4
8174,1332,118,5,2,4,14,False,Finalizada,False,4
8175,575,331,5,1,3,5,False,Finalizada,False,3
8176,83,281,5,2,7,16,False,Abandonada,False,1
8177,1178,73,5,3,1,6,False,Abandonada,False,1
8178,1654,22,5,2,2,3,False,Abandonada,False,1
8179,1080,356,5,3,5,6,False,Finalizada,True,5
8180,440,272,5,2,6,6,False,Finalizada,True,4
8181,1951,126,3,3,6,4,False,Finalizada,True,5
8182,469,154,5,4,6,6,False,Finalizada,True,5
8183,927,227,4,1,4,8,False,Finalizada,True,5
8184,422,327,5,2,1,6,False,Finalizada,False,3
8185,834,252,5,1,7,16,True,Finalizada,True,2
8186,277,51,5,5,5,4,False,Finalizada,False,4
8187,1287,20,5,3,4,14,False,Finalizada,True,5
8188,1822,135,4,4,3,3,False,Finalizada,False,5
8189,10,345,5,2,6,6,False,Finalizada,False,4
8190,1084,265,5,3,3,5,False,Finalizada,False,3
8191,381,357,5,4,2,2,False,Abandonada,False,1
8192,569,82,4,5,2,2,False,Finalizada,False,4
8193,182,351,4,4,5,4,False,Finalizada,True,5
8194,1060,347,1,2,1,7,False,Finalizada,False,4
8195,641,65,1,5,2,4,False,Finalizada,True,4
8196,1843,13,5,4,3,3,False,Abandonada,False,1
8197,803,95,4,4,4,14,False,Abandonada,False,1
8198,1893,141,1,5,5,6,False,Abandonada,False,2
8199,1362,169,4,3,2,4,False,Finalizada,False,3
8200,1013,329,3,1,3,5,False,Finalizada,False,5
8201,1053,268,1,1,6,4,False,Abandonada,False,1
8202,1418,363,4,2,4,8,False,Finalizada,False,4
8203,1588,36,1,4,6,6,False,Finalizada,False,4
8204,402,317,2,2,1,5,False,Finalizada,False,3
8205,947,291,4,1,7,13,False,Finalizada,True,5
8206,768,326,4,3,1,8,False,Abandonada,False,1
8207,378,125,4,2,3,5,False,Abandonada,False,2
8208,31,218,4,1,7,12,False,Finalizada,False,3
8209,803,98,4,1,3,4,False,Finalizada,True,5
8210,534,177,1,4,4,15,True,Finalizada,True,3
8211,967,227,5,3,5,5,False,Finalizada,False,4
8212,771,136,5,3,5,4,False,Finalizada,False,3
8213,91,240,5,2,5,5,False,Finalizada,True,4
8214,471,45,5,2,2,4,False,Abandonada,False,1
8215,497,257,3,2,5,4,True,Finalizada,False,2
8216,1470,134,1,1,1,8,False,Finalizada,False,4
8217,1496,320,5,3,3,5,False,Abandonada,False,1
8218,913,318,5,3,2,2,False,Abandonada,False,1
8219,308,312,1,5,4,11,False,Finalizada,False,3
8220,1278,24,5,3,5,7,False,Finalizada,False,3
8221,741,139,5,3,3,3,False,Finalizada,False,3
8222,1699,77,4,1,1,5,False,Finalizada,False,3
8223,1604,333,5,1,7,15,True,Finalizada,False,1
8224,1869,322,2,2,4,11,False,Finalizada,False,3
8225,421,364,2,5,2,4,False,Finalizada,False,4
8226,1798,240,1,5,2,3,False,Finalizada,False,5
8227,615,141,1,4,1,7,False,Finalizada,False,3
8228,1788,219,5,1,1,7,False,Finalizada,True,5
8229,118,136,5,3,3,4,False,Abandonada,False,2
8230,346,156,5,1,7,15,False,Abandonada,False,1
8231,1470,179,5,5,2,4,True,Finalizada,False,2
8232,316,273,5,4,1,6,False,Finalizada,True,5
8233,137,319,5,2,4,8,False,Abandonada,False,1
8234,472,131,5,4,4,11,False,Finalizada,False,4
8235,1323,262,5,5,1,6,False,Abandonada,False,1
8236,123,131,1,1,6,5,False,Finalizada,False,5
8237,248,237,1,3,1,6,False,Finalizada,False,4
8238,790,297,1,3,6,4,False,Finalizada,False,3
8239,1115,21,5,2,1,5,False,Finalizada,True,5
8240,1720,316,4,3,7,13,False,Finalizada,True,4
8241,826,58,2,2,3,5,False,Finalizada,True,5
8242,323,206,5,4,5,4,True,Abandonada,False,1
8243,738,184,5,4,2,4,False,Finalizada,False,3
8244,1121,83,1,3,2,3,False,Finalizada,True,5
8245,159,168,5,2,5,6,False,Finalizada,False,3
8246,1150,21,5,3,6,6,False,Finalizada,False,4
8247,1235,248,5,5,3,4,False,Finalizada,False,4
8248,1537,218,5,3,2,3,False,Finalizada,True,5
8249,1479,209,4,3,3,3,False,Finalizada,False,4
8250,943,176,1,2,1,5,False,Finalizada,False,3
8251,984,291,5,5,3,4,False,Finalizada,True,4
8252,104,150,5,5,2,4,False,Finalizada,True,5
8253,374,20,5,1,1,7,False,Finalizada,True,4
8254,956,144,5,2,4,14,False,Abandonada,False,2
8255,1187,71,2,5,6,6,False,Finalizada,False,3
8256,195,83,4,3,7,11,False,Finalizada,True,5
8257,924,288,3,4,3,3,False,Finalizada,False,5
8258,482,158,5,1,4,12,False,Finalizada,True,5
8259,316,237,4,1,7,10,False,Finalizada,True,5
8260,1424,191,5,4,1,5,False,Finalizada,False,5
8261,1287,289,5,3,2,2,False,Finalizada,True,4
8262,1198,305,5,5,1,6,False,Finalizada,True,5
8263,707,155,4,5,5,7,False,Finalizada,False,4
8264,1331,302,5,5,4,14,False,Finalizada,False,3
8265,1043,306,5,1,2,2,False,Finalizada,False,5
8266,671,72,1,4,7,17,True,Finalizada,False,2
8267,1774,64,5,1,7,16,False,Finalizada,False,4
8268,1386,104,1,1,3,3,False,Abandonada,False,1
8269,768,61,1,2,1,6,False,Finalizada,False,4
8270,142,85,4,2,6,4,True,Finalizada,False,2
8271,228,103,2,5,6,4,False,Abandonada,False,1
8272,1440,239,5,5,3,5,False,Finalizada,False,5
8273,541,115,5,5,2,2,False,Finalizada,True,4
8274,1368,105,5,4,3,3,False,Abandonada,False,2
8275,1347,335,5,4,6,5,False,Finalizada,False,4
8276,1279,363,4,3,2,2,True,Finalizada,True,2
8277,1141,141,1,2,3,4,False,Finalizada,False,4
8278,1241,128,5,3,7,18,False,Finalizada,False,4
8279,1177,361,1,2,2,4,True,Finalizada,False,3
8280,1386,348,5,2,2,4,False,Finalizada,True,5
8281,932,43,4,3,2,2,False,Finalizada,False,5
8282,746,59,5,4,7,15,False,Finalizada,True,4
8283,1483,269,5,2,2,4,False,Finalizada,True,5
8284,284,104,5,2,7,14,False,Finalizada,True,5
8285,230,286,4,1,2,2,False,Finalizada,True,5
8286,1565,19,5,5,2,2,False,Finalizada,True,5
8287,820,30,4,5,5,6,False,Finalizada,False,5
8288,39,169,4,4,1,5,False,Finalizada,False,3
8289,471,232,2,3,2,2,False,Finalizada,True,4
8290,1210,333,5,1,5,7,True,Finalizada,True,2
8291,918,331,5,4,6,5,False,Finalizada,True,5
8292,471,235,1,3,6,5,False,Finalizada,False,3
8293,521,262,1,4,2,2,False,Finalizada,False,3
8294,1490,225,4,1,4,11,False,Finalizada,True,5
8295,435,158,5,3,1,8,False,Finalizada,False,3
8296,949,123,4,1,6,5,False,Finalizada,True,5
8297,461,190,1,4,6,4,False,Finalizada,False,5
8298,1646,307,5,2,7,10,False,Finalizada,True,5
8299,1819,213,5,2,6,4,False,Abandonada,False,1
8300,1693,192,5,1,4,11,False,Finalizada,False,4
8301,1634,330,5,5,7,17,False,Abandonada,False,1
8302,394,88,4,4,2,4,False,Finalizada,False,3
8303,1726,14,2,1,7,10,False,Finalizada,True,4
8304,1239,25,1,2,2,2,False,Finalizada,True,5
8305,1978,155,5,1,4,12,True,Finalizada,False,1
8306,600,138,4,1,2,4,False,Finalizada,True,5
8307,1679,273,1,3,4,11,False,Finalizada,False,3
8308,918,214,5,4,7,16,True,Finalizada,True,3
8309,610,7,1,4,7,10,False,Finalizada,True,5
8310,421,310,2,2,3,4,False,Finalizada,True,5
8311,1170,73,2,2,2,4,False,Finalizada,False,5
8312,1599,317,5,5,3,4,False,Finalizada,False,4
8313,362,37,5,5,2,4,True,Finalizada,False,2
8314,1587,42,4,2,3,4,False,Finalizada,False,3
8315,548,101,5,3,5,7,False,Finalizada,True,4
8316,1339,47,2,4,5,5,False,Finalizada,True,5
8317,341,305,5,1,1,8,False,Finalizada,False,3
8318,1604,331,1,4,5,5,False,Finalizada,False,4
8319,380,41,3,2,1,6,False,Finalizada,False,3
8320,1698,10,5,2,6,5,False,Finalizada,False,4
8321,1663,114,4,4,4,12,True,Finalizada,True,2
8322,1119,143,5,3,5,6,False,Finalizada,False,4
8323,654,232,2,3,4,14,False,Finalizada,False,3
8324,231,177,4,3,5,7,False,Abandonada,False,1
8325,815,141,5,2,4,14,True,Finalizada,True,1
8326,1839,289,5,2,3,3,False,Finalizada,True,4
8327,1922,208,4,1,4,14,False,Finalizada,False,4
8328,1201,90,1,2,2,4,False,Abandonada,False,2
8329,432,203,5,3,5,7,False,Finalizada,True,4
8330,1530,239,1,5,1,7,False,Abandonada,False,2
8331,1090,133,5,4,4,8,False,Finalizada,True,5
8332,812,191,5,4,5,6,False,Finalizada,True,5
8333,1166,219,2,3,1,5,False,Finalizada,False,4
8334,174,56,1,4,7,15,False,Finalizada,True,5
8335,1713,246,1,3,5,4,False,Finalizada,True,5
8336,1215,238,5,2,3,5,False,Finalizada,False,4
8337,851,175,1,1,1,5,False,Finalizada,True,5
8338,1522,141,5,4,1,8,False,Finalizada,True,5
8339,564,212,5,3,1,7,False,Finalizada,True,5
8340,609,103,5,2,6,6,False,Finalizada,False,4
8341,337,242,5,2,6,5,False,Finalizada,False,4
8342,995,257,5,1,5,4,False,Finalizada,True,5
8343,948,344,3,1,2,4,False,Abandonada,False,2
8344,595,145,2,2,4,15,False,Finalizada,False,3
8345,311,6,3,1,3,3,False,Finalizada,False,5
8346,45,233,5,5,6,5,False,Finalizada,False,5
8347,1441,99,5,3,7,18,True,Finalizada,True,1
8348,177,90,1,3,2,3,False,Finalizada,True,5
8349,1888,199,4,4,3,5,False,Finalizada,True,5
8350,895,108,5,1,7,16,False,Finalizada,True,5
8351,1929,260,5,2,4,10,False,Finalizada,False,3
8352,1471,135,5,2,1,7,False,Finalizada,True,5
8353,1442,341,2,5,4,8,False,Abandonada,False,1
8354,950,188,3,1,5,5,False,Finalizada,False,5
8355,1814,282,4,2,6,5,False,Finalizada,True,5
8356,626,341,4,5,1,6,False,Finalizada,False,4
8357,276,343,2,5,7,13,True,Finalizada,True,3
8358,1334,71,4,2,6,4,False,Abandonada,False,1
8359,604,285,5,1,1,6,False,Finalizada,False,3
8360,252,140,4,4,7,15,False,Finalizada,True,5
8361,130,304,5,1,5,6,False,Abandonada,False,1
8362,1500,76,2,4,6,4,False,Finalizada,True,5
8363,289,92,1,3,7,15,False,Finalizada,False,3
8364,1423,112,5,1,6,5,False,Finalizada,True,5
8365,1932,116,2,2,2,3,True,Finalizada,False,3
8366,1534,212,1,5,7,12,True,Finalizada,False,1
8367,1565,267,5,2,6,6,False,Finalizada,True,5
8368,438,284,2,5,6,6,False,Finalizada,False,4
8369,453,271,1,3,6,5,False,Finalizada,False,3
8370,1239,252,5,2,2,2,True,Finalizada,True,2
8371,899,322,4,4,1,5,False,Finalizada,False,4
8372,1067,52,5,4,5,4,False,Finalizada,False,3
8373,253,293,5,2,3,3,False,Finalizada,True,5
8374,384,55,5,2,3,4,False,Finalizada,True,5
8375,1266,113,4,2,3,3,False,Finalizada,True,5
8376,418,122,1,1,6,5,False,Finalizada,False,4
8377,689,255,5,4,6,4,False,Finalizada,False,4
8378,338,102,1,4,6,4,False,Finalizada,False,3
8379,444,115,4,5,7,11,False,Finalizada,False,5
8380,866,274,4,2,7,17,False,Finalizada,False,5
8381,39,298,4,2,3,4,False,Abandonada,False,1
8382,1553,322,4,5,4,15,False,Abandonada,False,2
8383,515,231,4,1,5,5,False,Finalizada,True,4
8384,1939,42,5,1,2,4,False,Finalizada,False,3
8385,1220,201,4,1,2,3,False,Finalizada,False,5
8386,342,313,5,2,3,4,False,Finalizada,False,4
8387,286,69,5,4,6,4,False,Finalizada,False,3
8388,11,126,5,4,1,7,False,Finalizada,False,3
8389,494,311,5,4,3,3,False,Finalizada,True,4
8390,506,100,4,5,4,12,False,Finalizada,True,4
8391,684,206,4,4,2,3,False,Finalizada,True,4
8392,1003,94,4,3,3,5,False,Finalizada,False,4
8393,1197,296,5,2,4,8,False,Finalizada,False,4
8394,427,158,5,5,3,3,False,Finalizada,False,3
8395,1658,62,4,3,7,12,True,Finalizada,False,1
8396,519,190,4,3,5,6,False,Finalizada,True,4
8397,1657,89,2,2,4,14,True,Finalizada,True,1
8398,586,47,1,3,7,17,True,Finalizada,False,2
8399,717,353,5,4,3,5,False,Finalizada,False,4
8400,796,260,5,2,2,3,True,Abandonada,False,1
8401,142,8,5,5,2,2,False,Finalizada,True,5
8402,700,331,2,1,5,6,True,Finalizada,False,1
8403,700,85,4,1,3,4,False,Finalizada,True,4
8404,890,21,4,2,1,6,False,Finalizada,False,3
8405,1968,233,5,4,5,4,False,Finalizada,False,4
8406,1448,88,2,2,7,10,False,Abandonada,False,2
8407,412,252,1,2,4,15,False,Abandonada,False,1
8408,1841,320,5,5,6,4,False,Finalizada,False,3
8409,1074,236,2,5,7,18,False,Finalizada,False,3
8410,916,310,4,3,4,12,True,Abandonada,False,1
8411,1847,304,2,1,5,6,False,Finalizada,False,4
8412,65,303,1,1,2,3,False,Finalizada,False,3
8413,943,136,4,3,5,4,False,Finalizada,True,5
8414,951,73,5,4,4,14,True,Finalizada,True,2
8415,317,299,5,5,6,5,False,Finalizada,False,4
8416,1540,99,2,2,5,7,False,Abandonada,False,1
8417,836,73,5,2,6,4,False,Finalizada,False,5
8418,695,317,1,5,5,5,False,Finalizada,True,5
8419,776,78,4,4,3,4,False,Finalizada,True,5
8420,1407,152,5,2,3,5,False,Finalizada,True,5
8421,1992,27,4,4,4,15,False,Finalizada,True,4
8422,1952,49,5,3,1,7,False,Finalizada,True,4
8423,1032,318,4,4,5,4,False,Finalizada,False,4
8424,1999,212,1,3,3,4,False,Abandonada,False,1
8425,1813,154,5,4,4,14,True,Finalizada,False,3
8426,1148,117,1,1,5,7,False,Finalizada,False,3
8427,1246,73,2,2,1,6,False,Finalizada,False,4
8428,1256,26,5,5,1,5,False,Finalizada,True,5
8429,507,214,5,2,3,4,False,Finalizada,False,4
8430,311,325,4,3,4,15,False,Finalizada,False,3
8431,477,259,5,4,3,4,False,Abandonada,False,1
8432,708,231,4,1,7,18,True,Finalizada,True,2
8433,129,135,5,4,1,6,False,Finalizada,False,4
8434,830,34,4,2,7,14,False,Finalizada,True,4
8435,1450,247,5,5,5,4,False,Finalizada,True,5
8436,1981,9,5,3,6,6,False,Finalizada,True,5
8437,113,290,4,1,5,6,False,Finalizada,False,3
8438,1852,167,2,1,3,4,False,Finalizada,False,4
8439,576,156,2,2,4,14,False,Abandonada,False,1
8440,1218,347,5,4,3,5,False,Finalizada,False,3
8441,834,60,5,4,7,15,True,Finalizada,True,2
8442,1863,323,3,2,7,14,True,Finalizada,False,3
8443,1349,102,1,5,7,16,False,Finalizada,True,5
8444,427,336,4,2,1,7,False,Finalizada,False,4
8445,616,77,1,1,6,6,False,Finalizada,True,4
8446,527,168,5,5,2,3,True,Finalizada,True,2
8447,1387,61,5,2,7,11,True,Finalizada,False,2
8448,523,352,5,5,4,11,False,Finalizada,True,5
8449,1091,54,4,2,5,7,False,Abandonada,False,2
8450,315,257,2,4,4,12,False,Finalizada,False,4
8451,359,21,1,5,2,4,False,Finalizada,False,5
8452,108,146,4,3,3,3,False,Finalizada,True,4
8453,626,300,5,3,7,15,False,Finalizada,True,5
8454,1515,353,1,2,2,2,False,Finalizada,False,4
8455,788,356,4,1,5,5,False,Finalizada,False,3
8456,322,349,2,3,2,3,False,Finalizada,False,3
8457,1678,234,3,2,5,7,False,Finalizada,False,4
8458,1360,39,5,2,1,7,False,Abandonada,False,1
8459,219,154,4,2,5,7,False,Finalizada,False,3
8460,1870,329,5,5,5,4,False,Abandonada,False,2
8461,375,181,1,1,7,11,False,Finalizada,False,5
8462,113,156,4,3,7,11,False,Abandonada,False,2
8463,1562,301,5,5,1,7,False,Finalizada,False,5
8464,1649,278,5,5,2,2,False,Finalizada,False,4
8465,1501,334,1,1,3,5,False,Finalizada,True,5
8466,1806,102,5,2,2,4,False,Finalizada,True,5
8467,1762,78,5,3,5,7,False,Finalizada,True,5
8468,1351,308,5,5,7,10,False,Finalizada,True,5
8469,1400,102,5,3,6,4,False,Finalizada,False,4
8470,16,121,2,5,1,6,False,Finalizada,True,4
8471,916,96,5,4,7,15,False,Finalizada,False,4
8472,511,257,5,5,1,6,False,Abandonada,False,1
8473,1533,350,5,3,3,5,False,Finalizada,True,5
8474,894,354,5,3,5,6,False,Finalizada,False,4
8475,1875,54,5,4,2,2,False,Finalizada,False,3
8476,634,352,4,1,5,5,False,Finalizada,False,4
8477,839,180,5,4,2,3,False,Finalizada,True,5
8478,317,106,1,5,1,8,False,Finalizada,False,4
8479,252,9,5,4,4,9,False,Finalizada,True,5
8480,398,364,1,1,4,12,True,Finalizada,False,2
8481,1054,172,4,1,1,7,False,Finalizada,True,5
8482,611,184,4,3,5,4,True,Finalizada,False,2
8483,1544,275,4,2,7,12,False,Finalizada,False,3
8484,856,167,2,3,6,6,False,Finalizada,False,4
8485,1178,104,2,4,3,3,False,Finalizada,True,5
8486,1870,255,1,4,6,4,False,Abandonada,False,2
8487,1067,227,5,4,7,10,False,Abandonada,False,1
8488,91,170,4,4,3,3,False,Abandonada,False,2
8489,891,285,4,3,4,15,False,Finalizada,True,5
8490,1345,69,2,4,1,6,True,Abandonada,False,2
8491,907,255,3,4,6,5,False,Finalizada,False,5
8492,1273,270,5,2,6,5,False,Abandonada,False,1
8493,1852,291,5,2,3,3,False,Abandonada,False,2
8494,710,229,4,5,7,13,False,Finalizada,False,4
8495,1589,234,5,1,4,11,False,Finalizada,False,4
8496,43,346,5,3,3,5,False,Finalizada,True,5
8497,773,2,5,5,2,4,False,Finalizada,False,5
8498,415,262,5,5,1,5,False,Finalizada,True,5
8499,1985,61,4,2,7,12,False,Abandonada,False,1
8500,1628,212,1,3,1,5,False,Finalizada,True,5
8501,171,285,3,4,7,10,False,Abandonada,False,2
8502,1968,330,5,5,6,4,False,Finalizada,False,4
8503,1890,31,1,2,7,10,True,Abandonada,False,1
8504,1668,82,5,2,4,11,False,Finalizada,True,5
8505,954,211,4,4,6,5,True,Finalizada,True,3
8506,673,245,5,5,4,12,True,Finalizada,True,3
8507,354,124,1,3,2,4,False,Finalizada,True,5
8508,1233,257,5,5,3,5,False,Finalizada,False,4
8509,1928,210,4,2,4,15,False,Abandonada,False,1
8510,259,58,5,3,6,4,False,Finalizada,True,5
8511,776,237,5,2,5,6,False,Finalizada,True,5
8512,968,60,1,2,3,3,False,Finalizada,True,5
8513,201,266,1,4,7,16,False,Finalizada,True,4
8514,494,152,4,3,2,3,False,Finalizada,False,4
8515,152,224,2,5,6,5,False,Abandonada,False,1
8516,207,215,4,4,4,13,False,Finalizada,False,4
8517,907,264,2,2,2,2,False,Abandonada,False,2
8518,251,333,4,2,3,3,False,Abandonada,False,1
8519,1284,265,5,1,6,6,False,Finalizada,True,4
8520,512,150,3,3,6,5,False,Finalizada,False,4
8521,5,193,1,1,6,6,False,Finalizada,False,3
8522,1749,251,5,1,5,6,False,Finalizada,False,4
8523,605,12,1,5,2,2,False,Finalizada,True,5
8524,266,30,5,4,3,3,False,Finalizada,False,3
8525,1164,295,1,5,1,7,False,Finalizada,False,3
8526,1226,234,5,1,7,18,True,Abandonada,False,2
8527,129,120,4,3,3,4,False,Abandonada,False,1
8528,1200,31,4,4,7,11,False,Finalizada,False,3
8529,313,289,4,3,7,16,False,Finalizada,False,4
8530,657,353,1,2,1,8,False,Finalizada,False,4
8531,1969,60,3,5,3,4,False,Finalizada,False,3
8532,693,78,5,3,7,15,False,Finalizada,True,5
8533,1537,247,3,1,1,6,False,Finalizada,True,5
8534,1959,45,5,5,4,12,False,Finalizada,True,4
8535,1006,279,2,5,1,5,False,Abandonada,False,1
8536,1170,311,2,1,4,11,False,Finalizada,False,4
8537,411,219,5,4,6,5,False,Abandonada,False,2
8538,1731,4,4,1,7,10,False,Abandonada,False,1
8539,868,224,2,1,5,6,False,Abandonada,False,1
8540,252,351,2,5,3,4,False,Abandonada,False,1
8541,841,223,5,4,6,4,True,Finalizada,True,2
8542,1495,191,5,3,6,4,False,Finalizada,False,3
8543,1148,346,1,2,4,11,False,Finalizada,False,3
8544,991,290,4,2,2,2,False,Abandonada,False,1
8545,324,69,5,2,1,8,False,Abandonada,False,1
8546,77,267,4,5,7,11,False,Abandonada,False,1
8547,738,42,2,5,7,17,True,Finalizada,True,1
8548,1688,100,4,3,3,4,False,Finalizada,False,4
8549,1242,231,4,5,6,6,True,Finalizada,True,2
8550,1917,243,5,5,7,10,False,Abandonada,False,1
8551,1184,15,2,3,7,11,True,Finalizada,True,2
8552,364,147,2,5,3,4,True,Finalizada,False,2
8553,258,14,1,5,5,7,False,Finalizada,True,5
8554,236,212,1,2,5,6,False,Finalizada,False,4
8555,174,327,5,4,6,6,False,Finalizada,False,4
8556,1108,293,2,4,2,3,False,Finalizada,False,4
8557,1439,274,1,2,1,7,False,Abandonada,False,1
8558,1089,14,5,5,5,4,False,Abandonada,False,1
8559,412,315,5,5,6,5,True,Finalizada,True,1
8560,309,145,5,2,5,6,False,Finalizada,False,4
8561,1267,316,1,3,2,3,False,Finalizada,False,3
8562,639,123,4,4,5,7,False,Finalizada,False,4
8563,1347,233,1,4,7,13,False,Finalizada,False,3
8564,315,319,5,1,2,2,False,Finalizada,False,3
8565,1970,166,1,1,3,4,False,Finalizada,False,4
8566,1397,150,4,4,2,2,False,Finalizada,False,3
8567,1561,276,5,3,4,12,False,Abandonada,False,2
8568,172,113,4,3,2,4,False,Finalizada,True,5
8569,1399,363,2,4,6,4,False,Finalizada,False,3
8570,158,284,4,1,6,6,False,Finalizada,True,4
8571,1600,321,1,3,5,4,True,Abandonada,False,2
8572,1169,333,4,4,5,5,False,Finalizada,True,5
8573,750,319,2,5,1,5,False,Finalizada,False,4
8574,903,104,5,5,3,5,False,Abandonada,False,1
8575,1704,128,5,1,1,6,False,Finalizada,True,5
8576,567,54,5,5,7,15,False,Finalizada,False,5
8577,1426,45,1,3,7,11,False,Abandonada,False,1
8578,869,137,5,1,4,12,True,Finalizada,False,2
8579,468,276,4,4,7,16,False,Abandonada,False,1
8580,663,6,5,1,3,4,False,Abandonada,False,2
8581,682,113,5,1,2,2,False,Finalizada,False,4
8582,1441,140,5,1,2,4,False,Finalizada,False,5
8583,1695,273,5,2,3,3,False,Finalizada,True,5
8584,315,325,4,3,4,10,False,Finalizada,False,5
8585,1203,242,5,4,7,10,False,Abandonada,False,2
8586,1242,224,1,2,7,11,True,Finalizada,True,2
8587,847,228,1,2,5,5,False,Finalizada,False,4
8588,653,252,1,1,7,14,True,Abandonada,False,2
8589,604,46,5,3,1,7,False,Finalizada,False,3
8590,328,241,5,5,6,5,False,Finalizada,True,4
8591,1714,275,5,5,1,7,False,Finalizada,True,5
8592,662,274,5,4,4,14,False,Finalizada,False,5
8593,1776,238,4,3,1,5,False,Finalizada,True,5
8594,405,84,2,4,3,3,False,Finalizada,True,5
8595,1765,6,1,5,5,4,False,Finalizada,False,4
8596,1862,339,4,5,2,3,False,Abandonada,False,1
8597,1656,245,2,1,5,5,False,Finalizada,True,5
8598,1532,6,1,3,7,15,True,Finalizada,False,3
8599,1864,326,5,4,4,14,False,Finalizada,False,3
8600,1168,124,4,3,7,10,True,Finalizada,False,2
8601,783,331,5,4,6,4,False,Finalizada,True,5
8602,778,316,5,3,7,12,False,Finalizada,False,5
8603,1915,303,4,5,2,3,False,Finalizada,False,4
8604,1124,307,5,3,3,5,False,Finalizada,True,4
8605,889,1,1,5,4,10,False,Finalizada,False,3
8606,1261,179,5,1,2,2,False,Finalizada,False,4
8607,1264,109,5,3,6,5,False,Finalizada,False,5
8608,851,246,4,2,7,16,False,Finalizada,True,5
8609,1200,43,4,4,3,4,False,Finalizada,False,4
8610,262,50,5,3,6,6,False,Abandonada,False,2
8611,510,138,5,3,3,5,False,Finalizada,False,4
8612,1112,87,5,5,6,5,False,Finalizada,False,4
8613,368,24,5,3,4,15,False,Finalizada,False,3
8614,476,87,5,4,2,3,False,Abandonada,False,2
8615,1605,240,2,2,7,14,True,Finalizada,False,2
8616,1784,160,5,3,3,3,False,Finalizada,False,4
8617,880,227,5,5,5,7,False,Finalizada,False,5
8618,1781,289,5,4,6,6,False,Abandonada,False,1
8619,1878,215,5,2,6,6,False,Finalizada,False,5
8620,1430,360,5,5,2,4,False,Finalizada,False,3
8621,640,69,5,5,1,7,False,Finalizada,True,5
8622,1944,100,5,4,2,4,False,Abandonada,False,1
8623,1356,94,5,2,4,13,False,Finalizada,True,5
8624,452,353,4,2,1,7,False,Abandonada,False,1
8625,1536,181,4,1,7,17,False,Abandonada,False,2
8626,1421,37,5,2,6,4,False,Finalizada,False,3
8627,681,160,5,3,7,16,True,Finalizada,True,2
8628,290,307,4,5,5,7,False,Finalizada,True,5
8629,827,102,4,4,2,2,False,Finalizada,False,3
8630,1689,285,2,2,1,7,False,Finalizada,False,5
8631,1877,40,5,5,3,4,False,Finalizada,True,5
8632,841,258,5,1,5,5,False,Finalizada,True,5
8633,1310,2,5,5,5,4,False,Finalizada,True,5
8634,1095,94,1,3,5,4,False,Finalizada,False,3
8635,162,166,5,1,6,5,False,Finalizada,True,5
8636,1360,239,5,5,1,7,False,Finalizada,False,3
8637,1375,67,5,3,5,4,False,Finalizada,False,4
8638,1654,165,4,5,3,5,False,Abandonada,False,1
8639,1471,47,3,3,5,4,False,Finalizada,False,3
8640,122,106,5,5,2,2,False,Finalizada,False,5
8641,1969,286,4,2,6,6,False,Finalizada,True,5
8642,1553,110,5,3,3,4,False,Finalizada,True,5
8643,986,271,2,1,2,3,False,Finalizada,False,5
8644,91,347,5,4,5,5,True,Finalizada,True,2
8645,1560,47,5,4,3,5,False,Finalizada,True,4
8646,947,339,4,4,7,10,False,Finalizada,True,5
8647,1443,342,5,2,2,2,False,Finalizada,False,3
8648,97,339,5,1,5,5,False,Finalizada,False,4
8649,458,244,1,5,4,12,True,Finalizada,False,3
8650,904,88,4,4,6,5,False,Finalizada,False,4
8651,713,134,5,3,6,5,False,Finalizada,False,3
8652,1476,173,5,3,1,6,False,Finalizada,True,5
8653,422,266,5,1,3,3,False,Finalizada,False,3
8654,1429,287,1,5,7,15,False,Finalizada,False,4
8655,769,266,1,4,2,2,False,Finalizada,False,4
8656,544,178,1,3,7,14,False,Finalizada,False,3
8657,1191,149,2,4,1,5,False,Finalizada,True,5
8658,914,145,4,1,5,7,False,Abandonada,False,1
8659,1276,273,5,5,4,11,False,Finalizada,True,4
8660,191,338,2,4,7,12,False,Finalizada,False,3
8661,1021,283,1,3,3,5,False,Abandonada,False,2
8662,1958,362,3,5,6,5,False,Finalizada,False,5
8663,1269,110,4,5,1,7,False,Finalizada,True,5
8664,873,276,4,5,1,7,False,Finalizada,False,4
8665,1499,353,4,5,6,4,False,Finalizada,True,5
8666,461,163,5,2,1,8,False,Finalizada,False,4
8667,1493,204,2,1,4,13,False,Finalizada,False,4
8668,1114,155,5,3,3,5,False,Finalizada,True,5
8669,162,284,1,2,5,6,False,Finalizada,False,4
8670,63,284,4,4,3,3,False,Finalizada,False,5
8671,1509,268,1,1,5,4,False,Finalizada,False,4
8672,295,113,5,2,6,5,False,Abandonada,False,1
8673,230,179,1,3,5,4,False,Finalizada,False,3
8674,1008,244,1,5,3,3,False,Finalizada,True,5
8675,1258,362,1,5,5,7,False,Finalizada,True,5
8676,1380,333,5,1,6,4,False,Finalizada,False,3
8677,444,206,1,2,7,11,False,Finalizada,False,5
8678,137,222,4,3,5,5,False,Finalizada,True,5
8679,1006,115,4,2,3,5,False,Finalizada,False,5
8680,1353,191,5,5,6,6,False,Finalizada,True,5
8681,1610,89,1,3,4,14,False,Abandonada,False,1
8682,1852,63,5,5,3,3,False,Finalizada,False,5
8683,527,247,4,5,2,3,False,Finalizada,False,5
8684,724,311,1,2,6,5,False,Finalizada,False,4
8685,105,270,1,2,5,5,False,Finalizada,False,3
8686,949,300,5,4,4,13,True,Finalizada,True,1
8687,1180,15,2,5,6,5,False,Finalizada,False,3
8688,278,7,1,2,5,5,False,Finalizada,False,4
8689,760,300,4,4,3,3,False,Finalizada,True,4
8690,1790,95,5,4,3,5,False,Finalizada,True,5
8691,743,11,5,3,2,3,False,Finalizada,False,4
8692,67,264,5,1,5,5,False,Finalizada,True,5
8693,1513,12,2,2,5,4,False,Finalizada,False,4
8694,107,147,2,2,4,11,False,Finalizada,False,5
8695,444,341,5,5,6,4,False,Finalizada,True,5
8696,739,189,5,2,6,5,False,Finalizada,True,5
8697,508,286,4,4,5,6,False,Finalizada,True,5
8698,575,184,5,1,6,6,False,Finalizada,False,3
8699,1282,354,2,1,4,11,False,Abandonada,False,1
8700,1731,148,1,2,3,3,False,Finalizada,False,4
8701,1705,58,4,1,2,4,False,Finalizada,False,3
8702,1000,21,2,1,4,13,True,Finalizada,False,1
8703,1833,296,2,5,6,5,False,Finalizada,False,4
8704,1747,74,3,4,7,14,False,Abandonada,False,1
8705,398,318,4,1,7,12,True,Abandonada,False,2
8706,1857,37,5,3,7,17,False,Abandonada,False,1
8707,118,61,2,4,6,6,False,Finalizada,True,4
8708,1033,75,1,4,5,7,True,Abandonada,False,2
8709,835,290,5,4,5,7,False,Abandonada,False,1
8710,436,275,2,3,5,6,False,Finalizada,False,3
8711,1007,120,5,3,2,3,False,Abandonada,False,2
8712,76,97,5,1,6,4,False,Finalizada,True,5
8713,1133,326,5,4,7,16,False,Finalizada,True,5
8714,1508,102,5,5,2,2,False,Finalizada,True,5
8715,1697,48,5,2,4,14,False,Abandonada,False,1
8716,1342,85,2,4,3,5,False,Finalizada,False,4
8717,260,26,5,2,5,7,False,Finalizada,False,3
8718,68,266,4,5,6,4,False,Abandonada,False,1
8719,105,88,4,4,6,4,False,Finalizada,False,4
8720,1629,245,3,1,2,3,False,Finalizada,True,4
8721,1973,254,2,5,1,8,False,Finalizada,False,4
8722,736,200,5,5,2,2,False,Finalizada,False,4
8723,379,52,5,4,3,5,False,Finalizada,False,4
8724,43,304,2,1,5,6,False,Finalizada,False,3
8725,1015,298,2,4,7,18,False,Finalizada,False,3
8726,1694,254,4,3,5,7,True,Finalizada,True,2
8727,1130,347,5,3,2,3,False,Finalizada,True,5
8728,851,180,1,2,6,5,False,Abandonada,False,1
8729,863,176,5,3,4,10,True,Finalizada,True,2
8730,1745,343,1,3,3,3,False,Abandonada,False,1
8731,869,97,1,3,1,6,False,Finalizada,False,3
8732,617,266,5,1,5,4,False,Finalizada,True,4
8733,378,134,5,3,6,4,False,Abandonada,False,1
8734,1297,8,2,1,1,7,False,Finalizada,False,4
8735,851,286,5,4,3,5,False,Finalizada,True,5
8736,482,258,5,1,4,13,False,Finalizada,True,5
8737,484,109,1,1,5,7,False,Finalizada,True,5
8738,1586,77,5,1,6,5,False,Finalizada,False,4
8739,1528,163,5,1,5,5,True,Finalizada,False,1
8740,528,215,4,1,6,5,False,Finalizada,False,3
8741,162,154,1,3,5,4,False,Finalizada,False,3
8742,196,361,4,1,3,4,False,Finalizada,False,3
8743,1105,125,1,4,1,5,False,Finalizada,False,5
8744,1920,235,5,1,2,2,True,Finalizada,False,2
8745,1493,273,1,4,6,4,False,Finalizada,False,3
8746,1580,54,5,2,2,4,False,Finalizada,True,5
8747,1675,349,5,3,5,4,False,Finalizada,False,4
8748,455,184,3,3,7,13,False,Finalizada,False,3
8749,1977,253,2,3,7,17,False,Abandonada,False,1
8750,140,52,5,1,4,13,False,Finalizada,False,4
8751,181,123,5,2,2,3,False,Finalizada,False,3
8752,455,256,4,3,2,3,False,Finalizada,False,4
8753,820,260,5,3,2,4,False,Finalizada,True,4
8754,1066,173,5,1,4,9,False,Finalizada,True,5
8755,297,86,5,3,6,4,True,Finalizada,True,2
8756,717,226,5,4,3,5,False,Finalizada,False,3
8757,1440,39,5,2,5,4,False,Finalizada,True,5
8758,1143,155,4,2,4,12,False,Finalizada,True,4
8759,187,122,5,2,1,8,False,Finalizada,False,3
8760,1673,90,5,1,6,6,False,Abandonada,False,2
8761,724,263,5,5,4,11,False,Abandonada,False,2
8762,147,102,1,5,1,7,False,Finalizada,False,5
8763,1379,249,2,1,7,14,False,Abandonada,False,1
8764,1131,315,2,5,1,6,False,Finalizada,False,4
8765,1910,30,2,4,2,3,False,Finalizada,True,5
8766,1654,259,5,3,3,4,False,Finalizada,False,3
8767,464,349,5,4,4,12,False,Abandonada,False,1
8768,964,13,5,4,3,3,False,Finalizada,False,4
8769,1714,218,5,2,5,5,False,Abandonada,False,2
8770,1273,18,3,4,5,7,False,Finalizada,False,4
8771,1696,56,5,5,1,5,False,Finalizada,True,4
8772,147,14,5,1,2,4,False,Abandonada,False,1
8773,313,58,4,3,5,6,False,Finalizada,False,5
8774,1164,309,1,2,1,7,False,Finalizada,True,5
8775,628,274,4,5,6,5,False,Abandonada,False,1
8776,541,157,5,4,3,5,False,Finalizada,True,5
8777,1236,206,5,4,2,2,False,Abandonada,False,1
8778,1740,299,1,3,4,11,False,Finalizada,True,5
8779,1624,185,1,3,7,11,True,Finalizada,False,1
8780,529,302,5,5,3,4,False,Finalizada,True,5
8781,999,143,5,1,2,4,False,Finalizada,True,5
8782,1708,161,1,1,5,7,False,Finalizada,False,3
8783,903,52,5,5,6,5,False,Finalizada,False,3
8784,133,344,4,3,6,5,False,Finalizada,True,5
8785,63,229,5,4,3,4,False,Abandonada,False,1
8786,991,226,5,5,5,7,False,Abandonada,False,2
8787,955,115,5,1,3,4,False,Finalizada,False,4
8788,1001,318,5,2,3,4,False,Finalizada,False,5
8789,299,331,4,1,5,7,False,Finalizada,True,4
8790,1455,262,3,2,4,9,False,Finalizada,False,3
8791,1998,63,4,3,1,5,False,Finalizada,False,3
8792,1058,269,2,3,3,3,False,Abandonada,False,2
8793,961,192,4,1,1,7,False,Finalizada,True,4
8794,1209,104,5,2,1,8,False,Finalizada,True,4
8795,895,360,1,1,1,7,False,Finalizada,True,4
8796,1808,69,5,4,4,10,False,Finalizada,False,3
8797,1369,231,1,3,3,3,False,Finalizada,True,5
8798,11,66,5,1,6,5,False,Abandonada,False,1
8799,1646,198,5,4,5,4,False,Finalizada,False,4
8800,1151,138,5,1,6,4,False,Abandonada,False,1
8801,464,55,5,4,7,16,True,Finalizada,False,1
8802,1811,49,2,1,2,3,False,Finalizada,True,4
8803,881,1,5,2,6,4,False,Finalizada,True,5
8804,410,183,5,2,4,14,False,Abandonada,False,1
8805,883,165,5,5,3,5,False,Finalizada,False,3
8806,1783,308,2,2,2,2,False,Abandonada,False,2
8807,1515,113,5,5,2,4,False,Finalizada,False,5
8808,294,55,4,2,6,5,False,Abandonada,False,1
8809,446,81,5,2,3,3,False,Finalizada,False,3
8810,1435,84,4,4,2,4,False,Finalizada,True,4
8811,1032,339,4,2,4,9,False,Abandonada,False,2
8812,1007,44,4,1,6,4,False,Abandonada,False,1
8813,976,124,5,3,2,4,False,Finalizada,True,5
8814,89,346,4,3,7,13,False,Abandonada,False,2
8815,445,289,2,5,3,3,False,Finalizada,False,5
8816,1900,355,5,2,4,14,True,Finalizada,True,2
8817,139,106,1,4,1,6,False,Finalizada,True,5
8818,537,191,4,2,5,6,False,Finalizada,False,3
8819,1899,180,5,4,3,4,False,Finalizada,False,4
8820,865,251,5,1,7,16,False,Finalizada,True,5
8821,816,147,5,1,7,17,False,Finalizada,False,4
8822,508,153,4,2,1,6,False,Finalizada,True,5
8823,1692,152,5,5,5,6,False,Abandonada,False,1
8824,850,77,2,4,1,8,True,Finalizada,True,3
8825,1597,261,5,1,2,4,False,Finalizada,True,5
8826,1326,199,1,4,7,10,False,Abandonada,False,1
8827,1181,244,5,4,6,4,False,Finalizada,False,3
8828,1759,225,1,1,4,9,True,Finalizada,True,3
8829,1308,157,2,5,1,8,False,Abandonada,False,2
8830,1858,65,1,4,2,2,False,Abandonada,False,2
8831,962,344,3,1,3,3,False,Finalizada,False,5
8832,975,337,1,2,1,5,False,Finalizada,False,5
8833,1813,93,5,2,5,4,False,Finalizada,True,4
8834,425,274,2,4,6,4,False,Finalizada,False,4
8835,258,1,5,2,2,4,False,Finalizada,True,5
8836,1131,233,5,1,1,7,True,Abandonada,False,1
8837,1721,355,2,4,7,14,False,Finalizada,False,4
8838,68,304,5,3,7,18,False,Finalizada,True,4
8839,1197,258,5,1,2,2,False,Finalizada,False,3
8840,186,280,5,4,3,3,False,Finalizada,True,5
8841,857,60,4,2,4,10,True,Finalizada,False,2
8842,1326,34,1,4,7,15,True,Finalizada,False,2
8843,100,87,4,4,7,16,False,Abandonada,False,2
8844,356,173,5,5,2,3,False,Abandonada,False,2
8845,1135,124,3,3,2,4,False,Finalizada,False,5
8846,672,92,1,4,5,6,False,Finalizada,False,4
8847,586,76,4,2,7,16,False,Finalizada,False,4
8848,688,45,2,3,1,6,False,Finalizada,True,5
8849,1029,310,5,4,1,8,False,Finalizada,True,5
8850,1580,71,4,5,7,12,False,Finalizada,False,5
8851,190,151,4,3,2,3,False,Abandonada,False,2
8852,1503,230,1,3,4,9,False,Abandonada,False,1
8853,1137,330,5,3,4,14,True,Finalizada,True,2
8854,940,232,1,3,6,6,True,Finalizada,False,2
8855,747,248,5,5,5,4,False,Finalizada,True,5
8856,154,144,1,5,5,4,False,Finalizada,True,5
8857,1211,138,5,1,3,3,False,Finalizada,False,3
8858,566,51,1,5,1,6,False,Finalizada,False,3
8859,1795,298,1,5,5,5,False,Finalizada,False,4
8860,1214,38,5,2,4,10,False,Finalizada,True,5
8861,1228,219,2,1,4,9,True,Finalizada,False,1
8862,1871,29,3,1,3,5,False,Abandonada,False,1
8863,279,233,2,1,7,11,True,Finalizada,True,3
8864,675,230,4,1,7,12,False,Finalizada,True,4
8865,365,62,5,3,3,5,False,Abandonada,False,1
8866,271,210,2,4,5,7,False,Finalizada,False,4
8867,38,339,3,1,7,10,False,Finalizada,True,4
8868,314,146,1,3,5,4,True,Abandonada,False,1
8869,1186,157,1,5,5,7,True,Finalizada,False,1
8870,1497,341,4,4,7,15,True,Finalizada,True,3
8871,247,139,5,1,2,4,False,Abandonada,False,1
8872,1743,18,5,5,3,5,False,Finalizada,True,4
8873,1488,349,2,4,2,2,False,Abandonada,False,1
8874,1379,297,1,1,7,10,True,Abandonada,False,1
8875,1217,259,4,3,5,7,False,Abandonada,False,2
8876,866,10,4,5,7,12,True,Finalizada,False,2
8877,283,287,5,1,5,6,False,Finalizada,True,5
8878,1699,123,4,5,3,3,False,Finalizada,True,5
8879,269,261,2,4,2,3,False,Finalizada,False,4
8880,1909,85,5,3,1,6,False,Abandonada,False,1
8881,611,117,5,4,2,3,False,Abandonada,False,1
8882,611,126,2,2,6,5,False,Abandonada,False,2
8883,1452,335,4,1,3,3,False,Abandonada,False,2
8884,463,185,5,4,2,4,False,Finalizada,False,4
8885,1354,178,1,2,3,4,False,Abandonada,False,1
8886,1160,16,2,2,6,4,False,Finalizada,False,3
8887,974,132,5,3,1,6,False,Finalizada,True,5
8888,1157,148,5,5,2,3,False,Finalizada,True,5
8889,1251,288,5,4,1,7,False,Finalizada,False,4
8890,1974,38,4,4,1,7,False,Finalizada,True,5
8891,1057,324,2,2,4,13,False,Finalizada,False,5
8892,92,89,5,4,7,13,True,Finalizada,False,2
8893,79,306,5,3,1,8,False,Finalizada,True,5
8894,1405,116,5,3,4,14,False,Finalizada,True,5
8895,654,262,4,2,6,6,False,Finalizada,False,4
8896,1728,202,5,3,7,15,True,Abandonada,False,1
8897,1591,30,5,2,6,5,False,Finalizada,True,5
8898,1403,193,4,4,7,12,True,Finalizada,False,2
8899,1836,298,5,3,6,5,False,Finalizada,False,4
8900,55,202,5,4,5,4,False,Finalizada,False,3
8901,557,9,1,2,1,5,False,Finalizada,False,4
8902,997,251,5,5,1,7,False,Finalizada,True,5
8903,1679,220,5,5,6,5,False,Finalizada,False,5
8904,402,34,5,1,4,9,False,Finalizada,True,4
8905,1710,267,4,5,1,5,False,Finalizada,True,5
8906,41,254,5,2,6,6,False,Finalizada,False,4
8907,1280,230,1,1,5,5,False,Finalizada,False,3
8908,157,218,5,1,3,3,False,Finalizada,True,5
8909,1644,163,1,3,3,3,False,Abandonada,False,1
8910,1186,147,5,2,3,5,False,Finalizada,True,5
8911,751,232,1,1,6,5,False,Abandonada,False,1
8912,1717,315,5,2,2,3,False,Finalizada,True,5
8913,1638,329,2,5,7,17,True,Finalizada,False,3
8914,380,218,5,4,4,14,False,Finalizada,True,5
8915,836,246,5,2,6,5,False,Finalizada,True,4
8916,1611,126,1,1,1,7,False,Finalizada,False,3
8917,1170,328,1,1,1,5,False,Finalizada,False,4
8918,756,11,2,1,4,14,False,Finalizada,True,4
8919,1135,223,4,1,7,11,False,Abandonada,False,1
8920,633,56,1,3,2,2,False,Finalizada,True,5
8921,732,145,5,3,5,4,False,Finalizada,False,3
8922,1384,250,4,1,4,8,False,Finalizada,False,4
8923,1725,114,1,1,5,4,False,Finalizada,False,3
8924,47,281,5,5,4,9,True,Finalizada,True,2
8925,1114,362,5,5,2,3,False,Finalizada,True,4
8926,1910,323,3,1,7,17,False,Finalizada,True,4
8927,1880,311,5,2,7,12,False,Abandonada,False,1
8928,1589,91,5,1,4,15,False,Finalizada,True,5
8929,281,38,4,1,1,8,False,Finalizada,False,3
8930,590,358,1,4,7,18,True,Finalizada,True,1
8931,1530,96,1,1,5,6,False,Finalizada,False,3
8932,1867,204,5,5,1,5,False,Finalizada,False,5
8933,207,75,5,5,5,6,False,Finalizada,True,4
8934,1226,184,5,1,3,4,False,Finalizada,True,5
8935,481,166,1,5,4,15,False,Finalizada,True,5
8936,701,288,1,5,7,17,False,Finalizada,False,3
8937,1690,286,5,4,1,8,False,Finalizada,True,4
8938,315,300,5,2,4,14,False,Finalizada,False,4
8939,113,211,2,1,1,8,False,Abandonada,False,1
8940,947,318,5,2,6,5,False,Finalizada,True,5
8941,62,215,5,2,7,14,False,Finalizada,True,5
8942,206,225,4,4,7,18,False,Finalizada,False,5
8943,651,332,5,5,1,7,False,Finalizada,False,5
8944,1740,161,5,2,7,10,True,Abandonada,False,1
8945,582,108,5,4,5,7,False,Finalizada,True,5
8946,1859,80,1,3,7,14,False,Abandonada,False,1
8947,1737,72,1,4,7,10,False,Finalizada,False,3
8948,1528,103,5,4,1,6,False,Finalizada,True,5
8949,628,352,5,2,3,5,False,Abandonada,False,2
8950,559,338,4,5,3,5,False,Abandonada,False,1
8951,425,148,4,1,4,15,True,Finalizada,False,2
8952,500,353,5,4,4,12,False,Finalizada,True,5
8953,975,361,1,4,1,6,False,Finalizada,True,5
8954,1615,140,5,1,4,9,False,Finalizada,True,4
8955,1268,235,5,4,3,4,False,Finalizada,True,4
8956,487,68,5,2,2,2,False,Finalizada,True,4
8957,971,293,5,3,4,10,False,Finalizada,False,3
8958,358,203,4,4,4,14,False,Finalizada,False,4
8959,802,162,2,5,3,5,False,Finalizada,True,5
8960,643,98,3,2,2,2,False,Finalizada,True,5
8961,544,24,4,4,7,15,True,Finalizada,False,3
8962,131,123,5,1,1,8,False,Finalizada,True,5
8963,1480,336,2,5,3,3,False,Finalizada,False,5
8964,1455,276,1,5,2,3,False,Finalizada,False,4
8965,1600,210,4,3,1,5,False,Finalizada,False,3
8966,1855,333,5,4,6,4,False,Finalizada,True,5
8967,44,259,5,1,2,2,False,Abandonada,False,2
8968,314,58,1,2,3,4,False,Finalizada,True,4
8969,1175,281,4,2,4,12,False,Finalizada,True,5
8970,812,227,1,5,2,2,False,Abandonada,False,1
8971,843,233,4,3,2,3,False,Finalizada,False,4
8972,97,100,2,5,4,13,False,Finalizada,False,4
8973,476,190,1,5,6,4,False,Finalizada,False,5
8974,223,115,1,1,5,5,False,Finalizada,False,5
8975,1244,310,5,1,2,4,False,Finalizada,False,4
8976,1568,98,1,5,7,10,False,Finalizada,False,4
8977,1690,209,4,4,1,6,False,Finalizada,False,4
8978,1071,74,5,1,2,2,False,Finalizada,False,3
8979,1328,276,4,5,4,11,True,Finalizada,True,1
8980,1134,171,5,4,6,4,False,Finalizada,True,5
8981,1803,167,4,1,4,8,False,Abandonada,False,2
8982,1349,10,5,1,2,4,False,Finalizada,False,3
8983,818,61,5,4,6,5,False,Finalizada,False,3
8984,328,349,5,1,3,3,False,Abandonada,False,1
8985,221,172,5,1,7,11,True,Finalizada,False,1
8986,11,55,3,3,4,13,False,Finalizada,False,3
8987,750,1,5,5,6,4,False,Finalizada,True,5
8988,1836,256,5,2,1,5,False,Finalizada,False,5
8989,1175,195,4,3,4,10,False,Finalizada,False,5
8990,1897,244,5,4,3,3,False,Finalizada,False,4
8991,1614,288,5,5,6,5,False,Finalizada,True,4
8992,1174,83,5,5,3,4,False,Finalizada,False,4
8993,307,51,5,2,4,10,True,Finalizada,True,2
8994,1549,306,5,5,2,2,False,Finalizada,True,5
8995,1174,258,5,3,4,15,False,Finalizada,True,5
8996,117,204,5,1,1,6,False,Abandonada,False,1
8997,737,39,2,5,4,15,False,Finalizada,False,3
8998,1274,158,4,4,2,2,False,Finalizada,False,3
8999,681,294,2,5,7,10,False,Finalizada,True,5
9000,57,81,5,3,7,18,False,Finalizada,True,5
9001,467,269,1,5,5,7,False,Abandonada,False,1
9002,1795,97,4,3,5,5,True,Finalizada,True,1
9003,228,133,5,3,1,7,False,Finalizada,False,4
9004,903,254,5,3,6,5,False,Finalizada,True,5
9005,1684,266,5,4,5,6,False,Finalizada,False,3
9006,1403,10,1,4,4,14,False,Finalizada,False,5
9007,1349,199,4,1,7,17,True,Finalizada,True,1
9008,1256,37,5,3,3,3,False,Abandonada,False,1
9009,601,278,5,2,5,5,False,Abandonada,False,1
9010,627,336,2,1,4,13,False,Abandonada,False,1
9011,1935,153,4,1,3,3,False,Finalizada,True,5
9012,1451,306,1,1,4,11,False,Finalizada,False,3
9013,1633,253,4,3,4,13,False,Finalizada,True,5
9014,1615,363,1,5,4,8,True,Finalizada,True,2
9015,1835,33,5,5,1,6,False,Abandonada,False,1
9016,1343,283,5,2,4,12,False,Finalizada,True,4
9017,1457,172,4,5,5,5,False,Finalizada,False,4
9018,341,78,1,1,1,6,True,Finalizada,False,3
9019,1319,120,2,3,1,8,False,Finalizada,False,4
9020,653,118,3,3,5,7,False,Finalizada,False,3
9021,1575,215,5,2,7,17,True,Finalizada,True,2
9022,389,251,3,1,1,8,False,Finalizada,False,5
9023,866,326,5,4,4,14,False,Finalizada,False,5
9024,993,60,4,2,1,8,False,Finalizada,False,5
9025,1759,39,5,3,2,3,True,Finalizada,False,1
9026,278,3,3,1,5,7,False,Finalizada,False,4
9027,1745,209,5,4,7,16,False,Finalizada,True,5
9028,562,85,4,3,7,11,False,Finalizada,True,5
9029,472,124,3,1,7,12,False,Finalizada,False,3
9030,1605,128,5,2,6,5,False,Finalizada,False,5
9031,170,3,5,3,4,8,True,Finalizada,False,2
9032,1210,3,5,2,3,5,False,Finalizada,False,4
9033,1528,224,5,3,5,4,False,Finalizada,True,5
9034,1660,102,2,2,6,6,False,Finalizada,False,4
9035,1479,195,4,1,4,10,False,Finalizada,False,3
9036,264,267,2,1,3,3,False,Finalizada,True,5
9037,390,295,5,2,4,11,True,Finalizada,True,3
9038,297,223,5,2,4,15,True,Finalizada,False,2
9039,476,11,4,2,2,4,False,Finalizada,False,4
9040,1461,240,4,5,3,4,False,Finalizada,True,5
9041,1492,127,5,2,7,18,False,Abandonada,False,2
9042,717,141,5,5,5,5,False,Finalizada,True,5
9043,1734,135,5,1,4,8,False,Finalizada,True,4
9044,333,89,4,2,6,4,False,Finalizada,False,3
9045,1795,352,3,2,3,5,False,Finalizada,False,4
9046,1274,165,5,5,5,6,False,Finalizada,False,4
9047,984,218,4,4,3,4,False,Finalizada,False,3
9048,801,319,4,2,3,3,False,Finalizada,True,5
9049,1734,169,5,1,3,3,False,Finalizada,True,5
9050,1331,96,1,1,2,4,False,Finalizada,False,3
9051,1834,168,2,3,1,7,False,Finalizada,True,5
9052,491,224,4,1,4,10,True,Finalizada,False,1
9053,293,68,4,3,2,4,False,Finalizada,False,3
9054,1068,209,5,3,6,6,False,Abandonada,False,1
9055,226,351,2,1,1,5,False,Finalizada,False,4
9056,102,20,4,4,4,15,False,Finalizada,False,5
9057,1417,215,4,5,5,4,False,Finalizada,False,3
9058,1463,267,5,5,2,4,False,Finalizada,False,4
9059,305,18,5,3,5,6,False,Finalizada,False,3
9060,1865,152,4,2,1,5,False,Finalizada,True,5
9061,101,279,5,3,1,8,False,Finalizada,True,5
9062,220,125,1,3,5,6,False,Abandonada,False,1
9063,1929,278,5,1,5,7,False,Finalizada,True,5
9064,54,341,1,1,4,11,False,Finalizada,True,5
9065,475,216,1,4,4,15,False,Finalizada,False,4
9066,874,250,1,1,1,5,False,Finalizada,True,5
9067,1424,234,4,4,2,2,False,Finalizada,True,5
9068,1908,153,1,4,7,12,True,Abandonada,False,1
9069,1531,55,1,2,3,4,False,Finalizada,False,3
9070,1839,212,4,3,1,5,True,Finalizada,True,1
9071,1442,299,5,3,1,6,False,Abandonada,False,2
9072,1845,87,4,5,7,17,False,Finalizada,False,4
9073,1348,112,4,2,4,13,True,Finalizada,False,3
9074,1622,283,1,4,1,8,False,Finalizada,True,5
9075,432,147,4,4,5,7,False,Finalizada,False,3
9076,604,145,1,2,4,14,False,Finalizada,False,4
9077,1749,96,1,2,5,6,False,Abandonada,False,1
9078,1202,351,5,4,1,7,True,Abandonada,False,1
9079,1439,189,4,3,5,7,True,Finalizada,True,3
9080,621,304,5,4,7,14,False,Finalizada,True,5
9081,1903,355,5,5,5,4,False,Finalizada,True,5
9082,651,197,4,1,7,12,False,Finalizada,True,4
9083,1876,328,5,4,3,4,False,Abandonada,False,1
9084,1142,168,3,5,5,7,False,Finalizada,True,5
9085,5,245,1,3,6,5,False,Finalizada,False,5
9086,1611,205,2,1,3,3,False,Abandonada,False,2
9087,1206,260,5,2,1,7,False,Finalizada,False,3
9088,36,31,2,4,1,8,False,Finalizada,False,4
9089,916,82,2,3,7,18,False,Finalizada,True,5
9090,900,36,2,3,7,10,False,Finalizada,False,4
9091,1595,242,5,4,3,4,False,Finalizada,True,4
9092,1316,243,1,4,2,4,False,Abandonada,False,2
9093,472,53,1,5,6,5,False,Finalizada,True,5
9094,1856,340,5,1,1,6,False,Finalizada,False,4
9095,657,300,5,1,4,13,False,Finalizada,False,3
9096,1627,108,5,3,2,2,False,Finalizada,False,4
9097,667,185,5,5,1,8,False,Finalizada,True,5
9098,1624,200,2,3,5,7,False,Finalizada,False,3
9099,682,68,1,3,1,6,False,Finalizada,True,5
9100,1759,164,5,4,5,6,False,Finalizada,False,5
9101,426,289,5,3,3,3,False,Finalizada,False,3
9102,1097,56,2,4,5,6,False,Finalizada,False,4
9103,853,156,5,3,4,10,False,Finalizada,False,4
9104,1926,285,5,1,6,5,False,Finalizada,False,4
9105,1496,249,2,4,6,4,False,Finalizada,True,5
9106,827,226,5,1,1,7,False,Finalizada,True,5
9107,9,338,5,5,1,6,False,Finalizada,False,3
9108,665,355,5,5,2,4,False,Finalizada,False,5
9109,203,32,5,5,4,14,False,Finalizada,False,4
9110,1351,96,4,5,6,6,False,Finalizada,False,3
9111,273,290,5,2,1,5,False,Abandonada,False,2
9112,1177,28,1,1,4,11,False,Abandonada,False,2
9113,1112,338,5,4,4,15,False,Abandonada,False,1
9114,835,311,1,5,2,2,False,Finalizada,True,5
9115,1009,153,4,5,6,4,False,Finalizada,False,5
9116,399,317,2,3,4,10,False,Finalizada,False,3
9117,1686,298,5,4,1,8,False,Finalizada,False,4
9118,431,320,5,3,6,5,False,Finalizada,True,5
9119,268,180,2,2,6,4,False,Finalizada,False,4
9120,985,129,5,2,1,5,True,Finalizada,False,3
9121,525,163,4,2,1,8,False,Abandonada,False,1
9122,1303,98,4,5,5,6,False,Finalizada,False,4
9123,660,57,5,5,7,17,False,Finalizada,True,4
9124,1563,176,1,3,5,4,True,Finalizada,False,1
9125,1525,307,4,1,5,6,False,Finalizada,True,5
9126,1279,143,5,3,3,3,False,Finalizada,False,5
9127,641,44,4,4,3,5,False,Finalizada,True,4
9128,531,131,5,2,7,13,False,Finalizada,True,5
9129,483,346,5,1,4,12,True,Finalizada,False,3
9130,242,121,2,1,1,7,False,Finalizada,False,3
9131,480,92,5,3,5,7,False,Finalizada,True,4
9132,1641,141,3,1,6,4,False,Finalizada,False,4
9133,203,20,5,5,7,13,True,Finalizada,True,2
9134,1069,330,5,1,6,5,False,Finalizada,True,5
9135,1554,114,3,4,2,3,False,Finalizada,False,3
9136,482,132,1,4,6,4,False,Finalizada,True,5
9137,613,338,4,3,1,5,False,Finalizada,False,3
9138,1025,195,5,5,3,5,False,Finalizada,False,4
9139,1866,328,1,5,1,6,False,Finalizada,True,5
9140,512,248,4,1,2,3,False,Finalizada,True,5
9141,245,287,4,4,4,13,True,Finalizada,False,3
9142,1072,277,4,4,7,16,True,Abandonada,False,1
9143,1415,232,5,1,7,14,True,Abandonada,False,1
9144,498,325,1,5,7,11,True,Finalizada,True,3
9145,776,19,1,3,7,11,False,Finalizada,True,5
9146,1522,204,4,1,7,18,True,Finalizada,False,2
9147,1903,334,5,4,2,4,False,Finalizada,True,5
9148,379,347,3,2,5,4,False,Abandonada,False,1
9149,676,46,5,4,1,6,False,Abandonada,False,1
9150,1688,76,1,1,5,5,False,Finalizada,False,5
9151,848,87,1,2,5,4,True,Finalizada,False,3
9152,1711,198,5,5,2,3,False,Finalizada,True,5
9153,554,135,4,3,4,9,False,Finalizada,True,5
9154,195,12,3,2,2,2,False,Finalizada,False,3
9155,209,178,2,1,1,8,True,Finalizada,False,2
9156,320,72,5,2,1,7,False,Finalizada,False,4
9157,1728,278,5,3,6,5,False,Abandonada,False,1
9158,1820,294,5,5,3,5,False,Abandonada,False,1
9159,1273,273,5,4,1,5,False,Finalizada,True,5
9160,234,194,2,1,5,4,False,Finalizada,False,4
9161,548,352,5,3,5,6,False,Finalizada,True,5
9162,1220,11,1,2,1,8,False,Finalizada,False,5
9163,78,7,5,5,1,5,False,Finalizada,True,4
9164,574,241,4,4,6,4,False,Finalizada,True,5
9165,1283,348,5,5,6,5,False,Finalizada,True,5
9166,651,171,1,3,1,5,False,Finalizada,False,4
9167,1420,327,1,5,2,4,False,Finalizada,True,5
9168,291,57,5,5,4,8,False,Abandonada,False,1
9169,1890,248,5,2,7,13,True,Finalizada,False,2
9170,328,106,5,1,5,7,False,Finalizada,True,4
9171,988,158,4,4,2,4,False,Finalizada,True,4
9172,838,40,5,1,4,8,False,Abandonada,False,1
9173,1868,300,3,3,4,13,True,Finalizada,True,2
9174,1032,250,1,3,7,12,False,Abandonada,False,2
9175,112,147,5,5,3,5,False,Finalizada,True,5
9176,871,40,5,1,5,7,False,Finalizada,False,3
9177,1984,151,4,4,2,3,False,Finalizada,True,5
9178,1711,40,5,1,1,7,False,Finalizada,True,5
9179,1411,91,2,1,3,3,False,Abandonada,False,2
9180,1605,229,5,1,2,2,False,Abandonada,False,1
9181,1373,92,5,2,1,5,False,Finalizada,False,5
9182,1124,318,1,1,5,6,False,Finalizada,False,3
9183,418,293,4,5,4,10,False,Abandonada,False,1
9184,98,284,5,5,5,6,False,Finalizada,True,5
9185,1271,186,4,4,4,11,False,Finalizada,True,5
9186,1546,226,2,2,4,15,False,Finalizada,False,3
9187,244,341,5,2,7,18,False,Abandonada,False,1
9188,1539,104,5,3,1,6,False,Finalizada,True,4
9189,111,136,5,2,6,4,False,Finalizada,False,3
9190,1059,162,1,1,5,5,False,Abandonada,False,1
9191,1781,356,4,2,7,17,False,Finalizada,True,4
9192,1170,213,1,1,1,5,False,Abandonada,False,1
9193,1541,298,5,2,7,14,True,Finalizada,True,3
9194,788,193,5,5,7,17,True,Finalizada,True,2
9195,213,351,5,3,7,17,False,Finalizada,False,4
9196,657,96,4,5,5,4,False,Abandonada,False,1
9197,510,185,1,2,6,5,False,Finalizada,False,4
9198,78,27,4,5,4,15,False,Finalizada,True,5
9199,1877,278,5,2,3,4,False,Finalizada,True,5
9200,1458,80,5,2,5,5,False,Finalizada,False,4
9201,28,258,2,4,5,7,False,Finalizada,True,4
9202,332,60,4,3,7,10,False,Finalizada,True,5
9203,1883,353,3,5,2,4,False,Finalizada,False,5
9204,768,212,5,5,1,6,False,Finalizada,False,4
9205,1321,18,5,2,6,6,False,Finalizada,True,5
9206,296,137,5,3,6,6,False,Finalizada,True,5
9207,1197,147,5,3,4,13,True,Finalizada,True,2
9208,1887,39,2,4,6,4,True,Finalizada,False,3
9209,858,105,2,5,5,7,False,Finalizada,False,4
9210,1455,283,2,5,7,15,False,Finalizada,False,3
9211,496,294,5,5,1,6,False,Finalizada,False,4
9212,1017,24,4,1,1,7,False,Abandonada,False,1
9213,1144,335,1,5,5,6,False,Finalizada,False,4
9214,162,222,5,4,4,10,False,Finalizada,True,5
9215,1699,115,5,2,5,6,False,Abandonada,False,2
9216,769,246,5,3,5,6,False,Finalizada,True,4
9217,1994,21,5,3,4,15,True,Abandonada,False,1
9218,1411,358,1,1,3,5,False,Finalizada,False,3
9219,375,323,5,2,6,6,False,Finalizada,True,5
9220,1787,150,5,1,3,3,False,Finalizada,False,4
9221,772,162,5,5,3,3,False,Abandonada,False,2
9222,1440,92,1,2,6,5,False,Finalizada,True,4
9223,1350,357,2,5,3,5,False,Abandonada,False,2
9224,1123,202,3,4,4,14,False,Finalizada,False,3
9225,1952,41,5,3,6,4,False,Finalizada,True,5
9226,1324,24,3,3,2,4,True,Abandonada,False,1
9227,518,124,1,1,6,4,False,Finalizada,False,4
9228,1801,295,1,2,6,6,False,Finalizada,False,4
9229,1248,238,1,1,3,5,False,Finalizada,False,3
9230,1335,54,4,3,5,4,False,Finalizada,False,3
9231,534,232,4,3,5,7,False,Finalizada,False,4
9232,1704,360,5,2,1,8,False,Finalizada,True,5
9233,1463,106,5,3,7,17,False,Abandonada,False,1
9234,178,336,1,5,6,6,False,Finalizada,False,3
9235,1926,347,5,2,6,6,False,Finalizada,False,4
9236,204,28,5,2,6,5,False,Finalizada,False,3
9237,1664,103,4,3,3,5,False,Abandonada,False,2
9238,333,104,4,3,3,4,False,Finalizada,True,4
9239,1221,2,5,4,3,3,False,Finalizada,True,5
9240,501,276,5,1,1,7,False,Finalizada,False,4
9241,901,152,5,1,2,4,False,Finalizada,False,5
9242,1472,166,4,3,7,15,False,Abandonada,False,1
9243,422,89,4,5,6,6,True,Abandonada,False,1
9244,999,204,1,5,2,3,False,Finalizada,False,4
9245,802,41,4,4,4,8,False,Finalizada,False,4
9246,1080,328,1,2,2,3,False,Finalizada,False,3
9247,463,93,3,5,1,5,False,Finalizada,True,5
9248,1691,310,1,5,1,8,False,Finalizada,True,5
9249,501,301,5,1,2,2,True,Finalizada,True,3
9250,243,21,1,5,7,15,False,Finalizada,False,5
9251,1172,235,5,1,7,16,True,Finalizada,False,2
9252,1744,355,5,2,1,5,False,Finalizada,False,3
9253,1907,184,2,3,7,10,False,Finalizada,False,4
9254,1770,346,4,3,7,15,False,Finalizada,True,5
9255,1316,276,5,1,3,3,False,Finalizada,True,5
9256,321,84,3,4,7,10,False,Finalizada,False,4
9257,6,165,1,1,2,2,False,Abandonada,False,2
9258,1886,291,5,3,2,4,False,Finalizada,True,5
9259,519,19,5,2,2,2,False,Finalizada,True,4
9260,1471,32,5,4,1,5,False,Finalizada,True,5
9261,813,63,4,3,7,13,False,Finalizada,False,3
9262,1726,261,4,5,5,4,False,Finalizada,True,5
9263,1352,47,4,5,4,12,False,Finalizada,False,4
9264,390,40,1,3,4,12,True,Finalizada,True,3
9265,97,56,4,1,2,4,False,Finalizada,True,5
9266,1932,325,5,3,3,3,False,Finalizada,True,5
9267,1255,216,5,5,2,4,False,Finalizada,False,3
9268,1442,323,2,3,4,9,False,Abandonada,False,1
9269,1822,235,5,5,7,17,False,Finalizada,True,4
9270,1539,235,5,2,1,5,False,Abandonada,False,1
9271,76,71,4,3,5,4,False,Finalizada,True,5
9272,999,329,1,5,6,6,False,Finalizada,True,4
9273,356,200,3,3,3,5,False,Abandonada,False,1
9274,187,342,5,5,1,5,False,Finalizada,False,3
9275,1201,174,3,5,3,3,False,Finalizada,False,4
9276,1527,264,5,3,7,17,True,Finalizada,True,2
9277,965,259,2,3,4,8,True,Abandonada,False,2
9278,138,362,1,5,1,5,False,Finalizada,True,5
9279,1857,345,5,4,6,6,False,Abandonada,False,1
9280,1799,334,1,3,1,5,False,Finalizada,True,5
9281,610,346,2,5,7,13,False,Abandonada,False,1
9282,1600,67,5,5,7,12,False,Finalizada,False,4
9283,1731,71,5,1,5,4,False,Finalizada,True,5
9284,115,22,4,3,6,6,False,Finalizada,False,4
9285,900,258,4,4,1,8,False,Finalizada,False,3
9286,585,85,4,1,1,7,False,Finalizada,False,5
9287,1062,207,5,1,4,11,True,Finalizada,True,2
9288,21,297,4,5,5,6,True,Finalizada,False,1
9289,1869,314,2,1,4,13,False,Finalizada,False,3
9290,1977,25,1,2,5,7,False,Finalizada,True,5
9291,1237,255,4,4,3,5,False,Finalizada,False,4
9292,239,4,2,3,7,15,True,Finalizada,False,3
9293,1009,265,4,3,6,4,False,Finalizada,True,5
9294,1875,353,5,1,3,3,False,Finalizada,False,3
9295,232,146,5,2,5,6,False,Abandonada,False,2
9296,1693,244,5,3,6,6,False,Finalizada,True,4
9297,1757,281,5,4,5,7,False,Finalizada,False,5
9298,309,274,4,1,1,6,False,Finalizada,True,5
9299,772,225,3,4,5,6,False,Finalizada,True,5
9300,1021,14,3,5,6,5,False,Finalizada,False,3
9301,1662,120,5,1,2,3,True,Finalizada,False,2
9302,909,288,5,5,5,4,False,Finalizada,True,5
9303,581,116,5,5,5,5,False,Finalizada,True,4
9304,1356,160,5,2,1,8,False,Abandonada,False,1
9305,635,31,3,5,3,4,False,Abandonada,False,1
9306,406,83,5,5,1,6,False,Finalizada,False,4
9307,643,312,5,1,7,15,True,Finalizada,False,2
9308,1946,336,5,5,7,12,True,Finalizada,True,1
9309,211,170,5,2,2,4,False,Finalizada,True,5
9310,343,270,5,3,2,4,False,Finalizada,False,4
9311,1251,29,4,2,5,7,False,Finalizada,True,5
9312,243,206,5,2,1,6,False,Finalizada,False,3
9313,1443,234,5,5,7,13,True,Abandonada,False,1
9314,695,215,5,5,2,3,False,Finalizada,False,4
9315,695,82,4,5,7,11,True,Finalizada,False,1
9316,341,286,5,1,1,5,False,Finalizada,True,5
9317,373,121,1,4,6,5,False,Abandonada,False,1
9318,1821,166,1,5,6,4,False,Abandonada,False,1
9319,661,51,5,5,6,4,False,Abandonada,False,1
9320,1308,114,5,1,2,4,False,Abandonada,False,2
9321,1220,67,1,5,7,12,False,Abandonada,False,1
9322,257,357,1,2,1,5,True,Finalizada,True,1
9323,1995,361,4,5,4,15,False,Finalizada,True,5
9324,767,146,5,2,7,15,False,Finalizada,True,5
9325,1940,175,5,5,4,14,False,Finalizada,True,5
9326,511,350,2,4,1,6,False,Finalizada,True,5
9327,797,23,2,1,7,10,False,Finalizada,True,5
9328,1137,269,4,1,4,8,True,Finalizada,False,2
9329,1627,272,5,1,2,3,False,Finalizada,False,4
9330,1832,289,5,4,3,3,False,Finalizada,False,5
9331,60,150,1,1,5,4,False,Finalizada,False,4
9332,1044,121,4,5,4,15,False,Finalizada,False,3
9333,1510,73,2,4,4,15,False,Finalizada,False,3
9334,212,347,4,1,4,13,True,Abandonada,False,1
9335,45,256,4,3,5,7,False,Finalizada,True,5
9336,25,23,3,5,3,5,False,Finalizada,False,3
9337,616,118,4,2,4,14,True,Finalizada,False,2
9338,1863,143,5,4,5,4,False,Finalizada,False,4
9339,73,226,4,3,1,7,False,Finalizada,True,5
9340,549,208,5,2,4,12,False,Finalizada,False,4
9341,922,191,2,4,6,5,False,Abandonada,False,1
9342,25,163,5,1,7,15,False,Finalizada,False,3
9343,911,344,5,4,3,3,False,Finalizada,False,4
9344,1387,364,4,5,3,5,False,Finalizada,False,4
9345,473,152,4,5,3,4,False,Abandonada,False,1
9346,1156,344,5,1,7,17,False,Finalizada,False,3
9347,682,67,4,5,4,14,False,Finalizada,False,4
9348,112,82,5,1,5,6,False,Abandonada,False,1
9349,819,358,2,4,4,11,False,Finalizada,False,5
9350,638,150,5,4,1,5,False,Finalizada,True,5
9351,1475,91,4,2,1,8,False,Finalizada,False,4
9352,1795,22,3,2,5,6,False,Finalizada,False,4
9353,1793,99,5,1,3,3,False,Finalizada,True,4
9354,1581,88,2,5,3,3,False,Abandonada,False,1
9355,1060,287,4,4,2,2,False,Finalizada,True,4
9356,1484,301,5,4,4,14,True,Finalizada,False,1
9357,1782,72,5,3,5,4,False,Finalizada,False,3
9358,1319,205,1,3,6,4,True,Finalizada,False,2
9359,1255,230,3,1,4,11,False,Finalizada,True,5
9360,1252,115,2,2,4,9,True,Finalizada,False,1
9361,740,198,5,4,2,4,False,Finalizada,False,3
9362,84,306,5,1,1,5,False,Finalizada,True,4
9363,69,48,5,3,6,5,False,Finalizada,False,3
9364,573,227,4,5,5,7,False,Finalizada,False,5
9365,1894,76,4,4,6,4,False,Finalizada,False,5
9366,493,130,2,5,4,12,False,Finalizada,False,3
9367,1619,44,5,4,7,15,True,Finalizada,True,1
9368,233,52,2,2,5,5,False,Finalizada,False,5
9369,590,198,5,4,7,11,False,Finalizada,True,5
9370,1715,139,5,2,3,5,False,Finalizada,True,5
9371,1680,50,5,3,2,3,False,Finalizada,False,3
9372,754,346,4,3,6,4,False,Finalizada,False,5
9373,211,22,1,1,1,8,False,Finalizada,False,4
9374,1906,62,4,3,1,5,False,Finalizada,True,5
9375,1278,321,5,1,7,14,True,Finalizada,True,2
9376,1159,25,4,3,5,7,False,Finalizada,True,4
9377,726,8,2,4,2,3,False,Finalizada,False,3
9378,1815,36,5,5,7,17,False,Finalizada,False,3
9379,898,334,4,5,5,5,False,Finalizada,False,5
9380,1100,260,1,3,5,4,False,Abandonada,False,1
9381,1072,90,1,4,3,4,False,Finalizada,False,4
9382,1902,33,3,3,5,6,False,Finalizada,False,3
9383,428,111,4,1,1,6,False,Finalizada,False,5
9384,1929,12,5,3,6,5,False,Finalizada,False,5
9385,1224,351,3,2,4,14,False,Abandonada,False,1
9386,514,90,5,1,1,6,False,Finalizada,True,5
9387,507,188,1,2,5,5,False,Finalizada,False,5
9388,314,35,3,2,5,4,False,Finalizada,False,4
9389,285,16,4,1,4,8,False,Finalizada,False,4
9390,669,66,4,5,7,11,True,Finalizada,False,3
9391,1157,38,5,1,4,9,False,Finalizada,True,5
9392,817,196,2,3,6,4,False,Finalizada,False,5
9393,858,267,5,3,3,4,False,Abandonada,False,1
9394,434,70,4,5,2,2,False,Finalizada,False,4
9395,1489,45,5,4,4,9,False,Finalizada,False,4
9396,1310,150,2,1,7,17,False,Finalizada,True,5
9397,1577,46,5,3,2,2,False,Finalizada,False,3
9398,67,256,5,2,7,10,False,Finalizada,True,4
9399,65,212,5,5,1,8,False,Finalizada,True,5
9400,1928,130,3,4,5,6,False,Abandonada,False,1
9401,1312,194,2,3,1,5,False,Finalizada,True,5
9402,656,177,1,3,1,5,False,Finalizada,False,3
9403,1610,288,1,5,5,5,False,Finalizada,False,5
9404,1798,354,5,2,7,12,True,Finalizada,False,2
9405,474,20,5,2,7,14,False,Finalizada,True,5
9406,1594,112,5,2,3,3,False,Finalizada,True,4
9407,1432,287,4,2,1,7,False,Abandonada,False,1
9408,826,348,4,1,4,15,False,Abandonada,False,2
9409,132,87,5,3,1,8,False,Finalizada,False,4
9410,442,175,1,4,4,8,False,Abandonada,False,2
9411,1590,132,2,5,7,10,False,Finalizada,True,4
9412,468,164,5,4,2,3,False,Finalizada,True,5
9413,612,191,5,1,3,4,False,Finalizada,False,4
9414,1756,43,5,2,3,5,False,Finalizada,True,5
9415,45,325,2,3,1,5,False,Abandonada,False,1
9416,929,178,5,2,4,13,False,Finalizada,False,5
9417,1205,219,5,1,6,4,False,Finalizada,False,3
9418,1113,255,4,4,1,6,False,Abandonada,False,1
9419,252,201,4,1,4,10,False,Finalizada,True,5
9420,118,134,5,2,7,11,False,Finalizada,True,5
9421,1326,100,5,5,2,4,False,Finalizada,False,4
9422,1262,282,3,1,7,12,False,Abandonada,False,1
9423,310,153,2,3,5,4,False,Finalizada,True,5
9424,1023,210,5,1,3,4,False,Finalizada,True,5
9425,421,85,4,1,7,11,False,Finalizada,False,5
9426,1148,347,2,5,7,15,True,Finalizada,False,2
9427,970,358,5,3,1,7,False,Finalizada,False,4
9428,1635,244,4,1,2,3,False,Finalizada,True,4
9429,507,272,1,1,3,3,False,Finalizada,True,4
9430,1134,174,5,3,7,12,False,Finalizada,True,5
9431,1952,155,5,1,3,5,False,Finalizada,False,3
9432,1537,149,5,2,6,5,False,Finalizada,True,5
9433,64,87,4,1,4,9,False,Finalizada,False,3
9434,1715,38,1,4,1,5,False,Finalizada,True,5
9435,1050,133,1,5,1,6,False,Finalizada,True,4
9436,704,129,4,5,7,13,False,Finalizada,False,4
9437,499,94,5,3,7,10,True,Finalizada,True,2
9438,797,210,2,3,3,5,False,Finalizada,False,3
9439,1420,136,5,4,6,4,False,Finalizada,False,4
9440,493,136,1,2,6,4,False,Finalizada,False,3
9441,1042,257,1,1,7,17,False,Abandonada,False,2
9442,12,253,5,4,3,5,True,Finalizada,True,3
9443,49,199,4,3,5,4,False,Finalizada,True,4
9444,748,296,4,3,4,14,True,Abandonada,False,1
9445,1212,354,2,5,5,7,False,Finalizada,True,5
9446,1882,337,5,4,4,13,False,Finalizada,True,4
9447,473,139,4,3,1,7,False,Finalizada,False,3
9448,528,205,2,1,7,13,False,Finalizada,False,3
9449,640,94,5,3,6,5,False,Finalizada,True,5
9450,1122,22,1,4,5,7,False,Finalizada,False,4
9451,1249,199,5,4,5,7,False,Abandonada,False,1
9452,982,63,2,3,4,9,False,Abandonada,False,1
9453,1343,12,4,2,3,3,False,Finalizada,False,4
9454,224,160,4,3,5,4,False,Finalizada,True,4
9455,922,115,1,1,6,4,False,Finalizada,True,5
9456,158,355,5,4,4,14,False,Finalizada,True,4
9457,1147,174,5,4,6,4,False,Abandonada,False,1
9458,11,210,5,1,1,8,False,Finalizada,False,3
9459,1400,333,1,2,3,4,False,Abandonada,False,2
9460,476,89,5,2,1,6,False,Finalizada,True,5
9461,641,197,4,1,2,4,False,Finalizada,False,4
9462,679,251,5,2,2,2,False,Finalizada,False,4
9463,484,57,4,2,7,15,False,Finalizada,False,3
9464,873,183,5,3,2,2,False,Finalizada,False,4
9465,1919,303,4,5,6,4,False,Abandonada,False,1
9466,516,34,5,4,4,11,False,Finalizada,True,5
9467,825,297,2,1,7,10,True,Finalizada,True,3
9468,505,340,4,5,4,14,False,Abandonada,False,2
9469,579,247,3,2,3,4,False,Finalizada,True,5
9470,1592,268,2,3,5,7,False,Finalizada,False,3
9471,1466,343,5,4,4,15,False,Finalizada,True,5
9472,1197,10,4,4,1,5,False,Finalizada,True,5
9473,791,132,5,2,2,2,False,Finalizada,True,5
9474,1741,67,5,5,7,10,False,Finalizada,False,5
9475,1572,34,5,5,6,6,False,Finalizada,True,5
9476,170,268,5,4,7,13,True,Finalizada,False,2
9477,1482,60,4,4,6,4,False,Finalizada,False,4
9478,1465,140,1,4,3,3,False,Finalizada,False,3
9479,1303,249,2,3,5,6,False,Finalizada,False,3
9480,1725,147,5,2,3,4,False,Finalizada,True,5
9481,442,19,5,3,1,8,False,Abandonada,False,1
9482,971,162,5,3,1,6,False,Abandonada,False,1
9483,1432,240,5,4,5,6,True,Finalizada,True,2
9484,1377,142,5,3,5,7,False,Finalizada,True,5
9485,1789,101,5,1,3,5,False,Finalizada,False,5
9486,1157,218,5,3,4,11,False,Finalizada,True,5
9487,1331,181,3,3,7,16,False,Abandonada,False,2
9488,1648,120,1,4,3,5,False,Finalizada,True,5
9489,393,340,5,5,1,6,False,Finalizada,True,5
9490,1028,247,4,5,3,3,False,Abandonada,False,2
9491,1404,359,5,5,2,2,False,Finalizada,True,5
9492,821,48,5,5,5,6,False,Finalizada,False,4
9493,1703,298,3,1,3,4,False,Finalizada,False,5
9494,644,106,1,3,4,13,True,Finalizada,False,2
9495,703,93,1,5,1,5,False,Abandonada,False,1
9496,1890,257,5,1,6,4,False,Finalizada,False,3
9497,1956,305,4,1,3,3,False,Finalizada,False,3
9498,1628,106,1,2,7,13,False,Abandonada,False,2
9499,1120,331,4,4,4,9,True,Abandonada,False,1
9500,1701,359,5,4,4,15,False,Finalizada,True,4
9501,1184,51,2,2,4,15,False,Finalizada,False,4
9502,1359,282,1,2,2,3,False,Finalizada,True,4
9503,62,26,4,1,5,7,False,Finalizada,False,3
9504,1276,363,4,5,4,8,True,Finalizada,True,1
9505,875,90,4,2,3,4,False,Finalizada,False,5
9506,475,183,2,2,7,11,True,Abandonada,False,1
9507,1611,136,5,1,5,6,False,Finalizada,True,5
9508,1086,187,5,5,3,5,False,Finalizada,False,4
9509,1124,249,5,3,4,11,True,Abandonada,False,2
9510,297,297,5,2,6,4,False,Finalizada,True,4
9511,646,198,2,4,7,11,True,Finalizada,True,2
9512,514,180,5,1,5,5,False,Finalizada,True,4
9513,890,120,5,1,1,7,True,Abandonada,False,2
9514,177,235,5,3,3,4,False,Abandonada,False,1
9515,1138,48,5,3,1,8,False,Finalizada,False,3
9516,1117,188,5,4,3,5,False,Finalizada,False,3
9517,547,311,1,5,4,13,False,Finalizada,False,3
9518,1719,22,3,4,4,8,False,Finalizada,False,4
9519,465,130,5,4,2,3,False,Finalizada,True,5
9520,1868,73,1,1,3,4,False,Finalizada,False,4
9521,932,249,4,1,6,4,False,Finalizada,False,3
9522,1627,207,5,3,2,2,False,Finalizada,True,5
9523,195,337,4,1,4,12,False,Finalizada,True,5
9524,1953,323,5,5,4,9,False,Finalizada,False,3
9525,73,36,3,2,5,6,False,Finalizada,False,3
9526,744,139,5,4,3,5,False,Finalizada,True,5
9527,765,364,5,3,2,4,False,Finalizada,False,5
9528,1031,160,4,1,4,10,False,Abandonada,False,1
9529,304,94,4,1,2,3,False,Finalizada,False,3
9530,600,171,1,1,6,6,False,Finalizada,False,3
9531,1915,74,1,5,4,13,False,Finalizada,False,4
9532,1364,16,4,3,6,4,False,Finalizada,True,5
9533,1637,214,4,5,5,5,False,Finalizada,False,4
9534,1270,308,4,3,2,2,False,Abandonada,False,1
9535,1199,205,4,2,3,5,False,Finalizada,False,4
9536,772,274,1,3,1,7,False,Abandonada,False,2
9537,986,322,5,3,5,7,False,Finalizada,True,5
9538,1048,301,1,1,3,5,False,Finalizada,False,5
9539,1545,344,1,5,6,6,False,Finalizada,True,5
9540,93,307,2,1,2,3,False,Finalizada,True,5
9541,1610,227,5,5,3,3,False,Finalizada,False,5
9542,1014,49,4,5,2,2,False,Finalizada,False,4
9543,1118,271,4,1,5,5,False,Abandonada,False,1
9544,805,339,5,4,6,5,False,Finalizada,True,5
9545,1897,157,4,5,1,7,False,Finalizada,True,4
9546,1881,364,5,2,5,4,True,Finalizada,True,2
9547,1691,91,5,1,5,5,False,Finalizada,True,5
9548,1847,43,4,2,3,4,False,Finalizada,False,3
9549,1450,60,5,3,2,4,False,Finalizada,True,5
9550,605,115,4,1,4,12,False,Finalizada,True,4
9551,82,100,4,4,4,8,False,Finalizada,False,3
9552,858,106,1,2,4,14,False,Finalizada,True,5
9553,1336,344,2,1,2,2,False,Finalizada,False,4
9554,1409,277,5,2,3,5,False,Finalizada,False,4
9555,93,205,5,2,3,5,False,Finalizada,True,5
9556,634,359,5,4,3,4,False,Finalizada,False,4
9557,1816,185,5,5,3,3,False,Finalizada,True,5
9558,1750,352,4,5,6,6,False,Finalizada,False,4
9559,1087,275,4,4,2,2,False,Finalizada,False,4
9560,1162,349,5,4,5,4,False,Finalizada,False,3
9561,240,349,4,4,1,8,False,Finalizada,False,5
9562,169,20,5,1,3,5,False,Finalizada,False,3
9563,1345,41,4,5,2,4,False,Finalizada,False,3
9564,407,38,5,1,5,5,False,Finalizada,True,5
9565,102,291,4,5,6,6,False,Finalizada,True,5
9566,152,86,4,4,2,4,False,Abandonada,False,1
9567,1543,243,5,3,1,6,False,Abandonada,False,2
9568,260,362,5,5,4,14,False,Finalizada,True,5
9569,23,329,4,3,7,11,False,Finalizada,True,5
9570,200,175,5,2,7,14,False,Abandonada,False,1
9571,1357,171,2,4,7,15,False,Finalizada,True,5
9572,970,116,1,2,1,5,True,Finalizada,False,3
9573,1177,287,5,4,7,15,True,Finalizada,False,2
9574,407,191,3,1,2,4,True,Finalizada,False,1
9575,1549,330,5,1,2,3,False,Finalizada,False,4
9576,443,352,5,3,1,8,False,Finalizada,True,5
9577,591,134,5,4,7,10,False,Finalizada,True,5
9578,1391,237,2,2,5,7,True,Abandonada,False,2
9579,1615,43,5,4,3,4,False,Finalizada,True,5
9580,1202,253,5,3,5,4,False,Finalizada,False,4
9581,1074,201,4,3,4,14,False,Abandonada,False,2
9582,481,193,5,3,6,4,False,Finalizada,True,5
9583,1765,139,5,1,6,6,False,Finalizada,True,5
9584,1404,173,2,4,5,7,True,Finalizada,False,3
9585,383,16,2,3,6,6,False,Finalizada,False,3
9586,1132,125,5,4,7,11,False,Abandonada,False,2
9587,967,248,5,5,2,4,False,Finalizada,False,3
9588,187,102,4,5,3,4,False,Finalizada,False,3
9589,747,156,2,4,2,4,False,Finalizada,True,4
9590,382,178,5,3,7,13,False,Finalizada,True,4
9591,485,97,4,2,5,6,False,Finalizada,False,5
9592,279,39,4,4,3,5,False,Finalizada,False,3
9593,305,38,5,5,2,2,False,Finalizada,True,5
9594,974,184,5,2,3,4,False,Abandonada,False,1
9595,1569,254,4,3,3,5,False,Finalizada,True,5
9596,808,210,5,2,2,2,False,Abandonada,False,1
9597,142,10,5,5,4,8,False,Finalizada,False,4
9598,1310,89,4,1,3,4,False,Finalizada,True,5
9599,1332,310,5,4,7,15,True,Finalizada,False,2
9600,623,282,5,3,4,11,True,Finalizada,True,2
9601,1309,196,5,3,3,4,False,Finalizada,False,3
9602,1745,66,5,1,6,4,True,Finalizada,True,1
9603,163,226,5,1,3,3,False,Abandonada,False,1
9604,1706,314,3,4,4,8,True,Finalizada,True,3
9605,1476,260,4,1,7,15,True,Finalizada,False,1
9606,1272,354,1,5,4,15,False,Finalizada,False,5
9607,50,245,5,3,7,17,False,Abandonada,False,1
9608,1206,133,4,3,4,13,False,Finalizada,True,5
9609,1324,25,5,1,2,4,False,Abandonada,False,1
9610,1874,138,5,2,7,16,False,Finalizada,True,5
9611,174,101,4,4,4,10,False,Finalizada,False,3
9612,882,215,4,5,1,5,False,Abandonada,False,1
9613,922,261,4,4,1,7,True,Finalizada,True,1
9614,1260,60,5,5,7,16,False,Abandonada,False,2
9615,493,147,4,4,5,6,False,Finalizada,True,5
9616,480,228,4,1,4,11,False,Finalizada,False,3
9617,1206,159,5,4,6,4,False,Abandonada,False,1
9618,1090,250,5,3,4,9,True,Finalizada,True,2
9619,168,169,4,4,3,4,False,Finalizada,False,3
9620,583,93,5,1,6,5,False,Abandonada,False,1
9621,201,325,1,2,3,3,False,Finalizada,True,5
9622,860,179,5,1,5,6,False,Finalizada,True,5
9623,257,149,1,4,2,4,False,Abandonada,False,2
9624,1062,333,5,2,6,6,False,Abandonada,False,1
9625,291,350,5,2,1,8,False,Finalizada,False,4
9626,1777,46,5,3,1,6,False,Abandonada,False,2
9627,1084,255,5,1,3,3,False,Finalizada,False,3
9628,1440,186,5,4,4,13,False,Finalizada,True,4
9629,1887,188,4,3,1,5,False,Finalizada,False,3
9630,7,98,4,5,6,4,False,Finalizada,False,5
9631,134,324,1,4,2,3,False,Finalizada,True,5
9632,829,114,5,2,5,5,False,Finalizada,True,5
9633,801,305,4,3,4,8,False,Finalizada,False,3
9634,423,32,5,5,3,4,False,Finalizada,True,5
9635,19,243,5,2,1,6,False,Finalizada,True,5
9636,1879,207,3,4,7,18,False,Finalizada,False,4
9637,1294,149,5,5,2,2,False,Abandonada,False,1
9638,1103,31,5,2,3,3,False,Finalizada,True,5
9639,833,117,4,1,4,15,False,Finalizada,False,3
9640,1444,276,4,1,4,12,True,Finalizada,True,1
9641,1955,159,5,1,6,5,False,Abandonada,False,1
9642,732,180,1,3,7,13,True,Finalizada,True,2
9643,933,154,4,3,7,13,False,Finalizada,True,5
9644,1389,270,1,1,4,8,True,Abandonada,False,2
9645,916,332,2,5,4,9,False,Finalizada,False,5
9646,1713,6,4,2,5,4,False,Finalizada,True,5
9647,308,216,1,1,2,3,False,Finalizada,False,5
9648,420,207,4,3,3,3,False,Finalizada,False,3
9649,781,353,1,4,7,10,False,Finalizada,True,5
9650,192,85,4,3,3,3,False,Finalizada,False,5
9651,729,260,2,5,3,5,False,Finalizada,True,5
9652,206,237,4,3,4,11,True,Finalizada,False,2
9653,1077,204,4,5,5,5,False,Abandonada,False,1
9654,1106,291,4,4,5,7,False,Finalizada,True,5
9655,310,346,4,1,3,3,False,Finalizada,True,5
9656,1035,135,1,5,3,3,False,Finalizada,False,3
9657,1773,35,1,2,3,3,False,Finalizada,False,4
9658,358,230,1,5,3,5,False,Finalizada,True,5
9659,1214,230,5,1,2,3,False,Finalizada,True,5
9660,675,274,5,2,6,6,False,Finalizada,True,5
9661,1650,132,5,4,1,8,True,Abandonada,False,2
9662,1725,270,4,3,5,5,False,Finalizada,False,3
9663,1745,153,5,3,7,16,False,Abandonada,False,2
9664,545,150,5,4,2,4,False,Finalizada,False,4
9665,502,293,5,4,6,6,False,Abandonada,False,1
9666,1830,206,2,3,6,6,False,Finalizada,False,3
9667,528,152,5,5,1,7,False,Abandonada,False,2
9668,126,362,5,3,6,5,True,Finalizada,True,2
9669,913,149,3,5,1,5,True,Finalizada,False,3
9670,821,31,1,2,4,15,False,Finalizada,False,3
9671,881,49,4,4,4,8,False,Finalizada,False,3
9672,931,33,4,3,6,6,False,Finalizada,False,3
9673,123,165,5,2,2,3,False,Finalizada,True,5
9674,175,296,5,3,3,5,False,Abandonada,False,2
9675,1343,185,5,3,6,4,False,Finalizada,True,4
9676,1073,263,5,4,2,4,False,Finalizada,True,4
9677,638,134,4,1,6,5,False,Finalizada,True,4
9678,698,293,5,5,1,7,False,Finalizada,True,5
9679,720,190,5,2,5,4,True,Finalizada,True,3
9680,1443,202,5,1,6,6,False,Abandonada,False,1
9681,63,191,1,5,7,11,False,Finalizada,False,4
9682,1590,313,4,4,5,5,False,Finalizada,True,5
9683,1296,152,2,3,5,4,False,Finalizada,True,5
9684,1513,105,5,2,4,13,False,Finalizada,False,4
9685,1748,122,5,3,4,12,False,Finalizada,False,4
9686,451,339,5,4,6,5,False,Finalizada,False,4
9687,1577,25,5,2,6,4,False,Finalizada,False,4
9688,539,340,5,5,7,15,True,Finalizada,True,2
9689,771,160,5,3,6,5,False,Finalizada,False,3
9690,969,234,4,3,7,16,False,Finalizada,False,3
9691,1194,166,1,5,7,15,False,Finalizada,True,5
9692,286,229,5,1,6,5,False,Finalizada,True,5
9693,1655,307,3,1,3,4,False,Finalizada,False,4
9694,1976,306,4,3,1,6,True,Finalizada,True,3
9695,1226,342,4,1,7,15,False,Finalizada,True,5
9696,1506,272,1,1,7,16,False,Finalizada,True,5
9697,708,104,2,4,5,6,False,Finalizada,False,3
9698,847,80,4,5,1,7,False,Finalizada,True,4
9699,1778,42,4,2,6,5,False,Finalizada,True,5
9700,725,127,5,2,4,9,False,Finalizada,False,4
9701,1069,290,3,4,7,16,False,Finalizada,False,3
9702,969,329,1,4,3,5,False,Abandonada,False,1
9703,1102,169,3,4,5,5,False,Finalizada,False,4
9704,97,233,1,2,4,10,False,Abandonada,False,1
9705,954,2,1,3,1,8,False,Finalizada,True,5
9706,949,218,5,4,1,8,False,Finalizada,True,5
9707,19,20,2,5,2,3,False,Finalizada,False,5
9708,1739,347,5,5,3,3,False,Finalizada,False,3
9709,1908,205,5,5,4,15,False,Finalizada,False,3
9710,1920,202,4,5,4,13,False,Finalizada,False,4
9711,1140,294,1,4,7,18,False,Finalizada,False,5
9712,275,161,4,4,4,12,True,Finalizada,False,1
9713,387,226,5,5,5,7,False,Finalizada,False,5
9714,1563,283,4,2,1,6,False,Finalizada,True,4
9715,942,135,3,3,4,12,False,Finalizada,False,5
9716,171,291,5,1,3,5,False,Finalizada,False,4
9717,661,28,5,5,3,4,False,Abandonada,False,2
9718,738,349,3,5,5,6,False,Finalizada,False,4
9719,1850,31,4,4,7,13,False,Finalizada,False,5
9720,1608,73,5,5,3,5,False,Finalizada,True,5
9721,181,261,5,1,6,4,False,Abandonada,False,2
9722,189,83,5,1,3,3,False,Abandonada,False,1
9723,1193,245,1,2,4,10,True,Finalizada,True,2
9724,564,15,4,4,6,6,False,Finalizada,False,3
9725,1869,163,4,4,2,4,True,Finalizada,False,3
9726,648,324,5,5,6,6,False,Finalizada,True,4
9727,1648,181,4,4,7,14,False,Finalizada,False,3
9728,1889,188,1,3,6,6,False,Finalizada,True,4
9729,1993,364,4,1,7,18,True,Finalizada,False,3
9730,1499,235,3,1,2,3,False,Abandonada,False,1
9731,1933,210,5,1,3,4,False,Finalizada,False,3
9732,1434,140,1,2,7,17,False,Finalizada,True,5
9733,221,37,1,4,2,3,False,Finalizada,True,5
9734,1380,265,3,3,2,4,False,Finalizada,False,5
9735,108,111,5,4,2,3,False,Finalizada,False,3
9736,1155,362,1,1,6,6,False,Finalizada,True,5
9737,535,206,5,3,3,3,False,Abandonada,False,1
9738,720,116,2,5,7,14,True,Abandonada,False,2
9739,641,334,5,3,6,5,False,Abandonada,False,1
9740,1929,331,4,3,6,6,False,Finalizada,False,3
9741,54,264,5,3,3,5,False,Finalizada,True,5
9742,1889,103,4,3,7,15,False,Finalizada,True,5
9743,1185,42,5,2,2,3,False,Finalizada,False,4
9744,1481,44,5,2,3,3,False,Finalizada,True,5
9745,651,266,3,4,3,4,False,Finalizada,True,4
9746,254,4,1,5,7,10,False,Finalizada,False,3
9747,334,73,4,2,1,7,False,Abandonada,False,2
9748,415,338,5,2,1,6,True,Finalizada,True,3
9749,349,33,2,2,5,4,True,Finalizada,False,2
9750,363,270,4,5,6,5,False,Finalizada,False,5
9751,8,305,1,5,7,10,True,Finalizada,False,2
9752,533,335,5,1,6,5,False,Abandonada,False,2
9753,992,42,4,4,5,5,False,Finalizada,False,4
9754,1912,291,1,2,3,5,False,Finalizada,True,4
9755,249,37,1,5,2,3,False,Finalizada,False,3
9756,1093,13,1,5,3,5,True,Finalizada,True,1
9757,1867,61,2,1,4,11,False,Finalizada,False,3
9758,659,69,5,3,5,4,False,Finalizada,True,4
9759,1062,275,1,2,1,6,False,Finalizada,False,4
9760,462,315,1,5,5,4,False,Finalizada,False,4
9761,1050,315,5,1,7,11,False,Finalizada,False,5
9762,236,271,5,2,3,5,False,Finalizada,False,3
9763,1902,296,4,2,3,4,False,Abandonada,False,2
9764,1491,290,3,4,4,9,True,Finalizada,True,2
9765,481,213,3,4,3,5,False,Finalizada,True,5
9766,910,293,1,1,6,4,False,Abandonada,False,2
9767,1147,166,4,3,3,5,False,Finalizada,False,3
9768,1425,61,5,2,3,4,False,Finalizada,True,5
9769,1601,94,1,2,1,8,False,Finalizada,False,5
9770,320,57,1,2,2,4,False,Finalizada,False,3
9771,993,30,5,3,5,7,False,Abandonada,False,2
9772,333,155,5,4,6,6,False,Finalizada,False,4
9773,1948,115,5,5,1,6,False,Finalizada,False,4
9774,1815,86,4,3,7,17,False,Finalizada,False,5
9775,1797,251,1,3,7,16,False,Finalizada,True,5
9776,1843,12,3,1,7,18,False,Finalizada,False,4
9777,1606,191,5,3,2,3,False,Abandonada,False,1
9778,984,131,5,5,4,10,False,Finalizada,True,5
9779,355,44,5,1,2,4,False,Finalizada,True,5
9780,1302,115,2,5,4,10,False,Finalizada,True,5
9781,1877,283,4,2,4,12,False,Abandonada,False,1
9782,1399,364,4,5,6,4,False,Finalizada,False,3
9783,423,226,5,3,5,7,False,Finalizada,True,5
9784,599,28,5,3,3,5,False,Abandonada,False,2
9785,328,74,4,3,5,7,False,Finalizada,False,5
9786,1837,156,3,4,6,4,False,Finalizada,False,4
9787,639,357,1,4,2,3,False,Finalizada,False,5
9788,914,208,1,3,7,12,False,Abandonada,False,1
9789,873,277,5,3,5,7,False,Finalizada,False,3
9790,1177,57,5,4,4,12,False,Finalizada,True,5
9791,620,301,4,3,6,5,False,Finalizada,True,5
9792,1316,81,4,5,6,4,False,Finalizada,False,3
9793,416,292,2,2,1,8,False,Abandonada,False,1
9794,136,319,5,1,6,5,False,Finalizada,False,4
9795,826,278,2,1,1,8,False,Finalizada,True,5
9796,1631,42,5,3,6,4,False,Abandonada,False,1
9797,858,73,5,1,5,7,False,Finalizada,False,4
9798,1373,31,4,2,7,11,False,Finalizada,True,4
9799,1307,178,5,1,3,4,False,Finalizada,True,5
9800,1727,175,4,3,1,6,False,Finalizada,True,4
9801,568,273,2,1,7,10,False,Finalizada,False,3
9802,274,337,4,2,6,5,False,Abandonada,False,1
9803,1773,181,5,3,5,6,False,Abandonada,False,1
9804,151,115,2,3,3,4,False,Finalizada,True,5
9805,896,191,5,1,2,3,False,Finalizada,True,5
9806,1924,28,5,1,2,3,False,Abandonada,False,1
9807,1918,68,5,3,3,5,False,Finalizada,True,5
9808,488,14,5,2,5,7,False,Finalizada,True,4
9809,1043,285,5,3,2,4,False,Finalizada,False,3
9810,912,18,5,2,2,2,False,Finalizada,True,4
9811,1903,142,5,4,1,8,False,Finalizada,False,4
9812,1373,27,1,5,2,4,False,Abandonada,False,1
9813,1159,352,1,1,5,5,False,Finalizada,False,5
9814,1713,360,1,1,7,12,False,Finalizada,True,5
9815,1366,128,4,3,7,14,False,Finalizada,True,5
9816,1478,202,1,4,6,6,False,Abandonada,False,1
9817,516,243,4,3,4,12,False,Finalizada,True,4
9818,221,67,5,2,1,7,False,Finalizada,True,5
9819,1774,275,5,5,6,5,False,Finalizada,True,4
9820,177,327,5,4,1,7,False,Finalizada,False,4
9821,100,274,5,3,7,18,False,Finalizada,False,4
9822,1598,156,5,4,2,2,False,Finalizada,True,5
9823,1113,92,5,1,4,14,False,Finalizada,True,5
9824,21,245,4,3,3,3,False,Finalizada,True,5
9825,397,354,4,4,1,6,False,Finalizada,False,4
9826,1770,149,5,3,7,18,True,Finalizada,True,2
9827,1938,248,4,4,2,4,False,Finalizada,True,5
9828,1864,271,5,1,6,5,False,Finalizada,False,4
9829,1933,76,1,5,2,3,False,Finalizada,False,3
9830,1409,61,5,3,3,5,False,Finalizada,False,4
9831,1551,331,5,1,5,4,False,Finalizada,False,3
9832,860,325,1,2,7,15,False,Finalizada,True,5
9833,1978,131,2,2,7,14,True,Finalizada,False,2
9834,704,280,4,3,4,10,False,Finalizada,True,5
9835,1467,213,4,2,6,5,False,Abandonada,False,1
9836,807,226,1,3,7,13,False,Finalizada,False,3
9837,1060,221,4,3,6,6,False,Finalizada,False,4
9838,529,251,2,4,1,6,False,Finalizada,False,3
9839,1488,268,4,4,5,5,False,Finalizada,True,5
9840,756,212,2,2,2,3,False,Finalizada,False,3
9841,260,261,2,1,2,3,False,Abandonada,False,2
9842,236,229,4,1,2,4,False,Finalizada,False,5
9843,560,330,2,3,7,12,False,Finalizada,False,4
9844,452,353,5,2,4,14,False,Finalizada,True,5
9845,585,163,2,4,3,5,False,Abandonada,False,2
9846,1494,52,5,4,6,6,True,Finalizada,False,2
9847,1556,319,5,3,3,5,False,Finalizada,False,5
9848,1082,266,4,5,1,6,False,Finalizada,False,3
9849,995,355,2,5,7,18,False,Finalizada,True,5
9850,649,73,5,3,6,6,False,Finalizada,True,5
9851,1295,306,2,1,3,4,False,Finalizada,False,4
9852,407,260,4,5,4,10,True,Finalizada,False,2
9853,1555,258,5,4,4,9,False,Finalizada,True,5
9854,1956,364,1,2,2,4,True,Abandonada,False,1
9855,415,210,2,1,1,6,False,Finalizada,False,5
9856,179,317,5,1,2,3,False,Abandonada,False,1
9857,787,256,5,2,3,4,False,Finalizada,True,5
9858,1465,229,5,3,4,15,True,Finalizada,False,2
9859,47,138,1,5,4,8,False,Finalizada,True,5
9860,921,187,1,1,2,2,False,Finalizada,False,3
9861,420,229,5,3,3,3,False,Finalizada,False,3
9862,1693,198,4,5,5,5,False,Finalizada,False,5
9863,1465,210,5,5,3,3,False,Finalizada,False,3
9864,279,244,5,3,6,6,False,Finalizada,False,3
9865,48,173,2,3,3,4,False,Finalizada,False,3
9866,295,12,4,3,7,17,True,Finalizada,True,1
9867,483,284,5,2,4,9,False,Finalizada,False,5
9868,51,329,4,4,1,6,False,Finalizada,False,4
9869,816,322,4,1,1,5,False,Finalizada,True,5
9870,1081,365,3,1,1,5,False,Finalizada,False,3
9871,1020,66,4,5,4,10,False,Finalizada,False,3
9872,1773,77,4,1,6,5,False,Finalizada,False,4
9873,253,68,1,4,6,6,False,Finalizada,False,5
9874,1564,288,5,1,3,5,False,Abandonada,False,2
9875,394,318,1,1,5,6,False,Finalizada,False,5
9876,863,314,5,1,6,4,False,Abandonada,False,2
9877,1753,304,5,1,1,7,False,Abandonada,False,1
9878,794,296,4,4,5,6,False,Finalizada,False,5
9879,1456,325,1,1,1,6,False,Finalizada,False,3
9880,1694,113,5,4,4,8,False,Finalizada,True,5
9881,1485,267,2,1,3,3,False,Finalizada,True,4
9882,498,177,4,1,2,2,False,Finalizada,False,4
9883,1896,14,5,2,5,7,False,Finalizada,True,5
9884,998,67,2,4,1,6,True,Finalizada,False,2
9885,397,315,5,1,6,6,False,Finalizada,True,5
9886,684,101,5,4,1,5,False,Abandonada,False,1
9887,956,348,5,3,4,10,False,Finalizada,False,4
9888,1589,29,3,4,5,4,True,Finalizada,False,1
9889,1547,150,1,4,2,2,False,Abandonada,False,2
9890,669,169,1,2,2,4,False,Finalizada,False,4
9891,1378,140,4,2,5,7,False,Abandonada,False,1
9892,1296,166,5,5,7,18,False,Finalizada,False,4
9893,1433,87,5,4,2,4,False,Finalizada,True,4
9894,1271,349,4,3,5,5,False,Abandonada,False,1
9895,1958,143,5,5,3,5,False,Finalizada,False,4
9896,1375,273,1,3,2,3,False,Finalizada,False,4
9897,50,109,5,2,7,16,False,Finalizada,False,4
9898,1518,344,4,2,1,7,False,Finalizada,True,4
9899,1022,187,5,4,1,5,False,Finalizada,False,4
9900,1045,318,5,3,2,3,False,Finalizada,True,5
9901,693,227,5,3,7,10,True,Finalizada,True,1
9902,148,154,5,4,7,12,False,Finalizada,False,4
9903,118,346,4,4,3,3,False,Abandonada,False,1
9904,1132,126,5,1,1,5,False,Finalizada,True,4
9905,1203,245,4,5,2,3,True,Finalizada,False,1
9906,412,5,5,4,3,5,False,Finalizada,True,5
9907,1539,22,2,3,3,3,False,Finalizada,True,5
9908,207,282,5,1,7,10,True,Finalizada,False,1
9909,1633,262,4,2,6,4,False,Finalizada,True,5
9910,1123,296,5,4,3,4,False,Finalizada,False,3
9911,1763,345,5,1,7,15,True,Finalizada,True,1
9912,918,291,5,2,5,7,False,Finalizada,False,4
9913,1954,361,4,4,7,17,False,Finalizada,False,4
9914,23,81,2,3,3,4,False,Abandonada,False,2
9915,349,51,4,4,5,6,False,Finalizada,True,4
9916,1742,54,2,2,3,3,False,Finalizada,False,3
9917,906,285,4,4,4,8,True,Finalizada,False,2
9918,1991,29,2,1,7,12,True,Abandonada,False,2
9919,702,94,4,1,3,4,False,Finalizada,False,5
9920,1973,32,5,3,6,6,False,Finalizada,True,5
9921,1660,101,4,4,5,4,False,Finalizada,False,5
9922,518,280,4,5,6,4,False,Finalizada,False,3
9923,1006,293,5,1,3,5,False,Finalizada,True,4
9924,1800,278,4,4,1,5,False,Finalizada,False,5
9925,740,254,5,2,6,4,False,Finalizada,False,4
9926,486,189,1,3,3,4,False,Finalizada,False,4
9927,1782,158,5,4,7,13,True,Abandonada,False,1
9928,277,158,1,5,7,18,True,Finalizada,True,2
9929,528,234,5,3,3,3,False,Finalizada,False,5
9930,424,108,1,4,1,5,False,Finalizada,True,5
9931,1416,135,1,4,7,15,False,Finalizada,True,5
9932,1481,44,4,4,6,4,False,Finalizada,True,5
9933,74,272,5,1,2,3,False,Abandonada,False,1
9934,280,69,5,3,3,4,False,Finalizada,True,4
9935,1899,86,4,5,1,5,False,Finalizada,True,5
9936,351,273,5,4,3,4,False,Finalizada,False,4
9937,515,167,5,5,5,6,False,Abandonada,False,1
9938,1637,357,5,1,1,5,False,Finalizada,False,5
9939,656,272,5,2,4,8,True,Finalizada,True,1
9940,1440,34,4,4,4,8,False,Finalizada,False,3
9941,1677,306,4,5,7,10,True,Finalizada,False,3
9942,67,363,2,1,4,13,True,Finalizada,True,1
9943,1249,100,5,4,6,5,False,Finalizada,False,4
9944,316,103,4,5,4,10,False,Abandonada,False,1
9945,1687,62,2,2,7,11,False,Finalizada,False,3
9946,1650,75,1,5,4,12,False,Finalizada,True,5
9947,1906,85,5,4,4,8,False,Abandonada,False,1
9948,1563,355,4,5,6,4,False,Finalizada,True,5
9949,1639,75,1,2,4,10,False,Finalizada,False,4
9950,469,180,4,4,5,4,False,Abandonada,False,1
9951,28,277,5,4,4,10,False,Finalizada,True,5
9952,1631,246,1,1,2,2,False,Finalizada,False,4
9953,1477,214,1,5,7,13,True,Abandonada,False,1
9954,1270,234,2,1,6,5,False,Finalizada,False,4
9955,1686,361,4,1,6,5,False,Finalizada,True,5
9956,1742,11,1,4,2,3,False,Finalizada,True,4
9957,360,259,5,5,4,12,True,Abandonada,False,1
9958,1822,343,5,2,7,16,True,Finalizada,True,3
9959,430,8,1,5,4,9,True,Finalizada,True,2
9960,1886,296,2,4,7,18,False,Finalizada,False,3
9961,1407,177,1,5,3,4,False,Finalizada,True,5
9962,1853,50,4,3,7,13,False,Finalizada,True,4
9963,1496,215,5,2,6,5,False,Finalizada,True,5
9964,743,284,5,5,5,7,True,Finalizada,False,2
9965,543,312,2,4,4,12,False,Finalizada,True,5
9966,337,144,5,5,7,10,False,Abandonada,False,1
9967,1867,327,5,5,6,4,False,Finalizada,True,5
9968,1538,356,1,2,3,3,False,Finalizada,True,4
9969,43,41,5,5,7,18,False,Finalizada,False,5
9970,953,201,5,3,7,12,False,Finalizada,True,5
9971,1712,154,5,5,7,17,True,Finalizada,True,2
9972,410,280,5,4,4,10,False,Finalizada,False,5
9973,122,124,5,2,3,5,False,Finalizada,False,4
9974,1814,138,5,5,7,14,False,Finalizada,True,4
9975,1455,255,5,4,3,5,False,Finalizada,True,4
9976,198,102,5,3,1,8,False,Finalizada,True,5
9977,991,140,5,4,1,5,False,Finalizada,False,5
9978,1481,89,5,2,1,7,False,Finalizada,True,5
9979,998,44,5,5,6,6,False,Finalizada,True,5
9980,1865,168,5,5,7,14,True,Finalizada,True,3
9981,1821,176,5,3,2,4,True,Finalizada,False,1
9982,1118,256,5,2,2,3,False,Finalizada,False,4
9983,871,242,1,3,2,2,False,Finalizada,False,3
9984,606,359,5,5,4,8,False,Finalizada,True,5
9985,253,354,4,4,2,2,False,Finalizada,False,3
9986,972,355,5,1,6,5,False,Finalizada,True,4
9987,1129,136,5,1,5,5,False,Finalizada,False,4
9988,1835,226,3,3,7,17,False,Abandonada,False,1
9989,515,242,1,1,1,5,False,Finalizada,False,3
9990,1547,204,4,4,4,10,True,Finalizada,True,2
9991,1025,153,1,1,5,4,False,Finalizada,False,3
9992,1149,144,3,1,6,6,False,Finalizada,False,4
9993,1395,361,4,5,3,5,False,Finalizada,True,5
9994,116,348,4,4,3,3,False,Finalizada,True,5
9995,1830,121,1,4,6,6,False,Finalizada,False,4
9996,524,278,4,5,3,4,False,Finalizada,False,3
9997,303,272,4,2,6,6,True,Finalizada,False,3
9998,500,61,5,2,4,11,False,Finalizada,True,5
9999,1496,320,5,3,2,3,True,Finalizada,True,3
10000,580,154,1,4,6,6,False,Finalizada,False,4
